step,elapsed_seconds,elapsed_hours,workload,mem_util,cpu_util_percent,mem_util_percent,net_in,net_out,disk_io_percent
0,0,0.0,0.16126976521322473,0.8713895543842837,16.126976521322472,87.13895543842837,34.88905126976521,27.657513176808816,4.08672735984667
1,300,0.08333333333333333,0.18466110019646365,0.8685805500982319,18.466110019646365,86.85805500982319,34.91289292730845,27.67293222003929,4.193025540275049
2,600,0.16666666666666666,0.30822523881347413,0.8998843640020111,30.82252388134741,89.98843640020111,34.93012066365007,27.658255404725992,5.992458521870287
3,900,0.25,0.24656326932545544,0.8682373215164944,24.656326932545543,86.82373215164944,34.950142786804534,27.6681388478582,4.225997045790251
4,1200,0.3333333333333333,0.301752427184466,0.8912621359223302,30.1752427184466,89.12621359223301,34.994995145631066,27.727184466019416,5.046601941747573
5,1500,0.4166666666666667,0.26753861003861007,0.8898600386100387,26.753861003861005,88.98600386100387,34.943933397683395,27.66719111969112,3.7963320463320462
6,1800,0.5,0.28384649910233395,0.8962971274685817,28.384649910233392,89.62971274685817,34.966458707360864,27.701754937163376,3.881508078994614
7,2100,0.5833333333333334,0.2405501618122977,0.8570226537216828,24.05501618122977,85.70226537216828,34.92552473416551,27.655376791493296,3.6486361534905214
8,2400,0.6666666666666666,0.23007543611504008,0.8526968411126827,23.00754361150401,85.26968411126828,34.89159830268741,27.62986798679868,3.7463460631777465
9,2700,0.75,0.2427005347593583,0.8603520499108734,24.27005347593583,86.03520499108734,34.85072192513369,27.588547237076646,6.390374331550802
10,3000,0.8333333333333334,0.26919127086007705,0.8676636713735558,26.919127086007705,86.76636713735559,34.76743260590501,27.50197047496791,5.72785622593068
11,3300,0.9166666666666666,0.19287894201424208,0.8565615462868769,19.28789420142421,85.65615462868769,34.700788402848424,27.493448626653105,3.314343845371312
12,3600,1.0,0.18782229965156794,0.8761498257839722,18.782229965156795,87.61498257839722,34.82201655052265,27.56684668989547,3.323170731707317
13,3900,1.0833333333333333,0.2603927911275416,0.9022597042513865,26.03927911275416,90.22597042513864,34.76461182994454,27.506783733826246,3.878927911275416
14,4200,1.1666666666666667,0.20733182844243792,0.8654627539503386,20.733182844243792,86.54627539503386,34.91886230248307,27.670121896162527,3.496162528216704
15,4500,1.25,0.1682636655948553,0.8493752870923289,16.826366559485532,84.9375287092329,34.92891134588884,27.688690858980248,3.5291685806155257
16,4800,1.3333333333333333,0.4189963167587477,0.9117771639042356,41.89963167587477,91.17771639042356,34.92110497237569,27.66950276243094,5.976979742173112
17,5100,1.4166666666666667,0.3327783400809717,0.8336285425101215,33.277834008097166,83.36285425101215,34.968532388663974,27.693780364372472,5.946862348178137
18,5400,1.5,0.3388007054673722,0.839620811287478,33.880070546737215,83.9620811287478,34.93266754850088,27.66261463844797,5.1168430335097
19,5700,1.5833333333333333,0.34930326038410003,0.8471237159446181,34.93032603841,84.71237159446181,34.90223313979455,27.63164805716838,4.905314872711032
20,6000,1.6666666666666667,0.2777925531914894,0.8217375886524824,27.779255319148938,82.17375886524823,34.944370567375884,27.701347517730497,4.87854609929078
21,6300,1.75,0.2994548962855765,0.8225084418716836,29.945489628557645,82.25084418716835,34.87211287988423,27.64652677279305,5.6647370959961405
22,6600,1.8333333333333333,0.27870821295914155,0.8458893933140734,27.870821295914155,84.58893933140735,35.03648782501032,27.76401568303756,4.372678497730087
23,6900,1.9166666666666667,0.2805938937682978,0.8356001672940192,28.059389376829778,83.56001672940192,35.12426599749059,27.830970305311588,4.162275198661648
24,7200,2.0,0.24968697829716194,0.8377754590984975,24.968697829716195,83.77754590984975,35.08494156928214,27.79606844741236,5.205759599332221
25,7500,2.0833333333333335,0.29967560553633216,0.8438970588235294,29.967560553633216,84.38970588235294,35.07533737024221,27.78567474048443,4.842993079584775
26,7800,2.1666666666666665,0.2570418410041841,0.8432970711297071,25.70418410041841,84.32970711297071,35.01842259414226,27.733598326359832,5.561087866108787
27,8100,2.25,0.3227849185946872,0.8540274207369323,32.27849185946872,85.40274207369323,35.04187660668381,27.733131962296486,4.69280205655527
28,8400,2.3333333333333335,0.30994342906875544,0.8203089643167972,30.994342906875545,82.03089643167972,35.06987815491732,27.759429939077457,5.862489120974761
29,8700,2.4166666666666665,0.25661977658254037,0.8175341332230037,25.661977658254035,81.75341332230037,34.934989656599086,27.656868018204385,9.586263963591229
30,9000,2.5,0.26594760540319284,0.8122267703643062,26.59476054031928,81.22267703643062,35.08999181334425,27.80754809660253,4.538681948424069
31,9300,2.5833333333333335,0.2727529021558872,0.8142039800995025,27.27529021558872,81.42039800995025,35.12934494195688,27.830638474295192,4.514925373134329
32,9600,2.6666666666666665,0.25598511383537653,0.8142556917688266,25.59851138353765,81.42556917688266,35.17005253940455,27.84299912434325,6.915061295971979
33,9900,2.75,0.254783950617284,0.8178034979423869,25.4783950617284,81.78034979423869,35.182109053497946,27.84227366255144,4.776748971193416
34,10200,2.8333333333333335,0.28775630252100837,0.8023361344537815,28.77563025210084,80.23361344537815,35.15096638655462,27.842613445378152,4.020168067226891
35,10500,2.9166666666666665,0.2479253112033195,0.818210580912863,24.79253112033195,81.8210580912863,35.16419087136929,27.839133817427385,3.798236514522821
36,10800,3.0,0.25983185427370387,0.8219663708547408,25.983185427370387,82.19663708547408,35.10609528257823,27.817781410555817,4.023353573096684
37,11100,3.0833333333333335,0.3193939393939394,0.8551270772238514,31.939393939393938,85.51270772238514,35.090092864125126,27.815596285435,6.470185728250244
38,11400,3.1666666666666665,0.2888357256778309,0.8405741626794259,28.88357256778309,84.05741626794259,35.090079744816585,27.807799043062204,4.292663476874004
39,11700,3.25,0.24855703160787906,0.8152313330279433,24.855703160787908,81.52313330279432,35.09628950984883,27.78828218048557,5.0728355474118185
40,12000,3.3333333333333335,0.23320770877944327,0.8157044967880086,23.320770877944327,81.57044967880086,35.197798715203426,27.909297644539613,7.720770877944325
41,12300,3.4166666666666665,0.32743589743589746,0.8401410256410256,32.743589743589745,84.01410256410256,35.181970085470084,27.91749145299145,4.429059829059829
42,12600,3.5,0.3033673469387756,0.8459405501330967,30.33673469387756,84.59405501330967,35.188416149068324,27.91250221827861,4.991126885536824
43,12900,3.5833333333333335,0.22265221017514594,0.8116763969974978,22.265221017514595,81.16763969974978,35.11792743953294,27.8523894912427,5.810258548790659
44,13200,3.6666666666666665,0.32015638207945896,0.8228740490278952,32.0156382079459,82.28740490278952,35.0517371090448,27.791910397295013,4.60101437024514
45,13500,3.75,0.2861437335670465,0.840350569675723,28.614373356704647,84.0350569675723,35.095578439964946,27.76573181419808,6.120508326029799
46,13800,3.8333333333333335,0.31630366900858703,0.8570335675253707,31.630366900858704,85.70335675253708,34.99667056986729,27.697962529274,4.116705698672912
47,14100,3.9166666666666665,0.29514810179390905,0.850066750104297,29.514810179390903,85.0066750104297,34.980095953274926,27.679449311639548,5.725907384230288
48,14400,4.0,0.2946761984861228,0.8632758620689656,29.46761984861228,86.32758620689656,35.00130782169891,27.67864592094197,4.7026913372582
49,14700,4.083333333333333,0.4068101265822785,0.8611223628691982,40.68101265822785,86.11223628691982,35.042978902953585,27.692,10.745569620253164
50,15000,4.166666666666667,0.32858018867924527,0.8508820754716981,32.85801886792453,85.08820754716982,35.09818867924528,27.72652358490566,7.960849056603774
51,15300,4.25,0.2966072205306655,0.8574989125706829,29.66072205306655,85.74989125706828,35.08709873858199,27.733101348412355,6.136146150500218
52,15600,4.333333333333333,0.2645504664970314,0.8519847328244274,26.45504664970314,85.19847328244275,35.06519083969466,27.72691263782867,6.4245122985581
53,15900,4.416666666666667,0.23537955243527864,0.8562132514260641,23.537955243527865,85.62132514260641,35.21236068451075,27.84462044756472,5.28872312417727
54,16200,4.5,0.2438527551942186,0.8482475158084913,24.38527551942186,84.82475158084914,35.28042457091237,27.8929945799458,4.835591689250226
55,16500,4.583333333333333,0.23105179282868527,0.8495179282868526,23.105179282868527,84.95179282868526,35.24643027888446,27.8585577689243,4.021115537848606
56,16800,4.666666666666667,0.2487864077669903,0.8512014563106796,24.87864077669903,85.12014563106796,35.24210355987055,27.87943365695793,4.406957928802589
57,17100,4.75,0.23471465076660988,0.8434114139693356,23.471465076660987,84.34114139693357,35.20951873935264,27.84800681431005,4.038756388415673
58,17400,4.833333333333333,0.37238621299160407,0.8731153336279276,37.23862129916041,87.31153336279276,35.200830755634115,27.8536809544852,5.649138311975254
59,17700,4.916666666666667,0.2673737373737374,0.8626306543697848,26.737373737373737,86.26306543697848,35.12595959595959,27.811537110232763,4.2854633289415895
60,18000,5.0,0.26266666666666666,0.8557064676616915,26.266666666666666,85.57064676616915,35.156278606965174,27.816771144278608,6.511940298507462
61,18300,5.083333333333333,0.29521146616541355,0.8652302631578948,29.521146616541355,86.52302631578948,35.1083787593985,27.777998120300754,4.652725563909774
62,18600,5.166666666666667,0.2872980972515856,0.8635137420718816,28.729809725158564,86.35137420718816,35.1482156448203,27.82033403805497,5.3171247357293865
63,18900,5.25,0.26536707706338347,0.8538075695394437,26.536707706338348,85.38075695394437,35.13515731874145,27.827095303237574,3.817145462836297
64,19200,5.333333333333333,0.24703655352480416,0.8485073977371627,24.703655352480418,84.85073977371627,35.107362924281986,27.802619669277632,4.221932114882507
65,19500,5.416666666666667,0.3753561643835617,0.8492648401826485,37.535616438356165,84.92648401826484,35.21062557077626,27.88223287671233,13.333333333333334
66,19800,5.5,0.34957341269841274,0.8671527777777777,34.95734126984127,86.71527777777777,35.16668154761905,27.849231150793653,8.551587301587302
67,20100,5.583333333333333,0.4412482202183199,0.8700616990982439,44.12482202183199,87.0061699098244,35.1422164214523,27.79909824394874,16.66065495965828
68,20400,5.666666666666667,0.5133121597096189,0.8859392014519056,51.331215970961885,88.59392014519057,35.16557168784029,27.8113112522686,15.64065335753176
69,20700,5.75,0.46561274509803924,0.8845098039215686,46.56127450980392,88.45098039215686,35.14755392156862,27.78922058823529,10.015196078431371
70,21000,5.833333333333333,0.4908038277511962,0.8824593301435406,49.08038277511962,88.24593301435407,35.129382775119616,27.726296650717703,10.595215311004784
71,21300,5.916666666666667,0.3973809523809524,0.8618285714285715,39.73809523809524,86.18285714285715,34.93894761904762,27.580242857142856,7.991428571428571
72,21600,6.0,0.354913067863152,0.8579304542905216,35.4913067863152,85.79304542905216,35.08066741446999,27.68718452047112,5.352776219854178
73,21900,6.083333333333333,0.5471858774662514,0.8826479750778816,54.71858774662513,88.26479750778816,34.92178608515057,27.5404984423676,11.0742471443406
74,22200,6.166666666666667,0.47227161700048853,0.8619980459208598,47.22716170004885,86.19980459208598,34.90536394723986,27.56209574987787,7.669760625305325
75,22500,6.25,0.6860312944523471,0.9022143195827408,68.60312944523471,90.22143195827408,34.98501185395922,27.617842579421527,8.13750592697961
76,22800,6.333333333333333,0.7681328379006038,0.8981096144914074,76.81328379006038,89.81096144914073,35.21824895494659,27.811003251277285,7.650719925685091
77,23100,6.416666666666667,0.5583992805755397,0.8698111510791366,55.83992805755396,86.98111510791367,35.19786420863309,27.80200539568345,6.078687050359712
78,23400,6.5,0.5659979838709678,0.8807510080645161,56.599798387096776,88.07510080645162,35.044082661290325,27.64257056451613,8.022177419354838
79,23700,6.583333333333333,0.5505916230366492,0.8819109947643979,55.05916230366492,88.19109947643979,35.11378010471205,27.719759162303664,8.243455497382199
80,24000,6.666666666666667,0.5296057171020206,0.8860078856579595,52.96057171020207,88.60078856579595,35.125303104977824,27.74051256776737,8.381961557417448
81,24300,6.75,0.514110127826942,0.8867010816125861,51.4110127826942,88.67010816125861,34.936086529006886,27.612994100294987,9.280727630285153
82,24600,6.833333333333333,0.5346999076638965,0.8861819021237304,53.46999076638966,88.61819021237304,35.052802400738685,27.721098799630656,10.30517082179132
83,24900,6.916666666666667,0.44816055045871556,0.870711009174312,44.81605504587156,87.0711009174312,34.91140825688073,27.571146788990823,9.897706422018349
84,25200,7.0,0.37845386533665837,0.8219451371571073,37.84538653366584,82.19451371571073,35.008359102244384,27.675775561097257,7.534164588528678
85,25500,7.083333333333333,0.4461240694789082,0.8357369727047147,44.61240694789082,83.57369727047147,35.04495285359802,27.707975186104218,9.700248138957816
86,25800,7.166666666666667,0.42971976401179934,0.8229252704031466,42.97197640117994,82.29252704031465,34.823397246804326,27.504882005899702,10.308751229105212
87,26100,7.25,0.41058728448275866,0.8397521551724139,41.058728448275865,83.97521551724138,34.957553879310346,27.614358836206897,10.533405172413794
88,26400,7.333333333333333,0.4073915237134208,0.8413572149344097,40.73915237134208,84.13572149344097,34.882502522704335,27.529323915237136,6.303733602421796
89,26700,7.416666666666667,0.3965672306322351,0.8479964381121995,39.65672306322351,84.79964381121995,35.00903829029386,27.647395369545865,6.904719501335708
90,27000,7.5,0.4760935412026726,0.88456570155902,47.60935412026726,88.456570155902,34.98070378619153,27.686040089086863,4.742093541202673
91,27300,7.583333333333333,0.36832703213610585,0.8552930056710776,36.832703213610586,85.52930056710775,35.14667769376181,27.77691398865784,4.803875236294896
92,27600,7.666666666666667,0.38488733099649475,0.8707811717576365,38.48873309964947,87.07811717576365,35.14094141211818,27.78930896344517,5.954431647471207
93,27900,7.75,0.3234363117870723,0.8358460076045627,32.34363117870723,83.58460076045627,35.03805133079848,27.703179657794674,5.344106463878327
94,28200,7.833333333333333,0.3082017167381974,0.8353261802575108,30.820171673819743,83.53261802575108,35.0966652360515,27.730630901287554,6.067381974248927
95,28500,7.916666666666667,0.3602222222222223,0.8482054507337525,36.022222222222226,84.82054507337526,35.09632704402516,27.72078825995808,10.292243186582809
96,28800,8.0,0.3789376344086021,0.8757720430107527,37.89376344086021,87.57720430107527,35.118352688172045,27.745578494623658,8.948387096774194
97,29100,8.083333333333334,0.47752452125175154,0.8588510042036431,47.752452125175154,85.88510042036431,35.14720224194302,27.762442783745914,9.589911256422232
98,29400,8.166666666666666,0.4073861720067454,0.8507841483979764,40.73861720067454,85.07841483979765,35.15344856661045,27.77941821247892,8.788364249578414
99,29700,8.25,0.45750649350649364,0.846952380952381,45.75064935064936,84.6952380952381,35.24967965367965,27.849818181818183,6.866233766233767
100,30000,8.333333333333334,0.4252633679169992,0.8424341580207502,42.52633679169992,84.24341580207502,35.216472466081406,27.818016759776537,9.364724660814046
101,30300,8.416666666666666,0.46470893141945774,0.8666746411483254,46.47089314194577,86.66746411483254,35.19774720893142,27.811917862838914,11.880382775119616
102,30600,8.5,0.44068912117692605,0.8591831204026326,44.068912117692605,85.91831204026326,35.16670150987224,27.796364692218347,7.950058072009291
103,30900,8.583333333333334,0.35203112840466927,0.8239610894941635,35.20311284046693,82.39610894941634,35.13264980544747,27.77917898832685,6.51556420233463
104,31200,8.666666666666666,0.4029727531516877,0.8395892639284261,40.29727531516877,83.95892639284261,35.20037413582757,27.822350549003666,6.065473769825132
105,31500,8.75,0.4238774617067833,0.8286914660831509,42.387746170678334,82.86914660831509,35.12084463894968,27.7696761487965,6.578993435448577
106,31800,8.833333333333334,0.35573581115017583,0.8288498242089402,35.57358111501758,82.88498242089402,35.20034153691613,27.829331993972875,5.343043696634857
107,32100,8.916666666666666,0.38011555555555554,0.8372577777777778,38.01155555555555,83.72577777777778,35.18434222222223,27.81220888888889,4.831111111111111
108,32400,9.0,0.35103202846975085,0.8294572953736654,35.10320284697509,82.94572953736655,35.109181494661925,27.750809608540926,4.7161921708185055
109,32700,9.083333333333334,0.4203774385072095,0.8303944020356233,42.03774385072095,83.03944020356234,35.1963401187447,27.817086513994912,5.952078032230704
110,33000,9.166666666666666,0.45473498233215554,0.8471908127208481,45.47349823321555,84.71908127208481,35.20134717314488,27.82055653710248,4.961572438162544
111,33300,9.25,0.3642971718024483,0.8245799915576193,36.42971718024483,82.45799915576193,35.22590966652596,27.852097931616715,5.3575348248206
112,33600,9.333333333333334,0.3184210526315789,0.8208378947368421,31.84210526315789,82.0837894736842,35.27527157894737,27.912046315789475,4.392842105263158
113,33900,9.416666666666666,0.3764425531914894,0.8162978723404255,37.64425531914894,81.62978723404255,35.38608510638298,28.00933191489361,7.677021276595744
114,34200,9.5,0.35351627906976746,0.8236139534883721,35.351627906976745,82.3613953488372,35.43995813953489,28.049623255813955,5.381395348837209
115,34500,9.583333333333334,0.3229515011547344,0.8080554272517321,32.29515011547344,80.80554272517321,35.42545958429561,28.04413394919169,4.417551963048499
116,34800,9.666666666666666,0.3665373961218837,0.814780371982588,36.65373961218837,81.4780371982588,35.4294776414721,28.0594301543332,5.101305896319746
117,35100,9.75,0.357601899485556,0.8219074000791453,35.7601899485556,82.19074000791453,35.42676691729324,28.04057380292837,4.742777997625643
118,35400,9.833333333333334,0.3554090716405256,0.8449554896142434,35.54090716405256,84.49554896142433,35.434451038575666,28.05979228486647,4.536244171259008
119,35700,9.916666666666666,0.38424863959815825,0.838183340309753,38.42486395981582,83.81833403097531,35.526282963583085,28.127388028463795,4.135203013813311
120,36000,10.0,0.3657382694791218,0.8460309944037883,36.57382694791218,84.60309944037883,35.64876883340508,28.21364184244511,4.621179509255273
121,36300,10.083333333333334,0.36735494197679075,0.8494877951180472,36.735494197679074,84.94877951180472,35.51201280512205,28.12771108443377,4.411764705882353
122,36600,10.166666666666666,0.4163031343924431,0.8370287677114642,41.63031343924431,83.70287677114642,35.51043795620438,28.12555173894376,6.2460283383426365
123,36900,10.25,0.4747626709573612,0.860901045856798,47.47626709573612,86.09010458567981,35.42621480289622,28.03534995977474,5.252614641995173
124,37200,10.333333333333334,0.36994562754870863,0.8524331671952878,36.99456275487086,85.24331671952878,35.476515632079746,28.071540552786587,5.467603081105573
125,37500,10.416666666666666,0.3224231782265145,0.8335162423178226,32.24231782265145,83.35162423178227,35.466286215978926,28.06467515364355,4.641352063213345
126,37800,10.5,0.3002730217491902,0.829615918556224,30.02730217491902,82.9615918556224,35.58556223970384,28.17869504858862,4.310967144840352
127,38100,10.583333333333334,0.292946735395189,0.8303221649484536,29.2946735395189,83.03221649484536,35.62682130584193,28.21615979381444,4.383591065292096
128,38400,10.666666666666666,0.2520993788819876,0.8171180124223603,25.20993788819876,81.71180124223602,35.50962732919255,28.135391304347827,4.966873706004141
129,38700,10.75,0.30455306032584767,0.8263364156759136,30.455306032584765,82.63364156759137,35.43270805812417,28.0506693086746,4.564068692206076
130,39000,10.833333333333334,0.3405368289637953,0.8298044111527257,34.05368289637953,82.98044111527257,35.36160632542655,28.01055763628797,4.082813150228881
131,39300,10.916666666666666,0.2950068027210884,0.8249342403628118,29.500680272108845,82.49342403628118,35.34122448979591,27.96600453514739,4.2253968253968255
132,39600,11.0,0.24985958753839402,0.8129398859148749,24.9859587538394,81.29398859148749,35.392000877577885,28.04357612988153,4.7029398859148746
133,39900,11.083333333333334,0.37923234811165846,0.8525,37.92323481116585,85.25,35.34897783251232,27.966884236453204,5.026683087027915
134,40200,11.166666666666666,0.3358337098960687,0.8483099864437414,33.58337098960687,84.83099864437415,35.41715770447357,28.01420695887935,4.626299141436963
135,40500,11.25,0.3855407725321889,0.8316309012875537,38.554077253218885,83.16309012875537,35.34394420600859,27.98018884120172,4.97725321888412
136,40800,11.333333333333334,0.36004585052728105,0.8341311325080238,36.0045850527281,83.41311325080238,35.38632278771206,28.02401650618982,4.113250802384227
137,41100,11.416666666666666,0.3928662964545066,0.850316104228962,39.28662964545066,85.0316104228962,35.50969671080735,28.12651858180265,4.352840666381888
138,41400,11.5,0.3595920177383592,0.8502572062084258,35.95920177383592,85.02572062084258,35.59335698447894,28.186195121951226,4.612860310421286
139,41700,11.583333333333334,0.35500999000999,0.8499050949050949,35.500999000999,84.9905094905095,35.60194805194806,28.18459040959041,4.977022977022977
140,42000,11.666666666666666,0.2765954875100725,0.8337268331990331,27.659548751007254,83.3726833199033,35.58014101531023,28.21895648670427,4.713537469782434
141,42300,11.75,0.2950023889154324,0.836607740086001,29.50023889154324,83.6607740086001,35.56022455805065,28.171581462016245,4.555661729574773
142,42600,11.833333333333334,0.36281288218507945,0.8426824296779454,36.281288218507946,84.26824296779454,35.49068487566245,28.09104769669792,5.424378312270689
143,42900,11.916666666666666,0.3457282415630551,0.8364387211367673,34.57282415630551,83.64387211367674,35.41833925399645,28.00855683836589,6.622557726465364
144,43200,12.0,0.3519944082013048,0.8477726001863932,35.19944082013048,84.77726001863932,35.42660298229264,28.0197064305685,9.367194780987884
145,43500,12.083333333333334,0.3682633279483037,0.848691437802908,36.82633279483037,84.8691437802908,35.40171647819063,27.99175282714055,11.44951534733441
146,43800,12.166666666666666,0.36721753794266443,0.8636635750421585,36.72175379426644,86.36635750421586,35.388781618887016,27.99199831365936,7.72681281618887
147,44100,12.25,0.4369400630914826,0.8949932401982875,43.69400630914826,89.49932401982875,35.410968904912124,27.99784136998648,6.729607931500676
148,44400,12.333333333333334,0.3712954939341421,0.860870883882149,37.12954939341421,86.08708838821491,35.26422010398614,27.90116551126517,4.721403812824956
149,44700,12.416666666666666,0.3172638436482085,0.8510586319218241,31.72638436482085,85.10586319218241,35.279124592833874,27.889796416938108,4.789902280130293
150,45000,12.5,0.27078031212484993,0.8432573029211684,27.078031212484994,84.32573029211684,35.276622649059625,27.91018407362945,4.513805522208884
151,45300,12.583333333333334,0.24915936952714532,0.839715411558669,24.91593695271453,83.9715411558669,35.20926882661997,27.83169877408056,4.1256567425569175
152,45600,12.666666666666666,0.4224904539669071,0.8413491726771319,42.24904539669071,84.13491726771319,35.14953754773017,27.77074671192193,6.395842172252864
153,45900,12.75,0.26468024439918536,0.8391812627291242,26.468024439918533,83.91812627291242,35.17377189409369,27.817845213849285,4.621181262729125
154,46200,12.833333333333334,0.3554441727791361,0.8828891605541972,35.54441727791361,88.28891605541972,35.296858190709045,27.929580277098616,5.706193969030155
155,46500,12.916666666666666,0.3152982586143016,0.8694886995183402,31.52982586143016,86.94886995183401,35.32000741015191,27.97105965172286,4.295294553538348
156,46800,13.0,0.30994152046783624,0.8538048245614036,30.994152046783626,85.38048245614036,35.34690058479532,28.00059210526316,3.793859649122807
157,47100,13.083333333333334,0.29995514147688057,0.8678019323671498,29.99551414768806,86.78019323671498,35.35766735679779,27.984603174603176,4.0351966873706
158,47400,13.166666666666666,0.32860998650472334,0.8831747638326586,32.86099865047233,88.31747638326586,35.412945344129554,28.0493016194332,3.8964237516869096
159,47700,13.25,0.3435015136226034,0.8900739993272788,34.35015136226034,89.00739993272788,35.416777665657584,28.04678775647494,5.368314833501514
160,48000,13.333333333333334,0.3543912103746398,0.875407060518732,35.43912103746398,87.5407060518732,35.38068443804035,27.98877521613833,5.777377521613833
161,48300,13.416666666666666,0.3347180762852405,0.8691169154228855,33.47180762852405,86.91169154228855,35.33305970149254,27.95318822553897,7.545190713101161
162,48600,13.5,0.4574150943396226,0.8658830188679245,45.74150943396226,86.58830188679245,35.46212830188679,28.09534339622641,4.462264150943396
163,48900,13.583333333333334,0.312762278978389,0.8680432220039294,31.2762278978389,86.80432220039293,35.443241650294695,28.079591355599213,6.402750491159136
164,49200,13.666666666666666,0.3776501501501502,0.8523536036036036,37.76501501501502,85.23536036036036,35.47331831831832,28.10991741741742,4.4658408408408405
165,49500,13.75,0.3221363978899774,0.8435795026375282,32.21363978899774,84.35795026375283,35.486473247927655,28.11986812358704,4.427279577995479
166,49800,13.833333333333334,0.37703367385546727,0.8742943624668936,37.70336738554673,87.42943624668936,35.43925085130534,28.07672342035565,4.786227771471812
167,50100,13.916666666666666,0.34376940993788824,0.8705201863354037,34.37694099378882,87.05201863354037,35.48055900621118,28.135489130434784,3.855590062111801
168,50400,14.0,0.37438210765731617,0.8627141774071266,37.43821076573162,86.27141774071266,35.45225549658833,28.0921986353298,5.205458680818802
169,50700,14.083333333333334,0.30901115241635685,0.8702973977695168,30.901115241635686,87.02973977695167,35.49717472118959,28.135159851301115,5.111152416356878
170,51000,14.166666666666666,0.37903131828113623,0.8576984705025491,37.90313182811362,85.76984705025491,35.532694828841954,28.1614493809177,5.581573197378004
171,51300,14.25,0.3833768589046065,0.858063112078346,38.33768589046065,85.8063112078346,35.54856728327893,28.16030467899892,5.161044613710555
172,51600,14.333333333333334,0.3001276595744681,0.8508317214700193,30.01276595744681,85.08317214700193,35.55049129593811,28.1752998065764,4.127272727272727
173,51900,14.416666666666666,0.34654046543938866,0.8596179228898922,34.65404654393887,85.96179228898923,35.53749565821466,28.173529003126085,4.765543591524835
174,52200,14.5,0.26068989792326647,0.8505033438929953,26.068989792326647,85.05033438929954,35.46585709257304,28.10102780711017,3.9338261175642377
175,52500,14.583333333333334,0.39910297811266604,0.8791926803013993,39.9102978112666,87.91926803013993,35.46154287764622,28.095026910656618,5.427700035880876
176,52800,14.666666666666666,0.3036636528028933,0.8580361663652804,30.36636528028933,85.80361663652803,35.450209764918625,28.09239059674503,5.755515370705244
177,53100,14.75,0.2859210526315789,0.8556472261735419,28.59210526315789,85.56472261735419,35.45234708392603,28.07556899004268,5.219061166429587
178,53400,14.833333333333334,0.32392561983471085,0.8725206611570248,32.39256198347108,87.25206611570248,35.49638993238167,28.103696468820434,5.53794139744553
179,53700,14.916666666666666,0.27001992825827026,0.8625069748903945,27.001992825827024,86.25069748903945,35.4618732562774,28.070908728577123,5.583499402152252
180,54000,15.0,0.2676510318949344,0.8668292682926829,26.76510318949344,86.6829268292683,35.56496435272045,28.167500938086302,4.627392120075047
181,54300,15.083333333333334,0.3426591487813751,0.8909676245907603,34.26591487813751,89.09676245907603,35.58068024736267,28.17210985813023,4.757730083666788
182,54600,15.166666666666666,0.29205583756345177,0.8826722262509064,29.205583756345177,88.26722262509064,35.531345177664974,28.134387237128355,5.514140681653372
183,54900,15.25,0.3013192520775624,0.8776904432132965,30.13192520775624,87.76904432132964,35.60275623268698,28.190474376731306,5.605609418282548
184,55200,15.333333333333334,0.3458347443278022,0.8752726041313917,34.58347443278022,87.52726041313917,35.5474365052489,28.156004063664067,5.707077548256011
185,55500,15.416666666666666,0.3366093535075653,0.8805708390646493,33.66093535075653,88.05708390646492,35.532362448418155,28.13224552957359,5.252063273727648
186,55800,15.5,0.318420467185762,0.8895105672969967,31.8420467185762,88.95105672969967,35.725406006674085,28.307593622543568,5.985539488320356
187,56100,15.583333333333334,0.30293650793650795,0.8826010101010101,30.293650793650794,88.26010101010101,35.62933261183261,28.21587301587301,6.623376623376624
188,56400,15.666666666666666,0.30174022246142806,0.8706673842841766,30.174022246142805,87.06673842841765,35.64764980265519,28.229587369931828,5.250089702188734
189,56700,15.75,0.3380421792618629,0.8817188049209139,33.80421792618629,88.17188049209139,35.60788049209139,28.190108963093145,5.642882249560633
190,57000,15.833333333333334,0.36815419673376376,0.9015799468287123,36.815419673376375,90.15799468287123,35.63343334599316,28.188609950626663,5.972274971515382
191,57300,15.916666666666666,0.4215438351379672,0.8959587844917918,42.15438351379672,89.59587844917918,35.61087670275934,28.214837582954942,5.011526370939574
192,57600,16.0,0.33649391304347825,0.8753634782608696,33.64939130434782,87.53634782608695,35.53561739130435,28.15539478260869,5.511304347826087
193,57900,16.083333333333332,0.338391959798995,0.884551328068916,33.8391959798995,88.4551328068916,35.62457645369706,28.22908829863604,5.256999282124911
194,58200,16.166666666666668,0.34990270270270274,0.909145945945946,34.99027027027027,90.9145945945946,35.635643243243244,28.25685045045045,6.163963963963964
195,58500,16.25,0.40131760435571684,0.8890127041742286,40.131760435571685,88.90127041742286,35.61252268602541,28.21629038112523,6.042105263157895
196,58800,16.333333333333332,0.31813884785819796,0.8880502215657312,31.813884785819795,88.80502215657312,35.6403212703102,28.234715657311668,4.991506646971935
197,59100,16.416666666666668,0.3748571428571429,0.8892893772893773,37.48571428571429,88.92893772893773,35.58805128205128,28.19579853479853,5.727106227106227
198,59400,16.5,0.3772518796992481,0.8823796992481203,37.72518796992481,88.23796992481203,35.53286466165414,28.149473684210527,5.090225563909774
199,59700,16.583333333333332,0.38560046189376446,0.8871016166281755,38.56004618937644,88.71016166281755,35.61172055427252,28.23437644341801,6.510007698229408
200,60000,16.666666666666668,0.3108636545381848,0.8667812874850059,31.08636545381848,86.6781287485006,35.47765293882447,28.126417433026788,5.543382646941224
201,60300,16.75,0.3097402597402597,0.8569124423963133,30.97402597402597,85.69124423963133,35.47401340594889,28.08744449099288,4.6158357771261
202,60600,16.833333333333332,0.27964325529542916,0.8639093273875882,27.96432552954292,86.39093273875882,35.53812337421033,28.14726867335563,5.665551839464883
203,60900,16.916666666666668,0.32248747315676446,0.8676843235504653,32.24874731567645,86.76843235504653,35.59217967072298,28.19855046528275,5.236578382247673
204,61200,17.0,0.3779044516829533,0.8883749547593196,37.79044516829533,88.83749547593196,35.59369525877669,28.197426710097723,6.47014115092291
205,61500,17.083333333333332,0.34474325821943114,0.8868378278537127,34.47432582194311,88.68378278537126,35.597125969708166,28.201743627632062,6.8939785740672335
206,61800,17.166666666666668,0.4049477351916376,0.8734494773519164,40.494773519163765,87.34494773519164,35.644131408661025,28.25404678944749,5.751617720258835
207,62100,17.25,0.3627758420441347,0.8623925667828106,36.27758420441347,86.23925667828107,35.46034843205575,28.12196283391405,7.222996515679442
208,62400,17.333333333333332,0.3416966580976864,0.8819794344473008,34.16966580976864,88.19794344473007,35.88290488431876,28.41366752356469,6.09083119108826
209,62700,17.416666666666668,0.3012363996043521,0.8753907022749753,30.123639960435213,87.53907022749753,35.568808110781404,28.197334322453017,5.385262116716123
210,63000,17.5,0.3074402467232074,0.8621742482652275,30.74402467232074,86.21742482652274,35.75573631457209,28.353538936006167,6.365458750963763
211,63300,17.583333333333332,0.28806710940230684,0.8648514505417686,28.806710940230687,86.48514505417685,35.70793079342887,28.33822090178259,5.678434113946173
212,63600,17.666666666666668,0.3542404227212682,0.8881285777190665,35.42404227212682,88.81285777190665,35.554346103038306,28.22837516512549,8.5667107001321
213,63900,17.75,0.3702574257425743,0.8831168316831683,37.02574257425743,88.31168316831683,35.74986138613861,28.35843168316832,10.622574257425743
214,64200,17.833333333333332,0.31635172413793106,0.8792931034482758,31.635172413793104,87.92931034482758,35.694079310344826,28.32536551724138,7.30448275862069
215,64500,17.916666666666668,0.2893733681462141,0.8690936217829168,28.93733681462141,86.90936217829169,35.632364789257736,28.256613204028348,5.735546437896307
216,64800,18.0,0.3161641359363702,0.891352133044107,31.61641359363702,89.1352133044107,35.75327548806941,28.350133767172814,5.420824295010846
217,65100,18.083333333333332,0.32470082127493155,0.8810402815799765,32.47008212749316,88.10402815799765,35.7356315995307,28.348095424325383,6.4665623777864685
218,65400,18.166666666666668,0.43181592920353995,0.8938761061946903,43.18159292035399,89.38761061946903,35.66990796460177,28.260201769911507,7.495929203539823
219,65700,18.25,0.38259403832505323,0.8738325053229241,38.25940383250532,87.38325053229241,35.73100070972321,28.303509581263302,5.891057487579844
220,66000,18.333333333333332,0.29607157057654077,0.8621988071570577,29.607157057654074,86.21988071570577,35.78762226640159,28.314926441351886,8.062425447316103
221,66300,18.416666666666668,0.27281798715203426,0.86603426124197,27.281798715203426,86.603426124197,35.85427837259101,28.405820128479657,5.198286937901499
222,66600,18.5,0.3005535205535206,0.8655026455026454,30.055352055352056,86.55026455026454,35.68026455026455,28.286568986568987,5.074481074481074
223,66900,18.583333333333332,0.31906928645294724,0.8755187866253016,31.906928645294727,87.55187866253016,35.686356428817646,28.275887624956912,5.396759738021372
224,67200,18.666666666666668,0.2676445846477392,0.8648194882579741,26.764458464773924,86.4819488257974,35.6643007360673,28.241566771819137,5.320014020329478
225,67500,18.75,0.2866373710355369,0.8538975926633551,28.66373710355369,85.3897592663355,35.73470003821169,28.31920519679021,4.959495605655331
226,67800,18.833333333333332,0.2834987680394228,0.8560225272791271,28.34987680394228,85.60225272791271,35.73422386483632,28.304853924674408,4.674762407602957
227,68100,18.916666666666668,0.287030303030303,0.8681022727272727,28.703030303030303,86.81022727272727,35.74093181818182,28.31046212121212,4.409090909090909
228,68400,19.0,0.2546356421356421,0.8676984126984126,25.46356421356421,86.76984126984127,35.78112193362193,28.339054834054835,4.584415584415584
229,68700,19.083333333333332,0.294749273255814,0.8665116279069767,29.4749273255814,86.65116279069767,35.70726017441861,28.29654433139535,6.387354651162791
230,69000,19.166666666666668,0.3093472383159521,0.8728852838933951,30.93472383159521,87.28852838933952,35.68063344920819,28.27722672846659,5.891463885670143
231,69300,19.25,0.24999277456647398,0.8659609826589596,24.9992774566474,86.59609826589596,35.596441473988435,28.193132225433526,5.562138728323699
232,69600,19.333333333333332,0.2811402821316614,0.8781661442006269,28.114028213166144,87.81661442006269,35.59237068965517,28.18498432601881,5.401253918495298
233,69900,19.416666666666668,0.2707541899441341,0.8747685554668795,27.075418994413408,87.47685554668794,35.608168395849965,28.23593375897845,4.850359138068635
234,70200,19.5,0.2545748546511628,0.8625508720930233,25.45748546511628,86.25508720930233,35.63542514534884,28.257656250000004,4.6729651162790695
235,70500,19.583333333333332,0.2694422485726833,0.8643961352657005,26.94422485726833,86.43961352657004,35.63512516469038,28.232367149758453,4.805445761967501
236,70800,19.666666666666668,0.3045059717698154,0.8691892870068766,30.450597176981542,86.91892870068766,35.658910604415496,28.2719073470865,6.2008686210640604
237,71100,19.75,0.2517722395292489,0.873122187608169,25.177223952924887,87.31221876081689,35.7252440290758,28.32646244375216,4.550709588092766
238,71400,19.833333333333332,0.2406524822695036,0.863709219858156,24.06524822695036,86.3709219858156,35.6885390070922,28.32059219858156,4.632269503546099
239,71700,19.916666666666668,0.32311433172302734,0.8847761674718196,32.311433172302735,88.47761674718197,35.7867729468599,28.38474396135265,5.72463768115942
240,72000,20.0,0.3158592415442433,0.8867236077895455,31.58592415442433,88.67236077895456,35.8190604714725,28.42214895797745,6.156815852408609
241,72300,20.083333333333332,0.32560069444444445,0.8785902777777779,32.560069444444444,87.85902777777778,35.828263888888884,28.44253819444444,6.288541666666666
242,72600,20.166666666666668,0.2613869108172262,0.8702441505595117,26.13869108172262,87.02441505595117,35.857304170905394,28.457527975584945,4.807053238385894
243,72900,20.25,0.40180891238670696,0.8904418429003021,40.1808912386707,89.04418429003022,35.85433157099698,28.459901812688823,5.308534743202417
244,73200,20.333333333333332,0.272567036110118,0.877872720772256,27.2567036110118,87.7872720772256,35.821015373614586,28.39786914551305,6.320700750804433
245,73500,20.416666666666668,0.3186322400558269,0.8780565247732031,31.86322400558269,87.80565247732031,35.84896720167481,28.41345778087928,6.148988136775994
246,73800,20.5,0.2879686411149826,0.8725470383275261,28.79686411149826,87.25470383275261,35.82604181184669,28.38245993031359,5.285365853658536
247,74100,20.583333333333332,0.28654854712969524,0.8727604535790219,28.654854712969524,87.27604535790219,35.84987597448618,28.408128986534376,5.252303330970943
248,74400,20.666666666666668,0.31226763110307415,0.8763942133815551,31.226763110307413,87.63942133815551,35.84531283905967,28.39491862567812,5.428209764918626
249,74700,20.75,0.24892355694227772,0.8748400936037442,24.89235569422777,87.48400936037442,35.927831513260536,28.441716068642744,5.116614664586583
250,75000,20.833333333333332,0.2470082127493156,0.8727571372702385,24.70082127493156,87.27571372702386,35.81952287837309,28.350488854125928,6.400469299960892
251,75300,20.916666666666668,0.3067105263157895,0.898468567251462,30.67105263157895,89.8468567251462,35.831703216374265,28.366279239766083,5.692982456140351
252,75600,21.0,0.2950773765659543,0.8871002210759028,29.50773765659543,88.71002210759028,35.85060058953574,28.40271923360353,5.365143699336772
253,75900,21.083333333333332,0.3500071813285458,0.8955368043087971,35.00071813285458,89.55368043087971,35.82824416517056,28.35737881508079,8.058527827648115
254,76200,21.166666666666668,0.30375598967932177,0.8759085882786583,30.375598967932177,87.59085882786583,35.83510136380391,28.36647622558053,5.983781791374862
255,76500,21.25,0.2908333333333333,0.8722613636363635,29.08333333333333,87.22613636363636,35.83776893939394,28.379246212121213,5.466287878787878
256,76800,21.333333333333332,0.31261724659606654,0.8802987897125567,31.261724659606656,88.02987897125567,35.96426626323752,28.48123676248109,5.405446293494705
257,77100,21.416666666666668,0.2989471561113352,0.8857482855990318,29.89471561113352,88.57482855990318,35.91617184348528,28.43782170229932,5.956030657523195
258,77400,21.5,0.27693206720233743,0.8922315558802044,27.693206720233743,89.22315558802045,35.89101899196494,28.429842951059168,5.421475529583637
259,77700,21.583333333333332,0.2733037156704362,0.8765670436187399,27.33037156704362,87.65670436187399,35.8873465266559,28.405617932148623,5.410339256865913
260,78000,21.666666666666668,0.22225806451612903,0.8656912442396313,22.225806451612904,86.56912442396313,35.9265975422427,28.447638248847923,5.042626728110599
261,78300,21.75,0.23792097488921712,0.8677511078286558,23.792097488921712,86.77511078286558,35.994508862629246,28.4964623338257,5.612998522895126
262,78600,21.833333333333332,0.26597345132743366,0.8833923303834809,26.597345132743364,88.33923303834808,36.02620206489676,28.527182890855457,4.747050147492625
263,78900,21.916666666666668,0.2931001655629139,0.8764114238410596,29.31001655629139,87.64114238410596,36.00264072847682,28.490120033112586,4.8365066225165565
264,79200,22.0,0.2442615723732549,0.8670058780308597,24.42615723732549,86.70058780308597,36.07333210874357,28.59564290962528,6.25495958853784
265,79500,22.083333333333332,0.5066157760814249,0.8844165757906215,50.661577608142494,88.44165757906215,36.033173391494,28.55956379498364,5.9996364958197015
266,79800,22.166666666666668,0.27402351156617366,0.8766970041714068,27.402351156617367,87.66970041714069,36.05347364429276,28.59135001896094,5.739855896852484
267,80100,22.25,0.25520906604142246,0.8808597108245408,25.520906604142244,88.08597108245408,35.96407971864009,28.53196951934349,4.603751465416178
268,80400,22.333333333333332,0.2632236842105263,0.8761348684210526,26.32236842105263,87.61348684210526,35.884226973684214,28.45738075657895,4.8355263157894735
269,80700,22.416666666666668,0.24106122448979592,0.8751938775510204,24.10612244897959,87.51938775510204,35.8885,28.435003401360547,4.8710884353741495
270,81000,22.5,0.2013528990694345,0.871746599856836,20.13528990694345,87.1746599856836,35.81509305654975,28.394284180386546,4.307086614173229
271,81300,22.583333333333332,0.21561530847904983,0.8638733091388981,21.561530847904983,86.38733091388981,35.7921247113164,28.3703497195645,4.682942923127681
272,81600,22.666666666666668,0.24409416581371546,0.871207778915046,24.409416581371545,87.1207778915046,35.83757761856022,28.40452064141931,4.65438416922552
273,81900,22.75,0.22946717084908905,0.8645445170161569,22.946717084908904,86.45445170161568,35.858992781024405,28.431412856651768,4.471295977999312
274,82200,22.833333333333332,0.2079904831625183,0.8711932650073205,20.79904831625183,87.11932650073206,35.93014641288433,28.49402635431918,4.427159590043924
275,82500,22.916666666666668,0.24345928099779898,0.8908473954512105,24.345928099779897,89.08473954512105,35.896801173881144,28.462461482024946,4.204328686720469
276,82800,23.0,0.2263236390753169,0.8850037285607755,22.63236390753169,88.50037285607755,35.929093959731546,28.490264727815063,4.343400447427293
277,83100,23.083333333333332,0.29241153846153844,0.8853884615384615,29.241153846153846,88.53884615384615,35.97923461538461,28.516353846153848,4.92076923076923
278,83400,23.166666666666668,0.228225383751404,0.8711119430924746,22.8225383751404,87.11119430924747,35.90494196929989,28.438464994384127,4.649569449644328
279,83700,23.25,0.2048004649360713,0.8655869817900039,20.48004649360713,86.55869817900039,35.90179000387447,28.431359938008523,4.231693142192949
280,84000,23.333333333333332,0.22364874815905744,0.8665537555228277,22.364874815905743,86.65537555228276,35.79494845360825,28.3335235640648,4.790868924889543
281,84300,23.416666666666668,0.2708673835125448,0.8703440860215054,27.08673835125448,87.03440860215053,35.898813620071685,28.45211827956989,5.951612903225806
282,84600,23.5,0.23576374745417522,0.8614969450101833,23.57637474541752,86.14969450101833,35.82006788866259,28.37977257298031,6.973183978275628
283,84900,23.583333333333332,0.251294776119403,0.8647276119402986,25.1294776119403,86.47276119402986,35.82700373134328,28.37529104477612,6.757462686567164
284,85200,23.666666666666668,0.2301067125645439,0.8453700516351118,23.01067125645439,84.53700516351118,35.754891566265066,28.326082616179004,7.837865748709122
285,85500,23.75,0.2667173130747701,0.8606197520991603,26.67173130747701,86.06197520991603,35.87002399040384,28.43540183926429,10.35905637744902
286,85800,23.833333333333332,0.19509175962576467,0.8361496941345808,19.509175962576467,83.61496941345808,35.86715725080965,28.424321698452683,4.747391147894926
287,86100,23.916666666666668,0.2068944099378882,0.8413664596273291,20.68944099378882,84.13664596273291,35.85875086266391,28.44156314699793,4.015873015873016
288,86400,24.0,0.20946905537459284,0.8449381107491857,20.946905537459283,84.49381107491857,35.921214983713355,28.49269381107492,4.683387622149837
289,86700,24.083333333333332,0.24147136273864384,0.8404805793285055,24.147136273864383,84.04805793285055,35.96020737327189,28.5334693877551,4.685319289005925
290,87000,24.166666666666668,0.2138640025781502,0.8437576538833388,21.38640025781502,84.37576538833387,35.89195939413471,28.474601998066387,4.006767644215276
291,87300,24.25,0.41342474916387956,0.8621672240802676,41.34247491638796,86.21672240802675,35.91949498327759,28.49522073578596,8.893311036789298
292,87600,24.333333333333332,0.38725943556613396,0.8392689561373682,38.725943556613394,83.92689561373682,35.90220673240395,28.49484189051343,8.151649098945937
293,87900,24.416666666666668,0.42524601524601524,0.8712785862785863,42.52460152460152,87.12785862785863,35.90038808038808,28.4840990990991,8.15038115038115
294,88200,24.5,0.4050940049663001,0.8489677190493083,40.50940049663001,84.89677190493083,35.89216034054629,28.47397304008513,7.678609435970202
295,88500,24.583333333333332,0.3097272074659009,0.8609475951184494,30.97272074659009,86.09475951184494,35.960441493180184,28.528119167264894,4.18664752333094
296,88800,24.666666666666668,0.2787543859649123,0.8168333333333334,27.87543859649123,81.68333333333334,35.97276754385965,28.594850877192982,4.121929824561404
297,89100,24.75,0.298192868719611,0.8453484602917343,29.8192868719611,84.53484602917342,36.006636952998385,28.620761750405183,5.068476499189627
298,89400,24.833333333333332,0.3245404814004377,0.8218088986141503,32.45404814004377,82.18088986141503,35.99644784828592,28.57742888402625,5.570021881838074
299,89700,24.916666666666668,0.3394847605224964,0.8304208998548621,33.94847605224964,83.04208998548621,35.940732946298986,28.52974600870828,8.994194484760522
300,90000,25.0,0.3074241870661308,0.829002557544757,30.74241870661308,82.90025575447571,35.94388746803069,28.538640847643403,7.571063207891853
301,90300,25.083333333333332,0.31596933187294635,0.844596568090544,31.596933187294635,84.4596568090544,35.902614092734574,28.48897772909821,6.320554947060971
302,90600,25.166666666666668,0.366795761782974,0.8565875045670442,36.6795761782974,85.65875045670442,35.9234965290464,28.500781877968578,8.273657289002557
303,90900,25.25,0.2713550340651022,0.7978274034822104,27.13550340651022,79.78274034822104,35.87531037093112,28.44975018925057,5.350870552611658
304,91200,25.333333333333332,0.3377999288002848,0.8320861516553935,33.77999288002848,83.20861516553934,35.919288002847985,28.49385190459238,5.066571733713065
305,91500,25.416666666666668,0.3392946490618485,0.8473314801945796,33.92946490618485,84.73314801945796,35.95074704656011,28.508387769284223,8.781445448227936
306,91800,25.5,0.29253899165759883,0.8126659412404789,29.253899165759883,81.26659412404788,35.95784911135292,28.531189698948133,5.095393543706928
307,92100,25.583333333333332,0.31315981070258464,0.8150054605023662,31.315981070258463,81.50054605023662,36.05219148161631,28.650513287222427,7.229341099381143
308,92400,25.666666666666668,0.3608125,0.8735520833333333,36.08125,87.35520833333334,36.00355555555556,28.55033333333333,3.7395833333333335
309,92700,25.75,0.4257108843537415,0.8744013605442177,42.57108843537415,87.44013605442177,35.96913265306122,28.54153061224489,5.5751700680272105
310,93000,25.833333333333332,0.352259793814433,0.8446103092783506,35.2259793814433,84.46103092783505,35.95636701030928,28.530070103092783,5.92
311,93300,25.916666666666668,0.3200229182582124,0.8527998472116118,32.00229182582124,85.27998472116118,35.92313216195569,28.497330022918256,4.042780748663102
312,93600,26.0,0.3091599413059428,0.8479640498899487,30.91599413059428,84.79640498899487,35.930575935436536,28.51793837123991,4.125458547322084
313,93900,26.083333333333332,0.35834830144474816,0.8360093713393206,35.834830144474815,83.60093713393206,35.98880515423663,28.544720812182742,4.417024599765717
314,94200,26.166666666666668,0.30404247104247106,0.8340810810810811,30.404247104247105,83.40810810810811,36.09912355212355,28.652509652509654,4.561003861003861
315,94500,26.25,0.35246526399364825,0.8404565303691942,35.246526399364825,84.04565303691942,36.11645097260818,28.651814211988885,4.443826915442636
316,94800,26.333333333333332,0.37795571372083825,0.8446105179913009,37.79557137208383,84.46105179913009,36.04736259391064,28.57190984578885,5.808224594701463
317,95100,26.416666666666668,0.35617680826636056,0.8558400306161501,35.617680826636054,85.58400306161501,36.05849980864906,28.57623038652889,8.577114427860696
318,95400,26.5,0.34245962732919255,0.8594120082815735,34.24596273291925,85.94120082815735,35.98151552795031,28.51807453416149,6.277846790890269
319,95700,26.583333333333332,0.39896346644010194,0.8690186915887851,39.896346644010194,86.90186915887851,35.85656329651657,28.38214103653356,5.878504672897196
320,96000,26.666666666666668,0.37697169445521517,0.8536487010469175,37.69716944552152,85.36487010469175,35.89264831329973,28.417960449786737,4.709965102753005
321,96300,26.75,0.33058721183123096,0.8467116137451066,33.0587211831231,84.67116137451066,36.0065202261853,28.49811657242279,6.577207481513701
322,96600,26.833333333333332,0.437463601532567,0.8625938697318007,43.7463601532567,86.25938697318007,35.91499616858238,28.450613026819926,5.659770114942528
323,96900,26.916666666666668,0.404558707643814,0.8524783293932231,40.4558707643814,85.24783293932231,35.92821907013396,28.45765563435776,6.443262411347518
324,97200,27.0,0.3259585289514867,0.8274139280125197,32.59585289514867,82.74139280125196,35.95831377151799,28.48085680751174,4.752738654147105
325,97500,27.083333333333332,0.37205629397967166,0.8374511336982018,37.205629397967165,83.74511336982017,35.951442533229084,28.47851837372948,4.416340891321345
326,97800,27.166666666666668,0.45161883738042685,0.863392200147167,45.16188373804268,86.3392200147167,36.00146431199411,28.50040470934511,5.328918322295806
327,98100,27.25,0.4563921869015703,0.8670930677901186,45.63921869015703,86.70930677901187,35.952841823056296,28.478088854844884,5.758330141708158
328,98400,27.333333333333332,0.36629862912189703,0.8512152649129306,36.6298629121897,85.12152649129307,36.06897369396073,28.57650240829937,4.909596146721007
329,98700,27.416666666666668,0.3665750528541226,0.8440887949260042,36.65750528541226,84.40887949260042,36.10546300211416,28.58464270613108,4.629175475687104
330,99000,27.5,0.38466252587991717,0.8419544513457556,38.46625258799172,84.19544513457556,36.113950310559005,28.599772256728777,5.6372670807453416
331,99300,27.583333333333332,0.4252472527472528,0.8912127158555729,42.52472527472528,89.1212715855573,36.04747645211931,28.58399136577708,8.039246467817897
332,99600,27.666666666666668,0.36061816811157177,0.8427402940067847,36.06181681115718,84.27402940067847,36.01304560874482,28.5455107425556,6.520542781756502
333,99900,27.75,0.36637152150343333,0.8377014817491869,36.63715215034333,83.77014817491869,36.05214672930972,28.57920491507048,5.713769425370438
334,100200,27.833333333333332,0.4088884866039102,0.8542903692976104,40.88884866039102,85.42903692976104,36.00338160753078,28.55400072411296,5.197320782041999
335,100500,27.916666666666668,0.35286335628851034,0.8360311707140268,35.286335628851035,83.60311707140268,35.98138455962305,28.51645523740485,5.748459586806814
336,100800,28.0,0.3371836446951004,0.8320303137116674,33.71836446951004,83.20303137116673,36.09290800140994,28.60174480084596,4.681001057455058
337,101100,28.083333333333332,0.3934877781831448,0.8327179861364464,39.34877781831448,83.27179861364465,35.99885078438526,28.52347318496899,4.439620576431959
338,101400,28.166666666666668,0.4180447708989157,0.8604931794333683,41.80447708989157,86.04931794333683,36.05999650227352,28.57421476040573,9.124169289961523
339,101700,28.25,0.38913974719101124,0.8487535112359551,38.91397471910113,84.87535112359551,36.12652387640449,28.62775983146068,7.426615168539326
340,102000,28.333333333333332,0.3661616804583068,0.85520050922979,36.61616804583068,85.520050922979,36.23065881604074,28.6975747931254,7.249522597071929
341,102300,28.416666666666668,0.3246969696969697,0.836267217630854,32.46969696969697,83.6267217630854,36.1502479338843,28.61248622589532,6.728650137741047
342,102600,28.5,0.3314843205574913,0.8368815331010453,33.148432055749126,83.68815331010452,36.200961672473866,28.675829268292684,5.975609756097561
343,102900,28.583333333333332,0.38145355191256836,0.856528233151184,38.14535519125683,85.6528233151184,36.10174863387978,28.590058287796,6.187249544626594
344,103200,28.666666666666668,0.37035260930888575,0.8542454160789845,37.035260930888576,85.42454160789845,36.1627856135402,28.616562059238365,8.154090267983074
345,103500,28.75,0.33999640287769783,0.8400539568345324,33.999640287769786,84.00539568345324,36.17638489208633,28.63959352517986,7.193525179856115
346,103800,28.833333333333332,0.5003497356649045,0.8767425782838552,50.03497356649044,87.67425782838552,36.28467669784465,28.74270841805612,8.157381049206995
347,104100,28.916666666666668,0.401460023174971,0.8630822711471611,40.1460023174971,86.3082271147161,36.11618771726536,28.625411355735807,11.461181923522595
348,104400,29.0,0.4360258925068654,0.8581051392703022,43.60258925068654,85.81051392703021,36.14642997253825,28.648230678697526,9.234209493919185
349,104700,29.083333333333332,0.3872803666921314,0.8501642475171888,38.72803666921314,85.01642475171887,36.154434682964094,28.648235294117647,9.942322383498857
350,105000,29.166666666666668,0.5172488226059655,0.8826923076923078,51.724882260596544,88.26923076923077,36.21788069073784,28.688178963893247,11.98547880690738
351,105300,29.25,0.5005439512619669,0.8802697998259356,50.054395126196695,88.02697998259356,36.220060922541336,28.6548955613577,13.627502175805049
352,105600,29.333333333333332,0.44191069991954945,0.8508447304907482,44.19106999195495,85.08447304907482,36.28816572807723,28.735128720836684,11.866049879324216
353,105900,29.416666666666668,0.49853478429848425,0.8529343179168286,49.85347842984842,85.29343179168286,36.33224640497473,28.778130586863583,6.769529731830548
354,106200,29.5,0.37766051660516603,0.8441918819188191,37.7660516605166,84.41918819188191,36.34813653136531,28.793664206642067,5.612915129151292
355,106500,29.583333333333332,0.3911814814814815,0.8514407407407407,39.11814814814815,85.14407407407407,36.34829259259259,28.780762962962964,8.202222222222222
356,106800,29.666666666666668,0.44361929307805603,0.8601472754050075,44.3619293078056,86.01472754050074,36.35472385861561,28.79262886597938,9.63843888070692
357,107100,29.75,0.5762335711603455,0.8965227187382651,57.62335711603455,89.6522718738265,36.34252346977093,28.77496057078483,21.22042808862185
358,107400,29.833333333333332,0.4305750092148913,0.8523921857722079,43.05750092148913,85.23921857722078,36.37723553262072,28.79842609657206,13.31736085514191
359,107700,29.916666666666668,0.5629110612855007,0.8809155455904335,56.29110612855008,88.09155455904335,36.36436472346786,28.77803437967115,8.794095665171898
360,108000,30.0,0.4322755905511811,0.8448070866141733,43.22755905511811,84.48070866141732,36.36808267716536,28.82567322834646,8.308661417322835
361,108300,30.083333333333332,0.750954716981132,0.8869849056603774,75.0954716981132,88.69849056603773,36.313709433962266,28.74558113207547,8.134716981132076
362,108600,30.166666666666668,0.7156675062972292,0.8924073407700612,71.56675062972292,89.24073407700612,36.25329255127743,28.677646635480382,9.98524649154372
363,108900,30.25,0.7260902255639098,0.8948621553884712,72.60902255639098,89.48621553884712,36.23452201933405,28.66429645542428,11.141066953097027
364,109200,30.333333333333332,0.5802150158618259,0.8577405710257314,58.02150158618259,85.77405710257314,36.1818963694043,28.61823405005287,11.312654212195982
365,109500,30.416666666666668,0.6028690994308671,0.8659725477067292,60.28690994308671,86.59725477067292,36.211710746568464,28.63907934382323,13.381319049213255
366,109800,30.5,0.5899440363763554,0.8666526757607556,58.994403637635536,86.66526757607555,36.22764603008044,28.66035327037425,8.970968870234348
367,110100,30.583333333333332,0.5618014243820696,0.8639128613322161,56.18014243820696,86.39128613322161,36.24996648512777,28.702794302471723,10.904063678257229
368,110400,30.666666666666668,0.5878687930409568,0.8594853207683945,58.786879304095685,85.94853207683944,36.19518303733236,28.62489670170352,7.946357375860819
369,110700,30.75,0.5435972060535507,0.8801358168412884,54.359720605355065,88.01358168412884,36.259813736903375,28.662949165696546,11.30616996507567
370,111000,30.833333333333332,0.47707048458149776,0.8514904552129222,47.70704845814978,85.14904552129222,36.259761380323056,28.67484581497797,8.801762114537445
371,111300,30.916666666666668,0.5566070790132285,0.8811977118341079,55.66070790132285,88.11977118341079,36.28831247765463,28.70879513764748,12.770110833035394
372,111600,31.0,0.5933528951486697,0.8818583724569641,59.33528951486698,88.1858372456964,36.41509780907669,28.78981220657277,15.06846635367762
373,111900,31.083333333333332,0.5228997613365155,0.8571360381861575,52.28997613365155,85.71360381861575,36.29601431980907,28.703042959427208,13.62132060461416
374,112200,31.166666666666668,0.5517134629229662,0.901515478761699,55.17134629229662,90.1515478761699,36.23818574514039,28.65612311015119,10.82649388048956
375,112500,31.25,0.5200077760497667,0.8871811819595645,52.00077760497667,88.71811819595645,36.18275272161742,28.60844479004665,9.840979782270606
376,112800,31.333333333333332,0.5550820379965458,0.8494905008635578,55.508203799654574,84.94905008635578,36.098298791019,28.55808721934369,11.45552677029361
377,113100,31.416666666666668,0.5128483184625945,0.8602299245024022,51.28483184625944,86.02299245024022,36.27956760466713,28.691746739876457,10.81674673987646
378,113400,31.5,0.34320966048302415,0.8036506825341267,34.32096604830242,80.36506825341267,36.28624781239062,28.695113755687785,5.660483024151207
379,113700,31.583333333333332,0.4268812589413448,0.8197675250357653,42.68812589413448,81.97675250357653,36.31839055793992,28.705718884120174,8.129828326180258
380,114000,31.666666666666668,0.4783367839889579,0.8834506556245687,47.83367839889579,88.34506556245687,36.30860248447205,28.71908212560386,7.255693581780538
381,114300,31.75,0.5328489825062478,0.8826526240628347,53.28489825062478,88.26526240628347,36.31830417707962,28.73867547304534,6.216351303106033
382,114600,31.833333333333332,0.4156471004243281,0.8262482319660538,41.564710042432814,82.62482319660538,36.27555516265912,28.6916973125884,9.946958981612449
383,114900,31.916666666666668,0.5413306038894575,0.8298055271238485,54.13306038894575,82.98055271238485,36.32035141589901,28.73186284544524,12.087001023541454
384,115200,32.0,0.5499703813402445,0.8555016660496112,54.99703813402444,85.55016660496112,36.30315438726398,28.719977786005185,9.068493150684931
385,115500,32.083333333333336,0.5039132047477746,0.8542173590504452,50.39132047477745,85.42173590504451,36.32265207715133,28.748256676557865,5.592359050445104
386,115800,32.166666666666664,0.5359582883854728,0.8560877382236606,53.59582883854728,85.60877382236606,36.44072276159655,28.836767349874147,8.666307083782812
387,116100,32.25,0.5055989679321784,0.8249723553262072,50.55989679321784,82.49723553262072,36.49026538886841,28.876428308145965,8.30925175082934
388,116400,32.333333333333336,0.4190580256217031,0.8143481537302185,41.90580256217031,81.43481537302185,36.37227581009797,28.79551996985682,5.176337603617181
389,116700,32.416666666666664,0.47651924651924654,0.8392710892710893,47.65192465192465,83.92710892710893,36.42766584766585,28.8571375921376,6.240376740376741
390,117000,32.5,0.46051178203240056,0.8422901325478646,46.051178203240056,84.22901325478645,36.3980117820324,28.83713917525773,5.78939617083947
391,117300,32.583333333333336,0.5151819960861057,0.8549941291585127,51.518199608610566,85.49941291585127,36.41565557729941,28.838019569471623,6.016438356164383
392,117600,32.666666666666664,0.43561890472618153,0.8150075018754689,43.56189047261815,81.50075018754688,36.39719054763691,28.82423105776444,6.072768192048012
393,117900,32.75,0.42226108174054494,0.8142578283855225,42.226108174054495,81.42578283855225,36.39695811305408,28.848914192761285,7.145587637250915
394,118200,32.833333333333336,0.41574890742947956,0.8141477949940404,41.57489074294796,81.41477949940405,36.432058005562176,28.902578466428285,6.331744139849026
395,118500,32.916666666666664,0.5069553605494086,0.809851201831362,50.69553605494086,80.9851201831362,36.44411293399466,28.919717665013355,5.756199923693247
396,118800,33.0,0.47436316375789084,0.8210211659858894,47.43631637578908,82.10211659858894,36.45378388414407,28.912064611956925,5.552172298551801
397,119100,33.083333333333336,0.43063423423423425,0.8289657657657657,43.06342342342342,82.89657657657658,36.54273513513513,28.96987747747748,4.254414414414415
398,119400,33.166666666666664,0.5146512396694215,0.8704099173553719,51.46512396694215,87.04099173553719,36.64312396694215,29.02466776859504,7.391074380165289
399,119700,33.25,0.5447373913043478,0.8494191304347827,54.47373913043478,84.94191304347827,36.61575304347826,28.99505391304348,7.59304347826087
400,120000,33.333333333333336,0.5358762517882689,0.8416273247496423,53.5876251788269,84.16273247496423,36.66614806866953,29.04664878397711,8.38519313304721
401,120300,33.416666666666664,0.43674698795180716,0.8188027108433735,43.67469879518072,81.88027108433735,36.63725150602409,29.030112951807222,6.9469126506024095
402,120600,33.5,0.41511461856444953,0.8124163848177376,41.51146185644495,81.24163848177376,36.6060428410372,29.00000751597144,6.849680571213829
403,120900,33.583333333333336,0.45673161764705883,0.8245,45.67316176470588,82.45,36.61746323529412,28.99672058823529,4.648529411764706
404,121200,33.666666666666664,0.5594855662472242,0.8335418208734271,55.94855662472243,83.3541820873427,36.64225018504811,29.02063656550703,6.376017764618801
405,121500,33.75,0.467,0.8196678700361011,46.7,81.96678700361011,36.751815884476535,29.11570397111913,8.309386281588448
406,121800,33.833333333333336,0.4375892528524108,0.8218770702981228,43.75892528524108,82.18770702981229,36.76563489142436,29.13323150533677,6.937062937062937
407,122100,33.916666666666664,0.4446489197530864,0.8263194444444444,44.46489197530864,82.63194444444444,36.73703703703704,29.113595679012345,5.767746913580247
408,122400,34.0,0.3742867674161445,0.8054552156284557,37.428676741614446,80.54552156284556,36.77910431256912,29.148997419830444,4.750829340213786
409,122700,34.083333333333336,0.4203438077634011,0.8268983364140481,42.03438077634011,82.6898336414048,36.813212569316086,29.18527171903882,4.626247689463956
410,123000,34.166666666666664,0.5183004834510971,0.8564224618817404,51.83004834510971,85.64224618817404,36.878014131647454,29.223436221643738,6.375976199330606
411,123300,34.25,0.44075986720767246,0.8281261527111766,44.07598672076725,82.81261527111766,36.90580597565474,29.245809664330505,6.257838436001475
412,123600,34.333333333333336,0.4601496763754045,0.8244902912621359,46.01496763754045,82.44902912621359,36.82773058252427,29.194987864077667,5.45752427184466
413,123900,34.416666666666664,0.5126451841359774,0.8447096317280454,51.264518413597735,84.47096317280453,36.72845963172804,29.09501062322946,6.498937677053824
414,124200,34.5,0.38196622436670685,0.8261560112585444,38.19662243667069,82.61560112585444,36.71219139525533,29.101596300763973,6.492159227985525
415,124500,34.583333333333336,0.4183119658119658,0.830758547008547,41.83119658119658,83.0758547008547,36.72088675213675,29.096972934472934,6.298433048433049
416,124800,34.666666666666664,0.4081657006478009,0.8304432321854756,40.81657006478009,83.04432321854756,36.76434708489601,29.13565632458234,5.5107398568019095
417,125100,34.75,0.3758801240096452,0.8274784705477093,37.58801240096452,82.74784705477093,36.722776438167415,29.121598346538065,4.553909748535998
418,125400,34.833333333333336,0.43381939014855364,0.8244448788115716,43.38193901485536,82.44448788115716,36.73057466770915,29.10761532447224,7.716184519155591
419,125700,34.916666666666664,0.32734913793103443,0.8212966954022989,32.734913793103445,82.12966954022988,36.76661637931034,29.134454022988507,7.757902298850575
420,126000,35.0,0.3309349289454001,0.824981301421092,33.09349289454001,82.4981301421092,36.76084891548242,29.109865370231866,4.828721017202692
421,126300,35.083333333333336,0.41483621641516377,0.8448693411851306,41.48362164151638,84.48693411851306,36.78616856827383,29.13152005888848,5.842473316157527
422,126600,35.166666666666664,0.4341395864106352,0.845162481536189,43.41395864106352,84.5162481536189,36.74202363367799,29.07428729689808,6.255908419497785
423,126900,35.25,0.5140436949022614,0.8559639708700653,51.40436949022614,85.59639708700652,36.841908777309314,29.14413568417018,6.463012648524339
424,127200,35.333333333333336,0.5172418524871355,0.8654854202401373,51.72418524871355,86.54854202401373,36.80749571183534,29.13827101200686,6.299828473413379
425,127500,35.416666666666664,0.5127234927234928,0.8444386694386695,51.27234927234928,84.44386694386695,36.828274428274426,29.159130284130285,7.087318087318088
426,127800,35.5,0.4690973391714382,0.8596800269450994,46.90973391714382,85.96800269450993,36.814051869316266,29.14135062310542,11.033344560458069
427,128100,35.583333333333336,0.4420583832335329,0.8630838323353294,44.20583832335329,86.30838323353294,36.87799775449101,29.218435628742515,7.751497005988024
428,128400,35.666666666666664,0.43059587217043943,0.8530892143808255,43.05958721704394,85.30892143808255,36.88013648468708,29.214390812250333,8.656458055925432
429,128700,35.75,0.4621415802645692,0.8616910976045763,46.21415802645692,86.16910976045763,36.868037182695744,29.22131569538792,9.550589917769038
430,129000,35.833333333333336,0.5413630136986302,0.8814075342465754,54.13630136986301,88.14075342465753,36.92357876712329,29.26961301369863,10.243150684931509
431,129300,35.916666666666664,0.433495145631068,0.8580993278566095,43.3495145631068,85.80993278566095,36.898551157580286,29.261519790888727,14.342046303211353
432,129600,36.0,0.5536279242480505,0.8495469736353509,55.36279242480505,84.95469736353509,36.90154103230598,29.25620497586335,10.406609728926847
433,129900,36.083333333333336,0.4921255864308914,0.8647600144352219,49.21255864308914,86.4760014435222,36.86957416095272,29.230519667989896,9.358354384698664
434,130200,36.166666666666664,0.44967293233082706,0.8758834586466164,44.96729323308271,87.58834586466165,36.85618796992481,29.210898496240603,9.627067669172932
435,130500,36.25,0.4289708201892744,0.8610291798107255,42.89708201892744,86.10291798107255,36.88950709779179,29.2546214511041,8.439668769716087
436,130800,36.333333333333336,0.40626854599406526,0.8537240356083086,40.62685459940653,85.37240356083086,36.90137982195846,29.260029673590505,6.738872403560831
437,131100,36.416666666666664,0.42141629297458894,0.8510089686098655,42.14162929745889,85.10089686098655,36.80127428998505,29.19088191330344,6.174887892376682
438,131400,36.5,0.40587392550143264,0.8443051575931232,40.587392550143264,84.43051575931231,36.85785100286533,29.23957378223496,6.211318051575931
439,131700,36.583333333333336,0.44058867086264347,0.8519733432062199,44.05886708626435,85.19733432062199,36.84615697889671,29.20909292854498,9.187338022954462
440,132000,36.666666666666664,0.4336774861878453,0.8487292817679558,43.36774861878453,84.87292817679558,36.932527624309394,29.26959599447514,8.323204419889503
441,132300,36.75,0.4101844625753814,0.8587052146151117,41.01844625753814,85.87052146151117,36.95542390918765,29.29197942532813,7.83682156793189
442,132600,36.833333333333336,0.41017283950617284,0.8578024691358024,41.01728395061728,85.78024691358024,36.95355908289242,29.29590828924162,8.817989417989418
443,132900,36.916666666666664,0.3426828398144845,0.850731359257938,34.26828398144845,85.07313592579379,36.93082411701749,29.265511951480555,7.665001783803068
444,133200,37.0,0.3194356326078937,0.8416230173367761,31.94356326078937,84.16230173367761,36.97069347104389,29.29584655108816,7.583917373662855
445,133500,37.083333333333336,0.3830512820512821,0.8507948717948718,38.305128205128206,85.07948717948717,36.966641025641024,29.281641025641022,4.6058608058608055
446,133800,37.166666666666664,0.3627016595908916,0.8320146661520649,36.27016595908916,83.20146661520648,36.89050559629487,29.22065997684292,8.924739482825164
447,134100,37.25,0.49090322580645174,0.8590358422939067,49.09032258064517,85.90358422939067,36.90036200716845,29.23254121863799,6.0885304659498205
448,134400,37.333333333333336,0.42708509142053436,0.8566736990154712,42.70850914205344,85.66736990154712,36.89864627285513,29.23228551336146,6.335443037974684
449,134700,37.416666666666664,0.3692769784172662,0.867161870503597,36.92769784172662,86.71618705035971,36.83211870503597,29.16709352517985,6.396402877697842
450,135000,37.5,0.3764315829819854,0.855975469528555,37.64315829819854,85.5975469528555,36.76493292449214,29.101330011498657,5.593330778075891
451,135300,37.583333333333336,0.31846094946401227,0.8444333843797855,31.846094946401227,84.44333843797855,36.83219372128637,29.168568147013783,6.543261868300153
452,135600,37.666666666666664,0.32332278481012655,0.8458016877637131,32.33227848101266,84.58016877637131,36.84192334739803,29.18443389592124,5.84985935302391
453,135900,37.75,0.3889655172413793,0.853298969072165,38.89655172413793,85.3298969072165,36.912790615001775,29.24199786704586,5.650906505510132
454,136200,37.833333333333336,0.33025,0.8608208333333333,33.025,86.08208333333333,37.0063125,29.32354583333333,5.28625
455,136500,37.916666666666664,0.373626204238921,0.8633795761078998,37.3626204238921,86.33795761078999,36.87332562620424,29.19005394990366,7.70019267822736
456,136800,38.0,0.3397173828881146,0.8596864111498257,33.97173828881146,85.96864111498257,36.9274641889276,29.22799070847851,5.787843592721641
457,137100,38.083333333333336,0.3727993324989571,0.8794284522319566,37.279933249895706,87.94284522319566,36.86757613683771,29.18856904463913,5.475594493116396
458,137400,38.166666666666664,0.3897702368328031,0.8797384234711911,38.97702368328031,87.97384234711912,36.87228349240014,29.20448214916932,9.189112760692824
459,137700,38.25,0.4349093546047861,0.8504858593183466,43.49093546047861,85.04858593183467,36.91307469180565,29.230939086294413,8.799492385786802
460,138000,38.333333333333336,0.45119705985299263,0.8593244662233112,45.11970598529926,85.93244662233111,36.88129856492824,29.22913895694785,8.202310115505774
461,138300,38.416666666666664,0.43348400556328237,0.8596383866481224,43.34840055632824,85.96383866481224,36.90750695410292,29.25597009735744,6.373435326842837
462,138600,38.5,0.3260880829015544,0.8374722427831236,32.60880829015544,83.74722427831236,36.98628793486306,29.34373427091044,7.103256846780162
463,138900,38.583333333333336,0.3691858678955453,0.8483371735791091,36.91858678955453,84.83371735791091,36.90709293394777,29.24562596006145,6.710445468509985
464,139200,38.666666666666664,0.33466452390518275,0.8418682201687424,33.46645239051828,84.18682201687425,36.94992768179992,29.29603856970671,6.573724387304138
465,139500,38.75,0.3993631669535284,0.8481067125645438,39.93631669535284,84.81067125645438,37.06550774526679,29.373907056798625,6.753012048192771
466,139800,38.833333333333336,0.3889720593308037,0.8457916522938944,38.89720593308037,84.57916522938945,36.95977923421869,29.275688168333907,9.746119351500518
467,140100,38.916666666666664,0.37432432432432444,0.8546985446985447,37.43243243243244,85.46985446985447,37.02734580734581,29.34100485100485,5.8527373527373525
468,140400,39.0,0.3500036036036036,0.8483711711711712,35.00036036036036,84.83711711711712,37.07437837837838,29.378630630630628,7.853693693693693
469,140700,39.083333333333336,0.3816649029982364,0.8493403880070547,38.16649029982364,84.93403880070547,37.042070546737214,29.389072310405645,5.440917107583775
470,141000,39.166666666666664,0.40784384694932785,0.8576473629782834,40.78438469493278,85.76473629782834,36.80805584281282,29.163154084798347,6.160806618407446
471,141300,39.25,0.3915020576131688,0.8614814814814815,39.15020576131688,86.14814814814815,37.35345679012345,29.72528806584362,6.325102880658436
472,141600,39.333333333333336,0.4356896551724138,0.8668620689655172,43.56896551724138,86.68620689655172,37.27486206896551,29.59489655172414,17.406896551724138
473,141900,39.416666666666664,0.26,0.9166666666666669,26.0,91.66666666666669,42.60666666666667,35.33833333333333,5.0
474,142200,39.5,0.37048431480462296,0.8982443588332416,37.0484314804623,89.82443588332416,37.42058888277381,29.668811227297745,11.62383048981838
475,142500,39.583333333333336,0.34645588985211623,0.8901555328913819,34.645588985211624,89.0155532891382,37.36032126466088,29.629110147883733,6.280979092299847
476,142800,39.666666666666664,0.4384542032622334,0.8910815558343789,43.84542032622334,89.10815558343789,37.36009786700125,29.63408531994981,10.856712672521958
477,143100,39.75,0.404618072890664,0.8839465801298053,40.4618072890664,88.39465801298053,37.39197453819271,29.657049425861207,8.503494757863205
478,143400,39.833333333333336,0.2827970749542962,0.8517315225907548,28.279707495429616,85.17315225907548,37.3717236876469,29.638307652128493,5.462522851919561
479,143700,39.916666666666664,0.46706472654290015,0.8875439036628198,46.70647265429002,88.75439036628198,37.378514801806325,29.64753386853989,12.921475163070747
480,144000,40.0,0.4046257485029941,0.879560878243513,40.46257485029941,87.9560878243513,37.39495259481038,29.6610503992016,7.820858283433134
481,144300,40.083333333333336,0.37350051975051973,0.8782120582120583,37.350051975051976,87.82120582120582,37.39908004158004,29.66037162162162,12.285862785862786
482,144600,40.166666666666664,0.5007725,0.90661,50.07725,90.661,37.4040325,29.6685725,12.4905
483,144900,40.25,0.38933133732534925,0.8725898203592815,38.93313373253493,87.25898203592814,37.40515718562874,29.672906686626742,16.25499001996008
484,145200,40.333333333333336,0.3509714726291442,0.8730660498586482,35.09714726291442,87.30660498586482,37.41895656643536,29.680663068619893,20.094834232845027
485,145500,40.416666666666664,0.29031774275546524,0.8667564819522114,29.03177427554652,86.67564819522114,37.39060498220641,29.65923487544484,10.483985765124554
486,145800,40.5,0.3157723983029699,0.8700524082855005,31.577239830296985,87.00524082855004,37.430299475917145,29.689081607187426,6.199900174694285
487,146100,40.583333333333336,0.30650518134715027,0.8614067357512954,30.650518134715025,86.14067357512954,37.427313471502586,29.69924093264249,10.151295336787564
488,146400,40.666666666666664,0.2598899724931233,0.8601600400100026,25.988997249312327,86.01600400100025,37.42811702925732,29.692115528882223,5.897224306076519
489,146700,40.75,0.26348303393213574,0.8636701596806386,26.348303393213573,86.36701596806387,37.445097305389226,29.70586327345309,5.396956087824352
490,147000,40.833333333333336,0.2725388861013548,0.8594656297039639,27.25388861013548,85.94656297039639,37.43910436527848,29.702295534370297,4.611640742599096
491,147300,40.916666666666664,0.32641716566866263,0.872055888223553,32.641716566866265,87.2055888223553,37.45280439121756,29.709376247504988,5.790918163672655
492,147600,41.0,0.28073544433094993,0.87244126659857,28.073544433094995,87.244126659857,37.44960674157304,29.7098544433095,5.67926455566905
493,147900,41.083333333333336,0.29293980883492643,0.8659132007233273,29.29398088349264,86.59132007233273,37.54271764401963,29.796344613794883,5.136398863342805
494,148200,41.166666666666664,0.321036308623298,0.8736510337871911,32.1036308623298,87.36510337871911,37.46687594553707,29.72567574382249,5.162884518406455
495,148500,41.25,0.276544502617801,0.8739242084268263,27.654450261780102,87.39242084268263,37.46032909498878,29.7189778110197,4.796808775866367
496,148800,41.333333333333336,0.2706012578616352,0.8686415094339622,27.06012578616352,86.86415094339623,37.47384654088051,29.72775345911949,5.626163522012579
497,149100,41.416666666666664,0.2841506129597198,0.8738128596447335,28.415061295971977,87.38128596447335,37.48338003502627,29.74292969727296,5.740805604203152
498,149400,41.5,0.3174202392821536,0.8763659022931206,31.74202392821536,87.63659022931206,37.48546111665005,29.74309571286141,5.537637088733798
499,149700,41.583333333333336,0.3055099471165953,0.8892067489297406,30.55099471165953,88.92067489297406,37.48269453538152,29.740108285066736,9.033492822966506
500,150000,41.666666666666664,0.3032064128256513,0.8803456913827655,30.32064128256513,88.03456913827655,37.48155060120241,29.74198897795592,6.909318637274549
501,150300,41.75,0.26161078900932694,0.8805268464834888,26.161078900932694,88.05268464834887,37.48536929669776,29.74226115452483,5.704562641794807
502,150600,41.833333333333336,0.23026422764227644,0.8582520325203252,23.026422764227643,85.82520325203252,37.4990625,29.756626016260164,4.565040650406504
503,150900,41.916666666666664,0.31419370943584624,0.8802546180728906,31.419370943584624,88.02546180728906,37.49243634548178,29.74987518721917,5.244633050424364
504,151200,42.0,0.3639030484757621,0.894567716141929,36.39030484757621,89.4567716141929,37.506984007996,29.76534732633683,6.186906546726637
505,151500,42.083333333333336,0.2366977095393909,0.8684872892021143,23.66977095393909,86.84872892021143,37.52640573873647,29.773246916687643,4.221495091870123
506,151800,42.166666666666664,0.4214074630603556,0.8932456799398948,42.14074630603556,89.32456799398948,37.516378662659655,29.77249937390433,5.542950162784874
507,152100,42.25,0.2716350474288567,0.8737518721917124,27.16350474288567,87.37518721917124,37.54000499251124,29.78848726909636,6.424862705941089
508,152400,42.333333333333336,0.317842448569995,0.88185900652283,31.7842448569995,88.185900652283,37.51853988961365,29.77469643753136,4.95333667837431
509,152700,42.416666666666664,0.2528829280521434,0.8772875407370269,25.28829280521434,87.72875407370269,37.494996239659066,29.753203810478816,5.562797693657559
510,153000,42.5,0.24498628086804689,0.8709104514841606,24.49862808680469,87.09104514841606,37.52230231978049,29.776764779246697,4.750810675979047
511,153300,42.583333333333336,0.2889504008016032,0.879123246492986,28.89504008016032,87.9123246492986,37.52305861723447,29.776357715430866,6.483216432865731
512,153600,42.666666666666664,0.2635596605092362,0.8770993509735396,26.355966050923616,87.70993509735396,37.52747129306041,29.780242136794808,5.860958562156765
513,153900,42.75,0.25168229034709905,0.8748188497593108,25.168229034709903,87.48188497593108,37.54605016468204,29.79281986318723,5.06232581707626
514,154200,42.833333333333336,0.23773441459706032,0.8858160162189559,23.77344145970603,88.58160162189559,37.55191079574252,29.804145970603145,4.17384693360365
515,154500,42.916666666666664,0.2915911405295316,0.8830880855397149,29.15911405295316,88.30880855397149,37.527823319755605,29.78868635437882,4.589613034623218
516,154800,43.0,0.3050309757356737,0.8851652039235932,30.503097573567374,88.51652039235933,37.6095405265875,29.84619256582344,5.879194630872483
517,155100,43.083333333333336,0.407519595448799,0.8947863463969657,40.7519595448799,89.47863463969658,37.541597977244,29.78852338811631,6.893046776232617
518,155400,43.166666666666664,0.4152418533604888,0.8805422606924644,41.52418533604888,88.05422606924644,37.55297861507128,29.80339103869654,5.860997963340123
519,155700,43.25,0.45636855670103094,0.893770618556701,45.636855670103095,89.3770618556701,37.57624742268041,29.81420360824742,5.717525773195876
520,156000,43.333333333333336,0.4217667755717517,0.8778612716763006,42.17667755717517,87.78612716763006,37.58076149786378,29.825355616989192,4.967831113345062
521,156300,43.416666666666664,0.38561811811811814,0.8947197197197196,38.561811811811815,89.47197197197197,37.60526526526527,29.846078578578577,5.363113113113113
522,156600,43.5,0.34274705581157194,0.8680081925243215,34.27470558115719,86.80081925243215,37.53945468509984,29.780148489503325,6.619047619047619
523,156900,43.583333333333336,0.3509879939969985,0.8463606803401702,35.09879939969985,84.63606803401701,37.60758129064532,29.84767133566784,4.534267133566783
524,157200,43.666666666666664,0.3340689130985559,0.8622016721560679,33.40689130985559,86.22016721560679,37.62567519635167,29.85479351406131,4.278439321003294
525,157500,43.75,0.3027545659244433,0.8386965223917939,30.27545659244433,83.86965223917939,37.60098323742808,29.84201401050788,4.629722291718789
526,157800,43.833333333333336,0.3009583439815998,0.8388704318936877,30.09583439815998,83.88704318936877,37.65136212624585,29.88760797342193,4.04600051111679
527,158100,43.916666666666664,0.27958376421923475,0.8480997931747674,27.958376421923475,84.80997931747673,37.57861685625646,29.82261892450879,3.669855222337125
528,158400,44.0,0.3647198384654215,0.8928470469459868,36.47198384654215,89.28470469459869,37.59538364462393,29.82678192831904,4.832407874810702
529,158700,44.083333333333336,0.3424884792626728,0.872383512544803,34.24884792626728,87.23835125448029,37.60910650281618,29.85435483870968,3.8210445468509984
530,159000,44.166666666666664,0.3604031209362809,0.8687308192457738,36.04031209362809,86.87308192457738,37.62405201560468,29.867102730819244,6.202600780234071
531,159300,44.25,0.5454017400204708,0.9073055271238484,54.54017400204708,90.73055271238483,37.64042732855681,29.861857727737974,12.68577277379734
532,159600,44.333333333333336,0.37811277033985585,0.8635787847579814,37.81127703398558,86.35787847579815,37.62414778578785,29.85770339855819,8.700823892893924
533,159900,44.416666666666664,0.42917893686049413,0.8792887446967806,42.91789368604941,87.92887446967806,37.64319690541552,29.87334913900673,7.927876216620914
534,160200,44.5,0.3543379472447114,0.8846931313658919,35.43379472447114,88.4693131365892,37.593154870723424,29.839540349960828,4.760773047793157
535,160500,44.583333333333336,0.3972091810119979,0.8985080855503391,39.72091810119979,89.85080855503391,37.63386802295253,29.86669535732916,6.257433489827856
536,160800,44.666666666666664,0.3984453993933266,0.8774494438827098,39.84453993933266,87.74494438827098,37.65609201213347,29.889421132457027,4.301567239635996
537,161100,44.75,0.32208582574772426,0.8521768530559167,32.20858257477243,85.21768530559167,37.65454876462939,29.877589076723016,4.266579973992197
538,161400,44.833333333333336,0.29298925858003666,0.8375556719937123,29.298925858003667,83.75556719937123,37.68917212470527,29.915415247576632,3.854335865863243
539,161700,44.916666666666664,0.422266500622665,0.868077210460772,42.2266500622665,86.8077210460772,37.67979327521793,29.903464508094647,5.846077210460772
540,162000,45.0,0.32704942965779465,0.8545982256020279,32.704942965779466,85.4598225602028,37.6829885931559,29.90627376425856,5.301647655259822
541,162300,45.083333333333336,0.478631473605204,0.9075731798849137,47.8631473605204,90.75731798849137,37.697498123592695,29.918636477358017,8.119089316987742
542,162600,45.166666666666664,0.34482329010933127,0.8538774472412917,34.48232901093313,85.38774472412916,37.73338927027714,29.93111619628782,5.197559115179253
543,162900,45.25,0.3048611458593945,0.8287090317738304,30.48611458593945,82.87090317738304,37.71781836377283,29.928939204403303,5.453840380285214
544,163200,45.333333333333336,0.42546663257478906,0.8604039887496804,42.546663257478905,86.04039887496803,37.71139861927896,29.9193965737663,6.2684735361800055
545,163500,45.416666666666664,0.4477802746566792,0.8496679151061174,44.77802746566792,84.96679151061174,37.70955056179776,29.92540074906367,6.026466916354557
546,163800,45.5,0.37774414319557775,0.8579652540142142,37.77441431955778,85.79652540142142,37.67920768623322,29.895885759410373,7.83206106870229
547,164100,45.583333333333336,0.3870071319409068,0.8598828323993887,38.70071319409068,85.98828323993887,37.71367804381049,29.92434793683138,6.133469179826796
548,164400,45.666666666666664,0.34776622718052735,0.8622565922920893,34.776622718052735,86.22565922920893,37.72102687626775,29.92934584178499,6.625760649087221
549,164700,45.75,0.33178535353535354,0.8414242424242424,33.17853535353535,84.14242424242424,37.70371717171717,29.92222727272728,6.824242424242424
550,165000,45.833333333333336,0.31134605597964377,0.850882951653944,31.134605597964377,85.0882951653944,37.71686005089059,29.933229007633585,4.230279898218829
551,165300,45.916666666666664,0.4121094927172275,0.8664038171772979,41.210949271722754,86.64038171772978,37.7445429432446,29.94984178804621,5.337518834756404
552,165600,46.0,0.4076830188679245,0.8896276729559749,40.76830188679245,88.96276729559749,37.75024150943396,29.954153459119496,7.470691823899371
553,165900,46.083333333333336,0.3945707715891671,0.8684236075625958,39.45707715891671,86.84236075625958,37.78264690853347,29.98172457843638,4.798415942769545
554,166200,46.166666666666664,0.331914022517912,0.8506601842374616,33.1914022517912,85.06601842374616,37.7392681678608,29.934181166837256,5.912998976458547
555,166500,46.25,0.2857103134479272,0.8489180990899899,28.57103134479272,84.891809908999,37.769514661274016,29.96476996966633,4.285642062689585
556,166800,46.333333333333336,0.3656238410596026,0.8441668874172186,36.56238410596026,84.41668874172186,37.82908344370861,30.0293880794702,4.257218543046358
557,167100,46.416666666666664,0.30288822205551386,0.8492398099524882,30.288822205551387,84.92398099524881,37.79263315828957,29.984916229057266,3.84896224056014
558,167400,46.5,0.3783085455003781,0.8699168137131333,37.83085455003781,86.99168137131333,37.782636753214014,29.97772624149232,4.7814469372321655
559,167700,46.583333333333336,0.3856607544341744,0.8685760679490382,38.56607544341744,86.85760679490382,37.7938945790657,29.981074194354235,5.040469647764177
560,168000,46.666666666666664,0.30492806696311797,0.8432147528119277,30.4928066963118,84.32147528119278,37.76766152236464,29.956693696050223,7.498038189903218
561,168300,46.75,0.34617867867867863,0.8667242242242242,34.617867867867865,86.67242242242243,37.8019019019019,29.98736736736737,5.901151151151151
562,168600,46.833333333333336,0.37100651112316885,0.857919153553988,37.10065111231688,85.7919153553988,37.80972599023331,29.98660879001628,4.503526858383071
563,168900,46.916666666666664,0.35834993270524895,0.8907725437415881,35.8349932705249,89.07725437415881,37.83346164199192,29.994349932705248,5.809690444145357
564,169200,47.0,0.36359917141377524,0.867063697566028,36.35991714137752,86.7063697566028,37.852485758674256,30.02781719316416,5.9961160020714654
565,169500,47.083333333333336,0.41981462409886716,0.890115859938208,41.98146240988672,89.0115859938208,37.8153964984552,29.99861483007209,5.792224510813594
566,169800,47.166666666666664,0.4063805688396678,0.8995469418575384,40.638056883966776,89.95469418575384,37.849295242889504,30.01840422854266,8.652655424112762
567,170100,47.25,0.4095513151108819,0.878383187209902,40.95513151108819,87.8383187209902,37.83688757091284,30.00491232594121,10.963125322331098
568,170400,47.333333333333336,0.3831754294638209,0.8832613222280062,38.31754294638209,88.32613222280062,37.79853201457574,29.96645236855804,7.71889640812077
569,170700,47.416666666666664,0.40968521782926215,0.8702895995970787,40.96852178292622,87.02895995970788,37.84908839083354,30.016411483253588,8.202719717955175
570,171000,47.5,0.37439273843006904,0.8540092048069547,37.4392738430069,85.40092048069548,37.84462797238558,30.00087189976988,7.856814114037331
571,171300,47.583333333333336,0.46698809178042405,0.8780017426662794,46.6988091780424,87.80017426662793,37.94040081324427,30.083215219285503,8.071158873075806
572,171600,47.666666666666664,0.4061465366341585,0.8805726431607901,40.61465366341585,88.05726431607901,37.873888472118026,30.02829457364341,9.00450112528132
573,171900,47.75,0.37987400359989715,0.8822756492671638,37.987400359989714,88.22756492671638,37.87628953458473,30.02764721007972,9.09154024170738
574,172200,47.833333333333336,0.3533530775173835,0.8615838269379346,35.33530775173835,86.15838269379346,37.86653103270667,30.023574555755857,7.669070306464074
575,172500,47.916666666666664,0.3315378356387307,0.8576674803363169,33.15378356387307,85.76674803363169,37.89652291836182,30.03171684296176,5.969351776512069
576,172800,48.0,0.4374640423921272,0.865336866010598,43.74640423921272,86.5336866010598,37.88465808730759,30.0302245773404,8.85415089578602
577,173100,48.083333333333336,0.42306013702106066,0.8671656939862978,42.306013702106064,86.71656939862979,37.89626744481096,30.037241816797767,10.843694493783303
578,173400,48.166666666666664,0.46279472595656673,0.868017063081696,46.27947259565667,86.8017063081696,37.890429162357805,30.031773526370216,16.5511892450879
579,173700,48.25,0.34352817824377463,0.8514574049803407,34.35281782437746,85.14574049803407,37.952862385321104,30.07233027522936,12.104062909567496
580,174000,48.333333333333336,0.40383568548387094,0.8738558467741936,40.383568548387096,87.38558467741936,37.92855342741935,30.06554939516129,6.133316532258065
581,174300,48.416666666666664,0.3767378048780488,0.8745858739837398,37.67378048780488,87.45858739837398,37.924209857723575,30.058353658536586,6.002794715447155
582,174600,48.5,0.42243187660668385,0.8837917737789204,42.24318766066838,88.37917737789203,37.95528020565553,30.09132904884319,6.327249357326478
583,174900,48.583333333333336,0.42220663265306124,0.8871887755102041,42.22066326530612,88.71887755102041,37.94482142857143,30.07111479591837,7.71530612244898
584,175200,48.666666666666664,0.45798879837067213,0.876097250509165,45.79887983706721,87.6097250509165,37.95256873727087,30.07906313645621,12.743380855397149
585,175500,48.75,0.49307963709677416,0.8771975806451613,49.307963709677416,87.71975806451613,37.95714213709677,30.0777091733871,9.422379032258064
586,175800,48.833333333333336,0.4803452718371554,0.881388817315125,48.03452718371554,88.1388817315125,37.97092501932492,30.08826075753672,15.314094305591343
587,176100,48.916666666666664,0.522261546184739,0.8886772088353413,52.2261546184739,88.86772088353413,37.98563504016064,30.09995983935743,15.222640562248996
588,176400,49.0,0.5993477144324602,0.9061504879301487,59.93477144324602,90.61504879301488,37.94112994350283,30.06148690292758,11.51617873651772
589,176700,49.083333333333336,0.6199091597274792,0.9124400706535453,61.99091597274792,91.24400706535452,38.02027756749936,30.12528135251073,14.756749936916478
590,177000,49.166666666666664,0.5008457460237313,0.8754127745518808,50.08457460237314,87.54127745518808,38.02766220651351,30.131542539762684,13.053521837919718
591,177300,49.25,0.5440080462660297,0.8846266029670606,54.40080462660297,88.46266029670606,37.99922806135277,30.10413628363088,8.98642192607493
592,177600,49.333333333333336,0.5365377855887522,0.8737660055234748,53.65377855887522,87.37660055234748,38.00131559126287,30.11071303037912,10.977906100928948
593,177900,49.416666666666664,0.7448169761273209,0.9095172413793103,74.48169761273209,90.95172413793104,38.07149336870027,30.15555968169761,12.886737400530505
594,178200,49.5,0.7361205602801401,0.8906228114057029,73.61205602801401,89.06228114057029,38.06342171085543,30.145110055027512,6.440220110055027
595,178500,49.583333333333336,0.5770301507537688,0.8804246231155779,57.70301507537688,88.04246231155778,38.02547989949749,30.11033417085428,7.790201005025126
596,178800,49.666666666666664,0.6797377049180328,0.92078184110971,67.97377049180328,92.078184110971,38.0430315258512,30.12492307692308,16.568726355611602
597,179100,49.75,0.5494236093632017,0.8709614900578907,54.94236093632016,87.09614900578907,38.05653158822049,30.140324691668763,8.669015857034987
598,179400,49.833333333333336,0.5761473237943826,0.8841944886062534,57.61473237943826,88.41944886062534,38.03709856915739,30.123683094859565,7.59009009009009
599,179700,49.916666666666664,0.5525482723577236,0.8695071138211382,55.25482723577236,86.95071138211382,38.01610772357724,30.095846036585368,9.648628048780488
600,180000,50.0,0.5483594539939333,0.8758998988877654,54.83594539939333,87.58998988877654,38.04875884732053,30.12591253791709,10.629929221435791
601,180300,50.083333333333336,0.5320363908275174,0.8709222333000998,53.20363908275174,87.09222333000997,38.04894566301097,30.1284297108674,15.155284147557328
602,180600,50.166666666666664,0.5542965779467681,0.8744359949302916,55.42965779467681,87.44359949302915,38.07709505703422,30.14046134347275,15.55614702154626
603,180900,50.25,0.5206395786305493,0.8709129671432154,52.06395786305493,87.09129671432154,38.0615400050163,30.14127163280662,15.670679709054427
604,181200,50.333333333333336,0.601511017838405,0.8884286463798532,60.1511017838405,88.84286463798531,38.133347324239246,30.208447009443866,16.14900314795383
605,181500,50.416666666666664,0.5326046511627908,0.8743720930232558,53.26046511627907,87.43720930232558,38.08402583979328,30.162400516795863,12.450129198966408
606,181800,50.5,0.540518018018018,0.8755905905905905,54.0518018018018,87.55905905905905,38.09292792792792,30.16697197197197,11.846846846846846
607,182100,50.583333333333336,0.49900932694731537,0.8548752205697001,49.90093269473154,85.48752205697001,38.0790547012856,30.15797580035291,10.719687421225109
608,182400,50.666666666666664,0.4548372558838258,0.8542063094641964,45.483725588382576,85.42063094641964,38.08686780170256,30.156599899849777,12.892588883324988
609,182700,50.75,0.48683316168898044,0.8483058702368692,48.683316168898045,84.83058702368692,38.171745623069,30.22316683831102,9.705458290422245
610,183000,50.833333333333336,0.4689578423671118,0.8519821942916994,46.89578423671118,85.19821942916994,38.07096360303745,30.137310814349306,11.721916732128827
611,183300,50.916666666666664,0.5064287522146292,0.8739331814730449,50.64287522146292,87.39331814730448,38.10503923057454,30.16486712224753,10.444444444444445
612,183600,51.0,0.5168157695223654,0.852729340409401,51.68157695223654,85.2729340409401,38.160260298205706,30.219987364164773,8.460449835734142
613,183900,51.083333333333336,0.49355958958168905,0.8447198105761642,49.355958958168905,84.47198105761642,38.13274401473296,30.196045777426992,14.044198895027623
614,184200,51.166666666666664,0.5310691981014241,0.8369897576817387,53.1069198101424,83.69897576817387,38.15470647014739,30.214616537596804,8.25680739445416
615,184500,51.25,0.5982869325307248,0.8991622774015551,59.82869325307249,89.9162277401555,38.16368196639077,30.22040381239027,9.591422121896162
616,184800,51.333333333333336,0.506200906344411,0.8725100704934542,50.62009063444109,87.25100704934542,38.169677744209466,30.22655589123867,18.90533736153072
617,185100,51.416666666666664,0.5658866544789762,0.8561008096108644,56.588665447897625,85.61008096108644,38.170104465918,30.221919561243144,13.04126403760773
618,185400,51.5,0.5512638815441565,0.8661819143310417,55.12638815441565,86.61819143310417,38.17331041776838,30.24164992067689,11.474616604970915
619,185700,51.583333333333336,0.4690270684371808,0.8441879468845761,46.90270684371808,84.41879468845761,38.19447650663943,30.254364147088864,11.12870275791624
620,186000,51.666666666666664,0.49939204403302484,0.8670152614460845,49.93920440330248,86.70152614460845,38.18984488366274,30.24920940705529,10.15586690017513
621,186300,51.75,0.42916498993963786,0.8366096579476862,42.916498993963785,83.66096579476861,38.19843812877264,30.246622233400405,12.52112676056338
622,186600,51.833333333333336,0.47704315396909963,0.8521790090570058,47.70431539690996,85.21790090570059,38.15112679808204,30.225404901438463,8.085775173148642
623,186900,51.916666666666664,0.4988636942675159,0.8546700636942676,49.88636942675159,85.46700636942676,38.20352866242038,30.268017834394904,8.400509554140127
624,187200,52.0,0.5667057597081053,0.8769377117539744,56.67057597081053,87.69377117539744,38.1980844409695,30.250393536617143,10.050560333593952
625,187500,52.083333333333336,0.5608322760720629,0.8780284191829485,56.08322760720629,87.80284191829485,38.223676731793965,30.27227607206293,7.777721390510023
626,187800,52.166666666666664,0.4862487487487488,0.8226251251251252,48.62487487487488,82.26251251251252,38.2513938938939,30.29918918918919,6.63038038038038
627,188100,52.25,0.5286006485407831,0.8374307807433276,52.86006485407832,83.74307807433276,38.255245697181344,30.29818658019456,9.317535545023697
628,188400,52.333333333333336,0.4785174789487114,0.8382163817300332,47.85174789487114,83.82163817300332,38.24304414391426,30.289168155141617,9.503189589180913
629,188700,52.416666666666664,0.5397762694821518,0.8740673705379588,53.97762694821518,87.40673705379588,38.26023378582202,30.30583961789844,11.098793363499246
630,189000,52.5,0.4620041590850013,0.8318897842474655,46.20041590850013,83.18897842474655,38.24965687548739,30.281837795684947,12.24876527164024
631,189300,52.583333333333336,0.5562113072397032,0.8348784855461754,55.621130723970325,83.48784855461754,38.28794064978256,30.33030186748529,16.177539012535174
632,189600,52.666666666666664,0.4523993886907794,0.8407106469689251,45.23993886907794,84.0710646968925,38.29029291900153,30.33069281711666,13.265919510952624
633,189900,52.75,0.4488272383354351,0.8290113493064313,44.88272383354351,82.90113493064312,38.27251954602775,30.31292055485498,10.586633039092057
634,190200,52.833333333333336,0.5288236808236808,0.835057915057915,52.88236808236808,83.5057915057915,38.27900643500644,30.330512226512223,6.907850707850708
635,190500,52.916666666666664,0.5978519480519481,0.8894363636363636,59.785194805194806,88.94363636363636,38.27934805194805,30.326745454545456,7.201818181818182
636,190800,53.0,0.5780363636363637,0.8811012987012987,57.803636363636365,88.11012987012987,38.27313766233766,30.318571428571428,11.454545454545457
637,191100,53.083333333333336,0.5547206982543641,0.8601645885286783,55.47206982543641,86.01645885286783,38.30745137157108,30.34714463840399,15.445137157107231
638,191400,53.166666666666664,0.5642651877993446,0.865596168389211,56.42651877993446,86.5596168389211,38.34290647844719,30.37503403075372,8.6352407360726
639,191700,53.25,0.5550819672131148,0.8817881462799495,55.50819672131148,88.17881462799495,38.33882471626734,30.378395964691045,11.33013871374527
640,192000,53.333333333333336,0.5843003851091142,0.8785083440308087,58.43003851091142,87.85083440308087,38.33301668806162,30.36661103979461,13.868806161745828
641,192300,53.416666666666664,0.5570773638968481,0.871508205261787,55.70773638968481,87.15082052617869,38.31998176608492,30.34852044803334,16.816358426673613
642,192600,53.5,0.5547800511508952,0.8780127877237851,55.47800511508952,87.80127877237851,38.30043989769821,30.33075703324808,11.371099744245525
643,192900,53.583333333333336,0.5280761472516389,0.8693822491174987,52.80761472516389,86.93822491174987,38.352438224911744,30.389672213817448,13.596570852244074
644,193200,53.666666666666664,0.49245149911816577,0.8701335348954395,49.245149911816576,87.01335348954396,38.35297052154195,30.388238851095995,6.320735701688083
645,193500,53.75,0.4711585365853659,0.861905487804878,47.11585365853659,86.1905487804878,38.35398628048781,30.38781758130081,13.528963414634148
646,193800,53.833333333333336,0.5187012320328542,0.8824255646817248,51.870123203285424,88.24255646817248,38.37375256673512,30.399417351129365,11.710728952772074
647,194100,53.916666666666664,0.507236079617032,0.8762912572436382,50.7236079617032,87.62912572436382,38.36982363315696,30.40400604686319,8.996472663139329
648,194400,54.0,0.6231573333333332,0.9088693333333332,62.31573333333333,90.88693333333332,38.305496,30.340176,12.803466666666669
649,194700,54.083333333333336,0.6302541942043721,0.877163192679207,63.02541942043722,87.7163192679207,38.4098195221149,30.433868835790545,10.2043721403152
650,195000,54.166666666666664,0.5016283716283717,0.8565909090909091,50.16283716283717,85.6590909090909,38.39624875124875,30.42655094905095,8.624375624375624
651,195300,54.25,0.5445893840761142,0.8585528292438659,54.45893840761142,85.85528292438659,38.4163845768653,30.4377090635954,9.203304957436156
652,195600,54.333333333333336,0.44802053915275997,0.8525827984595635,44.802053915276,85.25827984595635,38.39364569961489,30.42770218228498,6.19204107830552
653,195900,54.416666666666664,0.48063938618925833,0.8566982097186702,48.06393861892583,85.66982097186701,38.44143989769821,30.46151662404092,8.000511508951407
654,196200,54.5,0.4714263803680981,0.8572597137014314,47.14263803680981,85.72597137014314,38.416996421267896,30.44957566462168,6.603527607361963
655,196500,54.583333333333336,0.4579345023207839,0.8495899948427024,45.79345023207839,84.95899948427024,38.42324909747292,30.453040226921093,6.671995874161939
656,196800,54.666666666666664,0.4610287020574041,0.8458801117602235,46.10287020574041,84.58801117602235,38.43192786385573,30.44464312928626,6.218186436372873
657,197100,54.75,0.4913054629392152,0.8544370351372147,49.13054629392152,85.44370351372147,38.46695050012824,30.47706078481662,6.885355219286996
658,197400,54.833333333333336,0.47453550521761273,0.8477729702214305,47.45355052176127,84.77729702214305,38.414558411809615,30.43467548994655,6.629422244846017
659,197700,54.916666666666664,0.5254781077000504,0.8725138399597383,52.54781077000504,87.25138399597382,38.45498993457473,30.47181177654756,10.070961248112733
660,198000,55.0,0.6065786098999744,0.8693229033085406,60.65786098999744,86.93229033085406,38.43083354706335,30.45042831495256,25.7999487047961
661,198300,55.083333333333336,0.4868572188247806,0.8586094123903217,48.68572188247806,85.86094123903217,38.48155011964903,30.51121510236639,7.364264823185323
662,198600,55.166666666666664,0.47694704839118324,0.8688497593108689,47.69470483911832,86.8849759310869,38.46098555865214,30.4767646313656,6.394476817836331
663,198900,55.25,0.49418645338665335,0.868862784303924,49.418645338665335,86.88627843039241,38.46867783054236,30.49022494376406,9.213696575856035
664,199200,55.333333333333336,0.5438588176602644,0.8926615115989024,54.38588176602644,89.26615115989024,38.48238463457221,30.502973310052383,8.465702170117236
665,199500,55.416666666666664,0.48334747878182727,0.8594732900649027,48.334747878182725,85.94732900649026,38.486655017473794,30.50635297054418,7.353220169745382
666,199800,55.5,0.42524225774225777,0.8473726273726274,42.524225774225776,84.73726273726274,38.475616883116885,30.497235264735263,6.295454545454546
667,200100,55.583333333333336,0.4579075804776739,0.8585851505711319,45.79075804776739,85.8585150571132,38.47807892004153,30.49115784008308,9.83281412253375
668,200400,55.666666666666664,0.4117120719820045,0.8513571607098226,41.17120719820045,85.13571607098226,38.47766058485379,30.496323419145213,13.025993501624594
669,200700,55.75,0.508113914564077,0.8712815388458657,50.81139145640769,87.12815388458657,38.50276792405696,30.52095178616037,9.708718461154136
670,201000,55.833333333333336,0.34113122171945703,0.8544218200100553,34.113122171945705,85.44218200100553,38.50935394670689,30.53352438411262,4.125691302161891
671,201300,55.916666666666664,0.39558302122347067,0.8676379525593009,39.558302122347065,86.76379525593009,38.507245942571785,30.527553058676656,7.429712858926342
672,201600,56.0,0.3970087390761548,0.8645468164794008,39.70087390761548,86.45468164794008,38.52367540574282,30.54081398252185,5.053932584269663
673,201900,56.083333333333336,0.39244774615965755,0.8570536388818937,39.24477461596575,85.70536388818937,38.51761017375976,30.53921178544448,5.209519012843113
674,202200,56.166666666666664,0.5798354525056095,0.8743330840189479,57.98354525056096,87.43330840189479,38.52459237097981,30.54407379705809,6.954375467464473
675,202500,56.25,0.4028425255802346,0.854631894185176,40.28425255802346,85.4631894185176,38.537644122785125,30.554379835288245,6.6620913401547295
676,202800,56.333333333333336,0.36856100104275286,0.8460192909280501,36.856100104275285,84.60192909280501,38.49862877997914,30.521496350364966,7.512513034410845
677,203100,56.416666666666664,0.4357809381237525,0.8799376247504991,43.57809381237525,87.9937624750499,38.54181886227545,30.55872255489022,5.905938123752495
678,203400,56.5,0.45724043032274203,0.8805929447085314,45.7240430322742,88.05929447085315,38.55658243682762,30.57196897673255,6.202151613710282
679,203700,56.583333333333336,0.4214649363613676,0.8574145245819815,42.14649363613676,85.74145245819815,38.55124282505615,30.564831544796604,8.792363364112802
680,204000,56.666666666666664,0.44850262041427497,0.8777664087846269,44.8502620414275,87.77664087846269,38.55949837783879,30.57204142750188,11.016720738707262
681,204300,56.75,0.4304309915296462,0.8535151968111608,43.04309915296462,85.35151968111609,38.5676706527155,30.58207274539113,14.203288490284006
682,204600,56.833333333333336,0.42154951257054896,0.8657798871216008,42.1549512570549,86.57798871216008,38.587729604925606,30.58542842483325,6.159055926115957
683,204900,56.916666666666664,0.49580339321357286,0.8796132734530938,49.580339321357286,87.96132734530939,38.58565369261477,30.596060379241514,8.842814371257486
684,205200,57.0,0.4146780255575044,0.8700801804059133,41.46780255575044,87.00801804059132,38.604647957905286,30.613465296918065,9.447757454272113
685,205500,57.083333333333336,0.4480309072781655,0.8688484546360917,44.80309072781655,86.88484546360917,38.599506480558325,30.60940428713858,8.352442671984047
686,205800,57.166666666666664,0.43550822122571,0.8717314399601395,43.550822122571,87.17314399601395,38.5973143996014,30.60889387144993,7.975834578973592
687,206100,57.25,0.4343795255930088,0.8556029962546816,43.43795255930088,85.56029962546816,38.60801747815231,30.618716604244696,7.418476903870162
688,206400,57.333333333333336,0.4380184676815573,0.8634689293735963,43.80184676815573,86.34689293735963,38.61866483653606,30.629111554779136,8.610930870975793
689,206700,57.416666666666664,0.46652954375467465,0.8642956868611319,46.652954375467466,86.42956868611319,38.60182996758913,30.61331588132635,8.423086512091748
690,207000,57.5,0.4245858283433134,0.8461676646706587,42.45858283433134,84.61676646706587,38.60787674650698,30.618914670658683,13.40369261477046
691,207300,57.583333333333336,0.4045626713182158,0.833785198106155,40.45626713182158,83.3785198106155,38.61554448043857,30.62704958883628,8.12285073511089
692,207600,57.666666666666664,0.36571464774455137,0.8380385200202737,36.57146477445514,83.80385200202737,38.610187531677646,30.621282311201217,13.53091738469336
693,207900,57.75,0.38972851805728514,0.8365479452054795,38.97285180572852,83.65479452054795,38.628234122042336,30.63544707347448,8.703362391033624
694,208200,57.833333333333336,0.4096713497240341,0.8419869543401908,40.96713497240341,84.19869543401907,38.63621174109383,30.644711490215755,13.938534872052182
695,208500,57.916666666666664,0.414498001998002,0.8576923076923078,41.4498001998002,85.76923076923077,38.65672577422578,30.65662837162837,13.55969030969031
696,208800,58.0,0.5022764632627646,0.8780373599003736,50.227646326276464,87.80373599003735,38.646809464508095,30.65057285180573,23.916313823163136
697,209100,58.083333333333336,0.5295903072695479,0.8802198351236572,52.95903072695479,88.02198351236572,38.66517112165875,30.66732950287285,14.271296527604298
698,209400,58.166666666666664,0.5551235338158222,0.8742550536561018,55.51235338158223,87.42550536561018,38.66628150736212,30.666204142750185,16.665086099326178
699,209700,58.25,0.46671898355754854,0.8576283009466866,46.671898355754855,85.76283009466866,38.66594917787743,30.66646487294469,9.47085201793722
700,210000,58.333333333333336,0.4146128707893413,0.8423655103066868,41.46128707893413,84.23655103066868,38.65281297134239,30.65699849170437,5.589743589743589
701,210300,58.416666666666664,0.309030408773679,0.8287911266201395,30.903040877367896,82.87911266201395,38.6759521435693,30.67361914257228,4.835244267198405
702,210600,58.5,0.3505087281795511,0.8458753117206983,35.05087281795511,84.58753117206983,38.679027431421446,30.67581546134664,4.657605985037407
703,210900,58.583333333333336,0.3991197007481297,0.8457007481296758,39.91197007481297,84.57007481296758,38.6890174563591,30.68328428927681,10.389526184538653
704,211200,58.666666666666664,0.42421407185628746,0.849560878243513,42.421407185628745,84.9560878243513,38.68480289421158,30.679134231536928,8.096057884231536
705,211500,58.75,0.39985792622133604,0.8566774675972084,39.9857926221336,85.66774675972084,38.7083000997009,30.69848703888335,8.599700897308075
706,211800,58.833333333333336,0.3961066799601196,0.8474127617148554,39.61066799601196,84.74127617148554,38.7108225324028,30.698960618145563,6.100448654037886
707,212100,58.916666666666664,0.3555952083853257,0.8390466683304217,35.55952083853257,83.90466683304217,38.70357125031195,30.69589717993512,4.498876965310706
708,212400,59.0,0.40251622566150774,0.8464827758362456,40.25162256615077,84.64827758362456,38.7203020469296,30.70700698951573,9.721168247628556
709,212700,59.083333333333336,0.3970486891385768,0.8549063670411985,39.70486891385768,85.49063670411985,38.717440699126094,30.705043695380773,9.555805243445691
710,213000,59.166666666666664,0.35620905226306576,0.8579544886221555,35.620905226306576,85.79544886221555,38.74673668417105,30.73288572143036,11.90847711927982
711,213300,59.25,0.3622610431744448,0.8592038931869229,36.22610431744448,85.92038931869229,38.74292238582481,30.725804841527328,5.974544547042675
712,213600,59.333333333333336,0.38660099750623445,0.8688927680798005,38.660099750623445,86.88927680798005,38.73954862842893,30.72511471321696,5.644389027431421
713,213900,59.416666666666664,0.31135229540918163,0.855935628742515,31.135229540918164,85.5935628742515,38.74162175648703,30.727243013972053,4.9608283433133735
714,214200,59.5,0.29457502623294857,0.8613903462749214,29.457502623294857,86.13903462749214,38.716846799580274,30.70610965372508,4.495278069254984
715,214500,59.583333333333336,0.3904088755921217,0.8693118922961856,39.040887559212166,86.93118922961855,38.75392420842682,30.738042882074293,4.585639491398654
716,214800,59.666666666666664,0.417065868263473,0.8879515968063871,41.706586826347305,88.79515968063872,38.75008982035928,30.734293912175648,5.628493013972056
717,215100,59.75,0.3880404393409885,0.8826560159760359,38.80404393409885,88.26560159760359,38.7513854218672,30.731278082875686,5.868946580129805
718,215400,59.833333333333336,0.32606794903822134,0.8721458905820634,32.606794903822134,87.21458905820634,38.77298775918061,30.745895578316265,6.2293280039970025
719,215700,59.916666666666664,0.38247611865258924,0.8804700854700854,38.247611865258925,88.04700854700855,38.78640522875817,30.75956259426848,7.375062845651081
720,216000,60.0,0.42111638361638365,0.9038486513486513,42.11163836163836,90.38486513486514,38.78292207792208,30.752977022977024,8.499000999001
721,216300,60.083333333333336,0.4152256295188232,0.8699900274245824,41.52256295188232,86.99900274245825,38.7982124158564,30.767584143605085,7.546746447270007
722,216600,60.166666666666664,0.4518430884184309,0.8897484433374845,45.18430884184309,88.97484433374845,38.79538480697385,30.76494146948941,9.308094645080946
723,216900,60.25,0.393281795511222,0.8821097256857855,39.3281795511222,88.21097256857855,38.80303491271821,30.77018204488778,8.000249376558603
724,217200,60.333333333333336,0.3837816210635003,0.8827542591636552,38.378162106350025,88.27542591636552,38.80331182240578,30.773141455859577,5.540526587506453
725,217500,60.416666666666664,0.34148416063856324,0.8653429782988276,34.148416063856324,86.53429782988276,38.81773759042155,30.78034173110501,5.662259915190821
726,217800,60.5,0.3449675810473816,0.8686284289276809,34.49675810473816,86.86284289276809,38.83202992518703,30.792189526184536,6.393516209476309
727,218100,60.583333333333336,0.2977071193311376,0.8634405877881935,29.77071193311376,86.34405877881936,38.81745122878136,30.77805421839372,5.555105143146694
728,218400,60.666666666666664,0.2977597977243995,0.8654841972187106,29.77597977243995,86.54841972187106,38.83233122629583,30.7901997471555,5.344121365360303
729,218700,60.75,0.3408443998997745,0.8816236532197445,34.08443998997745,88.16236532197445,38.85066649962416,30.796760210473565,6.7276371836632425
730,219000,60.833333333333336,0.3224542491852595,0.8877187264978691,32.24542491852595,88.77187264978691,38.850691902732514,30.8034219102532,5.5718225119077465
731,219300,60.916666666666664,0.3750461922596754,0.9041098626716604,37.50461922596754,90.41098626716604,38.853987515605496,30.80505617977528,6.3640449438202245
732,219600,61.0,0.3489288389513108,0.8931410736579276,34.892883895131085,89.31410736579276,38.86004494382023,30.807031210986267,10.666916354556804
733,219900,61.083333333333336,0.3639065233691577,0.8821594601349662,36.39065233691577,88.21594601349662,38.85357660584854,30.803491627093223,16.927768057985503
734,220200,61.166666666666664,0.321469325927796,0.8797172431204241,32.1469325927796,87.97172431204241,38.86314062105529,30.81882605402676,7.296894723554658
735,220500,61.25,0.3330568124685772,0.881892911010558,33.30568124685772,88.1892911010558,38.87951985922575,30.82226244343892,8.977124183006536
736,220800,61.333333333333336,0.30638042935596604,0.8822191712431353,30.638042935596605,88.22191712431353,38.88960309535697,30.835449326010984,5.411882176734897
737,221100,61.416666666666664,0.31871410736579275,0.8849962546816479,31.871410736579275,88.4996254681648,38.89937328339576,30.84315605493133,4.316604244694132
738,221400,61.5,0.3090526053353278,0.886220393916729,30.905260533532783,88.6220393916729,38.88948391922214,30.83372974320618,4.510595861381201
739,221700,61.583333333333336,0.32825772681954135,0.8870862412761714,32.825772681954135,88.70862412761714,38.89243519441676,30.836951645064808,7.267946161515454
740,222000,61.666666666666664,0.26346995926680244,0.8742998981670062,26.346995926680243,87.42998981670061,38.86529022403258,30.8178716904277,4.820010183299389
741,222300,61.75,0.3223421383647798,0.8824553459119496,32.234213836477984,88.24553459119497,38.88843018867925,30.83791194968553,6.337358490566038
742,222600,61.833333333333336,0.32879680479281076,0.87736145781328,32.87968047928108,87.736145781328,38.91073889166251,30.85399400898652,5.186470294558163
743,222900,61.916666666666664,0.3052879581151833,0.8881775118424333,30.528795811518325,88.81775118424333,38.91131637995512,30.855163300922463,4.585390177013213
744,223200,62.0,0.426417648533467,0.91176986713462,42.6417648533467,91.176986713462,38.92312609676611,30.863552268739035,7.422662321383806
745,223500,62.083333333333336,0.3437015746063484,0.8692101974506373,34.37015746063484,86.92101974506373,38.9142864283929,30.85990252436891,4.901524618845289
746,223800,62.166666666666664,0.3665047571357036,0.8693064596895342,36.65047571357036,86.93064596895343,38.9384802203305,30.875282924386585,6.897346019028543
747,224100,62.25,0.35488395308210635,0.8711255303219366,35.488395308210634,87.11255303219366,38.9436436236586,30.88377589218867,4.9500873471425
748,224400,62.333333333333336,0.3411704517095084,0.865450461692039,34.11704517095084,86.5450461692039,38.926982780134765,30.868040928375343,5.591714499625655
749,224700,62.416666666666664,0.3023190583521162,0.8552016028049085,30.23190583521162,85.52016028049086,38.92267718507388,30.870653643876786,4.878036563986977
750,225000,62.5,0.3194162907933139,0.8601989917750066,31.94162907933139,86.01989917750066,38.93574688246219,30.89889360573096,5.808702573626957
751,225300,62.583333333333336,0.3068393393393393,0.8645045045045044,30.683933933933933,86.45045045045045,38.94997747747748,30.886704204204204,5.17067067067067
752,225600,62.666666666666664,0.3242229982539287,0.8700673484659517,32.42229982539287,87.00673484659517,38.94682963332502,30.88831878273884,5.18358692940883
753,225900,62.75,0.3511417125688533,0.8751051577366049,35.11417125688533,87.51051577366049,38.9458012018027,30.87976715072609,7.410866299449173
754,226200,62.833333333333336,0.3810596192384769,0.8972745490981964,38.105961923847694,89.72745490981964,38.96586172344689,30.899739478957915,8.082915831663327
755,226500,62.916666666666664,0.37791916167664674,0.8935029940119761,37.791916167664674,89.3502994011976,38.978547904191615,30.909842814371256,6.120259481037924
756,226800,63.0,0.36812125748502994,0.9039271457085828,36.81212574850299,90.39271457085827,38.97672155688623,30.90741017964072,9.028443113772456
757,227100,63.083333333333336,0.41845324642767606,0.8824717974429681,41.84532464276761,88.24717974429682,38.97385810980195,30.90413386813737,6.002757583354224
758,227400,63.166666666666664,0.407980431510286,0.8964626191670848,40.7980431510286,89.64626191670848,38.9807626693427,30.911041144004017,6.323130958354239
759,227700,63.25,0.4380965482741371,0.8871410705352676,43.80965482741371,88.71410705352676,38.98419959979989,30.91831165582792,7.209854927463732
760,228000,63.333333333333336,0.34798621745788666,0.8815977539561001,34.798621745788665,88.15977539561001,39.00161817253701,30.935977539561,6.434915773353752
761,228300,63.416666666666664,0.3461970074812967,0.8784139650872818,34.619700748129674,87.84139650872818,39.007139650872816,30.93378802992519,5.997007481296758
762,228600,63.5,0.3128564307078764,0.8729087736789631,31.28564307078764,87.29087736789631,38.9991001994018,30.92670488534397,4.77567298105683
763,228900,63.583333333333336,0.3368101864006301,0.8913783145182462,33.68101864006301,89.13783145182462,38.99364662641113,30.91534523496981,5.224205828301392
764,229200,63.666666666666664,0.34306710065097645,0.8998572859288934,34.30671006509765,89.98572859288933,39.017283425137705,30.946732598898347,6.923635453179769
765,229500,63.75,0.33703944083874193,0.8886669995007489,33.70394408387419,88.86669995007489,39.02055167249126,30.941630054917624,5.2528706939590615
766,229800,63.833333333333336,0.35991260923845203,0.8943595505617978,35.9912609238452,89.43595505617978,39.0303595505618,30.94929088639201,8.5103620474407
767,230100,63.916666666666664,0.32714896829391044,0.8946602918973326,32.714896829391044,89.46602918973326,39.00064670357322,30.92585556114746,6.013085052843483
768,230400,64.0,0.43537055583375056,0.9160866299449174,43.53705558337506,91.60866299449174,39.04674511767652,30.95739609414121,6.104406609914872
769,230700,64.08333333333333,0.3146515113664752,0.8861254059455409,31.46515113664752,88.61254059455409,39.03410192355734,30.952093429927555,5.469148138895828
770,231000,64.16666666666667,0.4607538691962057,0.8931402895656515,46.07538691962057,89.31402895656515,39.04410634048927,30.958974038941587,6.113080379430854
771,231300,64.25,0.39239141288067897,0.9086744882675984,39.2391412880679,90.86744882675984,39.06341238142786,30.97602596105841,6.655017473789316
772,231600,64.33333333333333,0.3372561439067646,0.896366860907018,33.72561439067646,89.6366860907018,39.045530782873065,30.961317456295923,5.432227007854066
773,231900,64.41666666666667,0.3407642357642358,0.8864710289710289,34.07642357642358,88.6471028971029,39.05776223776224,30.972135364635363,5.707042957042957
774,232200,64.5,0.3439117427075542,0.8971802543006732,34.39117427075542,89.71802543006731,39.057786088257295,30.97187983046621,5.003490401396161
775,232500,64.58333333333333,0.3265867205251199,0.8992527139611209,32.65867205251199,89.9252713961121,39.06324665488513,30.974718505427923,6.080282756879575
776,232800,64.66666666666667,0.3745715713215089,0.9099950037471897,37.45715713215089,90.99950037471896,39.07440419685236,30.983120159880087,5.701973519860105
777,233100,64.75,0.30339693698217424,0.8974868189806677,30.339693698217424,89.74868189806678,39.09278935475772,30.99970876223952,4.800903841325634
778,233400,64.83333333333333,0.29179346470441503,0.9039760538787728,29.179346470441505,90.39760538787728,39.08709403841357,30.9892117735096,6.106260912945872
779,233700,64.91666666666667,0.3526085852171704,0.9146456692913384,35.26085852171704,91.46456692913384,39.09842519685039,31.00071374142748,5.3751587503175005
780,234000,65.0,0.3696278721278721,0.9206868131868131,36.96278721278721,92.06868131868131,39.09153346653347,30.99090909090909,6.294705294705294
781,234300,65.08333333333333,0.3067510654299323,0.8816796189521183,30.67510654299323,88.16796189521183,39.08646778641264,30.98519177738781,5.946853848082226
782,234600,65.16666666666667,0.25114378270620485,0.8794293545975579,25.114378270620485,87.94293545975579,39.11755046100175,31.0124669823075,4.33640667829554
783,234900,65.25,0.2994113226452906,0.8939428857715431,29.94113226452906,89.39428857715431,39.13926603206413,31.02921092184369,4.85871743486974
784,235200,65.33333333333333,0.3353834624031976,0.889375468398701,33.53834624031976,88.9375468398701,39.13406445166125,31.025833125156133,5.372970272295778
785,235500,65.41666666666667,0.29301769249937704,0.8874308497383504,29.301769249937703,88.74308497383504,39.129486668327935,31.02117617742337,4.797408422626464
786,235800,65.5,0.3321150971599402,0.8934180368709517,33.21150971599402,89.34180368709517,39.12410313901345,31.017879920279025,4.901843547583458
787,236100,65.58333333333333,0.3089847842354702,0.8998727862309803,30.89847842354702,89.98727862309804,39.13335495135944,31.02429782988277,4.603891244699426
788,236400,65.66666666666667,0.34965352749184037,0.9033492342455436,34.965352749184035,90.33492342455436,39.124366055736886,31.014114988701984,5.090384132563394
789,236700,65.75,0.2648275,0.8904925,26.48275,89.04925,39.14437,31.035747500000003,4.59
790,237000,65.83333333333333,0.287941473259334,0.891273965691221,28.7941473259334,89.1273965691221,39.1074545913219,31.00860242179617,5.037840565085772
791,237300,65.91666666666667,0.3230742401594419,0.895186846038864,32.30742401594419,89.5186846038864,39.14254359740907,31.03066018933732,4.80119581464873
792,237600,66.0,0.3613363251059586,0.9185365245574669,36.13363251059586,91.8536524557467,39.13985539765644,31.02689603590128,5.904512590376465
793,237900,66.08333333333333,0.32609936575052856,0.9236575052854125,32.609936575052856,92.36575052854124,39.17586945031712,31.054088266384777,6.266384778012685
794,238200,66.16666666666667,0.2873870726229099,0.8908485150985774,28.73870726229099,89.08485150985774,39.16347891190416,31.046303968055906,4.8205640129772895
795,238500,66.25,0.30618453865336653,0.9005037406483791,30.61845386533665,90.05037406483791,39.16713466334164,31.04838403990025,5.777556109725686
796,238800,66.33333333333333,0.2896114570361146,0.8970112079701121,28.961145703611457,89.70112079701121,39.16358655043586,31.04490909090909,4.866500622665006
797,239100,66.41666666666667,0.3021482035928144,0.8914121756487026,30.21482035928144,89.14121756487026,39.18734530938124,31.062921656686623,5.056886227544911
798,239400,66.5,0.2819355644355644,0.8955944055944056,28.19355644355644,89.55944055944056,39.18393606393607,31.06042207792208,4.701798201798201
799,239700,66.58333333333333,0.2600277217741936,0.8990272177419355,26.00277217741936,89.90272177419355,39.15409778225806,31.03714717741936,4.83366935483871
800,240000,66.66666666666667,0.26640449438202246,0.9012858926342072,26.640449438202246,90.12858926342072,39.18030711610487,31.056097378277155,4.412983770287141
801,240300,66.75,0.2855527826303968,0.9058647367107562,28.55527826303968,90.58647367107562,39.191889193910654,31.06579236336412,4.662840029947592
802,240600,66.83333333333333,0.24998001498875844,0.9040169872595553,24.998001498875844,90.40169872595553,39.19338745940545,31.067921558830875,4.44216837371971
803,240900,66.91666666666667,0.279560219890055,0.9149400299850076,27.956021989005496,91.49400299850076,39.18443528235882,31.06081459270365,4.670414792603698
804,241200,67.0,0.2224231057764441,0.9079944986246562,22.24231057764441,90.79944986246562,39.21170292573144,31.07921980495124,3.775943985996499
805,241500,67.08333333333333,0.40974507824331147,0.9185739525492176,40.97450782433115,91.85739525492176,39.215964159515394,31.09116607773852,6.618626956082786
806,241800,67.16666666666667,0.2980790533736153,0.878821752265861,29.80790533736153,87.8821752265861,39.18078298086606,31.05557653575025,4.596676737160121
807,242100,67.25,0.3865934614424757,0.8956526079361118,38.65934614424757,89.56526079361117,39.19151484901423,31.067504367357127,8.526079361118043
808,242400,67.33333333333333,0.4267713787085515,0.906270256793817,42.67713787085515,90.6270256793817,39.2103989030167,31.078541510845177,5.104462727499377
809,242700,67.41666666666667,0.400847923961981,0.9202001000500251,40.0847923961981,92.0200100050025,39.208251625812906,31.07663331665833,5.1368184092046025
810,243000,67.5,0.3443256743256743,0.8555394605394605,34.43256743256743,85.55394605394605,39.21306193806194,31.07978771228771,4.967532467532467
811,243300,67.58333333333333,0.31650635434836777,0.8513406429105408,31.65063543483678,85.13406429105407,39.2241639671069,31.089960129578863,4.115375031148767
812,243600,67.66666666666667,0.3702347066167291,0.8940324594257179,37.02347066167291,89.40324594257179,39.22981772784021,31.09366042446941,5.046192259675406
813,243900,67.75,0.2972825,0.8590525,29.72825,85.90525,39.2331775,31.0983775,4.04375
814,244200,67.83333333333333,0.24951693227091634,0.8461479083665339,24.951693227091635,84.61479083665338,39.23703187250997,31.10004482071713,3.745268924302789
815,244500,67.91666666666667,0.36975810473815457,0.8671745635910224,36.97581047381546,86.71745635910224,39.23804239401496,31.102089775561097,4.771820448877805
816,244800,68.0,0.3920265198899175,0.8999974981235926,39.20265198899175,89.99974981235927,39.2461295971979,31.10501376032024,5.210407805854391
817,245100,68.08333333333333,0.32148406374502,0.857128984063745,32.148406374501995,85.7128984063745,39.24921065737051,31.109982569721115,4.570219123505976
818,245400,68.16666666666667,0.2638863976083707,0.8501170901843548,26.38863976083707,85.01170901843548,39.25112605879422,31.111778774289984,4.006975585450922
819,245700,68.25,0.30289847842354706,0.8611723621850835,30.289847842354703,86.11723621850835,39.25311549014717,31.11197306061361,4.235719630830631
820,246000,68.33333333333333,0.4463289243823309,0.8897429498377839,44.63289243823309,88.97429498377839,39.27763164462191,31.135143498876968,9.984277514349888
821,246300,68.41666666666667,0.3499725548902195,0.8720833333333333,34.99725548902195,87.20833333333333,39.28718562874252,31.138498003992016,5.164670658682635
822,246600,68.5,0.4556601893373194,0.9303163926258097,45.56601893373194,93.03163926258097,39.27047832585949,31.12486547085202,5.506477329347285
823,246900,68.58333333333333,0.36719481813652216,0.8704185351270552,36.719481813652216,87.04185351270553,39.2681913303438,31.123163926258098,4.765321375186846
824,247200,68.66666666666667,0.3229621325361236,0.8548704534130543,32.29621325361236,85.48704534130543,39.282625809666165,31.13352267065272,5.144743398106627
825,247500,68.75,0.33469606377678124,0.8555181863477828,33.469606377678126,85.55181863477827,39.29761335326358,31.14491778774289,5.777777777777778
826,247800,68.83333333333333,0.3014104161475205,0.8448916022925492,30.14104161475205,84.48916022925492,39.29326439073012,31.14246947420882,3.93845003737852
827,248100,68.91666666666667,0.356535767883942,0.8491470735367683,35.6535767883942,84.91470735367683,39.27635817908955,31.124069534767383,4.947973986993497
828,248400,69.0,0.3552066733067729,0.8470293824701196,35.52066733067729,84.70293824701196,39.30476344621514,31.147353087649403,11.620766932270916
829,248700,69.08333333333333,0.4444077620967742,0.8585307459677419,44.440776209677416,85.85307459677419,39.33123739919355,31.165141129032257,8.866683467741936
830,249000,69.16666666666667,0.40299550673989015,0.8580104842735896,40.29955067398902,85.80104842735896,39.30987269096356,31.149730404393413,16.72291562656016
831,249300,69.25,0.3793167545842753,0.8705249937201708,37.93167545842753,87.05249937201708,39.3188746546094,31.15439588043205,6.8942476764632
832,249600,69.33333333333333,0.35348726909635547,0.855898652021967,35.348726909635545,85.5898652021967,39.3127259111333,31.148562156764854,4.760359460808787
833,249900,69.41666666666667,0.3921448258581809,0.8630944625407166,39.21448258581809,86.30944625407166,39.3317639689301,31.167905286895515,4.935855675269356
834,250200,69.5,0.3578817365269461,0.8738572854291417,35.78817365269461,87.38572854291417,39.34525698602795,31.177579840319364,5.279940119760479
835,250500,69.58333333333333,0.33739965095986035,0.8791997008227375,33.73996509598604,87.91997008227375,39.3367414609823,31.17166542009474,4.2291199202193965
836,250800,69.66666666666667,0.3320418326693227,0.845796812749004,33.20418326693227,84.5796812749004,39.34682768924302,31.177313247011952,5.368276892430279
837,251100,69.75,0.27652567975830816,0.8375377643504531,27.652567975830816,83.75377643504531,39.362998489425976,31.187988418932527,3.61178247734139
838,251400,69.83333333333333,0.27019322459222084,0.8477565872020075,27.01932245922208,84.77565872020075,39.34904642409034,31.17168381430364,3.787703889585947
839,251700,69.91666666666667,0.2826472800200552,0.8515367259964904,28.26472800200552,85.15367259964904,39.371604412133365,31.19705941338681,4.218350463775383
840,252000,70.0,0.3963634091477131,0.8717970507373157,39.63634091477131,87.17970507373157,39.385163709072735,31.20672831792052,5.951512121969508
841,252300,70.08333333333333,0.3792967581047382,0.8940199501246883,37.92967581047382,89.40199501246883,39.37074563591023,31.189925187032426,11.36209476309227
842,252600,70.16666666666667,0.4011720698254364,0.8991596009975062,40.11720698254364,89.91596009975062,39.37285286783042,31.189882793017453,5.305236907730674
843,252900,70.25,0.4027798553976564,0.9007205185739215,40.277985539765645,90.07205185739215,39.37769882822239,31.192495636998256,11.794564946397408
844,253200,70.33333333333333,0.3776823500124471,0.8938735374657705,37.76823500124471,89.38735374657705,39.38765745581279,31.198792631316905,11.207368683096838
845,253500,70.41666666666667,0.3585539765644478,0.8895063575168287,35.85539765644478,88.95063575168287,39.40396659187235,31.20769633507853,6.391922213911743
846,253800,70.5,0.4111088960877149,0.8970570645402443,41.11088960877149,89.70570645402442,39.40526040368801,31.20780214303514,9.53052579117867
847,254100,70.58333333333333,0.4660680340170085,0.8936193096548274,46.60680340170085,89.36193096548274,39.40849674837419,31.20482991495748,10.2016008004002
848,254400,70.66666666666667,0.42500504540867806,0.8956987891019171,42.50050454086781,89.56987891019172,39.419407164480326,31.212431886982845,11.694248234106963
849,254700,70.75,0.43665076575445644,0.8856389656038162,43.665076575445646,88.56389656038162,39.43227968867687,31.22593271403465,9.235249811699724
850,255000,70.83333333333333,0.3602865761689291,0.8922197083961789,36.028657616892914,89.2219708396179,39.446158873805935,31.236068376068378,9.076168929110104
851,255300,70.91666666666667,0.3916441102756893,0.879095238095238,39.16441102756893,87.9095238095238,39.43554887218045,31.228989974937345,11.118546365914789
852,255600,71.0,0.47428385076963214,0.8940229585181321,47.42838507696322,89.40229585181321,39.482428906861465,31.25694234281242,7.565614401252283
853,255900,71.08333333333333,0.5101476793248945,0.8979667721518987,51.01476793248945,89.79667721518987,39.49682753164557,31.280508966244728,12.68090717299578
854,256200,71.16666666666667,0.4064028030106411,0.8700622891253569,40.64028030106411,87.00622891253569,39.473900856475474,31.250726706462498,10.965221905009084
855,256500,71.25,0.4406115014311736,0.8587171480614104,44.06115014311736,85.87171480614104,39.46660161332292,31.241228207129843,16.559979182930004
856,256800,71.33333333333333,0.37182048040455123,0.8673299620733249,37.18204804045512,86.73299620733249,39.476419721871046,31.252576485461443,9.17850821744627
857,257100,71.41666666666667,0.39910841466631497,0.8820680559219204,39.910841466631496,88.20680559219204,39.48196254286468,31.24924558164073,8.273806383539963
858,257400,71.5,0.3770115546218487,0.8608298319327732,37.70115546218487,86.08298319327731,39.468125,31.24622111344538,5.811449579831932
859,257700,71.58333333333333,0.42236321602876964,0.8857744669920371,42.23632160287696,88.5774466992037,39.53417415874647,31.290213203185203,7.550988954533778
860,258000,71.66666666666667,0.369229797979798,0.8932853535353535,36.9229797979798,89.32853535353536,39.4820202020202,31.250694444444445,7.472222222222222
861,258300,71.75,0.39584788029925194,0.9003815461346634,39.58478802992519,90.03815461346633,39.50157855361596,31.267802992518703,5.660847880299252
862,258600,71.83333333333333,0.3717798302546181,0.8744308537194209,37.177983025461806,87.44308537194209,39.50516974538193,31.27286819770345,4.700199700449326
863,258900,71.91666666666667,0.303633408352088,0.8609477369342335,30.363340835208803,86.09477369342335,39.51147536884221,31.279982495623905,4.112028007001751
864,259200,72.0,0.42706713780918726,0.8891494194851086,42.706713780918726,88.91494194851086,39.53758455325593,31.298276123170115,6.954568399798082
865,259500,72.08333333333333,0.42920080930703086,0.8986165907941326,42.92008093070309,89.86165907941326,39.50147192716237,31.257086494688924,10.870005058168942
866,259800,72.16666666666667,0.4638413569468696,0.8973210276877026,46.38413569468696,89.73210276877026,39.53630331753555,31.29445248191569,11.448490895485158
867,260100,72.25,0.3672234706616729,0.8806342072409489,36.72234706616729,88.06342072409488,39.53518601747815,31.29613483146068,10.436953807740323
868,260400,72.33333333333333,0.3424675648702595,0.8932759481037924,34.24675648702595,89.32759481037924,39.53676147704591,31.295147205588822,5.195359281437126
869,260700,72.41666666666667,0.4386106946526736,0.9070964517741128,43.86106946526736,90.70964517741128,39.551281859070464,31.311116941529235,5.787856071964018
870,261000,72.5,0.43801453998495865,0.90215843569817,43.801453998495866,90.215843569817,39.56311356229632,31.323965906242165,5.67009275507646
871,261300,72.58333333333333,0.34124376869391826,0.8846460618145564,34.124376869391824,88.46460618145564,39.5498479561316,31.304294616151545,5.774675972083749
872,261600,72.66666666666667,0.3647397535831029,0.8856298717626352,36.47397535831029,88.56298717626352,39.55754840331908,31.30744028161931,5.446567764646718
873,261900,72.75,0.463260487314745,0.9022833458929916,46.3260487314745,90.22833458929917,39.56117809595579,31.31246922883697,7.270032655111781
874,262200,72.83333333333333,0.47527736131934034,0.9214492753623188,47.527736131934034,92.14492753623188,39.57262868565717,31.319545227386307,9.21089455272364
875,262500,72.91666666666667,0.5849684263702956,0.9241854003536248,58.49684263702955,92.41854003536248,39.57715332154585,31.32742359181612,15.579186663298811
876,262800,73.0,0.584882851445663,0.9171385842472585,58.4882851445663,91.71385842472584,39.59432701894317,31.333840977068792,13.98604187437687
877,263100,73.08333333333333,0.5318309505894157,0.9011211437170804,53.18309505894156,90.11211437170805,39.61640581891146,31.350867820416354,11.712816654125907
878,263400,73.16666666666667,0.4204187437686939,0.879364406779661,42.041874376869394,87.9364406779661,39.59643818544367,31.33478813559322,8.3703888334995
879,263700,73.25,0.490856992639327,0.8960725552050474,49.0856992639327,89.60725552050474,39.622563091482654,31.352168769716087,9.09490010515247
880,264000,73.33333333333333,0.46910606060606064,0.8710732323232324,46.910606060606064,87.10732323232324,39.60723484848485,31.34432575757576,10.43661616161616
881,264300,73.41666666666667,0.7168911392405063,0.9250101265822783,71.68911392405063,92.50101265822784,39.64421772151899,31.367569620253164,9.408354430379749
882,264600,73.5,0.7447558545092177,0.9203363228699553,74.47558545092177,92.03363228699553,39.62207274539113,31.346856003986048,7.910812157448928
883,264900,73.58333333333333,0.6252944111776447,0.8955888223552894,62.52944111776447,89.55888223552894,39.63609530938124,31.35136976047904,7.31561876247505
884,265200,73.66666666666667,0.5678075271533216,0.8828997221520587,56.78075271533216,88.28997221520586,39.64597625663047,31.35451376610256,12.372063652437484
885,265500,73.75,0.6154438902743142,0.9242992518703242,61.54438902743142,92.42992518703242,39.66367082294264,31.371910224438903,11.946633416458852
886,265800,73.83333333333333,0.6131375,0.9060975,61.31375,90.60975,39.6701,31.3760525,11.98325
887,266100,73.91666666666667,0.558746261216351,0.8757801595214357,55.874626121635096,87.57801595214357,39.67321036889332,31.378230309072784,8.795862412761714
888,266400,74.0,0.576685799850262,0.9012153730970802,57.668579985026206,90.12153730970802,39.68878961816821,31.3920489143998,10.015223359121537
889,266700,74.08333333333333,0.5951809333666084,0.8993411529822811,59.51809333666084,89.93411529822811,39.6780733715997,31.38225106064387,11.167956076865485
890,267000,74.16666666666667,0.6021683417085427,0.90914824120603,60.21683417085427,90.914824120603,39.68995226130654,31.39222864321608,11.070100502512563
891,267300,74.25,0.575320209319711,0.8871318215798654,57.5320209319711,88.71318215798654,39.701577373536,31.40254921505108,12.126588587091952
892,267600,74.33333333333333,0.5785279441117764,0.866624251497006,57.85279441117765,86.6624251497006,39.71733283433134,31.411551896207584,11.894211576846308
893,267900,74.41666666666667,0.5472208374875374,0.8619416749750748,54.72208374875374,86.19416749750748,39.71787637088734,31.413988035892324,12.753738783649052
894,268200,74.5,0.5556686626746508,0.8775299401197604,55.56686626746507,87.75299401197604,39.73224550898203,31.42568363273453,10.175149700598803
895,268500,74.58333333333333,0.5413954647395963,0.8538674308497383,54.13954647395963,85.38674308497383,39.73419137802143,31.42420632942936,12.721156242212809
896,268800,74.66666666666667,0.45074638042935594,0.843172740888667,45.0746380429356,84.3172740888667,39.73974038941587,31.42972541188217,8.866200698951573
897,269100,74.75,0.4767240518962076,0.8481337325349301,47.67240518962076,84.81337325349301,39.74460828343314,31.42972804391217,11.109281437125748
898,269400,74.83333333333333,0.4683484619263742,0.8518204740292487,46.83484619263742,85.18204740292487,39.750587493696415,31.43525718608169,13.98310640443772
899,269700,74.91666666666667,0.4359475655430712,0.8685468164794007,43.59475655430712,86.85468164794007,39.74398002496879,31.42983520599251,7.981523096129838
900,270000,75.0,0.5411311311311312,0.8834184184184184,54.11311311311312,88.34184184184184,39.75873623623624,31.442334834834835,12.53853853853854
901,270300,75.08333333333333,0.496338415396151,0.8816520869782555,49.6338415396151,88.16520869782555,39.76743064233941,31.449555111222192,13.771057235691078
902,270600,75.16666666666667,0.5227143569292124,0.8980059820538385,52.27143569292124,89.80059820538385,39.77724077766701,31.461360917248253,14.072532402791625
903,270900,75.25,0.48853433208489383,0.86303620474407,48.853433208489385,86.303620474407,39.80552559300874,31.48557802746567,15.658676654182273
904,271200,75.33333333333333,0.5133125312031952,0.8466550174737892,51.33125312031952,84.66550174737893,39.80359710434348,31.48382675986021,9.019470793809289
905,271500,75.41666666666667,0.393562091503268,0.8392433383609854,39.3562091503268,83.92433383609854,39.810465057818,31.497868275515334,7.035193564605329
906,271800,75.5,0.416655034895314,0.8528015952143569,41.6655034895314,85.28015952143569,39.79740777666999,31.48107676969093,9.687188434695912
907,272100,75.58333333333333,0.4788270526578488,0.8710207137509358,47.88270526578488,87.10207137509359,39.81655852258548,31.49608185675069,8.71974045420514
908,272400,75.66666666666667,0.5233691308691308,0.8999575424575424,52.336913086913086,89.99575424575424,39.82428571428572,31.498414085914085,10.972277722277722
909,272700,75.75,0.5392269326683292,0.892576059850374,53.92269326683292,89.2576059850374,39.82788279301746,31.50395511221945,16.25236907730673
910,273000,75.83333333333333,0.4287253679221751,0.8837565477675231,42.87253679221751,88.37565477675231,39.83622100274383,31.5123472187578,7.614866550261911
911,273300,75.91666666666667,0.4391603253739176,0.8602256625557597,43.91603253739176,86.02256625557597,39.78937024403045,31.46287588559433,5.421411702965101
912,273600,76.0,0.5879156265601597,0.9219345981028458,58.79156265601598,92.19345981028458,39.85069146280579,31.52186470294558,10.910384423364953
913,273900,76.08333333333333,0.559869641514164,0.8727425419904737,55.9869641514164,87.27425419904738,39.85587615943845,31.51924041113061,13.064677864126349
914,274200,76.16666666666667,0.5202324406265791,0.8407908034360788,52.02324406265791,84.07908034360788,39.84260485093481,31.506407276402225,9.524759979787772
915,274500,76.25,0.5216517189835576,0.8432934728450424,52.16517189835575,84.32934728450424,39.8792326856004,31.54330842052815,10.626307922272048
916,274800,76.33333333333333,0.5415244510978043,0.8576821357285429,54.15244510978044,85.7682135728543,39.882033433133735,31.547058383233534,9.94436127744511
917,275100,76.41666666666667,0.48460194659346145,0.8560169703019715,48.46019465934614,85.60169703019716,39.89843523833292,31.56260294484652,6.786872972298478
918,275400,76.5,0.4448003992015968,0.8501621756487026,44.48003992015968,85.01621756487026,39.89203343313373,31.55191616766467,9.142215568862277
919,275700,76.58333333333333,0.4861719729255452,0.8372023063424417,48.61719729255452,83.72023063424417,39.9015843569817,31.557786412634744,8.445475056405114
920,276000,76.66666666666667,0.4506780512305375,0.8379909593169262,45.06780512305375,83.79909593169262,39.89838272225012,31.567345554997488,5.875690607734807
921,276300,76.75,0.4532984293193717,0.8401695337820992,45.32984293193717,84.01695337820992,39.91778110196958,31.57574918972825,5.838194963849414
922,276600,76.83333333333333,0.415270911360799,0.8326317103620474,41.5270911360799,83.26317103620474,39.92569787765294,31.58516604244694,5.534082397003745
923,276900,76.91666666666667,0.4158122653316646,0.8412115143929912,41.58122653316646,84.12115143929913,39.923183979974965,31.57664080100125,4.889862327909888
924,277200,77.0,0.4594088176352705,0.8592259519038076,45.94088176352705,85.92259519038076,39.92764278557114,31.582407314629258,8.14003006012024
925,277500,77.08333333333333,0.4390540886952064,0.8595770315303768,43.90540886952064,85.95770315303768,39.94025378108177,31.59426813637529,10.13970776723917
926,277800,77.16666666666667,0.4881451009723261,0.8492296185489903,48.81451009723261,84.92296185489903,39.946913487908255,31.601822488157566,5.560209424083769
927,278100,77.25,0.4118573921715283,0.8452854649713288,41.18573921715283,84.52854649713288,39.94939167289953,31.606118175018697,5.393916728995263
928,278400,77.33333333333333,0.4339669211195929,0.8484096692111959,43.39669211195929,84.84096692111959,39.93010941475826,31.59096692111959,7.792620865139949
929,278700,77.41666666666667,0.3606937858747192,0.8374020464187671,36.06937858747192,83.74020464187672,39.95064387322186,31.6096331420015,5.503868230596456
930,279000,77.5,0.42618989280245034,0.8500551301684532,42.61898928024503,85.00551301684533,40.04052373660031,31.66766921898928,6.782542113323124
931,279300,77.58333333333333,0.46084165834165836,0.8543406593406593,46.08416583416584,85.43406593406593,39.97417332667332,31.62730769230769,5.570679320679321
932,279600,77.66666666666667,0.4429598203144497,0.8635363114549538,44.29598203144497,86.35363114549538,39.97545794858997,31.62874220114799,7.137259795358124
933,279900,77.75,0.47924688279301747,0.8852668329177057,47.92468827930175,88.52668329177057,39.986483790523685,31.641840399002493,7.850124688279302
934,280200,77.83333333333333,0.4330874657363568,0.8744904061799152,43.30874657363568,87.44904061799153,39.98847994019437,31.640971841515075,10.678295539496636
935,280500,77.91666666666667,0.42785945676551207,0.8770969349613754,42.78594567655121,87.70969349613755,40.00396959880389,31.655362571642165,11.324445551956142
936,280800,78.0,0.5255161044889678,0.901402485417195,52.55161044889678,90.1402485417195,40.0142531067715,31.667651534364698,14.6596500126807
937,281100,78.08333333333333,0.4657992007992008,0.8754295704295704,46.57992007992008,87.54295704295704,40.0124975024975,31.65916083916084,7.685814185814186
938,281400,78.16666666666667,0.4874226546906188,0.8883957085828343,48.74226546906188,88.83957085828344,40.02148453093812,31.66703592814371,9.33882235528942
939,281700,78.25,0.5336390977443609,0.8993934837092732,53.36390977443609,89.93934837092732,40.00798746867168,31.647205513784463,14.300250626566417
940,282000,78.33333333333333,0.3578938185443669,0.8731256231306083,35.78938185443669,87.31256231306082,40.03671734795613,31.680024925224327,5.018943170488535
941,282300,78.41666666666667,0.49626593351662085,0.8823144213946513,49.62659335166209,88.23144213946513,40.03345663584104,31.676815796050988,7.0759810047488125
942,282600,78.5,0.3758770161290322,0.8706376008064517,37.58770161290322,87.06376008064517,40.03094254032258,31.678314012096774,6.691784274193548
943,282900,78.58333333333333,0.3683266832917706,0.8725635910224439,36.83266832917706,87.25635910224439,40.0441246882793,31.689376558603488,5.146134663341646
944,283200,78.66666666666667,0.4789797954602145,0.8959042155150911,47.89797954602145,89.59042155150911,40.054734347717634,31.699708156647542,7.405587428286355
945,283500,78.75,0.4149924887330997,0.906985478217326,41.499248873309966,90.6985478217326,40.06102653980971,31.703452679018525,7.719328993490235
946,283800,78.83333333333333,0.4389279481426078,0.9062877088007979,43.89279481426078,90.62877088007978,40.07681376215408,31.716883570182,6.019945150835203
947,284100,78.91666666666667,0.4926289558933466,0.8958385247944182,49.26289558933466,89.58385247944182,40.07591328183404,31.71718165960628,7.817592823324197
948,284400,79.0,0.47612158216087075,0.9139023095301301,47.612158216087074,91.390230953013,40.1149163790815,31.75288558534643,6.265728696575525
949,284700,79.08333333333333,0.5315144710578842,0.919253992015968,53.15144710578842,91.9253992015968,40.09471057884232,31.735748502994014,6.798902195608783
950,285000,79.16666666666667,0.4751682033391478,0.9153351607276352,47.51682033391478,91.53351607276352,40.08174931472713,31.72420632942936,5.029902815848493
951,285300,79.25,0.4381773653003352,0.9070482083011083,43.81773653003352,90.70482083011083,40.05809229182779,31.702144882701727,6.02913121938644
952,285600,79.33333333333333,0.40052605335327846,0.8946796310147096,40.05260533532785,89.46796310147096,40.092331089503865,31.732552979306902,10.355522313637495
953,285900,79.41666666666667,0.38689199301571464,0.8998877525567474,38.68919930157146,89.98877525567474,40.10469693190322,31.743684210526315,7.643302569219257
954,286200,79.5,0.5876988282223884,0.9195587135377713,58.76988282223884,91.95587135377713,40.11689603590127,31.758366990775368,5.808027923211169
955,286500,79.58333333333333,0.3747008973080758,0.8821510468594218,37.47008973080758,88.21510468594218,40.110049850448654,31.75530408773679,8.609421734795614
956,286800,79.66666666666667,0.3929408817635271,0.9016357715430859,39.29408817635271,90.1635771543086,40.12297845691383,31.762828156312622,11.004759519038076
957,287100,79.75,0.4955343024738587,0.9185131344044887,49.55343024738587,91.85131344044886,40.14129303749044,31.77097934200459,5.458046416730426
958,287400,79.83333333333333,0.43886120109643656,0.91077498131074,43.886120109643656,91.077498131074,40.12135559431847,31.76367804634937,4.575380014951408
959,287700,79.91666666666667,0.4214406779661017,0.8995214356929212,42.144067796610166,89.95214356929212,40.13585742771685,31.773025922233305,5.073280159521436
960,288000,80.0,0.3666326790721386,0.8869207239357634,36.66326790721386,88.69207239357634,40.11810349222534,31.78927861330614,5.197043079276064
961,288300,80.08333333333333,0.42378024193548386,0.9050352822580643,42.378024193548384,90.50352822580643,40.11254032258064,31.751484375,6.539818548387097
962,288600,80.16666666666667,0.4581571072319202,0.916064837905237,45.81571072319202,91.6064837905237,40.15326184538653,31.78945386533666,6.473316708229427
963,288900,80.25,0.4491489892687796,0.9054629398552533,44.91489892687796,90.54629398552532,40.16024956326429,31.798757174943848,8.276016970301972
964,289200,80.33333333333333,0.4472768079800499,0.8882543640897755,44.72768079800499,88.82543640897755,40.14775810473816,31.7875536159601,7.943142144638404
965,289500,80.41666666666667,0.40291271820448876,0.8871047381546134,40.29127182044888,88.71047381546134,40.17594264339152,31.80971820448877,7.193765586034913
966,289800,80.5,0.42082518184098316,0.8953699523451216,42.08251818409832,89.53699523451216,40.15316528718335,31.78928517682468,5.423375971908703
967,290100,80.58333333333333,0.40309666168410563,0.8925610363726956,40.309666168410565,89.25610363726956,40.17972845042352,31.81425510712506,8.958146487294469
968,290400,80.66666666666667,0.44043077689243026,0.8951494023904383,44.04307768924303,89.51494023904382,40.18428286852589,31.81799800796813,10.190737051792828
969,290700,80.75,0.5229526184538653,0.9145586034912718,52.29526184538653,91.45586034912718,40.18870074812968,31.819927680798006,12.581795511221944
970,291000,80.83333333333333,0.5169797651761179,0.9030252310766924,51.69797651761179,90.30252310766924,40.18582812890333,31.815068698476143,7.362478141393955
971,291300,80.91666666666667,0.4842421934501142,0.8977557755775578,48.42421934501142,89.77557755775578,40.18042396547347,31.812386392485404,11.7984259964458
972,291600,81.0,0.5621153846153846,0.9118306693306694,56.21153846153846,91.18306693306694,40.21439060939061,31.838936063936064,11.713786213786214
973,291900,81.08333333333333,0.4742696629213483,0.9100374531835206,47.42696629213483,91.00374531835206,40.20989263420724,31.83610486891386,11.67940074906367
974,292200,81.16666666666667,0.4500348953140578,0.895643070787637,45.00348953140578,89.5643070787637,40.21139332003988,31.838604187437685,16.46011964107677
975,292500,81.25,0.46673311736855216,0.9079416895090957,46.67331173685522,90.79416895090957,40.22578619486668,31.850264141539995,15.62770994268627
976,292800,81.33333333333333,0.4235550572994519,0.8787917289486796,42.35550572994519,87.87917289486796,40.23316143497758,31.85723218734429,13.846038863976084
977,293100,81.41666666666667,0.45413552566018933,0.8865321375186846,45.413552566018936,88.65321375186846,40.2462879920279,31.866883408071747,10.596910812157448
978,293400,81.5,0.4274657021701172,0.8868720379146918,42.74657021701172,88.68720379146919,40.23625841855824,31.85812671489149,7.505612372162634
979,293700,81.58333333333333,0.3922241594022416,0.8910784557907846,39.22241594022416,89.10784557907846,40.25307845579078,31.87110585305106,7.908094645080946
980,294000,81.66666666666667,0.38265351972041933,0.8893609585621567,38.265351972041934,88.93609585621567,40.24951073389915,31.865811283075388,7.77608587119321
981,294300,81.75,0.336113482299774,0.8872683906603064,33.6113482299774,88.72683906603064,40.2487798142104,31.86886015566156,7.080341451167461
982,294600,81.83333333333333,0.37936721474838075,0.9064524165421028,37.93672147483807,90.64524165421028,40.26847782760339,31.8815620328849,9.710513203786746
983,294900,81.91666666666667,0.4274694894146949,0.9042988792029888,42.74694894146949,90.42988792029888,40.275905354919054,31.88852801992528,8.616189290161893
984,295200,82.0,0.4077910745450013,0.9043031662926952,40.77910745450013,90.43031662926953,40.27867364746946,31.891740214410373,7.950386437297432
985,295500,82.08333333333333,0.3718924352852476,0.8956999246041719,37.18924352852476,89.5699924604172,40.26822568484543,31.88555667253079,11.159587836139734
986,295800,82.16666666666667,0.41485664422837204,0.8909972575417602,41.4856644228372,89.09972575417602,40.29579157317377,31.905143355771628,11.229369234604835
987,296100,82.25,0.3893595196397298,0.8727970978233676,38.93595196397298,87.27970978233675,40.29800600450338,31.90379784838629,13.569927445584188
988,296400,82.33333333333333,0.48763341645885283,0.8752394014962593,48.76334164588528,87.52394014962593,40.30103241895262,31.91243391521197,10.068329177057356
989,296700,82.41666666666667,0.4093222028407675,0.869147769748318,40.93222028407675,86.9147769748318,40.3054747072016,31.913922252678795,13.604286070271618
990,297000,82.5,0.3780284147557328,0.8697258225324027,37.80284147557328,86.97258225324028,40.31347706879362,31.92308823529412,6.966101694915254
991,297300,82.58333333333333,0.32661929693343306,0.8513936674146099,32.6619296933433,85.13936674146099,40.31356519571179,31.922585390177016,6.69159810521067
992,297600,82.66666666666667,0.3308574277168495,0.8547881355932203,33.08574277168495,85.47881355932203,40.32942671984048,31.938008474576268,9.571535393818545
993,297900,82.75,0.3316437671746191,0.8563302523107669,33.164376717461906,85.63302523107669,40.325770671996,31.93022982762928,11.805146140394704
994,298200,82.83333333333333,0.35933665835411477,0.8698877805486285,35.933665835411475,86.98877805486285,40.33555860349127,31.94216209476309,7.341396508728179
995,298500,82.91666666666667,0.3807972097658196,0.8697409068261086,38.07972097658196,86.97409068261086,40.34933482810165,31.953876432486297,7.695067264573991
996,298800,83.0,0.40279610194902554,0.8818490754622688,40.27961019490255,88.18490754622688,40.347301349325335,31.95712143928036,10.782108945527236
997,299100,83.08333333333333,0.35143035135808626,0.8712285073511089,35.143035135808624,87.12285073511089,40.35972090705208,31.965090954398207,9.183154747072017
998,299400,83.16666666666667,0.44526066350710897,0.8711124968820155,44.5260663507109,87.11124968820155,40.36496632576702,31.96927912197556,9.985532551758544
999,299700,83.25,0.359962602842184,0.8700349040139617,35.9962602842184,87.00349040139616,40.35668910496136,31.961962104213413,8.495636998254799
1000,300000,83.33333333333333,0.4602319201995012,0.8847730673316708,46.02319201995012,88.47730673316708,40.36305236907731,31.968640897755613,13.396009975062343
1001,300300,83.41666666666667,0.3883644976315134,0.8590426327599103,38.836449763151336,85.90426327599103,40.36040638244827,31.968713537771126,9.61480927449514
1002,300600,83.5,0.38748129675810483,0.8599027431421447,38.74812967581048,85.99027431421446,40.36237905236908,31.971533665835413,15.75561097256858
1003,300900,83.58333333333333,0.3703387297633873,0.8584632627646326,37.03387297633873,85.84632627646326,40.36349439601494,31.97372602739726,11.38505603985056
1004,301200,83.66666666666667,0.34134677620114523,0.8499551904406273,34.13467762011452,84.99551904406273,40.350007468259896,31.96421209858104,6.226039332835449
1005,301500,83.75,0.4282847732455029,0.8723106156574613,42.82847732455029,87.23106156574613,40.3349759310869,31.94973904231061,6.246516341525209
1006,301800,83.83333333333333,0.36099400599400605,0.8699450549450549,36.0994005994006,86.99450549450549,40.357999500499496,31.975057442557443,6.05044955044955
1007,302100,83.91666666666667,0.3110758861707439,0.8543484772840739,31.107588617074388,85.43484772840739,40.36507738392412,31.97852720918622,8.08836744882676
1008,302400,84.0,0.4022925492150511,0.8835210565661601,40.22925492150511,88.352105656616,40.353411412908045,31.97203089957637,9.532020931971092
1009,302700,84.08333333333333,0.3669616151545364,0.8711340977068793,36.69616151545364,87.11340977068794,40.36669740777667,31.980859920239283,10.63135593220339
1010,303000,84.16666666666667,0.3183071944236993,0.8599078914612894,31.83071944236993,85.99078914612895,40.37623101817277,31.990393328354493,7.680358476474981
1011,303300,84.25,0.39419420958237245,0.9024289008455034,39.41942095823725,90.24289008455034,40.363197540353575,31.97982577504484,11.718165513707405
1012,303600,84.33333333333333,0.455613990298698,0.8955756956854737,45.5613990298698,89.55756956854736,40.33997191728364,31.95336482001532,10.504212407454684
1013,303900,84.41666666666667,0.4054386839481555,0.8887387836490528,40.543868394815554,88.87387836490528,40.39324775672981,32.010418743768696,12.699651046859422
1014,304200,84.5,0.35873692077727953,0.857780269058296,35.87369207772795,85.77802690582959,40.38601893373194,32.000239162929745,8.658445440956651
1015,304500,84.58333333333333,0.3108787652476973,0.853261140154344,31.08787652476973,85.3261140154344,40.40036345531492,32.011413990540206,6.849141150112024
1016,304800,84.66666666666667,0.3540124533001245,0.8665454545454545,35.40124533001245,86.65454545454546,40.39917808219178,32.01034869240349,6.306600249066003
1017,305100,84.75,0.2884517576664173,0.859825479930192,28.84517576664173,85.9825479930192,40.418362004487655,32.022463226128146,5.319870356519571
1018,305400,84.83333333333333,0.27955361596009976,0.8614164588528678,27.955361596009976,86.14164588528678,40.434349127182045,32.03618204488778,4.570324189526184
1019,305700,84.91666666666667,0.3851583146347544,0.8786935926202942,38.51583146347544,87.86935926202942,40.42914983794565,32.03514335577163,11.131388681126902
1020,306000,85.0,0.3618718843469591,0.882759222333001,36.18718843469591,88.2759222333001,40.43034646061814,32.038586739780655,9.984297108673978
1021,306300,85.08333333333333,0.3536356840269125,0.8841988537253924,35.36356840269125,88.41988537253924,40.43548716670819,32.04111387989036,7.764016944928981
1022,306600,85.16666666666667,0.3839479609707281,0.8894395796847635,38.394796097072806,88.94395796847635,40.41999249437077,32.03070552914686,6.575931948961721
1023,306900,85.25,0.38828729281767965,0.8952586639879457,38.82872928176796,89.52586639879458,40.468832245102966,32.07170768458061,6.580863887493722
1024,307200,85.33333333333333,0.3748005982053839,0.8833848454636092,37.48005982053839,88.33848454636092,40.45125373878365,32.0548629112662,6.399800598205384
1025,307500,85.41666666666667,0.3861346633416459,0.882576059850374,38.61346633416459,88.2576059850374,40.46639401496259,32.07123441396509,4.957605985037406
1026,307800,85.5,0.3005110775427996,0.8758333333333332,30.05110775427996,87.58333333333333,40.42957452165156,32.04154078549849,4.54154078549849
1027,308100,85.58333333333333,0.32570575056011947,0.8758600945979587,32.57057505601195,87.58600945979586,40.46542942494399,32.06973114264376,5.024147373661937
1028,308400,85.66666666666667,0.3078231631382316,0.8750585305105854,30.782316313823163,87.50585305105854,40.46809713574097,32.07224657534246,6.259277708592777
1029,308700,85.75,0.2968006993006993,0.876491008991009,29.68006993006993,87.6491008991009,40.462934565434566,32.067589910089914,4.333666333666334
1030,309000,85.83333333333333,0.30678225554514216,0.8831427678850359,30.678225554514214,88.31427678850359,39.93697906904092,31.608675413933145,5.60855982505467
1031,309300,85.91666666666667,0.3189633690505856,0.8828507351108896,31.89633690505856,88.28507351108897,40.47706204834289,32.08182157986544,4.5322701221031645
1032,309600,86.0,0.3158208208208208,0.8957732732732733,31.58208208208208,89.57732732732732,40.47862362362362,32.08486986986987,5.7342342342342345
1033,309900,86.08333333333333,0.30727068793619144,0.8781729810568295,30.727068793619143,87.81729810568295,40.48282153539382,32.08656779661017,4.8938185443669
1034,310200,86.16666666666667,0.4532675493379965,0.8907194604046965,45.32675493379965,89.07194604046965,40.49185860604547,32.09624531601299,4.93579815138646
1035,310500,86.25,0.29851972041937097,0.884370943584623,29.851972041937096,88.4370943584623,40.47690963554668,32.08345981028457,4.755366949575636
1036,310800,86.33333333333333,0.34365197908887235,0.8932287776947971,34.36519790888723,89.32287776947972,40.50092357480707,32.10440129449838,7.296738859845656
1037,311100,86.41666666666667,0.3489387144992526,0.8887767812655705,34.893871449925264,88.87767812655704,40.50599402092676,32.11059043348281,5.752864972595915
1038,311400,86.5,0.3695169322709163,0.8983366533864542,36.95169322709163,89.83366533864542,40.51016932270916,32.11278137450199,5.395169322709164
1039,311700,86.58333333333333,0.34181274900398406,0.8932594621513944,34.18127490039841,89.32594621513944,40.51645667330677,32.116992031872506,4.864292828685259
1040,312000,86.66666666666667,0.278814703675919,0.8850037509377344,27.8814703675919,88.50037509377344,40.50380095023756,32.104108527131785,5.00700175043761
1041,312300,86.75,0.38110889608771487,0.910570645402442,38.11088960877149,91.0570645402442,40.510520807376025,32.114375778719165,6.156989783204585
1042,312600,86.83333333333333,0.3259760956175299,0.9064566733067728,32.59760956175299,90.64566733067728,40.50929780876494,32.1129780876494,7.038844621513944
1043,312900,86.91666666666667,0.35597011207970114,0.8909265255292652,35.59701120797011,89.09265255292652,40.521673723536736,32.12483686176837,5.162889165628892
1044,313200,87.0,0.30824101796407183,0.8827395209580838,30.824101796407184,88.27395209580838,40.52505239520959,32.12614520958084,8.067614770459082
1045,313500,87.08333333333333,0.3062019950124688,0.8875361596009975,30.620199501246884,88.75361596009975,40.52060349127182,32.124204488778055,5.120448877805487
1046,313800,87.16666666666667,0.33718165960627955,0.885541988537254,33.71816596062796,88.5541988537254,40.542319960129575,32.14247196611014,5.067779715923249
1047,314100,87.25,0.326889332003988,0.8863135593220339,32.6889332003988,88.63135593220339,40.548818544366895,32.14969341974078,6.122632103688933
1048,314400,87.33333333333333,0.2961434977578476,0.8840607872446438,29.61434977578476,88.40607872446438,40.55731689088192,32.15534877927255,6.2174887892376685
1049,314700,87.41666666666667,0.2909712858926342,0.8790012484394506,29.09712858926342,87.90012484394506,40.56147565543071,32.16015980024969,4.9108614232209735
1050,315000,87.5,0.2877514940239044,0.8759437250996016,28.77514940239044,87.59437250996017,40.56502490039841,32.1625,5.620019920318725
1051,315300,87.58333333333333,0.2813394861561486,0.8754103267647793,28.133948615614862,87.54103267647793,40.56768520828137,32.16333499625842,6.177849837864804
1052,315600,87.66666666666667,0.35006234413965087,0.8930798004987531,35.00623441396509,89.30798004987531,40.59546882793017,32.18964089775561,6.631920199501247
1053,315900,87.75,0.2963223036120233,0.8737989391260419,29.632230361202325,87.37989391260419,40.55421823692851,32.15620863854509,6.747663551401869
1054,316200,87.83333333333333,0.34911830635118307,0.8844931506849315,34.91183063511831,88.44931506849315,40.58383561643836,32.178236612702364,5.738978829389788
1055,316500,87.91666666666667,0.3145727887747432,0.8855324480080181,31.45727887747432,88.5532448008018,40.57731145076421,32.17404159358557,6.806815334502631
1056,316800,88.0,0.43346173600410887,0.9046841294298922,43.346173600410886,90.46841294298922,40.63043913713405,32.21925783256292,7.150231124807396
1057,317100,88.08333333333333,0.3220299625468165,0.8699900124843946,32.20299625468165,86.99900124843946,40.60051685393259,32.189088639201,6.872159800249688
1058,317400,88.16666666666667,0.36089772443110774,0.8814128532133033,36.089772443110775,88.14128532133033,40.5974768692173,32.19002000500125,6.013503375843961
1059,317700,88.25,0.3985286035473395,0.8907319510367224,39.85286035473395,89.07319510367225,40.61247564326754,32.20072695478391,9.552835373469897
1060,318000,88.33333333333333,0.32949575636545186,0.8886120818771842,32.949575636545184,88.86120818771842,40.60500748876685,32.1982076884673,7.494258612081877
1061,318300,88.41666666666667,0.3787971050661343,0.8880409283753431,37.87971050661343,88.80409283753431,40.61699775393062,32.2043424007986,7.931120539056651
1062,318600,88.5,0.35228906640039936,0.8929380928607089,35.22890664003994,89.2938092860709,40.62105841238142,32.208522216674986,8.173989016475288
1063,318900,88.58333333333333,0.350587942202292,0.8868036870951669,35.0587942202292,88.68036870951669,40.636504733432986,32.21965122072745,7.350523168908819
1064,319200,88.66666666666667,0.35965345300423834,0.9000024931438544,35.965345300423834,90.00024931438544,40.627983046621786,32.20976315133383,6.4871603091498375
1065,319500,88.75,0.3893248629795715,0.8946736422521175,38.93248629795715,89.46736422521175,40.64780518186348,32.227446437468856,6.60587942202292
1066,319800,88.83333333333333,0.3599551569506726,0.8869531639262581,35.99551569506726,88.69531639262581,40.65778525161933,32.23261086198306,6.631041355256602
1067,320100,88.91666666666667,0.35387969924812035,0.8785563909774435,35.38796992481203,87.85563909774436,40.65216541353384,32.22943859649123,7.046616541353384
1068,320400,89.0,0.4248529411764706,0.9028364905284149,42.48529411764706,90.28364905284148,40.67207627118644,32.24005732801595,7.711365902293121
1069,320700,89.08333333333333,0.31831022085259375,0.8792578325629173,31.831022085259374,87.92578325629174,40.69118130457113,32.262241910631744,10.948382126348228
1070,321000,89.16666666666667,0.29599003735990037,0.8726948941469489,29.59900373599004,87.26948941469489,40.68096139476961,32.24661270236613,10.629638854296388
1071,321300,89.25,0.4257942283563363,0.891171894604768,42.57942283563363,89.1171894604768,40.68212797992472,32.24769636135508,9.552572145545795
1072,321600,89.33333333333333,0.35384711155378484,0.8790114541832669,35.38471115537848,87.90114541832669,40.69366035856574,32.25690737051793,7.608067729083666
1073,321900,89.41666666666667,0.34073823823823823,0.8732907907907907,34.07382382382382,87.32907907907908,40.69345345345346,32.26088338338339,6.9707207207207205
1074,322200,89.5,0.37343664083979006,0.8817970507373157,37.34366408397901,88.17970507373157,40.704271432141965,32.264428892776806,5.939265183704074
1075,322500,89.58333333333333,0.3358064516129032,0.8857914478619655,33.58064516129032,88.57914478619655,40.70370342585646,32.26221805451363,6.985746436609152
1076,322800,89.66666666666667,0.2769770344483275,0.8780454318522217,27.69770344483275,87.80454318522217,40.72171243135297,32.28073889166251,5.8247628557164255
1077,323100,89.75,0.30422061752988044,0.8808989043824701,30.422061752988046,88.08989043824701,40.714606573705176,32.27596613545817,5.631474103585657
1078,323400,89.83333333333333,0.29297061752988046,0.888921812749004,29.297061752988046,88.8921812749004,40.71079183266932,32.27382470119522,5.2629482071713145
1079,323700,89.91666666666667,0.33743576951858323,0.8998877525567474,33.74357695185832,89.98877525567474,40.71530805687204,32.27524070840609,5.153654277874781
1080,324000,90.0,0.30120947630922695,0.8786583541147133,30.120947630922693,87.86583541147132,40.73868578553616,32.2968927680798,6.97930174563591
1081,324300,90.08333333333333,0.3648816936488169,0.8912154420921544,36.48816936488169,89.12154420921544,40.73271232876712,32.29183810709838,7.380323785803238
1082,324600,90.16666666666667,0.32229618548990274,0.8950112191473448,32.229618548990274,89.50112191473448,40.72967589129893,32.29015208177512,8.067564198454251
1083,324900,90.25,0.35041594022415945,0.8875840597758407,35.04159402241594,88.75840597758406,40.741581569115816,32.30000498132005,6.258281444582814
1084,325200,90.33333333333333,0.38444249999999996,0.88656,38.44425,88.656,40.7417225,32.2998675,6.03325
1085,325500,90.41666666666667,0.3607759481037924,0.8820808383233534,36.07759481037924,88.20808383233533,40.75592564870259,32.31403692614771,5.542165668662674
1086,325800,90.5,0.31537752305008726,0.8801370545726389,31.537752305008723,88.0137054572639,40.75736606030401,32.31530276601047,5.469972589085472
1087,326100,90.58333333333333,0.3175491905354919,0.8862117061021171,31.75491905354919,88.6211706102117,40.75966625155666,32.31698879202989,10.760398505603986
1088,326400,90.66666666666667,0.2825692883895131,0.8887865168539326,28.25692883895131,88.87865168539327,40.76172284644195,32.32154556803995,6.085393258426966
1089,326700,90.75,0.3243645443196005,0.8836304619225968,32.43645443196005,88.36304619225967,40.76002247191012,32.31391510611735,5.822971285892634
1090,327000,90.83333333333333,0.3374040857000498,0.8955954160438465,33.74040857000498,89.55954160438465,40.78183607374191,32.33580966616841,8.286746387643248
1091,327300,90.91666666666667,0.26084247258225324,0.8799426719840479,26.084247258225325,87.99426719840478,40.7817148554337,32.33733050847457,5.965353938185444
1092,327600,91.0,0.3338290981564524,0.8946537120079721,33.38290981564524,89.46537120079721,40.77829845540608,32.3355754857997,7.206028898854011
1093,327900,91.08333333333333,0.3887356608478803,0.8923715710723192,38.87356608478803,89.23715710723192,40.78096259351621,32.338685785536164,8.68004987531172
1094,328200,91.16666666666667,0.3711008717310087,0.8724433374844334,37.11008717310087,87.24433374844334,40.79117559153176,32.34583561643836,7.656039850560399
1095,328500,91.25,0.5353623553095118,0.9003900352289884,53.53623553095118,90.03900352289884,40.79979114242577,32.3563009562154,13.715903371917465
1096,328800,91.33333333333333,0.40820672478206715,0.8723810709838107,40.82067247820672,87.23810709838106,40.81337484433375,32.365148194271484,9.686176836861767
1097,329100,91.41666666666667,0.387240777666999,0.8676096709870389,38.7240777666999,86.76096709870389,40.80524426719841,32.356752243270186,7.170239282153539
1098,329400,91.5,0.3976401694492898,0.8712932967854473,39.76401694492898,87.12932967854474,40.80986543732868,32.36293047595315,5.606528781460254
1099,329700,91.58333333333333,0.3089608771492649,0.8733914776974833,30.896087714926487,87.33914776974832,40.82341141290805,32.3752579117867,7.4308497383503616
1100,330000,91.66666666666667,0.34268213572854295,0.8599825349301398,34.26821357285429,85.99825349301398,40.82712574850299,32.38246506986028,6.414421157684631
1101,330300,91.75,0.3336302395209581,0.8715044910179641,33.36302395209581,87.15044910179641,40.82338073852295,32.37817115768463,6.328842315369261
1102,330600,91.83333333333333,0.2664876342742943,0.8409917561828628,26.64876342742943,84.09917561828628,40.81796152885336,32.37312015988009,4.287534349238071
1103,330900,91.91666666666667,0.325464739596312,0.8518813854971343,32.5464739596312,85.18813854971343,40.83496635933217,32.38444804385746,5.37528033889858
1104,331200,92.0,0.33935878243512974,0.9004416167664671,33.935878243512974,90.04416167664671,40.83055638722555,32.37855289421158,5.988273453093813
1105,331500,92.08333333333333,0.3727628300946687,0.8901544593921276,37.27628300946687,89.01544593921275,40.84610363726956,32.39247135027404,4.368211260587942
1106,331800,92.16666666666667,0.3182676969092721,0.8501969092721835,31.82676969092721,85.01969092721835,40.85509720837487,32.40150299102692,11.161764705882351
1107,332100,92.25,0.41065853038393085,0.8776506483600305,41.06585303839309,87.76506483600305,40.86312738367658,32.410750063564706,9.302568014238496
1108,332400,92.33333333333333,0.3804382470119522,0.8653361553784861,38.04382470119522,86.5336155378486,40.86176792828685,32.40858565737052,6.544322709163347
1109,332700,92.41666666666667,0.3674420921544209,0.861255292652553,36.74420921544209,86.1255292652553,40.86677210460772,32.41254296388543,5.624657534246575
1110,333000,92.5,0.32598140236240264,0.8307765770294044,32.59814023624026,83.07765770294044,40.89357878864036,32.444279969841666,5.686102035687359
1111,333300,92.58333333333333,0.3025897308075773,0.8291051844466599,30.258973080757727,82.910518444666,40.88292622133599,32.426580259222334,4.878614157527418
1112,333600,92.66666666666667,0.3908667496886675,0.8373125778331257,39.08667496886675,83.73125778331257,40.87307845579078,32.41985803237858,6.715068493150685
1113,333900,92.75,0.39890616899948156,0.866410057024365,39.89061689994816,86.6410057024365,40.85191290824261,32.41214359771902,5.677553136340072
1114,334200,92.83333333333333,0.35774675972083747,0.8663484546360917,35.77467597208375,86.63484546360917,40.8850074775673,32.43026420737787,5.32901296111665
1115,334500,92.91666666666667,0.3613266832917706,0.8698379052369077,36.13266832917706,86.98379052369077,40.88210224438903,32.43025436408978,3.9760598503740647
1116,334800,93.0,0.32288675429727,0.8706218402426694,32.288675429727,87.06218402426694,40.87197674418605,32.41427199191102,4.737360970677452
1117,335100,93.08333333333333,0.3139840637450199,0.8709561752988049,31.39840637450199,87.09561752988049,40.90953187250996,32.44802290836653,5.090886454183267
1118,335400,93.16666666666667,0.327227895392279,0.8744209215442091,32.7227895392279,87.44209215442092,40.91374595267746,32.451339975093404,4.807222914072229
1119,335700,93.25,0.2966890881913304,0.8650597907324366,29.66890881913304,86.50597907324365,40.934167912306926,32.467055306427504,6.277030393622322
1120,336000,93.33333333333333,0.3002666999002991,0.8614157527417747,30.02666999002991,86.14157527417747,40.91429960119641,32.44794865403789,5.899302093718844
1121,336300,93.41666666666667,0.27705134596211367,0.8582527417746759,27.70513459621137,85.82527417746759,40.93505732801596,32.466181455633105,5.52642073778664
1122,336600,93.5,0.34487294469357255,0.8622770303936222,34.48729446935725,86.22770303936223,40.9345889387145,32.46622321873443,5.3923766816143495
1123,336900,93.58333333333333,0.24624626121635096,0.8551221335992024,24.624626121635096,85.51221335992024,40.93726321036889,32.469763210368896,7.628364905284148
1124,337200,93.66666666666667,0.3364408468244085,0.8595666251556662,33.64408468244085,85.95666251556662,40.9439202988792,32.47307347447074,12.006475716064758
1125,337500,93.75,0.31907324364723466,0.8681689088191331,31.90732436472347,86.81689088191331,40.9443547583458,32.472533632287,5.32660687593423
1126,337800,93.83333333333333,0.2713356591078993,0.872975330176925,27.133565910789933,87.2975330176925,40.954428108646894,32.48041365561924,4.7209070520807375
1127,338100,93.91666666666667,0.3258914342629482,0.8738247011952192,32.58914342629482,87.38247011952191,40.9545343625498,32.480258964143424,7.40761952191235
1128,338400,94.0,0.38876026885735626,0.8873612148369431,38.87602688573563,88.7361214836943,40.95369429922828,32.477542942494395,7.76101568334578
1129,338700,94.08333333333333,0.4646736422521176,0.8966691579471849,46.46736422521176,89.66691579471849,40.96962132536124,32.48937717987045,7.179123069257599
1130,339000,94.16666666666667,0.4832385229540918,0.9081736526946108,48.32385229540918,90.81736526946108,40.98606037924152,32.49969311377246,16.200349301397207
1131,339300,94.25,0.3301793721973094,0.897538614848032,33.01793721973094,89.7538614848032,40.97078226208271,32.4874788241156,9.009715994020926
1132,339600,94.33333333333333,0.44249125437281356,0.8939880059970016,44.24912543728136,89.39880059970015,40.97663668165917,32.491461769115446,12.064217891054472
1133,339900,94.41666666666667,0.5168338323353293,0.8907634730538923,51.683383233532936,89.07634730538922,40.99351546906188,32.505291916167664,13.329590818363274
1134,340200,94.5,0.3970925879710506,0.8745520339406039,39.709258797105065,87.45520339406039,41.0049937609184,32.51324432243574,8.73571250311954
1135,340500,94.58333333333333,0.5631929212362912,0.9075623130608176,56.31929212362911,90.75623130608176,41.012253240279165,32.50965353938185,9.149800598205385
1136,340800,94.66666666666667,0.5088869478412777,0.8968604941352634,50.88869478412778,89.68604941352633,41.02733715997005,32.52522335912154,19.46917893686049
1137,341100,94.75,0.502177379172895,0.9028649725959145,50.21773791728949,90.28649725959144,41.0257673143996,32.51924514200299,13.091928251121075
1138,341400,94.83333333333333,0.45473225404732254,0.8932403486924035,45.473225404732254,89.32403486924035,41.04212204234122,32.53157658779577,12.140971357409711
1139,341700,94.91666666666667,0.48576538269134567,0.8862656328164082,48.576538269134566,88.62656328164083,41.06460980490245,32.54797148574287,12.59079539769885
1140,342000,95.0,0.5003580832016851,0.9091679831490258,50.035808320168506,90.91679831490258,41.029707740916265,32.511305950500265,11.090310689836755
1141,342300,95.08333333333333,0.42262307892680384,0.8753399322740297,42.26230789268038,87.53399322740297,41.09967699921855,32.577754623599894,10.26647564469914
1142,342600,95.16666666666667,0.42470814132104456,0.8717511520737327,42.47081413210446,87.17511520737327,41.08724526369688,32.562718894009215,11.262928827444956
1143,342900,95.25,0.4138532351394003,0.8630931088900579,41.38532351394003,86.30931088900579,41.09132035770647,32.57197001578117,12.600999473961071
1144,343200,95.33333333333333,0.5658103896103897,0.8940857142857144,56.58103896103896,89.40857142857143,41.05024155844156,32.535745454545456,14.5
1145,343500,95.41666666666667,0.5707265285239191,0.8886799693016116,57.07265285239192,88.86799693016117,41.096009209516495,32.567439242773084,9.948836019442313
1146,343800,95.5,0.5290696465696465,0.8819256756756757,52.906964656964654,88.19256756756756,41.12345893970894,32.58959199584199,14.867463617463615
1147,344100,95.58333333333333,0.5366616084977238,0.893806272129489,53.66616084977238,89.38062721294891,41.11374810318665,32.5850708143652,18.740768841679312
1148,344400,95.66666666666667,0.4769192298074518,0.8775018754688673,47.69192298074518,87.75018754688672,41.115238809702426,32.585048762190546,18.35408852213053
1149,344700,95.75,0.5687953919358878,0.9035361883295768,56.87953919358878,90.35361883295768,41.148752817430506,32.612501878287006,10.935136488855496
1150,345000,95.83333333333333,0.47639740713039147,0.8777038145100973,47.639740713039146,87.77038145100973,41.14650710545999,32.60572924457741,13.408376963350785
1151,345300,95.91666666666667,0.4153218562874252,0.8680938123752494,41.53218562874252,86.80938123752495,41.13469061876248,32.59625998003992,14.76696606786427
1152,345600,96.0,0.5641831869510665,0.8908381430363864,56.41831869510665,89.08381430363865,41.14590715181932,32.6038895859473,24.882308657465497
1153,345900,96.08333333333333,0.4925155821490901,0.8771453502867115,49.25155821490901,87.71453502867115,41.151595612066814,32.60660932435802,16.339067564198455
1154,346200,96.16666666666667,0.42088755921216653,0.8765794066317626,42.08875592121665,87.65794066317626,41.18491897282473,32.63238095238095,15.888556469708302
1155,346500,96.25,0.4485692883895131,0.8769812734082397,44.85692883895131,87.69812734082397,41.17413233458177,32.62144069912609,10.385268414481898
1156,346800,96.33333333333333,0.4183312546769768,0.8657595410326765,41.83312546769768,86.57595410326765,41.17710152157645,32.62802943377401,7.9433774008480915
1157,347100,96.41666666666667,0.5737387836490528,0.8886939182452642,57.37387836490529,88.86939182452642,41.17717597208375,32.622330508474576,12.299601196410768
1158,347400,96.5,0.5768117029257315,0.9144086021505377,57.68117029257314,91.44086021505376,41.19082020505126,32.63164041010253,15.994498624656163
1159,347700,96.58333333333333,0.7592536195706441,0.9140414378432352,75.92536195706441,91.40414378432352,41.19468297553669,32.62936095856216,16.92161757363954
1160,348000,96.66666666666667,0.7597003745318353,0.9138701622971286,75.97003745318352,91.38701622971286,41.22365792759051,32.6463670411985,16.262421972534334
1161,348300,96.75,0.5326701570680629,0.8446771378708552,53.26701570680628,84.46771378708551,41.23113438045375,32.65005235602094,21.12415856394914
1162,348600,96.83333333333333,0.6911061173533084,0.896996254681648,69.11061173533083,89.6996254681648,41.23251186017478,32.648796504369535,16.557553058676653
1163,348900,96.91666666666667,0.5755646970830217,0.8851907255048616,57.55646970830217,88.51907255048616,41.2488082772376,32.663001745200695,17.091747693841935
1164,349200,97.0,0.6160025125628141,0.8797286432160805,61.60025125628141,87.97286432160804,41.24501507537688,32.65608291457286,24.26582914572864
1165,349500,97.08333333333333,0.5887300399201597,0.8892390219560877,58.87300399201597,88.92390219560878,41.262143213572855,32.67107035928144,24.290918163672654
1166,349800,97.16666666666667,0.55240777666999,0.8726944167497507,55.240777666999,87.26944167497507,41.26800598205384,32.674586241276174,20.52617148554337
1167,350100,97.25,0.6294448708109491,0.8985162445638271,62.94448708109491,89.85162445638271,41.29742389357892,32.70168073676132,17.463034024047072
1168,350400,97.33333333333333,0.5914574494634389,0.8917269777888694,59.145744946343896,89.17269777888694,41.30500623908161,32.69864487147492,17.314699276266534
1169,350700,97.41666666666667,0.6458660334916272,0.8860984753811547,64.58660334916271,88.60984753811547,41.300389902524365,32.69652086978255,17.46338415396151
1170,351000,97.5,0.6251425712856428,0.8833066533266632,62.51425712856428,88.33066533266633,41.30523761880941,32.699819909954975,19.93471735867934
1171,351300,97.58333333333333,0.6224675648702594,0.8942165668662675,62.24675648702595,89.42165668662675,41.31043912175649,32.702018463073856,14.309131736526949
1172,351600,97.66666666666667,0.5993762475049901,0.897806886227545,59.937624750499005,89.7806886227545,41.32218063872255,32.714081836327345,14.981536926147704
1173,351900,97.75,0.5811991006744941,0.8930027479390458,58.11991006744941,89.30027479390458,41.33184611541344,32.72270796902323,16.438171371471398
1174,352200,97.83333333333333,0.5716370907273182,0.9041614596350912,57.16370907273182,90.41614596350912,41.33346163459135,32.723834041489624,14.532366908272932
1175,352500,97.91666666666667,0.5295861381201695,0.875896285215657,52.95861381201696,87.5896285215657,41.34939167289953,32.735312889553725,23.29818000498629
1176,352800,98.0,0.5790054972513743,0.8946151924037982,57.90054972513743,89.46151924037981,41.3547576211894,32.73643678160919,21.89430284857572
1177,353100,98.08333333333333,0.5000074775672981,0.8907602193419741,50.00074775672981,89.07602193419741,41.37314057826521,32.75113160518445,12.613160518444666
1178,353400,98.16666666666667,0.5276802195061112,0.8809154402594163,52.76802195061112,88.09154402594163,41.38736842105263,32.76360937889748,14.462459466201048
1179,353700,98.25,0.5552260804396704,0.91910567074694,55.52260804396703,91.910567074694,41.38127904071946,32.759752685485886,15.919310517112166
1180,354000,98.33333333333333,0.5828307999003239,0.8993346623473711,58.2830799900324,89.93346623473711,41.39017692499377,32.763075006229755,24.89957637677548
1181,354300,98.41666666666667,0.5927102570501622,0.8958597454454704,59.27102570501622,89.58597454454704,41.39958322934864,32.77087097579236,23.89668080858497
1182,354600,98.5,0.5870245245245246,0.8946121121121121,58.702452452452455,89.46121121121121,41.41621621621622,32.78361861861862,16.144394394394393
1183,354900,98.58333333333333,0.5703867265469063,0.8943063872255489,57.03867265469062,89.43063872255489,41.42675149700599,32.791936127744506,12.789670658682637
1184,355200,98.66666666666667,0.6055971079531289,0.903462976813762,60.55971079531289,90.3462976813762,41.42910496135627,32.79508352031912,22.394664672151585
1185,355500,98.75,0.5286768384192095,0.9127563781890946,52.86768384192096,91.27563781890946,41.42527513756878,32.79086293146573,17.766133066533268
1186,355800,98.83333333333333,0.5395089730807577,0.8833000997008973,53.950897308075774,88.33000997008973,41.44584995014955,32.8077666999003,13.323280159521437
1187,356100,98.91666666666667,0.5496362267937782,0.8682865027596588,54.96362267937782,86.82865027596588,41.45680381334672,32.812200200702456,14.68314099347717
1188,356400,99.0,0.537590421551509,0.8901521576452981,53.75904215515091,89.01521576452981,41.453973559491146,32.81232476926914,16.99675729608381
1189,356700,99.08333333333333,0.5871425012456403,0.8988888888888888,58.714250124564025,89.88888888888889,41.47144494270055,32.82666666666666,16.13876432486298
1190,357000,99.16666666666667,0.5774314897857499,0.9180493273542599,57.743148978574986,91.804932735426,41.48665171898356,32.83840308918784,19.356502242152462
1191,357300,99.25,0.4535967098703888,0.8924376869391825,45.35967098703888,89.24376869391824,41.49446410767697,32.847435194416754,8.741026919242273
1192,357600,99.33333333333333,0.5550674325674325,0.9086638361638362,55.506743256743256,90.86638361638362,41.486003996004,32.84108141858142,20.656093906093908
1193,357900,99.41666666666667,0.47908524426719845,0.891989032901296,47.90852442671984,89.1989032901296,41.490112163509465,32.844202392821536,19.3252741774676
1194,358200,99.5,0.5429476309226933,0.9023790523690773,54.29476309226933,90.23790523690774,41.50655112219451,32.856977556109726,19.918703241895265
1195,358500,99.58333333333333,0.6211830635118306,0.9133997509339974,62.118306351183065,91.33997509339974,41.512884184308845,32.862849315068495,18.86575342465753
1196,358800,99.66666666666667,0.5195292652552926,0.8984632627646326,51.952926525529264,89.84632627646326,41.52688418430884,32.875399750934,12.860024906600248
1197,359100,99.75,0.538255308262983,0.8913302634945,53.82553082629829,89.13302634944999,41.52342542849834,32.86657968789972,15.146328984394986
1198,359400,99.83333333333333,0.5132171314741035,0.8744397410358566,51.32171314741036,87.44397410358566,41.52575448207171,32.87864043824701,14.77988047808765
1199,359700,99.91666666666667,0.4928428927680798,0.8623092269326683,49.28428927680798,86.23092269326683,41.53809226932668,32.89182543640898,9.352369077306731
1200,360000,100.0,0.5503264390730127,0.9150560677797159,55.03264390730127,91.5056067779716,41.55235983055071,32.89829304759532,11.521305756292051
1201,360300,100.08333333333333,0.47520947630922694,0.8683291770573567,47.52094763092269,86.83291770573567,41.56530174563591,32.906735660847886,16.66633416458853
1202,360600,100.16666666666667,0.5393315041157396,0.8747942130207034,53.93315041157396,87.47942130207034,41.57815664754303,32.91400349214268,12.75430281865802
1203,360900,100.25,0.5527392821535394,0.8893444666001994,55.27392821535394,88.93444666001994,41.58334995014955,32.92023928215354,11.414257228315057
1204,361200,100.33333333333333,0.4685436408977556,0.8753865336658354,46.85436408977556,87.53865336658355,41.589336658354114,32.925745635910225,11.135910224438902
1205,361500,100.41666666666667,0.5281201695337822,0.8952181500872601,52.81201695337821,89.52181500872601,41.59927449513837,32.93502119172276,9.974071303914236
1206,361800,100.5,0.505885,0.8903700000000001,50.5885,89.037,41.597345,32.9337225,13.17525
1207,362100,100.58333333333333,0.45924725822532403,0.8806206380857428,45.9247258225324,88.06206380857428,41.60876869391824,32.94273928215354,10.57976071784646
1208,362400,100.66666666666667,0.49752747252747254,0.8959565434565434,49.752747252747255,89.59565434565434,41.624657842157845,32.95608891108891,10.7485014985015
1209,362700,100.75,0.5576438945669715,0.9095320064550831,55.76438945669715,90.95320064550832,41.61884615384615,32.951320602474446,8.606508875739644
1210,363000,100.83333333333333,0.4780578409374221,0.8899476439790576,47.80578409374221,88.99476439790575,41.62776863625032,32.9595188232361,7.984293193717278
1211,363300,100.91666666666667,0.5988947105788422,0.9174426147704593,59.88947105788423,91.74426147704592,41.63102295409182,32.962919161676645,9.12125748502994
1212,363600,101.0,0.5052553083923155,0.9008265925176948,50.52553083923155,90.08265925176948,41.63258088978766,32.96454246713852,14.501011122345805
1213,363900,101.08333333333333,0.4902245508982036,0.9026072854291417,49.02245508982036,90.26072854291417,41.636536926147706,32.97123502994012,6.430888223552894
1214,364200,101.16666666666667,0.5499024512256128,0.8981290645322662,54.99024512256128,89.81290645322662,41.62791645822912,32.963346673336666,8.435967983991995
1215,364500,101.25,0.4989590311775316,0.9067662973460447,49.89590311775316,90.67662973460448,41.61345014171605,32.952519969080136,5.444215408399897
1216,364800,101.33333333333333,0.48689715426859714,0.8990988517224164,48.68971542685971,89.90988517224164,41.65730154767848,32.994071392910634,8.417124313529705
1217,365100,101.41666666666667,0.5174009469225019,0.899982556690755,51.74009469225019,89.9982556690755,41.664286070271615,32.99763518564665,9.73461250934463
1218,365400,101.5,0.5240239341810023,0.8943804537521816,52.40239341810023,89.43804537521815,41.67369733233608,33.008878085265515,12.75517327349788
1219,365700,101.58333333333333,0.45351944167497504,0.8907128614157527,45.35194416749751,89.07128614157527,41.67713110667996,33.01076520438684,7.585493519441675
1220,366000,101.66666666666667,0.4949463974071304,0.8986910994764398,49.49463974071304,89.86910994764398,41.68134131139367,33.014073797058096,5.680129643480429
1221,366300,101.75,0.4567945766180609,0.8836914811972372,45.67945766180609,88.36914811972372,41.6744768482988,33.007989255564084,5.343054489639294
1222,366600,101.83333333333333,0.45857926221336,0.8972532402791625,45.857926221336,89.72532402791626,41.69265702891326,33.027908773678966,4.8080757726819545
1223,366900,101.91666666666667,0.40729426433915217,0.8935311720698255,40.729426433915215,89.35311720698255,41.707805486284286,33.040635910224445,5.034164588528678
1224,367200,102.0,0.49121914734480177,0.906207928197457,49.12191473448018,90.6207928197457,41.69440787833458,33.03191972076789,4.769134879082523
1225,367500,102.08333333333333,0.44970301971549786,0.8911879211380085,44.97030197154979,89.11879211380085,41.701260294484655,33.037065136011975,5.922635388070876
1226,367800,102.16666666666667,0.4853969046430355,0.9062106839740387,48.53969046430355,90.62106839740387,41.70288816774838,33.04042685971044,5.600848726909636
1227,368100,102.25,0.5214249621020718,0.9177261243052048,52.14249621020718,91.77261243052048,41.744343102577055,33.06812278928752,17.952501263264274
1228,368400,102.33333333333333,0.46289703315881325,0.9012914485165794,46.289703315881326,90.12914485165794,41.72344053851907,33.059331837447026,5.569683370730491
1229,368700,102.41666666666667,0.4934173110501372,0.9157695185831878,49.34173110501372,91.57695185831878,41.722900972811175,33.059443751558995,6.8628086804689445
1230,369000,102.5,0.4814167709637047,0.9123504380475596,48.14167709637047,91.23504380475596,41.73664580725907,33.07118648310389,5.191489361702128
1231,369300,102.58333333333333,0.5853807740324595,0.904756554307116,58.53807740324594,90.4756554307116,41.746823970037454,33.08068664169787,9.5458177278402
1232,369600,102.66666666666667,0.5286623409034191,0.908145744946344,52.86623409034191,90.8145744946344,41.737319690541554,33.07645121038183,7.640628899426004
1233,369900,102.75,0.44922673983537037,0.8980269393863806,44.92267398353704,89.80269393863806,41.72909703167873,33.06944375155899,5.342728860064854
1234,370200,102.83333333333333,0.4230725,0.88993,42.30725,88.993,41.742635,33.082245,5.07825
1235,370500,102.91666666666667,0.4311823397355949,0.888021950611125,43.11823397355949,88.8021950611125,41.74926166126216,33.08757296083811,8.928660513843852
1236,370800,103.0,0.500352733686067,0.9011111111111112,50.0352733686067,90.11111111111111,41.75688082640463,33.09696145124717,12.481229528848576
1237,371100,103.08333333333333,0.49939795153634775,0.9144916312765425,49.939795153634776,91.44916312765426,41.76700724456657,33.100222333250066,7.824381713714714
1238,371400,103.16666666666667,0.44833957553058673,0.8854207240948814,44.833957553058674,88.54207240948814,41.79846192259675,33.121845193508115,8.71210986267166
1239,371700,103.25,0.448742201147991,0.8861816820564014,44.8742201147991,88.61816820564013,41.79365859745445,33.11657848764662,7.9820314449713
1240,372000,103.33333333333333,0.424469678063389,0.8819515847267282,42.4469678063389,88.19515847267282,41.795507861242825,33.11585974544547,9.369104067881208
1241,372300,103.41666666666667,0.41549425861208183,0.8702496255616574,41.549425861208185,87.02496255616575,41.803984023964055,33.117221667498754,6.541437843235148
1242,372600,103.5,0.4541687594173782,0.8799949773982924,45.41687594173782,87.99949773982924,41.81028879959819,33.12289804118534,6.920894023103968
1243,372900,103.58333333333333,0.41538922155688623,0.8703892215568863,41.538922155688624,87.03892215568862,41.83279191616767,33.13947854291417,6.729291417165669
1244,373200,103.66666666666667,0.4191566866267465,0.8817914171656686,41.91566866267465,88.17914171656686,41.83179890219561,33.13681636726547,7.514221556886228
1245,373500,103.75,0.41082646691635455,0.8856379525593009,41.08264669163545,88.56379525593009,41.848022471910106,33.145243445692884,6.409488139825219
1246,373800,103.83333333333333,0.41332501248127806,0.8764827758362457,41.332501248127805,87.64827758362456,41.836482775836245,33.1344133799301,10.081128307538693
1247,374100,103.91666666666667,0.37893383270911357,0.8733483146067416,37.89338327091136,87.33483146067415,41.84059675405743,33.134037453183524,8.847690387016229
1248,374400,104.0,0.44336579275905125,0.8826516853932584,44.33657927590512,88.26516853932584,41.868911360799,33.16086891385768,6.532833957553058
1249,374700,104.08333333333333,0.4051098901098901,0.8872577422577423,40.510989010989015,88.72577422577423,41.88879120879121,33.17070929070929,6.94005994005994
1250,375000,104.16666666666667,0.43727612871040156,0.8951509104514841,43.72761287104016,89.51509104514841,41.88857321027688,33.16860064854079,7.561486655026191
1251,375300,104.25,0.49578697929658266,0.888543277625343,49.57869792965827,88.8543277625343,41.88486405587429,33.166018957345976,9.17161386879521
1252,375600,104.33333333333333,0.48771571072319203,0.9028478802992518,48.771571072319205,90.28478802992518,41.90432169576059,33.1776783042394,11.515960099750624
1253,375900,104.41666666666667,0.47579380928607085,0.8796230654018972,47.57938092860709,87.96230654018972,41.91478781827259,33.18440838741887,8.000499251123316
1254,376200,104.5,0.48903010033444816,0.8891407254952405,48.903010033444815,88.91407254952405,41.9254772317983,33.18963982505789,12.127090301003344
1255,376500,104.58333333333333,0.4537687312687313,0.8772052947052947,45.37687312687313,87.72052947052947,41.95348401598402,33.209575424575426,14.994755244755243
1256,376800,104.66666666666667,0.44297627965043695,0.8754132334581773,44.297627965043695,87.54132334581773,41.92696129837703,33.18425717852684,13.77952559300874
1257,377100,104.75,0.4287425,0.887775,42.87425,88.7775,41.95135500000001,33.204625,9.10375
1258,377400,104.83333333333333,0.47485550572994517,0.889103139013453,47.48555057299452,88.91031390134529,41.94912556053812,33.197717987045344,8.413801694070752
1259,377700,104.91666666666667,0.5307922272047833,0.9046412556053812,53.07922272047833,90.46412556053812,41.95814399601395,33.20333582461385,10.46711509715994
1260,378000,105.0,0.5308644743398105,0.9031315396113603,53.08644743398106,90.31315396113602,41.95861733931241,33.2015346287992,11.436970602889886
1261,378300,105.08333333333333,0.5116163631828387,0.91404839111998,51.16163631828386,91.404839111998,41.9641930656024,33.20429782988276,12.291843352456972
1262,378600,105.16666666666667,0.4726874221668742,0.8966002490660026,47.26874221668742,89.66002490660026,41.98540224159402,33.21799252801992,10.881444582814446
1263,378900,105.25,0.47132319960129576,0.8872539247445801,47.13231996012958,88.725392474458,42.006952404684775,33.23201594816845,10.83503613256915
1264,379200,105.33333333333333,0.47639511709018445,0.8828749377179871,47.63951170901844,88.28749377179871,42.00681863477828,33.23050074738416,8.616591928251122
1265,379500,105.41666666666667,0.4581510092200349,0.8851059058061301,45.81510092200349,88.51059058061301,42.00240468477448,33.22142287565413,11.101420383752805
1266,379800,105.5,0.4697992471769134,0.8882057716436637,46.97992471769134,88.82057716436637,42.01459723964869,33.23014805520703,7.301631116687578
1267,380100,105.58333333333333,0.4770531039640987,0.8890376464722014,47.70531039640987,88.90376464722014,42.04024682124158,33.251161805036155,8.480428820742956
1268,380400,105.66666666666667,0.4070563310069791,0.8783823529411765,40.70563310069791,87.83823529411765,42.05113160518445,33.255585742771686,9.265952143569292
1269,380700,105.75,0.46926008968609856,0.8979247633283508,46.92600896860986,89.79247633283508,42.05975834578973,33.25904334828101,6.715495764823119
1270,381000,105.83333333333333,0.4811385151968111,0.9166392625809668,48.11385151968111,91.66392625809668,42.0615346287992,33.257142501245646,10.230443447932236
1271,381300,105.91666666666667,0.383513850761168,0.8813850761167956,38.3513850761168,88.13850761167956,42.06422510606439,33.2520838532568,6.882206139256302
1272,381600,106.0,0.4209444306005482,0.8937478195863444,42.09444306005482,89.37478195863444,42.07275355095938,33.260647894343386,8.509593820084724
1273,381900,106.08333333333333,0.3600124688279302,0.8744164588528679,36.00124688279302,87.44164588528679,42.08122942643392,33.26695261845387,7.454613466334164
1274,382200,106.16666666666667,0.3876382660687593,0.8752889885401096,38.76382660687593,87.52889885401096,42.08785749875436,33.27207025411061,6.719232685600399
1275,382500,106.25,0.4689376558603491,0.9010997506234412,46.89376558603491,90.10997506234412,42.0941246882793,33.27070324189526,8.288528678304239
1276,382800,106.33333333333333,0.41347782760338814,0.8878400597907324,41.347782760338816,88.78400597907324,42.10722222222223,33.28042600896861,6.887643248629796
1277,383100,106.41666666666667,0.3617389138016941,0.8860961634280019,36.17389138016941,88.6096163428002,42.11374688589935,33.28477329347284,9.053313403089188
1278,383400,106.5,0.3920620671967171,0.8872044113875353,39.20620671967171,88.72044113875353,42.09694024108746,33.25617594254937,12.908951013080276
1279,383700,106.58333333333333,0.341637135013726,0.8875742450711255,34.1637135013726,88.75742450711255,42.13484651859246,33.295405540304465,7.79361118043424
1280,384000,106.66666666666667,0.35897249999999997,0.89068,35.89725,89.068,42.1165825,33.278925,11.62875
1281,384300,106.75,0.35238913801694066,0.9051270553064277,35.23891380169407,90.51270553064276,42.141666666666666,33.302959641255605,6.500249128051818
1282,384600,106.83333333333333,0.29529059615864306,0.8942579196807183,29.529059615864305,89.42579196807183,42.13250935395361,33.29624095784485,8.760039910202046
1283,384900,106.91666666666667,0.3055955056179776,0.8937428214731585,30.55955056179776,89.37428214731585,42.14791510611735,33.30565792759051,4.761797752808989
1284,385200,107.0,0.3597902097902098,0.9072152847152849,35.97902097902098,90.72152847152849,42.15485264735265,33.30823426573427,8.424825174825175
1285,385500,107.08333333333333,0.286998502994012,0.8861152694610779,28.6998502994012,88.61152694610779,42.15937624750499,33.31256986027944,4.915918163672655
1286,385800,107.16666666666667,0.40431387225548904,0.9080189620758484,40.4313872255489,90.80189620758485,42.17501746506986,33.327397704590815,4.806886227544911
1287,386100,107.25,0.32450324513230155,0.9007813280079879,32.45032451323016,90.0781328007988,42.177259111333,33.32649775336995,6.831253120319521
1288,386400,107.33333333333333,0.27603491271820446,0.8898927680798004,27.60349127182045,88.98927680798005,42.178316708229424,33.327226932668324,8.000748129675811
1289,386700,107.41666666666667,0.3594753934549088,0.913987009742693,35.94753934549088,91.3987009742693,42.18813639770172,33.33610791906071,8.026729952535598
1290,387000,107.5,0.28319010741943546,0.8980714464151887,28.319010741943544,89.80714464151886,42.18968023982013,33.340007494379215,6.013739695228579
1291,387300,107.58333333333333,0.3184005979073244,0.8976831091180867,31.84005979073244,89.76831091180867,42.194960139511714,33.34391380169407,4.022421524663677
1292,387600,107.66666666666667,0.29413982521847687,0.9089612983770289,29.41398252184769,90.89612983770289,42.19879400749064,33.34777528089887,3.684394506866417
1293,387900,107.75,0.294598903836572,0.9075460886895864,29.4598903836572,90.75460886895864,42.20266317887394,33.352598405580466,4.314897857498754
1294,388200,107.83333333333333,0.2822958167330677,0.9123580677290836,28.22958167330677,91.23580677290836,42.2080702191235,33.358035358565736,3.795816733067729
1295,388500,107.91666666666667,0.37196455317024474,0.9270344483275088,37.19645531702447,92.70344483275088,42.20725661507738,33.36332001997004,5.1170743884173735
1296,388800,108.0,0.3608270106221548,0.8969296914516944,36.08270106221548,89.69296914516944,42.2170966110268,33.37390743550834,9.534142640364188
1297,389100,108.08333333333333,0.2629565868263473,0.8870409181636727,26.29565868263473,88.70409181636727,42.219505988023954,33.371230039920164,7.408682634730539
1298,389400,108.16666666666667,0.2944031896336905,0.8991801644654872,29.44031896336905,89.91801644654872,42.22273859955146,33.37260403688014,4.371791677049589
1299,389700,108.25,0.2587425298804781,0.8904083665338645,25.874252988047807,89.04083665338645,42.21886703187251,33.37170069721115,3.730826693227092
1300,390000,108.33333333333333,0.3093799800796813,0.8965786852589642,30.93799800796813,89.65786852589642,42.2234437250996,33.37572709163347,3.956922310756972
1301,390300,108.41666666666667,0.2950074775672981,0.8951744765702891,29.50074775672981,89.51744765702891,42.223467098703885,33.375869890329014,4.532901296111665
1302,390600,108.5,0.2943481518481519,0.8995854145854146,29.434815184815186,89.95854145854146,42.25098151848152,33.40287962037962,5.669580419580419
1303,390900,108.58333333333333,0.28895734597156403,0.8914816662509354,28.8957345971564,89.14816662509354,42.241524070840605,33.392526814667,4.611124968820155
1304,391200,108.66666666666667,0.3528343711083437,0.8970684931506849,35.28343711083437,89.7068493150685,42.24845080946451,33.39965877957659,6.690660024906601
1305,391500,108.75,0.282166001994018,0.894523928215354,28.2166001994018,89.4523928215354,42.24979810568295,33.39796610169492,4.396809571286141
1306,391800,108.83333333333333,0.3477542372881356,0.9121684945164507,34.77542372881356,91.21684945164506,42.25381355932203,33.40413758723828,5.600448654037886
1307,392100,108.91666666666667,0.3301697453819271,0.897673489765352,33.01697453819271,89.7673489765352,42.24846230654019,33.402363954068896,3.841487768347479
1308,392400,109.0,0.3382053838484546,0.903686440677966,33.82053838484546,90.3686440677966,42.2672258225324,33.416774675972086,5.52617148554337
1309,392700,109.08333333333333,0.2858912989279482,0.9056519571179256,28.589129892794816,90.56519571179255,42.26507604088756,33.41775367738718,3.9227125405135874
1310,393000,109.16666666666667,0.3589088191330344,0.9118560039860487,35.89088191330344,91.18560039860488,42.26998006975586,33.421773791728945,4.109865470852018
1311,393300,109.25,0.3139296407185629,0.9143113772455089,31.392964071856287,91.4311377245509,42.27729291417166,33.42722055888223,5.859281437125748
1312,393600,109.33333333333333,0.2643519441674975,0.9054486540378863,26.435194416749752,90.54486540378863,42.27929710867398,33.430558325024926,4.8088235294117645
1313,393900,109.41666666666667,0.3528318804483188,0.9098430884184308,35.28318804483188,90.98430884184307,42.27877210460772,33.42933250311332,7.823412204234122
1314,394200,109.5,0.2958883628208323,0.8998654373286818,29.58883628208323,89.98654373286818,42.29108148517319,33.44033142287565,4.89334662347371
1315,394500,109.58333333333333,0.2800449101796407,0.8939645708582834,28.00449101796407,89.39645708582835,42.27505239520959,33.42723552894211,4.222055888223553
1316,394800,109.66666666666667,0.2442077727952168,0.8945515695067264,24.42077727952168,89.45515695067265,42.2912057797708,33.442760338814146,3.898355754857997
1317,395100,109.75,0.30356732450662005,0.9041169123157631,30.356732450662005,90.41169123157631,42.27457406944792,33.43142643017737,8.074194354234324
1318,395400,109.83333333333333,0.29094702648675663,0.9182358820589704,29.09470264867566,91.82358820589704,42.29987256371814,33.4502223888056,6.546226886556721
1319,395700,109.91666666666667,0.27571998006975584,0.9082760338814153,27.571998006975587,90.82760338814153,42.297070254110615,33.447698056801194,4.66616841056303
1320,396000,110.0,0.35190677966101697,0.913359920239282,35.190677966101696,91.3359920239282,42.29756480558325,33.44940927218345,4.55284147557328
1321,396300,110.08333333333333,0.302776253429783,0.9046844599650784,30.2776253429783,90.46844599650784,42.29431030182091,33.447393364928914,4.200548765278124
1322,396600,110.16666666666667,0.27249813014210916,0.9085041136873597,27.24981301421092,90.85041136873598,42.31162802293692,33.46312640239342,4.614559960109698
1323,396900,110.25,0.32400299102691926,0.9159596211365905,32.400299102691925,91.59596211365904,42.30731804586241,33.460810069790625,4.048604187437687
1324,397200,110.33333333333333,0.2991417165668662,0.9028418163672655,29.914171656686623,90.28418163672654,42.313228542914175,33.466504491017965,4.339820359281437
1325,397500,110.41666666666667,0.2971855541718556,0.9133449564134496,29.71855541718556,91.33449564134496,42.319524283935245,33.47005479452054,5.453798256537983
1326,397800,110.5,0.3362294264339152,0.905438902743142,33.62294264339152,90.5438902743142,42.31746633416459,33.46679301745636,6.398753117206983
1327,398100,110.58333333333333,0.27084745762711865,0.9013434695912264,27.084745762711865,90.13434695912264,42.33967846460618,33.4890702891326,4.521435692921236
1328,398400,110.66666666666667,0.29573316708229425,0.9129276807980049,29.573316708229427,91.2927680798005,42.32157605985037,33.47561346633416,4.345635910224439
1329,398700,110.75,0.31395791583166327,0.930247995991984,31.39579158316633,93.0247995991984,42.32454909819639,33.47814879759519,4.454659318637274
1330,399000,110.83333333333333,0.24755793670570647,0.8995315225517069,24.755793670570647,89.95315225517069,42.330154497881885,33.48402691253426,3.722651383005233
1331,399300,110.91666666666667,0.28233474681965576,0.908036916936892,28.23347468196558,90.8036916936892,42.34016462958344,33.492481915689694,4.938388625592417
1332,399600,111.0,0.30590337191746353,0.9201383995973831,30.59033719174635,92.0138399597383,42.36185958731756,33.51675893306492,4.569199798691495
1333,399900,111.08333333333333,0.2939071856287425,0.9123353293413171,29.39071856287425,91.23353293413172,42.34339321357285,33.49390718562874,5.414670658682635
1334,400200,111.16666666666667,0.3521723966118585,0.9119855505729946,35.21723966118585,91.19855505729946,42.36242401594419,33.510336322869954,4.877678126557051
1335,400500,111.25,0.2721250622820129,0.906350274040857,27.21250622820129,90.6350274040857,42.35593423019432,33.50583956153463,4.931240657698057
1336,400800,111.33333333333333,0.2408443337484433,0.898077210460772,24.08443337484433,89.8077210460772,42.350136986301365,33.50245579078455,5.55093399750934
1337,401100,111.41666666666667,0.322175,0.9176449999999999,32.2175,91.7645,42.3484475,33.4998975,5.704
1338,401400,111.5,0.325359477124183,0.9062971342383108,32.5359477124183,90.62971342383108,42.36123177476119,33.50823278029161,7.956510809451986
1339,401700,111.58333333333333,0.323903836571998,0.915799701046338,32.3903836571998,91.5799701046338,42.37069008470354,33.52143996013951,4.58395615346288
1340,402000,111.66666666666667,0.34851408626277736,0.901276489653453,34.85140862627774,90.1276489653453,42.37224382946896,33.523370730491145,5.048117676389928
1341,402300,111.75,0.3557239309827457,0.9004676169042259,35.57239309827457,90.0467616904226,42.37830457614403,33.52840960240059,4.049012253063266
1342,402600,111.83333333333333,0.3624775672981057,0.9198753738783649,36.24775672981057,91.9875373878365,42.37207876370887,33.5258000997009,6.71061814556331
1343,402900,111.91666666666667,0.3020368525896414,0.9013197211155378,30.203685258964143,90.13197211155378,42.374487051792826,33.52702938247012,9.036105577689243
1344,403200,112.0,0.33428355577940067,0.914273482749937,33.42835557794007,91.4273482749937,42.37774867791489,33.52903550742886,5.140770586753966
1345,403500,112.08333333333333,0.3310531569752932,0.9059720489144,33.10531569752932,90.59720489144,42.40879960069878,33.55524581981532,4.928874469678063
1346,403800,112.16666666666667,0.32153654277874777,0.9076702419555999,32.15365427787478,90.76702419555998,42.39414068346221,33.54227488151659,4.478922424544774
1347,404100,112.25,0.32049638313793966,0.90953853828885,32.04963831379396,90.953853828885,42.40653030680968,33.55494138189075,4.714642055375405
1348,404400,112.33333333333333,0.3078574987543597,0.9003512705530643,30.78574987543597,90.03512705530643,42.39340807174888,33.54403836571998,5.630543099152964
1349,404700,112.41666666666667,0.3260598503740648,0.914354114713217,32.605985037406484,91.4354114713217,42.40045386533666,33.5508753117207,9.50498753117207
1350,405000,112.5,0.35567190226876094,0.9046247818499128,35.56719022687609,90.46247818499128,42.408105210670655,33.55259286960858,6.31413612565445
1351,405300,112.58333333333333,0.2828909952606635,0.896258418558244,28.28909952606635,89.62584185582439,42.417615365427785,33.56369668246445,4.567972062858568
1352,405600,112.66666666666667,0.30152466367713004,0.9036547085201794,30.152466367713004,90.36547085201794,42.40949427005481,33.55976581963129,4.829347284504236
1353,405900,112.75,0.3189243027888446,0.9090239043824699,31.89243027888446,90.902390438247,42.41435258964144,33.56474352589642,4.574950199203188
1354,406200,112.83333333333333,0.25257613579630556,0.9042436345481778,25.257613579630554,90.42436345481778,42.43259360958562,33.57765601597603,4.427608587119321
1355,406500,112.91666666666667,0.2822105788423153,0.8855489021956088,28.22105788423153,88.55489021956087,42.43274201596806,33.57426646706587,7.24625748502994
1356,406800,113.0,0.3023334165210881,0.898442725230846,30.23334165210881,89.8442725230846,42.42995757424507,33.572620414275015,5.929124032942351
1357,407100,113.08333333333333,0.27664586972797606,0.9005340653855752,27.664586972797604,90.05340653855752,42.437793860743696,33.5842026453706,4.920389318692289
1358,407400,113.16666666666667,0.27497131454227985,0.904387627837366,27.497131454227983,90.4387627837366,42.4427064105762,33.58882264903966,5.406335744574707
1359,407700,113.25,0.30838902743142144,0.9037306733167082,30.838902743142143,90.37306733167082,42.43971321695761,33.58780548628429,5.217955112219451
1360,408000,113.33333333333333,0.38471072319202,0.9111271820448876,38.471072319202,91.11271820448876,42.44473815461347,33.59103740648379,5.348628428927681
1361,408300,113.41666666666667,0.31510972568578555,0.9168154613466334,31.510972568578552,91.68154613466334,42.46105236907731,33.60482294264339,4.9428927680798
1362,408600,113.5,0.2830726954783912,0.9080789407944042,28.30726954783912,90.80789407944042,42.45346739945042,33.59839370472146,5.090432175868099
1363,408900,113.58333333333333,0.2899675972083749,0.904020438683948,28.99675972083749,90.4020438683948,42.46306081754736,33.60660019940179,7.129611166500498
1364,409200,113.66666666666667,0.25846575342465755,0.9068518057285181,25.846575342465755,90.6851805728518,42.47103362391034,33.614104607721046,6.79252801992528
1365,409500,113.75,0.2995689010715176,0.9138350361325692,29.95689010715176,91.38350361325692,42.46497134313481,33.6121181161226,9.370545726389237
1366,409800,113.83333333333333,0.26152466367713,0.9176432486297957,26.152466367713004,91.76432486297958,42.46561783756851,33.61210264075735,7.153462879920279
1367,410100,113.91666666666667,0.23976570289132604,0.9103539381854436,23.976570289132603,91.03539381854436,42.47916251246261,33.620800099700894,4.062313060817547
1368,410400,114.0,0.3450504032258065,0.9199017137096774,34.50504032258065,91.99017137096774,42.48702368951613,33.629619455645155,5.34148185483871
1369,410700,114.08333333333333,0.3022066899650524,0.9196854717923116,30.220668996505243,91.96854717923117,42.49999251123315,33.638182725911136,5.620569146280579
1370,411000,114.16666666666667,0.267126837777224,0.9149713431348119,26.7126837777224,91.49713431348118,42.49586344380762,33.63600299028158,4.424370794916522
1371,411300,114.25,0.3118243074619416,0.9175617669079112,31.18243074619416,91.75617669079112,42.494604442226105,33.6333641128026,6.840279510856002
1372,411600,114.33333333333333,0.26748692403486923,0.9043810709838108,26.748692403486924,90.43810709838108,42.49623163138232,33.63752179327522,5.660523038605231
1373,411900,114.41666666666667,0.28920199501246885,0.9088279301745636,28.920199501246884,90.88279301745636,42.49308728179551,33.6367855361596,5.477057356608479
1374,412200,114.5,0.30866334164588527,0.9019650872817957,30.86633416458853,90.19650872817957,42.53449376558604,33.6691970074813,4.855112219451372
1375,412500,114.58333333333333,0.2628789013732834,0.8952359550561798,26.28789013732834,89.52359550561798,42.51595006242197,33.65428464419476,4.234956304619226
1376,412800,114.66666666666667,0.29907504363001747,0.9128172525554724,29.907504363001745,91.28172525554724,42.51400897531788,33.654400398903014,4.837197706307654
1377,413100,114.75,0.284616368286445,0.9098746803069053,28.4616368286445,90.98746803069054,42.53025831202046,33.67514322250639,9.750895140664962
1378,413400,114.83333333333333,0.2744089775561097,0.9084189526184538,27.440897755610973,90.84189526184538,42.52627431421446,33.666124688279304,4.664837905236908
1379,413700,114.91666666666667,0.27411016949152545,0.8974526420737787,27.411016949152543,89.74526420737787,42.52564556331007,33.66385094715852,5.319790628115653
1380,414000,115.0,0.26692980264801397,0.8991181613789658,26.6929802648014,89.91181613789658,42.52968773419935,33.66984011991006,4.196102922807894
1381,414300,115.08333333333333,0.38207481296758095,0.910284289276808,38.2074812967581,91.0284289276808,42.5426608478803,33.677795511221944,6.819700748129676
1382,414600,115.16666666666667,0.29211917227624035,0.8870306656694091,29.211917227624035,88.70306656694092,42.540092246322615,33.67616055846422,5.803041635502368
1383,414900,115.25,0.3617547357926221,0.9068045862412762,36.17547357926221,90.68045862412762,42.53718095712862,33.67378115653041,5.412512462612163
1384,415200,115.33333333333333,0.3345706440339491,0.905152271592611,33.45706440339491,90.5152271592611,42.55136794807788,33.688604593110334,4.963305042436345
1385,415500,115.41666666666667,0.3054699576165545,0.9143630017452008,30.54699576165545,91.43630017452008,42.55585888805784,33.69014460234356,4.284467713787086
1386,415800,115.5,0.42840425531914894,0.8928622087132726,42.840425531914896,89.28622087132726,42.53527102330294,33.67599290780142,6.587132725430598
1387,416100,115.58333333333333,0.3841959611069559,0.8841710296684119,38.41959611069559,88.41710296684118,42.5666542009474,33.700067314884066,7.392670157068062
1388,416400,115.66666666666667,0.32259915190820654,0.8905163382389624,32.25991519082066,89.05163382389624,42.5698204040908,33.7025093539536,5.47193813918683
1389,416700,115.75,0.25593368237347286,0.864831712789828,25.59336823734729,86.4831712789828,42.57353029169783,33.70554724507604,6.996260284218399
1390,417000,115.83333333333333,0.3187599800399202,0.9010878243512974,31.875998003992017,90.10878243512974,42.57327844311378,33.70448602794411,4.576347305389222
1391,417300,115.91666666666667,0.28029338014042127,0.8803510531594785,28.029338014042125,88.03510531594785,42.58582246740221,33.711797893681045,3.825225677031093
1392,417600,116.0,0.3075893080189857,0.885400949288034,30.75893080189857,88.5400949288034,42.58477641768673,33.71521358980765,4.971521358980764
1393,417900,116.08333333333333,0.31963110667996014,0.881296111665005,31.963110667996013,88.1296111665005,42.59288883349951,33.72171734795613,4.073030907278166
1394,418200,116.16666666666667,0.46756006006005996,0.9298698698698701,46.756006006006,92.986986986987,42.582675175175176,33.71102102102102,5.458958958958959
1395,418500,116.25,0.38901626646010845,0.8738626387813064,38.90162664601085,87.38626387813065,42.62813064807643,33.74891040537052,10.482055254324813
1396,418800,116.33333333333333,0.4730661672908864,0.8592933832709113,47.30661672908864,85.92933832709113,42.599478152309615,33.72518601747815,7.943570536828964
1397,419100,116.41666666666667,0.39739401496259363,0.8434139650872818,39.73940149625936,84.34139650872818,42.61001496259352,33.732990024937656,5.934663341645885
1398,419400,116.5,0.41147704590818374,0.8555663672654691,41.14770459081837,85.55663672654691,42.62804640718563,33.748378243512974,8.823353293413174
1399,419700,116.58333333333333,0.3761732401397903,0.8680579131303046,37.61732401397903,86.80579131303045,42.61867698452322,33.74221667498752,6.534697953070395
1400,420000,116.66666666666667,0.3128485906709903,0.8497156398104265,31.284859067099028,84.97156398104265,42.620027438263904,33.74072337241207,5.64754302818658
1401,420300,116.75,0.2947673836918459,0.8447198599299649,29.47673836918459,84.4719859929965,42.63469984992496,33.752996498249125,4.689844922461231
1402,420600,116.83333333333333,0.25975828557189135,0.8525766259656118,25.975828557189136,85.25766259656118,42.63516820333915,33.75290057313731,3.670321455270371
1403,420900,116.91666666666667,0.3073219658976931,0.8573671013039117,30.73219658976931,85.73671013039117,42.62432046138415,33.740025075225674,3.58876629889669
1404,421200,117.0,0.3494392523364486,0.8810128820409194,34.94392523364486,88.10128820409194,42.65419297802476,33.76368274816873,5.758272290982571
1405,421500,117.08333333333333,0.3343344965104686,0.8762612163509472,33.43344965104686,87.62612163509472,42.64823030907279,33.76281655034896,6.401545363908276
1406,421800,117.16666666666667,0.3728158484923997,0.8860428607027161,37.28158484923997,88.60428607027161,42.65461001744331,33.76768502367306,5.471966110142039
1407,422100,117.25,0.3769940179461615,0.8914307078763709,37.69940179461615,89.14307078763709,42.6646335992024,33.77434197407777,4.803589232303091
1408,422400,117.33333333333333,0.3907604088755921,0.8901296434804289,39.07604088755921,89.01296434804289,42.66284966342558,33.77358514086263,6.560209424083769
1409,422700,117.41666666666667,0.35849837864804196,0.8917660264405088,35.84983786480419,89.17660264405089,42.669094537291095,33.77926166126216,7.936393115490147
1410,423000,117.5,0.2797208374875374,0.8592771684945164,27.97208374875374,85.92771684945164,42.674586241276174,33.78449152542373,5.581256231306082
1411,423300,117.58333333333333,0.31414670658682636,0.8796831337325349,31.414670658682635,87.9683133732535,42.69137225548902,33.79557634730539,5.38373253493014
1412,423600,117.66666666666667,0.4542739315171208,0.8811222194451388,45.42739315171208,88.11222194451388,42.7133566608348,33.81707323169207,5.198200449887528
1413,423900,117.75,0.37329174409344307,0.8591664454473056,37.329174409344304,85.91664454473056,42.72572869657552,33.83094239447836,5.787894876559596
1414,424200,117.83333333333333,0.403512097779995,0.8706235969069592,40.3512097779995,87.06235969069593,42.6917111499127,33.792242454477424,8.172611623846345
1415,424500,117.91666666666667,0.4162135195809429,0.8784235470192069,41.62135195809429,87.84235470192068,42.70390122224994,33.803522075330505,5.555999002244949
1416,424800,118.0,0.39735147279081373,0.8743210184722916,39.735147279081374,87.43210184722916,42.71352970544184,33.808662006989515,6.941837244133799
1417,425100,118.08333333333333,0.4894655344655344,0.8972927072927073,48.946553446553445,89.72927072927072,42.7153071928072,33.80888361638361,6.282967032967033
1418,425400,118.16666666666667,0.3993988525816912,0.885492641556498,39.93988525816912,88.5492641556498,42.72600648540783,33.81481915689698,10.029932651534049
1419,425700,118.25,0.4514553170244633,0.9242311532700949,45.14553170244633,92.42311532700948,42.73481777333999,33.82067398901648,4.741887169246131
1420,426000,118.33333333333333,0.42512481278082875,0.8858287568647029,42.51248127808287,88.58287568647029,42.75035946080879,33.83228657014479,5.927858212680978
1421,426300,118.41666666666667,0.4769967572960838,0.9076502868545773,47.69967572960838,90.76502868545772,42.74538039411325,33.8243552007982,7.427787478174109
1422,426600,118.5,0.39322759315206446,0.8774974823766365,39.32275931520645,87.74974823766365,42.76053121852971,33.836953675730115,8.260825780463243
1423,426900,118.58333333333333,0.36828927680798,0.8815336658354114,36.828927680798,88.15336658354114,42.76326683291771,33.83711970074813,7.493266832917706
1424,427200,118.66666666666667,0.4167049425861208,0.8958936595107339,41.67049425861208,89.58936595107339,42.78390913629556,33.85385671492761,17.23389915127309
1425,427500,118.75,0.3219926969222744,0.8638367240479917,32.19926969222744,86.38367240479917,42.781220657277,33.852451747522174,5.418622848200313
1426,427800,118.83333333333333,0.4282813669244201,0.8850012471938139,42.82813669244201,88.50012471938139,42.78165876777251,33.84969319032178,10.455974058368673
1427,428100,118.91666666666667,0.46104,0.9129824999999999,46.104,91.29825,42.784815,33.8485275,12.2615
1428,428400,119.0,0.4564956195244055,0.8952415519399248,45.64956195244055,89.52415519399248,42.79076595744681,33.8502027534418,9.235544430538171
1429,428700,119.08333333333333,0.4152702702702703,0.8911136136136136,41.52702702702703,89.11136136136136,42.77846346346346,33.83843843843844,12.23098098098098
1430,429000,119.16666666666667,0.5076272455089821,0.9069785429141716,50.762724550898206,90.69785429141716,42.79976047904192,33.85614770459082,10.565618762475047
1431,429300,119.25,0.5504419475655431,0.9017677902621725,55.04419475655431,90.17677902621725,42.81920349563046,33.86952808988764,14.678901373283397
1432,429600,119.33333333333333,0.5259845077461268,0.8889855072463768,52.59845077461269,88.89855072463769,42.83344827586207,33.8827836081959,15.35207396301849
1433,429900,119.41666666666667,0.475901024743814,0.8775556110972257,47.5901024743814,87.75556110972256,42.82786303424144,33.87121969507623,12.035991002249435
1434,430200,119.5,0.3910205102551276,0.8635717858929465,39.10205102551276,86.35717858929465,42.8357903951976,33.88291395697849,7.283891945972987
1435,430500,119.58333333333333,0.4028100823558772,0.8753830796106813,40.28100823558772,87.53830796106813,42.84735962066384,33.88879960069878,7.253805839780385
1436,430800,119.66666666666667,0.4048511383537653,0.8800250187640731,40.48511383537653,88.00250187640731,42.851483612709536,33.892381786339755,9.390292719539657
1437,431100,119.75,0.4098429710867398,0.8750299102691925,40.98429710867398,87.50299102691925,42.864080259222334,33.90207128614157,6.467098703888335
1438,431400,119.83333333333333,0.3805658025922234,0.8680982053838484,38.056580259222336,86.80982053838484,42.86361415752742,33.90235044865404,5.350697906281156
1439,431700,119.91666666666667,0.497073049114934,0.8891099476439791,49.7073049114934,88.91099476439791,42.87044128646223,33.906088257292446,5.509598603839441
1440,432000,120.0,0.5275038090401218,0.8862468257998983,52.75038090401219,88.62468257998984,42.90223463687151,33.92865667851701,10.108176739461657
1441,432300,120.08333333333333,0.4370944430600548,0.8829404435584352,43.70944430600548,88.29404435584351,42.8869673560927,33.91583104909046,12.090456017941689
1442,432600,120.16666666666667,0.39858140114684615,0.8954574918972824,39.858140114684616,89.54574918972824,42.895402642732485,33.92369483919222,6.594365494889055
1443,432900,120.25,0.42563264287496877,0.8921786872972298,42.56326428749688,89.21786872972298,42.884796605939606,33.91624656850512,9.639381083104569
1444,433200,120.33333333333333,0.3613253612356751,0.8871126058794221,36.13253612356751,88.7112605879422,42.88715994020927,33.91665171898356,5.360488290981564
1445,433500,120.41666666666667,0.33836322869955154,0.8740458395615346,33.836322869955154,87.40458395615346,42.89610612855007,33.92271051320379,8.619581464872944
1446,433800,120.5,0.3056042860702716,0.8673162222775979,30.560428607027163,86.73162222775979,42.90126339396959,33.92633939695988,9.371293296785447
1447,434100,120.58333333333333,0.4855053656101822,0.9009308709757924,48.55053656101822,90.09308709757924,42.906234090341904,33.929371100573995,8.608934364861492
1448,434400,120.66666666666667,0.493216957605985,0.9100349127182044,49.3216957605985,91.00349127182044,42.90195261845386,33.92269077306733,10.602493765586036
1449,434700,120.75,0.524772670183371,0.9236799799045464,52.4772670183371,92.36799799045464,42.92619442351168,33.94337603617181,17.27907560914343
1450,435000,120.83333333333333,0.5873035669743077,0.9197630331753553,58.73035669743078,91.97630331753554,42.93165876777251,33.94174856572712,11.54801696183587
1451,435300,120.91666666666667,0.5806331006979063,0.9040079760717846,58.06331006979063,90.40079760717846,42.93767696909272,33.94755483549352,15.47283150548355
1452,435600,121.0,0.7546688491563838,0.9280130949383028,75.46688491563837,92.80130949383027,42.95556786703601,33.96333165449509,12.112062452782675
1453,435900,121.08333333333333,0.7517476938419346,0.9128995263026676,75.17476938419347,91.28995263026675,42.9529468960359,33.94896534530042,11.113936674146098
1454,436200,121.16666666666667,0.7077350960339237,0.8947069094537291,70.77350960339237,89.47069094537291,42.980124719381394,33.96434272886006,10.236717385881766
1455,436500,121.25,0.5816096830546544,0.8861991514849014,58.16096830546544,88.61991514849014,42.99103568754679,33.97013226853007,11.981282755178436
1456,436800,121.33333333333333,0.5756961077844311,0.8870134730538922,57.56961077844311,88.70134730538922,43.00789421157685,33.98187874251497,14.074600798403194
1457,437100,121.41666666666667,0.5728339980059821,0.8811091724825524,57.28339980059821,88.11091724825523,43.01263459621136,33.985398803589234,8.88160518444666
1458,437400,121.5,0.6459587317564167,0.8972873678912934,64.59587317564167,89.72873678912934,43.03251383995973,33.99951182687469,13.662556618017112
1459,437700,121.58333333333333,0.6101196410767696,0.9072607178464608,61.01196410767697,90.72607178464608,43.038050847457626,34.00258474576271,21.35667996011964
1460,438000,121.66666666666667,0.5618283861312048,0.8855749563482165,56.18283861312048,88.55749563482165,43.035066101272136,34.00273384884011,16.801945622349713
1461,438300,121.75,0.6032591295647824,0.8892596298149074,60.32591295647824,88.92596298149074,43.05152576288144,34.01623811905953,18.43096548274137
1462,438600,121.83333333333333,0.5780354468297554,0.889335996005991,57.803544682975534,88.9335996005991,43.05724663005491,34.017838242636046,20.697453819271093
1463,438900,121.91666666666667,0.6019710578842316,0.9091866267465071,60.19710578842315,90.9186626746507,43.060017465069855,34.01885978043912,15.689870259481038
1464,439200,122.0,0.5531346633416458,0.8806334164588528,55.31346633416459,88.06334164588529,43.06605735660848,34.02406483790524,14.776807980049876
1465,439500,122.08333333333333,0.5207926221335992,0.8736440677966101,52.07926221335992,87.36440677966101,43.07823529411765,34.033771186440674,12.76296111665005
1466,439800,122.16666666666667,0.5832793421380513,0.8907002242711188,58.327934213805136,89.07002242711188,43.088649389484175,34.04282332419636,14.89608771492649
1467,440100,122.25,0.6065323992994746,0.894365774330748,60.65323992994746,89.4365774330748,43.0986664998749,34.051163372529395,21.78934200650488
1468,440400,122.33333333333333,0.5349937671403641,0.9053353278484169,53.4993767140364,90.53353278484168,43.10824731987036,34.058399401645474,16.666666666666668
1469,440700,122.41666666666667,0.5088135593220339,0.8641924227318046,50.88135593220339,86.41924227318046,43.1163110667996,34.06245762711864,13.84172482552343
1470,441000,122.5,0.5519086826347306,0.8560528942115768,55.19086826347306,85.60528942115768,43.12589071856288,34.06945608782435,8.70558882235529
1471,441300,122.58333333333333,0.5363160518444666,0.8706804586241276,53.63160518444666,87.06804586241276,43.14058325024925,34.08479561316052,13.213359920239284
1472,441600,122.66666666666667,0.4118653366583541,0.8378354114713217,41.18653366583541,83.78354114713217,43.13083291770574,34.07919451371571,12.485286783042394
1473,441900,122.75,0.4295165711437827,0.8387017194119113,42.95165711437827,83.87017194119113,43.15128831298281,34.09538250685273,6.345377523050087
1474,442200,122.83333333333333,0.518428927680798,0.865216957605985,51.8428927680798,86.5216957605985,43.15140648379053,34.096324189526186,10.471571072319202
1475,442500,122.91666666666667,0.41754486540378866,0.8567123629112662,41.75448654037886,85.67123629112662,43.15799351944168,34.10406031904287,12.095463609172482
1476,442800,123.0,0.4820174781523096,0.8580174781523097,48.20174781523096,85.80174781523097,43.16073907615481,34.1009188514357,10.520099875156054
1477,443100,123.08333333333333,0.35667082605440475,0.8471200399301223,35.66708260544048,84.71200399301223,43.17318442725231,34.11277264786624,5.763164462191165
1478,443400,123.16666666666667,0.4251545363908275,0.8688908275174476,42.51545363908275,86.88908275174477,43.16547108673978,34.10733798604188,7.123878364905284
1479,443700,123.25,0.4500997755051135,0.8693464704415067,45.00997755051135,86.93464704415067,43.17398353704166,34.1147667747568,12.651284609628336
1480,444000,123.33333333333333,0.387834537752305,0.8576601046598554,38.7834537752305,85.76601046598554,43.17676052828308,34.117652628955895,14.969598803887369
1481,444300,123.41666666666667,0.5002543006731489,0.8627125405135877,50.025430067314886,86.27125405135877,43.18149837945649,34.12260533532785,16.030914983794563
1482,444600,123.5,0.4141641716566866,0.8643188622754491,41.41641716566866,86.43188622754491,43.178909680638725,34.12038672654691,14.455339321357286
1483,444900,123.58333333333333,0.4488104738154613,0.8638254364089775,44.88104738154613,86.38254364089775,43.18076059850375,34.124366583541146,11.064588528678303
1484,445200,123.66666666666667,0.384451918285999,0.8669506726457399,38.4451918285999,86.69506726457399,43.1876158445441,34.13077977080219,6.507473841554559
1485,445500,123.75,0.59155544278102,0.9013422989089064,59.155544278102006,90.13422989089064,43.18737376300432,34.12843948236488,7.345090078660238
1486,445800,123.83333333333333,0.42424582398404387,0.8512540513587633,42.42458239840439,85.12540513587633,43.196504612316126,34.140648217402145,6.451757666417352
1487,446100,123.91666666666667,0.4284926378837035,0.8595657599201398,42.84926378837035,85.95657599201398,43.2007511854255,34.142226104317444,7.402545545295732
1488,446400,124.0,0.5020933133732535,0.8935878243512974,50.20933133732535,89.35878243512974,43.21287175648703,34.14926646706587,10.991766467065869
1489,446700,124.08333333333333,0.4819206784734348,0.8760189573459715,48.19206784734348,87.60189573459715,43.221062609129454,34.15761785981542,9.41531554003492
1490,447000,124.16666666666667,0.5392782217782218,0.861928071928072,53.92782217782218,86.1928071928072,43.25827422577423,34.18441808191808,11.40884115884116
1491,447300,124.25,0.4927424582398405,0.8659137372226376,49.274245823984046,86.59137372226377,43.23525305410122,34.16935178259785,9.335826477187734
1492,447600,124.33333333333333,0.5018488023952096,0.8676921157684631,50.18488023952096,86.7692115768463,43.24870508982036,34.18147455089821,16.160928143712574
1493,447900,124.41666666666667,0.5066183816183816,0.8835589410589411,50.66183816183816,88.35589410589411,43.23797202797203,34.17144355644356,10.083416583416584
1494,448200,124.5,0.4403366583541147,0.8552119700748129,44.03366583541147,85.52119700748129,43.26402493765586,34.1949102244389,6.089775561097257
1495,448500,124.58333333333333,0.4276303317535545,0.8577849837864804,42.76303317535545,85.77849837864804,43.26154652032926,34.1970516338239,9.795460214517336
1496,448800,124.66666666666667,0.4161027568922306,0.8560927318295739,41.61027568922306,85.6092731829574,43.2477067669173,34.18844862155389,6.7325814536340856
1497,449100,124.75,0.4864350225790266,0.8722704465629704,48.64350225790266,87.22704465629704,43.26940291018565,34.20417461113899,5.719267436026091
1498,449400,124.83333333333333,0.3690206827809619,0.855267879391976,36.90206827809619,85.5267879391976,43.26533017692499,34.20285073511089,4.913281834039372
1499,449700,124.91666666666667,0.40728927680798,0.8685910224438902,40.728927680798,86.85910224438902,43.2776783042394,34.212783042394015,4.808229426433916
1500,450000,125.0,0.4167738718524059,0.8627274993767141,41.67738718524059,86.2727499376714,43.28393168785839,34.21849414111195,6.784841685365246
1501,450300,125.08333333333333,0.3815777666999003,0.8559820538384845,38.15777666999003,85.59820538384845,43.28302342971087,34.22096959122632,6.044616151545364
1502,450600,125.16666666666667,0.44256665836032894,0.8696959880388736,44.256665836032894,86.96959880388737,43.28684276102666,34.22338400199352,5.360578121106404
1503,450900,125.25,0.4189080029917727,0.8579281974569933,41.89080029917727,85.79281974569933,43.30587883320868,34.23979556220394,7.0633258539017705
1504,451200,125.33333333333333,0.3775155743832544,0.8589160229254921,37.75155743832544,85.89160229254921,43.3103015200598,34.24343633192126,8.862945427361076
1505,451500,125.41666666666667,0.5575641984542508,0.9047519321864873,55.75641984542508,90.47519321864873,43.31062079281975,34.24627274993767,18.352031912241337
1506,451800,125.5,0.44409623535277987,0.8910022438294689,44.40962353527799,89.10022438294689,43.32292944402892,34.258180004986286,12.073797058090252
1507,452100,125.58333333333333,0.4014862842892768,0.8799002493765586,40.14862842892768,87.99002493765586,43.3256608478803,34.259698254364096,5.943391521197007
1508,452400,125.66666666666667,0.3896307385229541,0.8764995009980039,38.96307385229541,87.64995009980039,43.32971307385229,34.263672654690616,5.327844311377246
1509,452700,125.75,0.37023684866616796,0.8692021939665919,37.0236848666168,86.92021939665919,43.33815008726004,34.27242084268262,4.588631264023935
1510,453000,125.83333333333333,0.4715233108950387,0.8669434056345051,47.15233108950387,86.69434056345051,43.33438045375218,34.27193966591872,3.893044128646223
1511,453300,125.91666666666667,0.40870324189526186,0.8775062344139651,40.87032418952619,87.75062344139651,43.35003241895262,34.28582543640898,3.901496259351621
1512,453600,126.0,0.4258966033966034,0.8765034965034966,42.58966033966034,87.65034965034965,43.348244255744255,34.28155844155844,5.837912087912088
1513,453900,126.08333333333333,0.442602842183994,0.8746646721515832,44.2602842183994,87.46646721515832,43.3505684367988,34.2895462478185,4.767888307155323
1514,454200,126.16666666666667,0.4409095439820583,0.871253426364316,44.09095439820583,87.1253426364316,43.36479691004236,34.300794916521305,8.374283578370296
1515,454500,126.25,0.43888944977284194,0.8701867743563857,43.8889449772842,87.01867743563857,43.34444220090863,34.283399798081774,5.487380111055023
1516,454800,126.33333333333333,0.3856394913986537,0.8625704313138869,38.56394913986537,86.25704313138868,43.37250560957367,34.30956369982548,9.61780104712042
1517,455100,126.41666666666667,0.41439730471674574,0.8616321437484402,41.43973047167457,86.16321437484402,43.38000748689793,34.31602196156725,7.434240079860245
1518,455400,126.5,0.3939173178724477,0.8666422989664734,39.39173178724477,86.66422989664734,43.41493571968742,34.35371313335013,10.19359717670784
1519,455700,126.58333333333333,0.44769403543798353,0.8856426254055403,44.769403543798354,88.56426254055403,43.40625904666833,34.34175692538059,5.917893686049413
1520,456000,126.66666666666667,0.4051122194513716,0.8837830423940151,40.51122194513716,88.3783042394015,43.392359102244384,34.33090773067332,5.685536159600997
1521,456300,126.75,0.40481518481518486,0.8712562437562437,40.481518481518485,87.12562437562437,43.390584415584414,34.33083666333667,5.738511488511488
1522,456600,126.83333333333333,0.362056401297729,0.8785475418018467,36.205640129772895,87.85475418018467,43.39744197654105,34.336728225605185,4.249563264287497
1523,456900,126.91666666666667,0.44598703888335,0.901121635094716,44.598703888335,90.1121635094716,43.4096186440678,34.34965603190429,3.700398803589232
1524,457200,127.0,0.46926286856571714,0.881864067966017,46.926286856571714,88.1864067966017,43.40998750624687,34.35083208395802,8.897051474262868
1525,457500,127.08333333333333,0.45604593110334496,0.8670818771842237,45.6045931103345,86.70818771842237,43.42215676485272,34.363255117324016,4.329755366949576
1526,457800,127.16666666666667,0.5176441227851261,0.892515597704018,51.7644122785126,89.2515597704018,43.42159720489144,34.36249064137759,9.644621911654603
1527,458100,127.25,0.3983395661929693,0.8648666168037896,39.83395661929693,86.48666168037896,43.42875592121665,34.36983295936175,4.988531538269759
1528,458400,127.33333333333333,0.34881237524950104,0.8600249500998004,34.8812375249501,86.00249500998004,43.43134730538922,34.36931886227545,4.2437624750499
1529,458700,127.41666666666667,0.3252354846748069,0.8542362322452032,32.52354846748069,85.42362322452031,43.437376027909295,34.378215798654374,4.215051083977074
1530,459000,127.5,0.3966833042176192,0.8810831045670078,39.66833042176192,88.10831045670078,43.44839780384328,34.39195657599202,7.319191415023709
1531,459300,127.58333333333333,0.36570965328011973,0.8696133699176852,36.57096532801197,86.96133699176852,43.45829882763782,34.40052631578947,6.452731354452482
1532,459600,127.66666666666667,0.3817315369261477,0.87812624750499,38.17315369261477,87.812624750499,43.471589321357285,34.41018463073852,8.6499500998004
1533,459900,127.75,0.38022982762927804,0.8915113664751436,38.0229827629278,89.15113664751436,43.46987509367974,34.40905570821884,6.261553834624032
1534,460200,127.83333333333333,0.333619356447992,0.8710501371913195,33.3619356447992,87.10501371913195,43.47244699426291,34.41338987278623,3.8820154652032928
1535,460500,127.91666666666667,0.32518943170488535,0.8842447657028913,32.518943170488534,88.42447657028913,43.47663509471585,34.4179037886341,5.0667996011964105
1536,460800,128.0,0.42662587412587416,0.9010014985014984,42.66258741258741,90.10014985014983,43.46545704295704,34.40876123876124,4.740259740259741
1537,461100,128.08333333333334,0.41597807126837777,0.9055170695240469,41.59780712683778,90.55170695240469,43.481285821081485,34.42348367804635,6.134562671318216
1538,461400,128.16666666666666,0.52780384327427,0.8960643873221862,52.780384327427,89.60643873221862,43.47961816820564,34.423960569004244,7.954579485899676
1539,461700,128.25,0.34498232323232325,0.8906136363636363,34.49823232323232,89.06136363636364,43.54436868686869,34.46741414141414,5.458080808080808
1540,462000,128.33333333333334,0.36902445109780435,0.8960479041916167,36.90244510978044,89.60479041916167,43.48414920159681,34.42792664670659,5.998003992015968
1541,462300,128.41666666666666,0.382148554336989,0.8886814556331006,38.2148554336989,88.86814556331007,43.48453389830509,34.43332751744766,6.543868394815553
1542,462600,128.5,0.3060578121106404,0.873084973835036,30.60578121106404,87.3084973835036,43.49467979068029,34.440914527784706,4.192623972090705
1543,462900,128.58333333333334,0.3188279301745636,0.8743815461346633,31.88279301745636,87.43815461346634,43.4848229426434,34.43059351620948,3.758852867830424
1544,463200,128.66666666666666,0.315259222333001,0.8762637088733798,31.5259222333001,87.62637088733798,43.49930458624127,34.4444965104686,4.136340977068794
1545,463500,128.75,0.3299162436548223,0.8839746192893401,32.99162436548223,88.397461928934,43.49039086294417,34.44391370558375,5.050253807106599
1546,463800,128.83333333333334,0.30700249376558597,0.8792743142144639,30.7002493765586,87.92743142144639,43.50609975062344,34.45104987531172,5.423690773067332
1547,464100,128.91666666666666,0.3568061783756851,0.8967164922770304,35.68061783756851,89.67164922770304,43.512610861983056,34.45920029895367,4.590184354758346
1548,464400,129.0,0.3480782652043868,0.8900324027916251,34.80782652043868,89.00324027916251,43.51645314057827,34.4647333000997,6.73604187437687
1549,464700,129.08333333333334,0.34070109780439123,0.8855214570858283,34.070109780439125,88.55214570858283,43.51851546906188,34.46551147704591,4.766467065868263
1550,465000,129.16666666666666,0.37067648527209185,0.888866699950075,37.06764852720919,88.8866699950075,43.52793559660509,34.47247129306041,6.109335996005991
1551,465300,129.25,0.31735698226330256,0.8833899575318511,31.735698226330253,88.33899575318512,43.51994004496628,34.4705271046715,4.69273045216088
1552,465600,129.33333333333334,0.3124302093718844,0.8876769690927219,31.24302093718844,88.76769690927219,43.53388085742772,34.48083998005982,4.35443668993021
1553,465900,129.41666666666666,0.3976702419555999,0.91423297580444,39.76702419555999,91.423297580444,43.528283861312055,34.47725118483412,7.409578448490896
1554,466200,129.5,0.30466982307500623,0.8821156242212809,30.466982307500626,88.21156242212808,43.538891103912285,34.485786194866684,5.834288562172938
1555,466500,129.58333333333334,0.2846560319042872,0.8756929212362912,28.46560319042872,87.56929212362911,43.54142073778664,34.488526919242275,6.849700897308076
1556,466800,129.66666666666666,0.3069486027944112,0.8731012974051896,30.69486027944112,87.31012974051896,43.5479865269461,34.49431137724551,4.002744510978044
1557,467100,129.75,0.2797531172069825,0.8865486284289277,27.97531172069825,88.65486284289277,43.55070573566084,34.49952867830424,3.785037406483791
1558,467400,129.83333333333334,0.2859481684525293,0.8959506603538501,28.59481684525293,89.595066035385,43.55558933466234,34.50316222277598,4.808123598305508
1559,467700,129.91666666666666,0.37035402642732485,0.9171877337322364,37.035402642732485,91.71877337322364,43.55908002991772,34.507392171528295,3.958115183246073
1560,468000,130.0,0.32340648379052367,0.8977057356608479,32.34064837905237,89.77057356608479,43.56012718204489,34.507077306733166,4.6428927680798
1561,468300,130.08333333333334,0.3439985033674233,0.8829807932152657,34.39985033674233,88.29807932152657,43.57153404839112,34.52023946121228,7.873783986031429
1562,468600,130.16666666666666,0.3702970544183725,0.8917224163754368,37.02970544183725,89.17224163754368,43.5564303544683,34.50823265102347,6.378182725911134
1563,468900,130.25,0.4313476416271525,0.898744696780634,43.13476416271525,89.87446967806339,43.57058647367108,34.52157723983029,5.141252807586723
1564,469200,130.33333333333334,0.26849263788370353,0.8697853755927127,26.84926378837035,86.97853755927127,43.57885200898428,34.52928375343149,4.364861492388321
1565,469500,130.41666666666666,0.2981943056943057,0.8764385614385614,29.81943056943057,87.64385614385614,43.580359640359646,34.5307967032967,5.889360639360639
1566,469800,130.5,0.3486473671075618,0.892315947092588,34.864736710756176,89.2315947092588,43.58898926877964,34.53631894185176,4.80658847017719
1567,470100,130.58333333333334,0.2957039621231,0.8808721654622477,29.57039621231,88.08721654622477,43.59439322202841,34.541116371791674,5.824819337154248
1568,470400,130.66666666666666,0.316595160888002,0.9025193315041156,31.6595160888002,90.25193315041156,43.6096682464455,34.55278124220504,5.911698677974557
1569,470700,130.75,0.3006142322097378,0.9067940074906368,30.061423220973783,90.67940074906367,43.59277652933833,34.5372734082397,4.730337078651686
1570,471000,130.83333333333334,0.2902397602397602,0.8902147852147853,29.023976023976022,89.02147852147853,43.616605894105895,34.55592157842158,4.166333666333666
1571,471300,130.91666666666666,0.3057652043868394,0.8789456630109672,30.576520438683943,87.89456630109672,43.62309322033899,34.56569042871386,4.65727816550349
1572,471600,131.0,0.33596657520578693,0.8939486156148665,33.596657520578695,89.39486156148665,43.61346969319032,34.5601346969319,5.095535046146171
1573,471900,131.08333333333334,0.3042304814168122,0.8880593664255426,30.423048141681218,88.80593664255426,43.61156896981791,34.56148166625094,4.246944375155899
1574,472200,131.16666666666666,0.3806541822721598,0.8987965043695381,38.06541822721598,89.87965043695381,43.6223670411985,34.56849687890137,5.2916354556804
1575,472500,131.25,0.3073697332336076,0.8725729244577413,30.73697332336076,87.25729244577413,43.62550236848666,34.56956619296933,4.796808775866367
1576,472800,131.33333333333334,0.2739406779661017,0.8729062811565304,27.39406779661017,87.29062811565304,43.63464855433698,34.577701894317045,5.587487537387837
1577,473100,131.41666666666666,0.3099725754176016,0.8806831214161057,30.99725754176016,88.06831214161058,43.64056095736724,34.58283470456245,5.1642981800049865
1578,473400,131.5,0.31367441860465123,0.8785426356589148,31.36744186046512,87.85426356589147,43.60221447028424,34.53459948320413,6.086821705426357
1579,473700,131.58333333333334,0.30645651632195364,0.8917418390231746,30.645651632195364,89.17418390231747,43.64548218290556,34.58706454024421,4.458011462746075
1580,474000,131.66666666666666,0.3074819247070556,0.8915781600598355,30.74819247070556,89.15781600598355,43.64819247070556,34.58944652206432,3.825230615806532
1581,474300,131.75,0.3179885200898428,0.900436735712503,31.79885200898428,90.04367357125031,43.648894434739205,34.58309957574245,3.9940104816571
1582,474600,131.83333333333334,0.2989266100848727,0.8930803794308537,29.89266100848727,89.30803794308537,43.6658886669995,34.60427358961558,4.790813779331003
1583,474900,131.91666666666666,0.2899326851159312,0.8817925704313139,28.99326851159312,88.17925704313139,43.65547245076041,34.59691847419596,3.725006232859636
1584,475200,132.0,0.30830546543548787,0.8908110806089344,30.830546543548788,89.08110806089344,43.65843523833292,34.6015423009733,4.080359371100574
1585,475500,132.08333333333334,0.27882763781491643,0.8891918184085807,27.882763781491644,88.91918184085807,43.66561985532552,34.606580194562234,4.619605886754802
1586,475800,132.16666666666666,0.3344552480678135,0.887322363500374,33.44552480678135,88.7322363500374,43.67012964348043,34.61231114435303,4.832959361755173
1587,476100,132.25,0.2722870067856245,0.8795576778084946,27.22870067856245,87.95576778084946,43.69264639356622,34.63550138225685,3.611962804724805
1588,476400,132.33333333333334,0.2509452363090773,0.8804151037759439,25.094523630907727,88.04151037759439,43.69900725181295,34.64008252063016,3.474118529632408
1589,476700,132.41666666666666,0.2720380095023756,0.8856239059764941,27.20380095023756,88.56239059764941,43.692765691422856,34.63247311827957,4.288822205551388
1590,477000,132.5,0.28962334746819657,0.8834447493140434,28.962334746819657,88.34447493140433,43.67525068595659,34.61945123472188,5.780244449987528
1591,477300,132.58333333333334,0.3358250249252243,0.888018444666002,33.58250249252243,88.8018444666002,43.68874127617149,34.629705882352944,5.042123629112662
1592,477600,132.66666666666666,0.2772369077306733,0.8988503740648379,27.72369077306733,89.88503740648379,43.68933416458853,34.63013216957606,4.636658354114713
1593,477900,132.75,0.38965926299848563,0.9188894497728419,38.96592629984856,91.8889449772842,43.69093387178193,34.63188793538617,5.459616355376073
1594,478200,132.83333333333334,0.37882264903966084,0.8885033674232976,37.88226490396608,88.85033674232976,43.70026440508855,34.6392915939137,4.446744824145672
1595,478500,132.91666666666666,0.37557189135310237,0.8843683030152006,37.55718913531024,88.43683030152006,43.705123349115375,34.64479940194368,3.907550461001744
1596,478800,133.0,0.2724119850187266,0.8815655430711611,27.24119850187266,88.15655430711611,43.71150312109863,34.64995755305868,4.876404494382022
1597,479100,133.08333333333334,0.24152309612983772,0.8750986267166043,24.15230961298377,87.50986267166043,43.71168039950062,34.654312109862666,4.354057428214731
1598,479400,133.16666666666666,0.29040388930441285,0.8861156818748442,29.040388930441285,88.61156818748442,43.71681874844179,34.65649713288457,4.257541760159561
1599,479700,133.25,0.2533007273639328,0.8805141710559318,25.33007273639328,88.05141710559317,43.70555555555556,34.64985703536494,4.360922999749185
1600,480000,133.33333333333334,0.28430389221556884,0.886437125748503,28.430389221556887,88.6437125748503,43.73557884231537,34.674418662674654,4.085329341317365
1601,480300,133.41666666666666,0.2574825174825175,0.880949050949051,25.748251748251747,88.0949050949051,43.72143356643357,34.66292207792208,3.765734265734266
1602,480600,133.5,0.24393266832917707,0.876932668329177,24.393266832917707,87.6932668329177,43.730798004987534,34.67108728179551,4.118703241895262
1603,480900,133.58333333333334,0.27070289132602193,0.886622632103689,27.070289132602195,88.66226321036889,43.734384346959125,34.674910269192424,4.111914257228315
1604,481200,133.66666666666666,0.26736159600997506,0.9058428927680798,26.736159600997507,90.58428927680798,43.737496259351616,34.6777157107232,3.913715710723192
1605,481500,133.75,0.3113226853007237,0.8885425505365611,31.132268530072373,88.8542550536561,43.74513351634639,34.68992762665336,3.9735462939855255
1606,481800,133.83333333333334,0.27439182452642075,0.8999351944167497,27.439182452642072,89.99351944167498,43.7519516450648,34.69224576271186,4.238035892323031
1607,482100,133.91666666666666,0.2460863058119232,0.8985407832377151,24.60863058119232,89.85407832377152,43.747972062858565,34.68722624095784,3.7787478174108258
1608,482400,134.0,0.27313052259530424,0.8994370108558445,27.313052259530423,89.94370108558445,43.75418076243373,34.696167634435746,6.329209795506185
1609,482700,134.08333333333334,0.3560393818544367,0.8979885343968096,35.60393818544367,89.79885343968095,43.75877367896312,34.700012462612165,4.4573778664007975
1610,483000,134.16666666666666,0.29603839441535773,0.8881874844178509,29.603839441535776,88.81874844178509,43.76485415108451,34.704111194215905,3.831712789827973
1611,483300,134.25,0.2989262418464626,0.9047767185148018,29.892624184646262,90.47767185148018,43.75712493728048,34.695863020572,5.563723030607125
1612,483600,134.33333333333334,0.275573566084788,0.8914613466334164,27.5573566084788,89.14613466334164,43.77322443890274,34.713977556109725,3.9251870324189526
1613,483900,134.41666666666666,0.27649463974071303,0.8856295188232362,27.649463974071303,88.56295188232362,43.77487409623535,34.71592869608576,4.470705559710796
1614,484200,134.5,0.32854963740935234,0.8971717929482371,32.85496374093523,89.71717929482371,43.77373343335834,34.71589397349337,5.477369342335584
1615,484500,134.58333333333334,0.26457314028956563,0.8994782825761358,26.457314028956564,89.94782825761358,43.77873190214678,34.71820019970045,3.926610084872691
1616,484800,134.66666666666666,0.25518222666001,0.8947553669495757,25.518222666001,89.47553669495757,43.78839990014977,34.72467548676984,3.9860209685471792
1617,485100,134.75,0.33712468827930175,0.909441396508728,33.712468827930174,90.9441396508728,43.79112718204489,34.729817955112225,4.245885286783042
1618,485400,134.83333333333334,0.2803941132451983,0.9099102020453977,28.03941132451983,90.99102020453978,43.802524320279375,34.73885507607883,5.093290097281118
1619,485700,134.91666666666666,0.2866150773839241,0.8931377933100348,28.66150773839241,89.31377933100349,43.79690464303545,34.7351347978033,4.30828756864703
1620,486000,135.0,0.28325961296808244,0.8987861271676301,28.325961296808245,89.878612716763,43.7675521487811,34.70894948479518,4.821563206835888
1621,486300,135.08333333333334,0.2874931404340234,0.9042080319281617,28.749314043402343,90.42080319281617,43.80266650037416,34.74083811424295,5.040409079570965
1622,486600,135.16666666666666,0.2823654037886341,0.896011964107677,28.23654037886341,89.6011964107677,43.82308075772682,34.75929710867398,4.7151046859421735
1623,486900,135.25,0.2988832871187295,0.8970607511973783,29.88832871187295,89.70607511973783,43.80771615830602,34.75091252835896,6.81094025712125
1624,487200,135.33333333333334,0.2541142714570858,0.8916167664670658,25.411427145708583,89.16167664670658,43.81207085828344,34.749271457085825,4.6187624750499
1625,487500,135.41666666666666,0.32640059865303067,0.896273384884011,32.640059865303066,89.6273384884011,43.8215589922674,34.761254676976804,5.893739087054128
1626,487800,135.5,0.2894864123659935,0.905679381700324,28.94864123659935,90.5679381700324,43.829192221391175,34.767150336574424,4.668411867364747
1627,488100,135.58333333333334,0.2966342800199302,0.9054434479322372,29.663428001993022,90.54434479322371,43.83238166417539,34.770226706527154,5.565271549576482
1628,488400,135.66666666666666,0.26867863375716783,0.9025205684367988,26.86786337571678,90.25205684367988,43.842321116928446,34.77927948142608,4.511343804537522
1629,488700,135.75,0.2846469704556836,0.9115072608913369,28.46469704556836,91.1507260891337,43.83604656985479,34.77763895843766,4.472458688032048
1630,489000,135.83333333333334,0.23498502246630054,0.8898102845731403,23.498502246630053,88.98102845731403,43.85128806789815,34.78973789316026,4.026210683974039
1631,489300,135.91666666666666,0.32931920199501247,0.8893690773067331,32.93192019950125,88.93690773067331,43.84100748129676,34.78065586034913,4.123940149625935
1632,489600,136.0,0.3439935226706527,0.8963602391629297,34.39935226706527,89.63602391629297,43.85046088689587,34.788380667663176,6.598654708520179
1633,489900,136.08333333333334,0.27223966118584964,0.8895391131041356,27.22396611858496,88.95391131041356,43.85413054309915,34.79251370204285,5.168908819133034
1634,490200,136.16666666666666,0.3945225629518824,0.9080428820742956,39.45225629518824,90.80428820742956,43.856150585888805,34.79456743954126,4.669658439291947
1635,490500,136.25,0.28910034602076123,0.8965956880489752,28.910034602076124,89.65956880489752,43.87040457812084,34.81815544317274,6.147458078253926
1636,490800,136.33333333333334,0.2621161515453639,0.8914780658025923,26.21161515453639,89.14780658025923,43.86530658025922,34.80190677966102,5.060319042871386
1637,491100,136.41666666666666,0.3063799551234106,0.9038219895287958,30.63799551234106,90.38219895287958,43.86899526302668,34.80450261780104,4.6290201944652205
1638,491400,136.5,0.2993597409068261,0.909357249626308,29.93597409068261,90.9357249626308,43.87746885899352,34.812022919780766,4.974838066766318
1639,491700,136.58333333333334,0.2948851148851149,0.8941608391608392,29.488511488511488,89.41608391608392,43.89612637362637,34.8276948051948,5.302947052947053
1640,492000,136.66666666666666,0.2597532402791625,0.902123629112662,25.97532402791625,90.2123629112662,43.89571535393818,34.82626620139582,4.470588235294118
1641,492300,136.75,0.3493917891535732,0.9063482007095791,34.939178915357324,90.63482007095791,43.8805651292448,34.811951343132286,4.701216421692854
1642,492600,136.83333333333334,0.2969704556835253,0.9117701552328492,29.69704556835253,91.17701552328492,43.88408612919379,34.81151727591387,4.843014521782674
1643,492900,136.91666666666666,0.2755802345894684,0.8916620913401547,27.55802345894684,89.16620913401547,43.89622660344397,34.82685051160469,4.162216121786873
1644,493200,137.0,0.3411913086913087,0.9070804195804196,34.11913086913087,90.70804195804196,43.90737762237762,34.83667832167832,8.761738261738262
1645,493500,137.08333333333334,0.34036621823617336,0.9029995017438963,34.03662182361734,90.29995017438964,43.91119332336821,34.83845789735924,6.725211758844046
1646,493800,137.16666666666666,0.2678626716604245,0.8989737827715356,26.78626716604245,89.89737827715356,43.90718102372036,34.83707116104869,5.353308364544319
1647,494100,137.25,0.2821253746253747,0.9035564435564436,28.212537462537465,90.35564435564436,43.92090909090909,34.850479520479524,5.163836163836164
1648,494400,137.33333333333334,0.31689680957128613,0.9078963110667996,31.689680957128616,90.78963110667996,43.92503738783649,34.84985792622134,5.307328015952144
1649,494700,137.41666666666666,0.3418050361505859,0.902166542009474,34.18050361505859,90.2166542009474,43.92722513089005,34.85174270755422,5.412365993517826
1650,495000,137.5,0.2801450725362681,0.8923286643321662,28.01450725362681,89.23286643321661,43.9527763881941,34.87503251625813,5.250875437718859
1651,495300,137.58333333333334,0.3123498629454274,0.904443060054822,31.234986294542736,90.4443060054822,43.93866932469474,34.863007724894096,6.001993521056567
1652,495600,137.66666666666666,0.2671892161757364,0.8998277583624563,26.71892161757364,89.98277583624564,43.94830254618073,34.87208686969545,4.26610084872691
1653,495900,137.75,0.2907210578842315,0.8948403193612775,29.072105788423155,89.48403193612775,43.94045658682635,34.86917165668663,4.807884231536926
1654,496200,137.83333333333334,0.25498131074009467,0.9040244206329427,25.498131074009468,90.40244206329427,43.95777971592325,34.88108397707451,4.263144779466733
1655,496500,137.91666666666666,0.2727130044843049,0.9030891878425513,27.27130044843049,90.30891878425513,43.938858993522665,34.867376681614346,4.57299451918286
1656,496800,138.0,0.2936608478802993,0.908783042394015,29.366084788029927,90.8783042394015,43.96377556109726,34.886902743142144,7.244389027431421
1657,497100,138.08333333333334,0.27474470734744705,0.9018605230386052,27.474470734744703,90.18605230386052,43.95023661270237,34.876206724782065,6.217185554171856
1658,497400,138.16666666666666,0.24650785732102767,0.8991593913694189,24.65078573210277,89.91593913694189,43.98022948366176,34.89867548016962,4.862559241706161
1659,497700,138.25,0.2399898682877406,0.9011626139817628,23.99898682877406,90.11626139817628,43.92492907801418,34.851426038500506,4.341438703140831
1660,498000,138.33333333333334,0.2650848726909636,0.8970843734398403,26.50848726909636,89.70843734398403,43.984852720918624,34.905946080878685,4.416375436844733
1661,498300,138.41666666666666,0.2800923384077864,0.9084202645370599,28.00923384077864,90.842026453706,43.97782630396805,34.9032243573746,4.819815323184427
1662,498600,138.5,0.25459602315630503,0.9088044299018374,25.459602315630505,90.88044299018374,43.99861565567581,34.91808205386358,7.1915429146740495
1663,498900,138.58333333333334,0.2399700449326011,0.8994233649525711,23.99700449326011,89.94233649525711,43.981295556665,34.90562156764853,5.31527708437344
1664,499200,138.66666666666666,0.2391525423728813,0.9092647058823528,23.91525423728813,90.92647058823528,43.98855433698903,34.90873629112662,4.702392821535394
1665,499500,138.75,0.28249875311720696,0.9143491271820449,28.249875311720697,91.43491271820449,43.98281047381546,34.90542643391522,9.356857855361596
1666,499800,138.83333333333334,0.28198353293413175,0.9152345309381238,28.198353293413174,91.52345309381238,44.00350299401198,34.924089321357286,5.273453093812376
1667,500100,138.91666666666666,0.3518692288495134,0.9119990017469428,35.186922884951336,91.19990017469428,43.99270277015224,34.914050411779385,5.039430995757424
1668,500400,139.0,0.2602969061876248,0.9130339321357286,26.02969061876248,91.30339321357286,44.00431886227545,34.926506986027945,4.041666666666667
1669,500700,139.08333333333334,0.3761957064403395,0.9127983025461808,37.61957064403395,91.27983025461808,43.998479780329504,34.92026959560659,7.490763854218672
1670,501000,139.16666666666666,0.40798552171742386,0.9076485272091864,40.79855217174239,90.76485272091864,44.00765851223165,34.927471293060414,6.245881178232651
1671,501300,139.25,0.48615557217651456,0.9211069558713538,48.61555721765146,92.11069558713538,44.008357018199945,34.93080777860882,10.838693592620292
1672,501600,139.33333333333334,0.357450784948916,0.884186394218789,35.7450784948916,88.4186394218789,44.01764266135061,34.937096934961374,5.207575380014951
1673,501900,139.41666666666666,0.32253177174183906,0.8825541988537253,32.253177174183904,88.25541988537253,44.02327934213805,34.940939446797906,4.631696984799402
1674,502200,139.5,0.303559491144924,0.8443726615115988,30.3559491144924,84.43726615115989,44.02832876028935,34.94480917934647,5.0124719381391865
1675,502500,139.58333333333334,0.4822651383005233,0.8842885621729379,48.22651383005233,88.4288562172938,44.02515325193122,34.94481186145028,7.725641664590082
1676,502800,139.66666666666666,0.39727908137793305,0.8725636545182226,39.72790813779331,87.25636545182226,44.03243135297055,34.94960559161258,12.118072890664005
1677,503100,139.75,0.3368461730241835,0.8515781600598354,33.68461730241835,85.15781600598355,44.03734230865121,34.95440787833458,7.37521815008726
1678,503400,139.83333333333334,0.38504735792622136,0.8791126620139582,38.504735792622135,87.91126620139582,44.05603439680957,34.96637337986042,10.159272183449652
1679,503700,139.91666666666666,0.3113201402805611,0.8662975951903807,31.132014028056112,86.62975951903807,44.24614228456914,35.117520040080166,4.263276553106213
1680,504000,140.0,0.367338893100834,0.8912888551933282,36.7338893100834,89.12888551933283,44.64393732625727,35.42987111448067,8.653778114733385
1681,504300,140.08333333333334,0.454520202020202,0.9208055555555557,45.4520202020202,92.08055555555556,44.65525505050505,35.43930555555556,8.188636363636364
1682,504600,140.16666666666666,0.43438131313131323,0.8761717171717172,43.43813131313132,87.61717171717171,44.63168939393939,35.42205555555555,6.262121212121212
1683,504900,140.25,0.3209957254211717,0.78264269549912,32.09957254211717,78.264269549912,44.33987427709329,35.18606235856173,9.794065878803115
1684,505200,140.33333333333334,0.486956740442656,0.8055331991951711,48.6956740442656,80.55331991951711,44.47882293762575,35.299715794768616,7.577213279678069
1685,505500,140.41666666666666,0.38801517067003793,0.8226396965865992,38.80151706700379,82.26396965865992,44.65358280657396,35.43994690265487,6.280404551201012
1686,505800,140.5,0.34159716957290875,0.8206191559262068,34.159716957290875,82.06191559262068,44.66554460449836,35.44616376042456,12.989385898407884
1687,506100,140.58333333333334,0.41921930267812024,0.8528069732187974,41.92193026781202,85.28069732187974,44.68306720565942,35.459244567963616,9.439363314805457
1688,506400,140.66666666666666,0.4028892821031345,0.8613523761375126,40.28892821031345,86.13523761375126,44.69723458038423,35.47054347826087,8.243174924165825
1689,506700,140.75,0.40989033409844416,0.848355011476664,40.98903340984442,84.8355011476664,44.65572813057893,35.442415200204024,8.904616169344555
1690,507000,140.83333333333334,0.42856204195097297,0.847983320697498,42.8562041950973,84.7983320697498,44.60789739701794,35.39605256507455,6.57720495324741
1691,507300,140.91666666666666,0.3867406659939455,0.8404566094853684,38.67406659939455,84.04566094853683,44.5952522704339,35.38468213925328,5.622351160443996
1692,507600,141.0,0.43456472369417104,0.8719303557910674,43.45647236941711,87.19303557910673,44.61835225839011,35.39984102952309,7.627050214483977
1693,507900,141.08333333333334,0.4328862606945143,0.8703195772521388,43.28862606945143,87.03195772521389,44.54596124811273,35.3437141419225,7.55737292400604
1694,508200,141.16666666666666,0.4100552902739382,0.8567831113345062,41.00552902739382,85.67831113345062,44.41267906509173,35.23389796431264,8.955516461422468
1695,508500,141.25,0.39591785624843484,0.8380591034310042,39.59178562484348,83.80591034310042,44.35074881041823,35.19112697220135,8.774355121462559
1696,508800,141.33333333333334,0.4536445556946183,0.8437346683354192,45.36445556946183,84.37346683354193,44.357982478097625,35.19515394242804,7.648560700876095
1697,509100,141.41666666666666,0.4553346703434445,0.851436450238155,45.53346703434445,85.1436450238155,44.36046126848834,35.195126598144896,7.576084231637002
1698,509400,141.5,0.33486967418546365,0.8422380952380952,33.486967418546364,84.22380952380952,44.372280701754384,35.20749624060151,5.159899749373434
1699,509700,141.58333333333334,0.4131154520410719,0.8452191334835963,41.31154520410719,84.52191334835963,44.37294515401954,35.20342599549211,9.256198347107436
1700,510000,141.66666666666666,0.3000250501002004,0.8363251503006012,30.00250501002004,83.63251503006012,44.39005260521042,35.217374749499,6.050851703406813
1701,510300,141.75,0.3186842105263158,0.8433508771929824,31.86842105263158,84.33508771929824,44.39035588972431,35.218293233082704,4.637844611528822
1702,510600,141.83333333333334,0.31895660897918243,0.8453975420115376,31.89566089791824,84.53975420115376,44.383576624028095,35.21106345623276,5.880611988964134
1703,510900,141.91666666666666,0.4261948897795591,0.8729659318637275,42.61948897795591,87.29659318637275,44.39531563126253,35.219501503006015,8.114478957915832
1704,511200,142.0,0.4147878483555109,0.8758749686166206,41.47878483555109,87.58749686166206,44.4005021340698,35.21844338438363,8.741652021089632
1705,511500,142.08333333333334,0.4280055124029065,0.8800927085943373,42.80055124029065,88.00927085943373,44.41575544976197,35.23048859934853,6.298170884490102
1706,511800,142.16666666666666,0.4355953873151166,0.8794133868137378,43.55953873151166,87.94133868137378,44.40523188769115,35.219463524692905,6.685635497618451
1707,512100,142.25,0.40300075206818753,0.8801052895462521,40.300075206818754,88.01052895462522,44.43593131110554,35.23974931060416,12.336174479819505
1708,512400,142.33333333333334,0.39629044394281415,0.8849059443190369,39.629044394281415,88.49059443190369,44.43745171808377,35.24267368949085,10.524454477050414
1709,512700,142.41666666666666,0.3211841445057702,0.8629227295534371,32.11841445057702,86.2922729553437,44.45186402408429,35.253617661816364,10.620923231309584
1710,513000,142.5,0.41434994861253854,0.8882348406988695,41.434994861253855,88.82348406988694,44.4808170606372,35.265082219938336,10.039311408016443
1711,513300,142.58333333333334,0.4427115239769018,0.9007456690936481,44.27115239769018,90.0745669093648,44.460743158423305,35.25888024102435,8.701983429575696
1712,513600,142.66666666666666,0.4343778223783242,0.8968339187155042,43.437782237832415,89.68339187155043,44.47102107375815,35.26302308078274,11.165077772202707
1713,513900,142.75,0.4522706766917293,0.8928671679197996,45.22706766917293,89.28671679197996,44.48448872180451,35.27395488721804,11.95764411027569
1714,514200,142.83333333333334,0.47071947856605667,0.9119804462271246,47.07194785660567,91.19804462271246,44.48576334921032,35.26880170468789,14.45851090498872
1715,514500,142.91666666666666,0.4323318273092369,0.8792118473895583,43.233182730923694,87.92118473895583,44.50463604417671,35.282886546184734,14.60717871485944
1716,514800,143.0,0.4621491559586798,0.890758377425044,46.21491559586798,89.0758377425044,44.51061728395062,35.28857142857143,9.978332073570169
1717,515100,143.08333333333334,0.48612700803212855,0.8885793172690764,48.61270080321285,88.85793172690764,44.51652108433735,35.292999497991964,13.744979919678714
1718,515400,143.16666666666666,0.49144148669010546,0.9005650426921145,49.14414866901055,90.05650426921144,44.518761928679055,35.296933701657466,12.461577096936212
1719,515700,143.25,0.501668339187155,0.893251379829403,50.166833918715504,89.32513798294029,44.5237907676869,35.296618163572504,13.774711490215756
1720,516000,143.33333333333334,0.49010550113036927,0.896674202461693,49.01055011303693,89.6674202461693,44.53301431801055,35.31051243406179,9.87792012057272
1721,516300,143.41666666666666,0.440027659039477,0.8977571033442292,44.0027659039477,89.77571033442293,44.545569524767416,35.313751571536336,14.185818456122703
1722,516600,143.5,0.3847703889585947,0.885814303638645,38.47703889585947,88.5814303638645,44.53684818067754,35.310647427854455,7.318695106649937
1723,516900,143.58333333333334,0.3530348387096774,0.8738632258064516,35.30348387096774,87.38632258064516,44.47774451612904,35.25091096774194,8.475870967741935
1724,517200,143.66666666666666,0.474633350075339,0.8830361627322953,47.4633350075339,88.30361627322954,44.55631592164741,35.32696634856856,6.137870416875942
1725,517500,143.75,0.4820883534136546,0.9073569277108432,48.20883534136546,90.73569277108432,44.5768047188755,35.33987700803213,13.08308232931727
1726,517800,143.83333333333334,0.3405370138017566,0.8634077791718946,34.05370138017566,86.34077791718946,44.561804265997495,35.32255959849435,6.188456712672522
1727,518100,143.91666666666666,0.38630549285176824,0.8916528718334586,38.630549285176826,89.16528718334587,44.576646601454726,35.33696513669426,5.9528467519438175
1728,518400,144.0,0.5508960843373494,0.9343222891566263,55.08960843373494,93.43222891566263,44.575409136546185,35.33470883534137,10.412399598393574
1729,518700,144.08333333333334,0.5078148519819368,0.9136051179126945,50.78148519819368,91.36051179126945,44.58843452082288,35.35097340692424,16.372052182639237
1730,519000,144.16666666666666,0.4353959899749373,0.9036992481203008,43.53959899749373,90.36992481203008,44.59451378446115,35.35764912280702,14.117042606516293
1731,519300,144.25,0.4795760160561967,0.9022553938785749,47.95760160561967,90.2255393878575,44.60427747114902,35.368941294530856,8.611891620672353
1732,519600,144.33333333333334,0.4939494114700727,0.8885374405209115,49.39494114700727,88.85374405209116,44.61185073879289,35.37446030553468,6.344853493613824
1733,519900,144.41666666666666,0.5537800601202405,0.8921593186372745,55.378006012024045,89.21593186372745,44.6237374749499,35.38217685370741,11.876753507014028
1734,520200,144.5,0.5930120180270406,0.9198798197295944,59.30120180270406,91.98798197295945,44.6236755132699,35.381592388582874,17.85177766649975
1735,520500,144.58333333333334,0.5051818409831954,0.9058791070980687,50.51818409831954,90.58791070980688,44.63869325307249,35.394364183596686,11.872084273890144
1736,520800,144.66666666666666,0.6368177265898849,0.9244041061592388,63.681772658988486,92.44041061592388,44.63888833249875,35.39508512769154,23.19754631947922
1737,521100,144.75,0.5529221105527639,0.8969798994974875,55.29221105527638,89.69798994974875,44.63624623115578,35.392648241206025,18.3535175879397
1738,521400,144.83333333333334,0.4957074881041823,0.8915026296018032,49.57074881041823,89.15026296018031,44.66276483846732,35.41398196844478,15.325068870523417
1739,521700,144.91666666666666,0.47069207622868603,0.8930967903711133,47.0692076228686,89.30967903711134,44.66640421263792,35.415132898696086,10.696840521564694
1740,522000,145.0,0.5574930852401307,0.9121322604978629,55.749308524013074,91.21322604978629,44.66946944933367,35.41638420920292,13.606738747799849
1741,522300,145.08333333333334,0.7466130653266332,0.9212060301507536,74.66130653266332,92.12060301507536,44.68434924623115,35.4228391959799,10.021105527638191
1742,522600,145.16666666666666,0.7604359809571535,0.9121598596842895,76.04359809571535,91.21598596842895,44.71116762716111,35.439984966173895,15.189175645201704
1743,522900,145.25,0.6709118236472946,0.8949524048096192,67.09118236472946,89.49524048096193,44.71747244488978,35.442788076152304,10.885521042084168
1744,523200,145.33333333333334,0.6628073256397391,0.9112844957350729,66.28073256397391,91.12844957350728,44.72532614149523,35.4493452082288,12.873557451078776
1745,523500,145.41666666666666,0.5739312594079277,0.8859533366783744,57.39312594079277,88.59533366783744,44.73582789764175,35.45528349222278,10.875564475664827
1746,523800,145.5,0.5012217762167587,0.8748820873055695,50.12217762167587,87.48820873055695,44.74106372303061,35.45984947315604,11.308580030105368
1747,524100,145.58333333333334,0.5110395791583167,0.8687249498997995,51.103957915831664,86.87249498997996,44.73451903807616,35.45805611222445,10.914829659318638
1748,524400,145.66666666666666,0.5036197394789579,0.8746167334669339,50.36197394789579,87.46167334669339,44.7551127254509,35.46538577154309,8.555861723446894
1749,524700,145.75,0.5385445292620865,0.863119592875318,53.85445292620865,86.3119592875318,44.76343256997456,35.467488549618324,13.359287531806617
1750,525000,145.83333333333334,0.5879267986964152,0.9178089746803709,58.79267986964152,91.7808974680371,44.771293557282526,35.47270744547506,13.523690147906745
1751,525300,145.91666666666666,0.5687854454203262,0.8974479297365119,56.87854454203262,89.74479297365119,44.79298117942284,35.49432622333752,17.42936010037641
1752,525600,146.0,0.5822035597894208,0.8958811732263725,58.22035597894209,89.58811732263725,44.79854349461018,35.495061418901976,12.93406868889446
1753,525900,146.08333333333334,0.532952380952381,0.8851528822055138,53.2952380952381,88.51528822055138,44.79942105263158,35.49761904761905,17.788471177944864
1754,526200,146.16666666666666,0.5069084065244668,0.8571718946047678,50.690840652446674,85.71718946047679,44.8106599749059,35.50708908406524,12.763613550815558
1755,526500,146.25,0.4991520321123934,0.8612995484194681,49.91520321123934,86.12995484194681,44.83056949322629,35.52789513296538,14.314601103863522
1756,526800,146.33333333333334,0.5581298571070444,0.8571797442968162,55.81298571070444,85.71797442968162,44.83032840310855,35.52426171972925,10.53146151917774
1757,527100,146.41666666666666,0.6207919799498747,0.9249448621553884,62.07919799498747,92.49448621553884,44.83878696741855,35.532558897243106,6.800250626566416
1758,527400,146.5,0.5531532441302701,0.9074577126988136,55.31532441302701,90.74577126988136,44.83620550366069,35.533483968694775,9.37843978793234
1759,527700,146.58333333333334,0.4551579739217653,0.8357372116349048,45.51579739217653,83.57372116349048,44.82861083249749,35.52350300902708,6.8091775325977935
1760,528000,146.66666666666666,0.5290519187358916,0.8139528467519438,52.90519187358917,81.39528467519438,44.86232254828192,35.556654125909205,6.825181840983196
1761,528300,146.75,0.5033778001510194,0.868404228542663,50.33778001510194,86.8404228542663,44.893075761389376,35.58171910395168,20.376038258243145
1762,528600,146.83333333333334,0.4243100425745054,0.8332381667918858,42.43100425745054,83.32381667918858,44.86339594290008,35.560180315552216,7.66992236413724
1763,528900,146.91666666666666,0.5351654964894684,0.8927607823470411,53.51654964894684,89.27607823470412,44.878703610832495,35.57530090270812,12.16875626880642
1764,529200,147.0,0.5772028154327424,0.9229301355578728,57.72028154327425,92.29301355578728,44.85343587069865,35.551788321167884,18.02893639207508
1765,529500,147.08333333333334,0.4660662318113397,0.8918389362769694,46.60662318113397,89.18389362769695,44.88378825890617,35.57813095835424,11.845208228800804
1766,529800,147.16666666666666,0.546792973651192,0.9005520702634882,54.6792973651192,90.05520702634881,44.88935759096612,35.58106398996236,8.68858218318695
1767,530100,147.25,0.546883149448345,0.9241599799398196,54.6883149448345,92.41599799398196,44.9182146439318,35.604526078234706,14.81544633901705
1768,530400,147.33333333333334,0.44874498997995993,0.8804308617234469,44.87449899799599,88.04308617234469,44.91082915831663,35.59912324649299,11.47995991983968
1769,530700,147.41666666666666,0.5009002006018054,0.8859277833500502,50.09002006018054,88.59277833500502,44.91739217652959,35.60558425275828,15.539368104312938
1770,531000,147.5,0.4658423028785983,0.8880175219023779,46.58423028785983,88.80175219023779,44.92707634543179,35.61518397997497,9.046057571964957
1771,531300,147.58333333333334,0.47116011024805815,0.9090253069406163,47.116011024805815,90.90253069406164,44.93211225256828,35.62023552994237,10.023302430468554
1772,531600,147.66666666666666,0.43866082603254064,0.88459324155194,43.866082603254064,88.459324155194,44.928563204005,35.61996996245307,6.859574468085106
1773,531900,147.75,0.4263249001331558,0.8873608521970706,42.63249001331558,88.73608521970706,44.98187217043941,35.6890758988016,7.14034620505992
1774,532200,147.83333333333334,0.3933976447005763,0.8834327236281634,39.33976447005763,88.34327236281634,44.93949135554999,35.62989225757956,5.977950388373841
1775,532500,147.91666666666666,0.4101405975395431,0.8762339944765252,41.01405975395431,87.62339944765252,44.95910369068541,35.64368817474266,5.594526738639217
1776,532800,148.0,0.5360966354667341,0.9177662534783708,53.60966354667341,91.77662534783708,44.96536807487984,35.64605615987857,9.03592208449279
1777,533100,148.08333333333334,0.5126302605210421,0.8889278557114229,51.26302605210421,88.89278557114228,44.97086923847695,35.654398797595185,16.322144288577153
1778,533400,148.16666666666666,0.5844839679358718,0.8874373747494989,58.44839679358717,88.7437374749499,44.98240480961924,35.664772044088174,8.752755511022045
1779,533700,148.25,0.5778551672114659,0.8805255217500628,57.78551672114659,88.05255217500628,44.98125722906713,35.66524264520996,15.70932863967815
1780,534000,148.33333333333334,0.43815130260521046,0.8707364729458917,43.815130260521045,87.07364729458918,45.00122244488978,35.68097945891784,8.097945891783567
1781,534300,148.41666666666666,0.5362684698221889,0.8866917104933634,53.626846982218886,88.66917104933634,44.99593288254446,35.677458051590285,9.132481843225644
1782,534600,148.5,0.5723556002009039,0.8962757408337519,57.2355600200904,89.6275740833752,45.0275188347564,35.704068307383224,8.86162732295329
1783,534900,148.58333333333334,0.5216767219708396,0.8801282051282051,52.16767219708396,88.01282051282051,45.00058572146807,35.682511312217194,9.427853192559075
1784,535200,148.66666666666666,0.549693313222725,0.8827928607340373,54.969331322272495,88.27928607340372,45.01745098039216,35.70022121669181,9.43614881850176
1785,535500,148.75,0.5308852459016393,0.8698234552332913,53.088524590163935,86.98234552332913,45.02529634300126,35.70269356872635,8.931147540983607
1786,535800,148.83333333333334,0.45513465894789834,0.8602466649886736,45.51346589478983,86.02466649886736,45.24150012584949,35.87693682355903,6.747545935061666
1787,536100,148.91666666666666,0.501344537815126,0.8809880315762669,50.134453781512605,88.09880315762669,45.72466259230965,36.25988795518207,7.730837789661319
1788,536400,149.0,0.5123819249425581,0.8838422261935155,51.238192494255806,88.38422261935155,45.74424304314527,36.28191728363543,7.934133265254021
1789,536700,149.08333333333334,0.5171497707590423,0.9068288334182374,51.71497707590423,90.68288334182374,45.74529546612328,36.27747580234335,8.43173713703515
1790,537000,149.16666666666666,0.5033069862315146,0.884982151963284,50.330698623151456,88.4982151963284,45.72931157572667,36.269232534421214,7.795512493625701
1791,537300,149.25,0.48139523084728564,0.8802739726027398,48.139523084728566,88.02739726027397,45.50212836123795,36.08218924403856,6.806697108066971
1792,537600,149.33333333333334,0.5057898734177216,0.8845898734177216,50.57898734177216,88.45898734177216,45.51330632911392,36.10040759493671,11.285822784810126
1793,537900,149.41666666666666,0.4046560040619447,0.8771515613099772,40.46560040619447,87.71515613099771,45.54630616907844,36.12446560040619,6.152576796141153
1794,538200,149.5,0.41338469310431925,0.8625233644859813,41.338469310431925,86.25233644859813,45.34297549886335,35.96568830512756,6.969436726446072
1795,538500,149.58333333333334,0.4284479717813051,0.8655958679768203,42.84479717813051,86.55958679768203,45.32370874275636,35.95215923406399,6.0032753842277655
1796,538800,149.66666666666666,0.4078393351800554,0.8794182825484765,40.78393351800554,87.94182825484765,45.313505414253335,35.94134223117603,8.260135985897758
1797,539100,149.75,0.4454806240563664,0.8767941620533467,44.54806240563664,87.67941620533468,45.31262204328132,35.94393558127831,7.331655762455964
1798,539400,149.83333333333334,0.38851889168765746,0.8818211586901764,38.851889168765744,88.18211586901764,45.32550125944584,35.95423929471033,6.069269521410579
1799,539700,149.91666666666666,0.4607142857142857,0.880588086824836,46.07142857142857,88.0588086824836,45.31977536597678,35.95428571428572,9.359919232710752
1800,540000,150.0,0.5906211656441718,0.9115593047034765,59.06211656441718,91.15593047034764,45.33662832310839,35.958256646216775,7.502556237218814
1801,540300,150.08333333333334,0.5150037869224944,0.8756500883615249,51.50037869224944,87.56500883615249,45.32968189851048,35.95800302953799,5.947235546579146
1802,540600,150.16666666666666,0.5791916393855452,0.885933014354067,57.91916393855452,88.5933014354067,45.34203475195165,35.971362377234954,8.582724754469908
1803,540900,150.25,0.5386947740469579,0.8989750063115375,53.869477404695786,89.89750063115375,45.3501994445847,35.97881090633678,10.022216611966677
1804,541200,150.33333333333334,0.451478217073785,0.8764089649962226,45.1478217073785,87.64089649962226,45.35510198942332,35.97888189372954,8.271468144044322
1805,541500,150.41666666666666,0.5336381960191484,0.9043990929705216,53.36381960191484,90.43990929705215,45.38012849584278,36.0015873015873,9.188712522045856
1806,541800,150.5,0.5040344216654011,0.8949708934446976,50.40344216654012,89.49708934446976,45.36734244495064,35.989253353581375,12.081498354846874
1807,542100,150.58333333333334,0.5032224741748552,0.8735752078609221,50.32224741748552,87.35752078609221,45.377488032249936,36.00065759637188,8.265558075081884
1808,542400,150.66666666666666,0.4956563366087176,0.9003829680020157,49.56563366087176,90.03829680020156,45.37871756109851,36.00567649281935,6.3565129755605945
1809,542700,150.75,0.4731172761664565,0.8850844892812105,47.31172761664565,88.50844892812106,45.3896393442623,36.015717528373266,11.681462799495586
1810,543000,150.83333333333334,0.4902116935483871,0.8865246975806451,49.02116935483871,88.65246975806451,45.3969783266129,36.02232862903226,12.816532258064516
1811,543300,150.91666666666666,0.46816738089236204,0.871343584572725,46.8167380892362,87.1343584572725,45.40770859591631,36.032876228888334,6.958911015881019
1812,543600,151.0,0.4988588740217117,0.8812092905831861,49.88588740217117,88.12092905831861,45.41352436253472,36.03510982075234,13.124211057813683
1813,543900,151.08333333333334,0.5165835850956697,0.8929884189325277,51.658358509566966,89.29884189325277,45.41779204431017,36.04129405840886,8.00503524672709
1814,544200,151.16666666666666,0.5871852986217457,0.9003767228177643,58.71852986217458,90.03767228177642,45.237071975497706,36.10391424196018,6.078101071975498
1815,544500,151.25,0.45213205645161286,0.8880594758064517,45.21320564516129,88.80594758064517,45.430997983870974,36.0552595766129,5.606350806451613
1816,544800,151.33333333333334,0.5305112062452784,0.8933492822966507,53.05112062452783,89.33492822966507,45.43709393099975,36.05865273230924,5.355829765802065
1817,545100,151.41666666666666,0.4627851926466885,0.882070007554772,46.27851926466885,88.20700075547721,45.42932510702594,36.051692268949886,5.327877109040544
1818,545400,151.5,0.458409669211196,0.8826666666666667,45.8409669211196,88.26666666666667,45.44645547073792,36.06344783715013,5.66234096692112
1819,545700,151.58333333333334,0.5086142605190225,0.9066137566137565,50.86142605190224,90.66137566137566,45.46002267573696,36.079370118417735,5.313177122700933
1820,546000,151.66666666666666,0.4835555555555555,0.9083484848484847,48.355555555555554,90.83484848484848,45.47414646464647,36.08713888888889,4.778282828282828
1821,546300,151.75,0.45289818548387095,0.8987474798387096,45.289818548387096,89.87474798387096,45.46532762096775,36.08212701612904,5.300403225806452
1822,546600,151.83333333333334,0.4644612286002014,0.9037260825780464,46.44612286002014,90.37260825780464,45.47534994964753,36.090166163142,5.020896273917422
1823,546900,151.91666666666666,0.48890231621349445,0.9104909365558912,48.89023162134944,91.04909365558912,45.482316213494464,36.09858761329305,4.79380664652568
1824,547200,152.0,0.4760010085728694,0.9116288451840646,47.60010085728694,91.16288451840646,45.493671205244574,36.1088502269289,5.391578416540595
1825,547500,152.08333333333334,0.496485312899106,0.9140255427841636,49.6485312899106,91.40255427841636,45.43950957854406,36.06311111111111,5.216858237547893
1826,547800,152.16666666666666,0.5170634121791646,0.9014620030196276,51.70634121791646,90.14620030196276,45.49816809260192,36.11433064921993,5.8842476094615
1827,548100,152.25,0.5032938806346009,0.8948677914882901,50.32938806346009,89.48677914882902,45.52547720977084,36.135467136741376,7.178292621505918
1828,548400,152.33333333333334,0.4683601609657948,0.8917957746478874,46.83601609657948,89.17957746478874,45.50097334004024,36.11789738430584,4.98692152917505
1829,548700,152.41666666666666,0.46173081761006285,0.8916025157232704,46.17308176100629,89.16025157232704,45.51800251572327,36.13280503144654,5.163018867924528
1830,549000,152.5,0.4656131956685973,0.8869327625283304,46.56131956685973,88.69327625283304,45.53179299924452,36.145678670360105,5.19793502895996
1831,549300,152.58333333333334,0.39824773413897285,0.8802014098690836,39.82477341389728,88.02014098690836,45.51644511581068,36.13404833836858,4.443101711983887
1832,549600,152.66666666666666,0.40480614300100703,0.8929607250755286,40.480614300100704,89.29607250755286,45.53273665659617,36.14654078549849,7.033736153071501
1833,549900,152.75,0.4414753272910372,0.885420443101712,44.14753272910372,88.54204431017119,45.54273917421954,36.15384692849949,6.353726082578047
1834,550200,152.83333333333334,0.45814591194968557,0.8970088050314466,45.81459119496856,89.70088050314466,45.54932578616352,36.15977106918239,7.331069182389937
1835,550500,152.91666666666666,0.3734768378650554,0.8763242698892246,37.34768378650554,87.63242698892246,45.55306898288016,36.164123867069485,5.200402819738168
1836,550800,153.0,0.41335184250378604,0.8763755678950025,41.3351842503786,87.63755678950025,45.58097930338213,36.18934881373044,8.83947501261989
1837,551100,153.08333333333334,0.4529413246033744,0.8899420800805842,45.29413246033744,88.99420800805842,45.56462603878117,36.17692520775624,5.242508184336439
1838,551400,153.16666666666666,0.446298439859084,0.9084096628082535,44.6298439859084,90.84096628082536,45.57203069954706,36.18157523905385,5.652239557121288
1839,551700,153.25,0.4495170670037927,0.8963893805309735,44.95170670037927,89.63893805309735,45.57576485461441,36.18440455120101,5.717319848293299
1840,552000,153.33333333333334,0.4713850415512465,0.8978871820700075,47.13850415512465,89.78871820700076,45.58814656257869,36.19482749937043,7.001510954419541
1841,552300,153.41666666666666,0.4217716733870968,0.8997782258064517,42.17716733870968,89.97782258064517,45.594760584677424,36.20047631048387,6.634324596774194
1842,552600,153.5,0.37967163425107353,0.8827986865370043,37.96716342510735,88.27986865370043,45.58867390755241,36.2000101035615,5.38545087143218
1843,552900,153.58333333333334,0.45584972264246093,0.8982123045890066,45.58497226424609,89.82123045890066,45.60560514372163,36.20496469994958,7.2962682803832575
1844,553200,153.66666666666666,0.4321919879062736,0.8818972033257748,43.21919879062736,88.18972033257748,45.60569916855631,36.20870244394054,8.268581506676744
1845,553500,153.75,0.32820060483870966,0.8622908266129032,32.82006048387097,86.22908266129032,45.59911290322581,36.204561491935486,5.887600806451613
1846,553800,153.83333333333334,0.32902949331988907,0.8661961179732797,32.90294933198891,86.61961179732796,45.62412150239476,36.22624149231157,4.095538190068061
1847,554100,153.91666666666666,0.3722199848980619,0.8801233324943368,37.22199848980619,88.01233324943368,45.61081550465643,36.214903095897306,7.173672287943619
1848,554400,154.0,0.42835599194360524,0.898904833836858,42.835599194360526,89.8904833836858,45.6309944612286,36.23162890231621,12.553121852970795
1849,554700,154.08333333333334,0.48577464788732394,0.8765694164989939,48.57746478873239,87.6569416498994,45.565402414486925,36.17769869215292,7.558098591549296
1850,555000,154.16666666666666,0.3740759240759241,0.8601173826173826,37.40759240759241,86.01173826173826,45.24393856143856,35.92142607392608,6.35964035964036
1851,555300,154.25,0.4372106973256686,0.8692701824543865,43.72106973256686,86.92701824543865,45.248737815546114,35.925738565358664,6.203449137715571
1852,555600,154.33333333333334,0.3507834331337325,0.8603293413173653,35.07834331337325,86.03293413173652,45.25668662674651,35.930765968063874,4.748003992015968
1853,555900,154.41666666666666,0.3707066167290886,0.8701323345817729,37.07066167290886,87.01323345817728,45.28256928838952,35.954169787765295,8.598751560549314
1854,556200,154.5,0.4082333333333333,0.8888333333333334,40.82333333333333,88.88333333333334,45.2285435897436,35.93394615384616,9.21923076923077
1855,556500,154.58333333333334,0.3730164670658683,0.8832335329341318,37.30164670658683,88.32335329341318,45.25958333333333,35.93568363273453,4.633982035928144
1856,556800,154.66666666666666,0.3966453755748595,0.8821359223300971,39.66453755748595,88.2135922330097,45.21420286152274,35.89265712825753,5.938170669391926
1857,557100,154.75,0.36219493861187674,0.8821999498872464,36.21949386118767,88.21999498872464,45.2786820345778,35.95673014282135,6.753695815585067
1858,557400,154.83333333333334,0.4006934493346981,0.8928787103377687,40.06934493346981,89.28787103377687,45.26230552712385,35.92665557830092,4.766120777891505
1859,557700,154.91666666666666,0.3578138583482485,0.8884147276911275,35.78138583482485,88.84147276911276,45.254985937100486,35.96247251342368,4.508309895167477
1860,558000,155.0,0.43324403183023885,0.8847824933687002,43.32440318302388,88.47824933687002,45.23608753315649,35.914350132626,5.390981432360743
1861,558300,155.08333333333334,0.4440528069725711,0.8864957703153037,44.40528069725711,88.64957703153037,45.2502947962061,35.958300435785695,5.139451422712125
1862,558600,155.16666666666666,0.5034372661511599,0.8937041656273386,50.34372661511599,89.37041656273385,45.285582439511096,35.96333000748316,5.722125218258918
1863,558900,155.25,0.404697233989534,0.876964864191378,40.4697233989534,87.6964864191378,45.28863194617493,35.96843010216795,7.471716920009968
1864,559200,155.33333333333334,0.34443918245264205,0.875166999002991,34.44391824526421,87.5166999002991,45.29098703888335,35.970321535393815,5.109670987038883
1865,559500,155.41666666666666,0.3151060114741831,0.866887004240459,31.51060114741831,86.68870042404589,45.293434771763536,35.97326016462958,5.075829383886256
1866,559800,155.5,0.36893935612677814,0.889540803593711,36.893935612677815,88.9540803593711,45.295298228100826,35.97507362116296,6.104317444472174
1867,560100,155.58333333333334,0.3575068698476143,0.8700649512865352,35.75068698476143,87.00649512865351,45.30050212340745,35.9747589308019,6.799400449662753
1868,560400,155.66666666666666,0.424537962037962,0.8796053946053947,42.4537962037962,87.96053946053947,45.300077422577424,35.981343656343654,5.454795204795205
1869,560700,155.75,0.3995938831787415,0.8920155427425419,39.95938831787415,89.20155427425419,45.31510403609928,35.993589872148405,10.686136876410128
1870,561000,155.83333333333334,0.3706291478630209,0.8962543137775418,37.062914786302095,89.62543137775418,45.17638970002655,35.86520838863817,6.3270507034775685
1871,561300,155.91666666666666,0.438997756170531,0.8980403889304412,43.8997756170531,89.80403889304412,45.31815507354774,35.98959860383944,6.718524058838195
1872,561600,156.0,0.47742613920881327,0.9011216825237857,47.742613920881325,90.11216825237857,45.33950425638458,36.00956184276415,8.697045568352529
1873,561900,156.08333333333334,0.4518877805486285,0.8877331670822943,45.18877805486285,88.77331670822943,45.337596009975066,36.00648628428928,8.941895261845387
1874,562200,156.16666666666666,0.47900898652021967,0.9076934598102844,47.900898652021965,90.76934598102844,45.3360384423365,36.00609086370444,7.633799301048428
1875,562500,156.25,0.4381151832460733,0.8831438544003989,43.81151832460733,88.31438544003989,45.351879830466224,36.023610072301175,7.029419097481925
1876,562800,156.33333333333334,0.4876777251184834,0.8801421800947867,48.76777251184834,88.01421800947867,45.3572486904465,36.02822898478424,8.704415066101273
1877,563100,156.41666666666666,0.5090553339980061,0.8785069790628115,50.9055333998006,87.85069790628116,45.36346959122632,36.035159521435695,10.940927218344966
1878,563400,156.5,0.422400202122284,0.855533097524002,42.2400202122284,85.5533097524002,45.3444770085902,36.0306139464376,8.901970692268822
1879,563700,156.58333333333334,0.40789631106679963,0.8553040877367896,40.78963110667996,85.53040877367896,45.37337736789631,36.04345962113658,8.230059820538385
1880,564000,156.66666666666666,0.43343648614923885,0.8488120788619915,43.343648614923886,84.88120788619915,45.38681307711504,36.05546793112054,10.553032193661092
1881,564300,156.75,0.47348446893787577,0.8782690380761522,47.348446893787575,87.82690380761522,45.3863126252505,36.05509268537074,10.553607214428858
1882,564600,156.83333333333334,0.37481398252184767,0.8616129837702872,37.48139825218477,86.16129837702871,45.39141073657928,36.05733333333333,7.8634207240948815
1883,564900,156.91666666666666,0.42325749741468455,0.8590408479834539,42.32574974146846,85.9040847983454,45.35921147880041,36.0472854188211,5.594105480868666
1884,565200,157.0,0.42356089022255566,0.860285071267817,42.35608902225557,86.02850712678169,45.39069517379345,36.05830957739435,6.163040760190047
1885,565500,157.08333333333334,0.3529652760429678,0.8635598301274043,35.29652760429678,86.35598301274044,45.41086684986261,36.07358231326505,5.868848363727205
1886,565800,157.16666666666666,0.36727295471603705,0.8724093069802352,36.7272954716037,87.24093069802352,45.40685514135602,36.072919689767325,6.919189392044033
1887,566100,157.25,0.4109729593126106,0.8754864796563052,41.09729593126106,87.54864796563052,45.44880212282032,36.112618145059386,6.023502653525398
1888,566400,157.33333333333334,0.3267548016961836,0.8702818658019456,32.67548016961836,87.02818658019456,45.43494886505363,36.09332252432028,5.477176353205288
1889,566700,157.41666666666666,0.3615296462381664,0.8710338814150473,36.15296462381664,87.10338814150474,45.43248878923768,36.0927802690583,4.872695565520678
1890,567000,157.5,0.36529617595601105,0.8822994251437141,36.5296175956011,88.2299425143714,45.425348662834296,36.08730317420645,4.855786053486629
1891,567300,157.58333333333334,0.35346297681376215,0.8906581899775616,35.346297681376214,89.06581899775617,45.460201944652205,36.11670157068063,5.355522313637497
1892,567600,157.66666666666666,0.336282722513089,0.8780752929444029,33.6282722513089,87.80752929444029,45.45063575168288,36.11105459985041,4.897282473198704
1893,567900,157.75,0.34458031643872356,0.8878814695628854,34.45803164387235,88.78814695628854,45.432705819254494,36.08768302493967,5.504961115580585
1894,568200,157.83333333333334,0.3641440318963369,0.8798180912035883,36.41440318963369,87.98180912035883,45.45393969598804,36.11242212808373,4.509095439820583
1895,568500,157.91666666666666,0.3657634730538922,0.8831936127744511,36.57634730538922,88.31936127744511,45.45942614770459,36.11847305389222,4.862774451097804
1896,568800,158.0,0.4133383308345827,0.8849950024987507,41.33383308345827,88.49950024987507,45.46841329335332,36.1215692153923,6.0209895052473765
1897,569100,158.08333333333334,0.36043662674650695,0.8934730538922157,36.0436626746507,89.34730538922156,45.45966317365269,36.11516716566866,5.572355289421158
1898,569400,158.16666666666666,0.4453369945082376,0.902061907139291,44.53369945082376,90.2061907139291,45.470077383924114,36.12669745381927,5.505491762356465
1899,569700,158.25,0.37792250000000005,0.8851375,37.79225,88.51375,45.4659775,36.121615,4.8915
1900,570000,158.33333333333334,0.34988255872063967,0.8901649175412294,34.98825587206397,89.01649175412294,45.486381809095455,36.13930784607697,5.0744627686156925
1901,570300,158.41666666666666,0.32374875124875124,0.8878221778221779,32.374875124875125,88.78221778221778,45.4949000999001,36.14527472527472,5.78021978021978
1902,570600,158.5,0.3783055071019188,0.8981086468975829,37.83055071019188,89.81086468975829,45.50952155494642,36.16118863692998,5.74458011462746
1903,570900,158.58333333333334,0.2736819770344483,0.8854892661008488,27.36819770344483,88.54892661008488,45.499388417373936,36.15595606590115,4.850723914128807
1904,571200,158.66666666666666,0.31034207240948813,0.8955131086142322,31.034207240948813,89.55131086142322,45.49153558052435,36.144699126092384,6.733083645443196
1905,571500,158.75,0.3389581256231306,0.9037138584247257,33.89581256231306,90.37138584247258,45.49324775672981,36.14645064805583,5.926969092721834
1906,571800,158.83333333333334,0.38270000000000004,0.9010625,38.27,90.10625,45.4887075,36.1407325,5.64625
1907,572100,158.91666666666666,0.3492080939295528,0.885783162628029,34.920809392955285,88.5783162628029,45.50445166125406,36.15645765675743,4.931801149138146
1908,572400,159.0,0.39063341645885286,0.8876783042394015,39.06334164588529,88.76783042394015,45.50584788029926,36.15880548628429,6.080299251870324
1909,572700,159.08333333333334,0.34470941883767536,0.8577379759519039,34.47094188376754,85.77379759519039,45.5216883767535,36.17144789579159,9.204659318637274
1910,573000,159.16666666666666,0.4429992483086946,0.8615359559007767,44.29992483086946,86.15359559007767,45.50450263091957,36.16479077925332,5.916061137559509
1911,573300,159.25,0.35529514757378694,0.8561980990495247,35.52951475737869,85.61980990495248,45.5293871935968,36.18087043521761,6.52776388194097
1912,573600,159.33333333333334,0.3742471337579618,0.8679184713375796,37.42471337579618,86.79184713375795,45.51055031847134,36.18664968152866,7.214012738853503
1913,573900,159.41666666666666,0.3967376064096144,0.8674611917876816,39.67376064096144,86.74611917876815,45.5163920881322,36.16548572859289,8.151977966950426
1914,574200,159.5,0.3498055271238485,0.8858393039918117,34.98055271238485,88.58393039918117,45.5057778915046,36.17975946775845,5.300921187308086
1915,574500,159.58333333333334,0.31632724543407553,0.8687015261446085,31.632724543407555,86.87015261446085,45.53327745809357,36.18196897673255,6.238679009256943
1916,574800,159.66666666666666,0.35981062598632296,0.8673250920568123,35.9810625986323,86.73250920568123,45.41010520778538,36.10463177275118,7.441346659652814
1917,575100,159.75,0.3759350418675463,0.8730119259071302,37.59350418675463,87.30119259071301,45.57964222278609,36.22252473991373,6.786348642476529
1918,575400,159.83333333333334,0.28153452685422,0.8649232736572889,28.153452685422,86.4923273657289,45.527754475703325,36.17389514066496,5.390537084398977
1919,575700,159.91666666666666,0.2876645064805584,0.8556480558325025,28.76645064805584,85.56480558325025,45.5726221335992,36.216550348953135,4.416251246261217
1920,576000,160.0,0.49336984207845136,0.8859144167091186,49.336984207845134,88.59144167091186,45.55376974019358,36.20115129903209,8.216250636780439
1921,576300,160.08333333333334,0.3456594365494889,0.8719695836449763,34.56594365494889,87.19695836449763,45.58801047120419,36.23013961605584,5.797307404637247
1922,576600,160.16666666666666,0.32417705735660846,0.8679675810473816,32.417705735660846,86.79675810473816,45.58525436408978,36.22838653366584,5.871820448877806
1923,576900,160.25,0.38821553884711785,0.8727042606516291,38.82155388471178,87.27042606516291,45.59032330827068,36.22691729323308,6.657894736842105
1924,577200,160.33333333333334,0.41698523892919687,0.8791768826619965,41.69852389291969,87.91768826619965,45.603485113835376,36.24718038528897,8.955216412309232
1925,577500,160.41666666666666,0.3522208374875374,0.8793369890329014,35.22208374875374,87.93369890329014,45.60582003988036,36.24692173479561,6.560568295114656
1926,577800,160.5,0.3886515453639083,0.8901395812562314,38.865154536390826,89.01395812562313,45.60991026919242,36.24872133599202,6.844466600199402
1927,578100,160.58333333333334,0.3771378708551483,0.8642632759910246,37.71378708551483,86.42632759910246,45.61593118922962,36.2535427574171,6.833208676140614
1928,578400,160.66666666666666,0.385712143928036,0.8504772613693153,38.5712143928036,85.04772613693153,45.62112193903049,36.25555222388805,5.809595202398801
1929,578700,160.75,0.4186911911911912,0.8598173173173173,41.86911911911912,85.98173173173173,45.61103853853854,36.2482907907908,9.11886886886887
1930,579000,160.83333333333334,0.32784343056594367,0.8610795312889553,32.784343056594366,86.10795312889553,45.64310396409873,36.27773373223635,4.6868611318873095
1931,579300,160.91666666666666,0.33513965087281794,0.8584014962593517,33.5139650872818,85.84014962593517,45.64648877805487,36.28006982543641,5.598503740648379
1932,579600,161.0,0.3910282006488645,0.8750761167956077,39.10282006488645,87.50761167956077,45.66452208634889,36.29091090591465,5.938357873720988
1933,579900,161.08333333333334,0.35782576135796307,0.8941937094358462,35.782576135796305,89.41937094358462,45.66079630554169,36.28598851722417,8.0963554667998
1934,580200,161.16666666666666,0.3063738457699027,0.8852208634888945,30.637384576990268,88.52208634888945,45.668891939106565,36.29588969303719,6.008734714250062
1935,580500,161.25,0.2826137538779731,0.8833273009307134,28.26137538779731,88.33273009307135,45.67217425025853,36.29629265770424,4.859100310237849
1936,580800,161.33333333333334,0.2905591612581128,0.8810983524712931,29.055916125811283,88.10983524712931,45.6620169745382,36.28886919620569,5.367948077883176
1937,581100,161.41666666666666,0.2886294542736108,0.8579790680289061,28.86294542736108,85.79790680289061,45.65913780214304,36.28971343134812,4.772987789683529
1938,581400,161.5,0.33296878901373284,0.8655430711610487,33.29687890137328,86.55430711610487,45.65678401997504,36.29071161048689,4.668164794007491
1939,581700,161.58333333333334,0.42918520369907526,0.8965458635341165,42.918520369907526,89.65458635341164,45.69306673331667,36.31519370157461,6.660084978755311
1940,582000,161.66666666666666,0.3180593664255425,0.8694188076827138,31.80593664255425,86.94188076827139,45.67194562234971,36.30023696682464,4.772262409578448
1941,582300,161.75,0.3125893526618345,0.8624193951512121,31.258935266183453,86.24193951512122,45.691647088227946,36.3198175456136,5.15296175956011
1942,582600,161.83333333333334,0.3484638403990025,0.8579476309226932,34.84638403990025,85.79476309226932,45.7162144638404,36.33589027431422,6.327680798004987
1943,582900,161.91666666666666,0.294811369509044,0.8480749354005168,29.4811369509044,84.80749354005168,45.71035142118863,36.40965633074935,5.160981912144703
1944,583200,162.0,0.29327620967741935,0.8450151209677419,29.327620967741936,84.50151209677419,45.67260332661291,36.295158770161294,6.421622983870968
1945,583500,162.08333333333334,0.2932175,0.8413075000000001,29.32175,84.13075,45.7096675,36.3308325,6.71075
1946,583800,162.16666666666666,0.2795886312640239,0.8512914485165795,27.95886312640239,85.12914485165794,45.70169035153329,36.32223385689355,6.930441286462229
1947,584100,162.25,0.26279332477535305,0.8502978177150193,26.279332477535306,85.02978177150193,45.665432605905,36.29645186136072,5.315275994865212
1948,584400,162.33333333333334,0.2508823529411765,0.842265702891326,25.08823529411765,84.2265702891326,45.7081480558325,36.33105682951147,5.111914257228315
1949,584700,162.41666666666666,0.2581993006993007,0.8442482517482517,25.81993006993007,84.42482517482517,45.723431568431565,36.34486013986014,4.75
1950,585000,162.5,0.30027202395807334,0.8558397803843275,30.027202395807336,85.58397803843275,45.719323683553775,36.34185425505365,4.787372098827053
1951,585300,162.58333333333334,0.32427143214196447,0.863389152711822,32.42714321419645,86.3389152711822,45.734366408397904,36.35385153711572,5.533116720819795
1952,585600,162.66666666666666,0.2961540385096274,0.8597524381095273,29.61540385096274,85.97524381095273,45.72110277569392,36.34285071267817,6.07776944236059
1953,585900,162.75,0.2938781163434903,0.861191135734072,29.38781163434903,86.1191135734072,45.76022412490557,36.37062452782674,4.949634852681944
1954,586200,162.83333333333334,0.2817327235772358,0.8648018292682927,28.173272357723576,86.48018292682927,45.69657520325203,36.32280487804878,4.595274390243903
1955,586500,162.91666666666666,0.2661651696606786,0.8505164670658683,26.616516966067863,85.05164670658682,45.74476047904192,36.36286926147704,5.4927644710578845
1956,586800,163.0,0.2711086474501109,0.8499916851441242,27.110864745011085,84.99916851441242,45.51271341463414,36.21692904656319,4.772172949002218
1957,587100,163.08333333333334,0.3574195961106956,0.8971278982797307,35.74195961106956,89.71278982797307,45.74497880827723,36.3631712789828,7.059336823734729
1958,587400,163.16666666666666,0.3944275196750444,0.908106118304138,39.44275196750444,90.8106118304138,45.737215029195234,36.358476770754,6.304645849200305
1959,587700,163.25,0.3465501747378931,0.8878007988017973,34.655017473789314,88.78007988017973,45.75158012980529,36.37005242136794,6.05117324013979
1960,588000,163.33333333333334,0.3859875311720698,0.8944937655860349,38.59875311720698,89.44937655860349,45.77074064837905,36.38409226932668,5.701995012468828
1961,588300,163.41666666666666,0.3486342072409488,0.900079900124844,34.86342072409488,90.0079900124844,45.77433707865168,36.38646441947566,5.68414481897628
1962,588600,163.5,0.32814685314685316,0.8579745254745255,32.81468531468531,85.79745254745255,45.767822177822175,36.38687062937063,4.969530469530469
1963,588900,163.58333333333334,0.3492866051384385,0.8599451234721875,34.92866051384385,85.99451234721876,45.77268645547518,36.38650286854577,4.881516587677726
1964,589200,163.66666666666666,0.3024919013207077,0.8763917268876152,30.24919013207077,87.63917268876152,45.77912783453775,36.39242212808373,4.275853476202342
1965,589500,163.75,0.2689254549987534,0.8679905260533534,26.892545499875343,86.79905260533533,45.78226626776365,36.3954076290202,4.68810770381451
1966,589800,163.83333333333334,0.2500598354525056,0.8556145599601096,25.00598354525056,85.56145599601096,45.7854400398903,36.39429568686113,4.18698578908003
1967,590100,163.91666666666666,0.2916450648055833,0.8816450648055834,29.164506480558327,88.16450648055833,45.79152791625124,36.402193419740776,4.268693918245265
1968,590400,164.0,0.3622887060583395,0.9075317875841437,36.228870605833954,90.75317875841436,45.80773871852406,36.412929444028926,6.410620792819746
1969,590700,164.08333333333334,0.3827197802197802,0.901436063936064,38.27197802197802,90.1436063936064,45.79409340659341,36.400497002997,6.663836163836164
1970,591000,164.16666666666666,0.3995253559830128,0.9328278790906821,39.95253559830128,93.2827879090682,45.79284786410192,36.40237571821134,8.078441169123158
1971,591300,164.25,0.46628927680798005,0.9005461346633417,46.62892768079801,90.05461346633416,45.80803740648379,36.41208728179552,16.741895261845386
1972,591600,164.33333333333334,0.42032410870107206,0.8808002991772625,42.032410870107206,88.08002991772625,45.815011219147344,36.4179057591623,6.477935676888556
1973,591900,164.41666666666666,0.34474681965577453,0.8834322773759042,34.47468196557745,88.34322773759042,45.81909453729109,36.42103766525318,5.941381890745822
1974,592200,164.5,0.35271072319201996,0.860074812967581,35.271072319202,86.0074812967581,45.82135660847881,36.42511471321696,5.938403990024938
1975,592500,164.58333333333334,0.3433815461346634,0.8596458852867831,34.33815461346634,85.9645885286783,45.83424189526185,36.43435910224439,7.129177057356609
1976,592800,164.66666666666666,0.3983083832335329,0.8911352295409182,39.83083832335329,89.11352295409182,45.84054141716568,36.43688622754491,6.184630738522954
1977,593100,164.75,0.3755219023779725,0.8735018773466834,37.55219023779725,87.35018773466834,45.83762453066333,36.43233291614519,7.367959949937422
1978,593400,164.83333333333334,0.4448678304239402,0.8974164588528679,44.486783042394016,89.74164588528679,45.85093765586035,36.4469825436409,6.182543640897755
1979,593700,164.91666666666666,0.44256729810568296,0.9220962113659025,44.256729810568295,92.20962113659024,45.85777666999003,36.452283150548354,10.23928215353938
1980,594000,165.0,0.3809431137724551,0.8914146706586827,38.09431137724551,89.14146706586827,45.87540668662675,36.4624376247505,6.551147704590818
1981,594300,165.08333333333334,0.3256391726887615,0.8688661848990781,32.56391726887615,86.8866184899078,45.87334662347371,36.45608273112385,6.496386743084974
1982,594600,165.16666666666666,0.35470617780010044,0.8699422400803616,35.470617780010045,86.99422400803616,45.89973380210949,36.48065544952285,5.217980914113511
1983,594900,165.25,0.3305207547169811,0.8674213836477987,33.05207547169811,86.74213836477988,45.89013836477987,36.4689106918239,5.322012578616352
1984,595200,165.33333333333334,0.4135521717423864,0.8594033949076385,41.35521717423864,85.94033949076385,45.886048427358965,36.46525711432851,5.462306540189715
1985,595500,165.41666666666666,0.3404738976178408,0.8660060821084643,34.04738976178408,86.60060821084643,45.90512671059301,36.476287379624935,5.521033958438926
1986,595800,165.5,0.26899725617360937,0.8591294587178848,26.89972561736094,85.91294587178848,45.89444000997755,36.47222998253929,4.503117984534796
1987,596100,165.58333333333334,0.45730922693266834,0.9090124688279302,45.730922693266834,90.90124688279302,45.901663341645886,36.472920199501246,5.9870324189526185
1988,596400,165.66666666666666,0.3217834871539037,0.8762958343726615,32.17834871539037,87.62958343726615,45.90858568221501,36.47918682963333,5.732352207533051
1989,596700,165.75,0.3035430711610487,0.8584119850187265,30.35430711610487,85.84119850187265,45.92125593008739,36.49232709113608,4.784269662921348
1990,597000,165.83333333333334,0.40691146881287726,0.8790769617706238,40.69114688128773,87.90769617706238,45.89796277665996,36.46891096579477,6.471830985915493
1991,597300,165.91666666666666,0.4233557884231537,0.8923178642714571,42.33557884231537,89.2317864271457,45.93364520958084,36.500511477045904,6.432385229540918
1992,597600,166.0,0.4056257901390645,0.8974513274336283,40.56257901390645,89.74513274336283,45.93670543615677,36.488621997471554,9.867256637168142
1993,597900,166.08333333333334,0.4565302046929605,0.8964852720918622,45.65302046929605,89.64852720918623,45.94197453819271,36.49558662006989,5.4742885671492765
1994,598200,166.16666666666666,0.42396409872849666,0.9143106457242584,42.39640987284967,91.43106457242584,45.96194714535029,36.51036399900274,4.761655447519322
1995,598500,166.25,0.3832019950124688,0.894713216957606,38.32019950124688,89.4713216957606,45.9635536159601,36.51236159600997,7.861346633416459
1996,598800,166.33333333333334,0.2967298105682951,0.8699102691924228,29.67298105682951,86.99102691924227,45.9688260219342,36.51807826520439,4.727567298105683
1997,599100,166.41666666666666,0.3117318714178918,0.8898305507101919,31.173187141789185,88.9830550710192,45.9728881136307,36.51773486169948,6.054572638923498
1998,599400,166.5,0.4404747550866617,0.8948404923386084,44.04747550866617,89.48404923386084,46.00155237377543,36.54602110022607,5.898015573976388
1999,599700,166.58333333333334,0.4186291126620139,0.8989780658025923,41.862911266201394,89.89780658025923,45.98482303090727,36.52725324027916,5.113659022931206
2000,600000,166.66666666666666,0.4186234413965087,0.9084812967581049,41.86234413965087,90.84812967581048,45.99003491271821,36.52799002493765,6.225935162094763
2001,600300,166.75,0.41791323859386686,0.9161057092994264,41.79132385938669,91.61057092994264,45.99878833208677,36.53377711293942,8.37696335078534
2002,600600,166.83333333333334,0.4126265901721128,0.9138987278623099,41.26265901721128,91.38987278623098,46.006156148665504,36.53629084559741,8.462708904963831
2003,600900,166.91666666666666,0.4416204051012753,0.9185196299074769,44.16204051012753,91.8519629907477,46.01892723180795,36.54356339084771,10.303325831457864
2004,601200,167.0,0.36253,0.8917499999999999,36.253,89.175,46.0236375,36.548395,11.48125
2005,601500,167.08333333333334,0.3885297054418373,0.8877883175237145,38.85297054418373,88.77883175237145,46.038230154767845,36.56307538691962,12.803295057413878
2006,601800,167.16666666666666,0.515603517186251,0.9073621103117506,51.5603517186251,90.73621103117506,46.00977617905676,36.52507860378364,12.594457767119636
2007,602100,167.25,0.48279046169457124,0.9146499238964992,48.279046169457125,91.46499238964992,46.0143734145104,36.54168188736682,12.447488584474886
2008,602400,167.33333333333334,0.4436860670194004,0.8934290753338372,44.36860670194004,89.34290753338372,46.04597631645251,36.57344671201815,11.894179894179894
2009,602700,167.41666666666666,0.4970283975659229,0.9099873225152131,49.70283975659229,90.9987322515213,46.08254310344827,36.5922261663286,13.711967545638943
2010,603000,167.5,0.41765527562983285,0.8913968570715889,41.76552756298329,89.13968570715889,46.059665752057874,36.57628336243452,17.946370666001496
2011,603300,167.58333333333334,0.4468211422845691,0.9113101202404807,44.68211422845691,91.13101202404808,46.05993486973948,36.57346442885771,16.768036072144287
2012,603600,167.66666666666666,0.5163475442533034,0.8968835701819995,51.63475442533034,89.68835701819995,46.06111692844677,36.57100473697332,10.86711543256046
2013,603900,167.75,0.5739819684447783,0.9268419734535436,57.39819684447784,92.68419734535436,46.09683446030554,36.6027172551966,7.046080641121963
2014,604200,167.83333333333334,0.47307500622975335,0.8949115375031148,47.30750062297533,89.49115375031148,46.08510590580613,36.59173685522054,10.008721654622477
2015,604500,167.91666666666666,0.47370573566084795,0.8905137157107232,47.37057356608479,89.05137157107232,46.08895511221945,36.59170822942643,6.125187032418952
2016,604800,168.0,0.4633457897359243,0.906472346786248,46.33457897359243,90.6472346786248,46.09637767812655,36.6035475834579,8.32461385151968
2017,605100,168.08333333333334,0.5591203588337902,0.9254074258659357,55.91203588337902,92.54074258659357,46.117812110640415,36.61907550461002,12.4978818838774
2018,605400,168.16666666666666,0.4525118483412322,0.9049937640309303,45.25118483412322,90.49937640309304,46.1103591918184,36.6141307059117,12.830880518832627
2019,605700,168.25,0.39746197955622037,0.90043630017452,39.74619795562204,90.043630017452,46.11183246073298,36.612343555223134,9.13462976813762
2020,606000,168.33333333333334,0.3103146067415731,0.8828938826466916,31.031460674157305,88.28938826466916,46.11488139825219,36.61333083645444,8.44394506866417
2021,606300,168.41666666666666,0.5251708655525068,0.9086929408830131,52.517086555250685,90.86929408830132,46.13528061860813,36.63054876527812,10.02469443751559
2022,606600,168.5,0.46800099825305724,0.9183778387821312,46.80009982530572,91.83778387821312,46.14350885949588,36.6305415522835,17.030446718243073
2023,606900,168.58333333333334,0.5002593516209476,0.8994513715710722,50.02593516209476,89.94513715710723,46.14161845386534,36.627266832917705,17.568329177057358
2024,607200,168.66666666666666,0.6385682215016214,0.9320104764280369,63.85682215016214,93.20104764280369,46.15273883761536,36.63695934148167,15.87652781242205
2025,607500,168.75,0.5089409419386992,0.92545726389235,50.894094193869925,92.545726389235,46.16367306254673,36.645315225517066,12.792424619985049
2026,607800,168.83333333333334,0.7907429568686113,0.9332685115931189,79.07429568686113,93.32685115931189,46.17709299426577,36.65214410371478,11.62552979306906
2027,608100,168.91666666666666,0.7856939945178171,0.9306105158235733,78.5693994517817,93.06105158235734,46.19334911537504,36.65860204335908,12.96486419137802
2028,608400,169.0,0.6750934462995265,0.9315923249439322,67.50934462995265,93.15923249439322,46.198213306753054,36.65852728631946,11.345875903314228
2029,608700,169.08333333333334,0.5714307078763708,0.8835817547357927,57.143070787637086,88.35817547357927,46.20444416749751,36.66013210368894,12.009970089730809
2030,609000,169.16666666666666,0.5982879960069878,0.8956800598951834,59.82879960069878,89.56800598951834,46.212815073621165,36.66517095083604,12.9460943349139
2031,609300,169.25,0.6055408773678963,0.903636590229312,60.55408773678963,90.3636590229312,46.22197906281156,36.67138833499501,13.089481555333998
2032,609600,169.33333333333334,0.5553778997256174,0.9060987777500624,55.53778997256173,90.60987777500624,46.23152407084061,36.67954851583936,16.015465203292592
2033,609900,169.41666666666666,0.5457798852008985,0.9028025954579486,54.577988520089846,90.28025954579486,46.23854754180184,36.68444472173696,11.35487896181682
2034,610200,169.5,0.5756643002028397,0.9120892494929006,57.56643002028397,91.20892494929006,46.26141734279919,36.70727687626775,11.40365111561866
2035,610500,169.58333333333334,0.6633748753738783,0.936278664007976,66.33748753738783,93.6278664007976,46.25650049850449,36.698277666999,12.822532402791625
2036,610800,169.66666666666666,0.5367897231229734,0.9112521825891744,53.67897231229733,91.12521825891744,46.276343227737584,36.71551509104515,12.78099276627588
2037,611100,169.75,0.5495230961298376,0.9121847690387015,54.95230961298377,91.21847690387015,46.27158551810238,36.71191510611735,12.39450686641698
2038,611400,169.83333333333334,0.5319556552067762,0.8943996013951171,53.195565520677626,89.43996013951171,46.280869456900845,36.71522670652716,10.792476332835076
2039,611700,169.91666666666666,0.5536079900124844,0.8972609238451935,55.36079900124844,89.72609238451935,46.29403495630461,36.72592259675406,15.16828963795256
2040,612000,170.0,0.6112289519979894,0.9036014073887912,61.12289519979895,90.36014073887912,46.306845941191256,36.73077155064086,14.693641618497107
2041,612300,170.08333333333334,0.5560024906600249,0.8898306351183064,55.60024906600249,88.98306351183064,46.31169863013699,36.73631382316314,18.59153175591532
2042,612600,170.16666666666666,0.5403517086555251,0.8985707158892492,54.03517086555251,89.85707158892492,46.326116238463456,36.74735844350212,16.353205288101773
2043,612900,170.25,0.6511044627274994,0.9207703814510095,65.11044627274994,92.07703814510096,46.342909498878086,36.76299177262528,16.514335577162804
2044,613200,170.33333333333334,0.5796735609269873,0.8964814353351608,57.96735609269873,89.64814353351608,46.32720159481684,36.7502890605532,14.225766259656115
2045,613500,170.41666666666666,0.6117858929464733,0.928406703351676,61.17858929464733,92.8406703351676,46.339794897448726,36.76022261130565,10.364932466233116
2046,613800,170.5,0.5620676691729323,0.8665914786967419,56.20676691729323,86.65914786967419,46.34413784461152,36.76390726817042,11.049624060150377
2047,614100,170.58333333333334,0.6123236100723012,0.8486262777362253,61.23236100723012,84.86262777362253,46.35226626776365,36.77420593368237,7.401894789329344
2048,614400,170.66666666666666,0.5007899327186643,0.8638425118365314,50.07899327186644,86.38425118365313,46.36717667580364,36.79148517318715,6.48866184899078
2049,614700,170.75,0.5061551896207584,0.8787949101796407,50.615518962075846,87.87949101796407,46.37678892215569,36.795601297405184,6.866516966067865
2050,615000,170.83333333333334,0.43423623224520314,0.8637652628955894,43.42362322452031,86.37652628955894,46.37422128083728,36.7935384998754,16.836780463493646
2051,615300,170.91666666666666,0.5193962075848303,0.884061876247505,51.93962075848303,88.4061876247505,46.4103493013972,36.82925399201597,8.742015968063873
2052,615600,171.0,0.5378101644245141,0.8796562032884903,53.78101644245142,87.96562032884903,46.39298953662182,36.81358495266567,10.20827105132038
2053,615900,171.08333333333334,0.45259980039920156,0.8635753493013972,45.25998003992016,86.35753493013972,46.395893213572855,36.81386726546906,8.015219560878243
2054,616200,171.16666666666666,0.4802691924227318,0.8729611166500498,48.02691924227318,87.29611166500499,46.404027916251245,36.819842971086736,8.294616151545364
2055,616500,171.25,0.4741958396752917,0.8674936580416032,47.41958396752917,86.74936580416032,46.402894469812274,36.81750634195839,6.124302384576358
2056,616800,171.33333333333334,0.4574007490636704,0.8634382022471909,45.74007490636704,86.3438202247191,46.40844194756554,36.82629463171036,7.374032459425718
2057,617100,171.41666666666666,0.4883583208395802,0.8742903548225887,48.83583208395802,87.42903548225887,46.41781109445277,36.82969265367316,5.4610194902548725
2058,617400,171.5,0.35067581047381546,0.8392917705735661,35.067581047381545,83.92917705735661,46.42881546134663,36.843109725685785,6.345137157107232
2059,617700,171.58333333333334,0.42059336823734733,0.8691897282473198,42.05933682373473,86.91897282473198,46.4343355771628,36.84855896285216,6.3861879830466215
2060,618000,171.66666666666666,0.46530189620758483,0.8472879241516966,46.530189620758485,84.72879241516966,46.447876746506985,36.8624126746507,6.525948103792415
2061,618300,171.75,0.41322025442753807,0.8576203542030432,41.322025442753805,85.76203542030431,46.45229483661761,36.867779995011226,5.274632077824894
2062,618600,171.83333333333334,0.4095011224744325,0.8463806435520079,40.95011224744325,84.6380643552008,46.45840608630581,36.8756896981791,6.184335245697182
2063,618900,171.91666666666666,0.4282498130142109,0.8429070057342308,42.82498130142109,84.29070057342308,46.46582897033159,36.881790077287455,5.613562702567938
2064,619200,172.0,0.5334992496248124,0.896048024012006,53.34992496248124,89.6048024012006,46.49860180090045,36.90170585292646,7.878439219609805
2065,619500,172.08333333333334,0.4827630922693267,0.8801296758104737,48.27630922693267,88.01296758104738,46.48582543640898,36.89281795511222,11.37356608478803
2066,619800,172.16666666666666,0.5785771342985522,0.8864503245132301,57.85771342985522,88.64503245132302,46.49612830753869,36.903594608087865,15.493260109835248
2067,620100,172.25,0.45276526526526534,0.8711836836836837,45.27652652652653,87.11836836836837,46.49487987987988,36.89531031031032,10.822822822822824
2068,620400,172.33333333333334,0.46087912087912086,0.875511988011988,46.08791208791209,87.55119880119881,46.4849075924076,36.89144355644356,13.36163836163836
2069,620700,172.41666666666666,0.4753815461346633,0.8820847880299252,47.53815461346633,88.20847880299252,46.50161346633416,36.90422693266833,6.299501246882793
2070,621000,172.5,0.4170419703443076,0.8664136717768284,41.70419703443076,86.64136717768284,46.512068358884136,36.91477758230711,5.9502387534556425
2071,621300,172.58333333333334,0.5002170117236219,0.8941980543776503,50.021701172362185,89.41980543776504,46.50107258667997,36.90636817161387,5.869294088301322
2072,621600,172.66666666666666,0.4011794102948526,0.8876286856571715,40.11794102948526,88.76286856571714,46.49334582708646,36.89675662168916,4.652173913043479
2073,621900,172.75,0.4354440830622967,0.8558994245684264,43.54440830622967,85.58994245684264,46.50188141105829,36.906947710783086,5.17813360020015
2074,622200,172.83333333333334,0.39170622033474894,0.8731026729952535,39.17062203347489,87.31026729952535,46.51998750936798,36.92656507619286,5.102173369972521
2075,622500,172.91666666666666,0.3773260164629584,0.8678872536792217,37.73260164629584,86.78872536792217,46.53682963332502,36.93649039660764,4.189324020952856
2076,622800,173.0,0.4565151136647514,0.8760804396702473,45.65151136647514,87.60804396702473,46.53834374219336,36.939233075193606,5.7267049712715465
2077,623100,173.08333333333334,0.46178642714570856,0.888058882235529,46.178642714570856,88.8058882235529,46.54945858283433,36.94648453093813,7.561377245508982
2078,623400,173.16666666666666,0.4599425143714071,0.8822369407648089,45.99425143714071,88.22369407648088,46.55534866283429,36.953386653336665,5.033491627093227
2079,623700,173.25,0.4511401064099316,0.8874208259437547,45.11401064099316,88.74208259437547,46.52515074740309,36.92457816062832,6.15100076007094
2080,624000,173.33333333333334,0.4058920539730135,0.8815367316341829,40.58920539730135,88.15367316341829,46.56899550224888,36.96607696151924,5.873063468265867
2081,624300,173.41666666666666,0.43126465452731355,0.8918184085806935,43.12646545273135,89.18184085806935,46.57462459466201,36.97211025193315,5.494886505362933
2082,624600,173.5,0.4660406218655968,0.8963039117352056,46.60406218655968,89.63039117352056,46.57851303911735,36.972530090270816,7.772567703109328
2083,624900,173.58333333333334,0.38594777805674113,0.8997941250313833,38.59477780567411,89.97941250313833,46.59125784584485,36.984918403213655,4.718051719809189
2084,625200,173.66666666666666,0.49503251625812905,0.9391095547773888,49.50325162581291,93.91095547773888,46.579372186093046,36.97334417208605,6.155577788894448
2085,625500,173.75,0.48094202898550725,0.9267716141929035,48.094202898550726,92.67716141929036,46.59708395802099,36.98857821089455,6.306596701649175
2086,625800,173.83333333333334,0.4287278180454887,0.915733566608348,42.87278180454887,91.5733566608348,46.60477130717321,36.9967808047988,6.154711322169458
2087,626100,173.91666666666666,0.4995137157107232,0.923643391521197,49.95137157107232,92.3643391521197,46.612927680798,37.00612718204489,6.275561097256858
2088,626400,174.0,0.5687912087912088,0.9323776223776225,56.87912087912088,93.23776223776224,46.62260739260739,37.01256493506494,11.02997002997003
2089,626700,174.08333333333334,0.48599550337247066,0.8943642268298775,48.59955033724707,89.43642268298775,46.64338246315263,37.03008743442418,8.11566325256058
2090,627000,174.16666666666666,0.44636068034017007,0.8971610805402702,44.63606803401701,89.71610805402702,46.67111805902952,37.05341420710355,5.408204102051026
2091,627300,174.25,0.5203817365269461,0.8983982035928143,52.03817365269461,89.83982035928143,46.64494510978044,37.033108782435136,8.842564870259482
2092,627600,174.33333333333334,0.49750249750249753,0.910332167832168,49.75024975024975,91.0332167832168,46.652937062937056,37.04038961038961,8.372877122877123
2093,627900,174.41666666666666,0.467514985014985,0.9029920079920081,46.7514985014985,90.2992007992008,46.655839160839164,37.04306943056943,12.706293706293708
2094,628200,174.5,0.46547518084310313,0.9059042155150913,46.54751808431031,90.59042155150912,46.66701421800948,37.05608381142429,9.708655525068597
2095,628500,174.58333333333334,0.4186234413965087,0.9077630922693268,41.86234413965087,90.77630922693268,46.670361596009975,37.05817206982543,11.848877805486284
2096,628800,174.66666666666666,0.509074305729297,0.9202802101576182,50.9074305729297,92.02802101576182,46.66291468601452,37.05488116087065,7.966725043782837
2097,629100,174.75,0.5300924075924076,0.9433116883116882,53.00924075924076,94.33116883116882,46.676491008991015,37.07178321678322,5.484265734265734
2098,629400,174.83333333333334,0.5025412706353177,0.9105577788894448,50.25412706353177,91.05577788894448,46.67270385192597,37.063156578289146,6.314657328664333
2099,629700,174.91666666666666,0.5020404090795709,0.8989448740334248,50.20404090795709,89.89448740334248,46.69085308056872,37.07937640309304,6.128460962833624
2100,630000,175.0,0.4885742921573541,0.916898020546229,48.85742921573541,91.6898020546229,46.686827862691054,37.07177649711851,9.265347030819344
2101,630300,175.08333333333334,0.44130955350461465,0.9119780493888751,44.13095535046146,91.1978049388875,46.70577201297082,37.09231479171864,8.031928161636317
2102,630600,175.16666666666666,0.434125717136443,0.9106410576203543,43.4125717136443,91.06410576203542,46.71030431529059,37.09641805936643,14.025442753803942
2103,630900,175.25,0.3857872340425532,0.8979849812265331,38.57872340425532,89.79849812265331,46.72951439299124,37.11385231539424,11.412015018773468
2104,631200,175.33333333333334,0.3790429785107446,0.897663668165917,37.90429785107446,89.7663668165917,46.71141429285357,37.10136181909046,5.651174412793603
2105,631500,175.41666666666666,0.4082917082917083,0.9039885114885117,40.82917082917083,90.39885114885116,46.72142107892108,37.106740759240765,6.663836163836164
2106,631800,175.5,0.3705144946461217,0.8939409767563332,37.05144946461217,89.39409767563332,46.740060067902846,37.12578218856098,5.552624706189605
2107,632100,175.58333333333334,0.39959968602825746,0.9083464154892728,39.95996860282575,90.83464154892728,46.742608581894295,37.12264259549973,5.551282051282051
2108,632400,175.66666666666666,0.43356691919191914,0.9213320707070709,43.35669191919192,92.13320707070709,46.78709911616161,37.12394255050505,6.148674242424242
2109,632700,175.75,0.3986933174224344,0.9010113365155132,39.86933174224344,90.10113365155132,46.64099343675417,37.01125894988067,5.674821002386635
2110,633000,175.83333333333334,0.45057794676806084,0.9150925221799748,45.05779467680608,91.50925221799748,46.748806083650194,37.11524714828897,5.500887198986058
2111,633300,175.91666666666666,0.42236197224682615,0.9137939179214644,42.23619722468261,91.37939179214644,46.74052849129024,37.12201948627104,5.463241806908769
2112,633600,176.0,0.427977497990892,0.9114385212965443,42.7977497990892,91.14385212965443,46.67912670774176,37.07948566836325,4.947227431020627
2113,633900,176.08333333333334,0.40105008077544424,0.9118632202477112,40.105008077544426,91.18632202477112,46.45567582121702,36.92569736133549,5.205708131394723
2114,634200,176.16666666666666,0.47719042274597834,0.9198166853722409,47.71904227459783,91.9816685372241,46.81232697343809,37.17354657687991,7.188178077066966
2115,634500,176.25,0.4308541734329328,0.91552127314063,43.08541734329328,91.552127314063,46.83565768106528,37.20258850276064,7.983111399805131
2116,634800,176.33333333333334,0.3961451001624256,0.9048565240931239,39.61451001624256,90.4856524093124,46.51354629128316,36.86403898213319,4.624255549539794
2117,635100,176.41666666666666,0.42135164438019523,0.9076147452114204,42.13516443801952,90.76147452114203,46.98185399349476,37.261217925551136,5.048066498012288
2118,635400,176.5,0.4373398328690808,0.9082869080779945,43.73398328690808,90.82869080779945,46.80504874651811,37.10603064066853,8.257311977715878
2119,635700,176.58333333333334,0.4322698359558085,0.9269032474054236,43.22698359558085,92.69032474054237,46.89004352192836,37.254308670907264,6.800803481754269
2120,636000,176.66666666666666,0.4212193732193733,0.9221737891737892,42.12193732193733,92.21737891737892,46.76152421652422,37.15845014245014,5.831623931623931
2121,636300,176.75,0.45594955059437514,0.9276138011017686,45.59495505943752,92.76138011017686,46.7942563061757,37.13767758770658,4.361844012757321
2122,636600,176.83333333333334,0.4196141317965422,0.9338361312954148,41.96141317965422,93.38361312954147,46.80155349536457,37.18595840641444,5.707592082184916
2123,636900,176.91666666666666,0.38431965982991495,0.9150500250125064,38.43196598299149,91.50500250125064,46.812483741870935,37.19344672336168,4.974987493746873
2124,637200,177.0,0.44957563654518234,0.9141163255117324,44.95756365451823,91.41163255117324,46.811375436844735,37.1978157763355,5.978781827259112
2125,637500,177.08333333333334,0.38098743267504487,0.903508591946653,38.09874326750449,90.3508591946653,46.80265452680174,37.215606565786096,6.133880482174916
2126,637800,177.16666666666666,0.44362659335166205,0.9056860784803799,44.36265933516621,90.56860784803798,46.84276680829792,37.22574106473382,8.571607098225444
2127,638100,177.25,0.4073589615576635,0.9020843734398405,40.73589615576635,90.20843734398404,46.82793060409386,37.20677234148776,6.149525711432851
2128,638400,177.33333333333334,0.40703518842026454,0.905310706264038,40.703518842026455,90.5310706264038,46.83616421262791,37.22131020713751,5.410531569752933
2129,638700,177.41666666666666,0.4298227658512232,0.914518222666001,42.98227658512232,91.4518222666001,46.843539690464304,37.22879430853719,5.915876185721418
2130,639000,177.5,0.4176886075949367,0.91033417721519,41.76886075949367,91.033417721519,46.90923544303798,37.27780506329113,7.363797468354431
2131,639300,177.58333333333334,0.4519356447992018,0.934110750810676,45.19356447992018,93.4110750810676,46.85682215016214,37.24538039411325,7.360937889748067
2132,639600,177.66666666666666,0.4014820359281437,0.9143013972055889,40.14820359281437,91.43013972055888,46.85948353293413,37.246556886227545,9.047904191616766
2133,639900,177.75,0.4014817610062893,0.932606289308176,40.14817610062893,93.2606289308176,46.87459622641509,37.26294339622642,6.705157232704402
2134,640200,177.83333333333334,0.4947427572427572,0.9274275724275723,49.47427572427572,92.74275724275724,46.90273976023976,37.27405094905095,7.583416583416583
2135,640500,177.91666666666666,0.43016716566866264,0.9118987025948104,43.016716566866265,91.18987025948104,46.88285928143713,37.26441866267465,5.56062874251497
2136,640800,178.0,0.41924999999999996,0.9115049999999999,41.925,91.1505,46.89333,37.2725975,5.88425
2137,641100,178.08333333333334,0.3977911044477761,0.8998950524737631,39.77911044477761,89.98950524737631,46.88902048975512,37.27277111444278,7.069215392303848
2138,641400,178.16666666666666,0.4357185628742515,0.8853473053892216,43.57185628742515,88.53473053892216,46.56120658682634,37.11983532934132,8.784730538922156
2139,641700,178.25,0.3803875968992248,0.8891922980745186,38.03875968992248,88.91922980745186,46.90571642910727,37.28691922980745,6.80320080020005
2140,642000,178.33333333333334,0.3770002501876407,0.8890893169877409,37.70002501876407,88.90893169877408,46.91601451088316,37.29409557167876,5.979484613460095
2141,642300,178.41666666666666,0.34517852684144823,0.8880124843945069,34.51785268414482,88.80124843945069,46.91558801498128,37.297645443196,6.572284644194757
2142,642600,178.5,0.3600848091793465,0.8867872287353455,36.00848091793465,88.67872287353455,46.930466450486406,37.31209777999501,4.993015714642056
2143,642900,178.58333333333334,0.3788872255489022,0.9076796407185629,37.88872255489022,90.76796407185628,46.93596556886228,37.3209755489022,4.805389221556887
2144,643200,178.66666666666666,0.30468734367183603,0.8841295647823912,30.4687343671836,88.41295647823912,46.92695097548775,37.31229114557279,4.679589794897448
2145,643500,178.75,0.326825555278263,0.8800573995507861,32.6825555278263,88.00573995507861,46.93249313701023,37.313703518842026,5.417020214624407
2146,643800,178.83333333333334,0.3562627773622538,0.903064073797058,35.62627773622538,90.3064073797058,46.94336325105958,37.32248815756669,4.658937920718025
2147,644100,178.91666666666666,0.4438755622188906,0.9084507746126935,44.38755622188906,90.84507746126936,46.93791354322838,37.31981259370316,5.84007996001999
2148,644400,179.0,0.3775936635655016,0.9137088257480512,37.75936635655016,91.37088257480512,46.95737490570782,37.33031179280865,7.251445813427207
2149,644700,179.08333333333334,0.36364430032427036,0.9102394612122724,36.36443003242704,91.02394612122724,46.955839361436766,37.33489648291344,7.04938887503118
2150,645000,179.16666666666666,0.4182026959560659,0.918472291562656,41.82026959560659,91.8472291562656,46.959188716924615,37.33598352471294,7.691462805791313
2151,645300,179.25,0.33613330004992514,0.9061957064403394,33.61333000499251,90.61957064403394,46.96880928607089,37.34766849725412,5.615576635047429
2152,645600,179.33333333333334,0.35101944167497506,0.9159621136590228,35.10194416749751,91.59621136590228,46.966814556331,37.34580259222333,6.490777666999003
2153,645900,179.41666666666666,0.3391964062889942,0.9051160469178936,33.91964062889942,90.51160469178936,46.96545046169204,37.34331919141502,5.107062640379336
2154,646200,179.5,0.3302567298105683,0.9136764705882353,33.02567298105683,91.36764705882354,46.97552093718844,37.357153539381855,5.6440677966101696
2155,646500,179.58333333333334,0.3612986041874377,0.9310169491525424,36.12986041874377,93.10169491525424,46.981445663010966,37.36232303090728,5.98604187437687
2156,646800,179.66666666666666,0.35545023696682465,0.9178473434771764,35.54502369668246,91.78473434771765,46.98565477675231,37.368912446994266,9.914442504365178
2157,647100,179.75,0.4392424626298455,0.9388472257410692,43.92424626298455,93.88472257410692,46.963944768178365,37.34552064859387,6.474537623511528
2158,647400,179.83333333333334,0.3170149625935162,0.9138927680798004,31.70149625935162,91.38927680798004,47.00002493765586,37.3763391521197,6.120947630922693
2159,647700,179.91666666666666,0.5004089775561097,0.9427880299251871,50.04089775561097,94.2788029925187,47.002027431421446,37.37759850374065,6.382793017456359
2160,648000,180.0,0.49168032786885246,0.9377254098360656,49.16803278688525,93.77254098360656,46.89404713114754,37.28408299180328,8.908555327868852
2161,648300,180.08333333333334,0.40072159800249685,0.9053258426966292,40.072159800249686,90.53258426966292,47.013580524344576,37.386364544319605,12.077902621722846
2162,648600,180.16666666666666,0.4308768423682238,0.9037896577566823,43.08768423682238,90.37896577566823,47.03433424931301,37.40533349987509,6.639770172370722
2163,648900,180.25,0.42059705221084187,0.9173719710217335,42.05970522108419,91.73719710217335,47.0391331501374,37.40514863852111,8.143142643017736
2164,649200,180.33333333333334,0.35252997002997005,0.905989010989011,35.252997002997006,90.5989010989011,47.02613886113886,37.39428071928072,6.8948551448551445
2165,649500,180.41666666666666,0.350102167954149,0.9019486668327934,35.0102167954149,90.19486668327934,47.052237727386,37.41867430849739,7.146274607525542
2166,649800,180.5,0.3815213032581454,0.9093934837092732,38.15213032581454,90.93934837092732,47.0445939849624,37.40936842105263,7.754385964912281
2167,650100,180.58333333333334,0.4257865868860633,0.9399152331089503,42.57865868860633,93.99152331089503,47.067988032909504,37.43201446023436,8.990526053353278
2168,650400,180.66666666666666,0.38270911360799004,0.9234731585518102,38.270911360799005,92.34731585518102,47.073900124843945,37.43582521847691,6.987016229712859
2169,650700,180.75,0.4152727272727272,0.92892987012987,41.52727272727272,92.892987012987,46.93482597402597,37.2936987012987,8.22987012987013
2170,651000,180.83333333333334,0.399922673983537,0.9281641307059115,39.9922673983537,92.81641307059115,47.07946121227239,37.44176353205288,9.363931154901472
2171,651300,180.91666666666666,0.46764661841776894,0.9502071375093588,46.76466184177689,95.02071375093588,47.0876016970302,37.44295482904917,6.874719241327677
2172,651600,181.0,0.4891270635317659,0.9254452226113057,48.91270635317659,92.54452226113057,47.07662331165583,37.43592796398199,8.62431215607804
2173,651900,181.08333333333334,0.5178512396694215,0.9324367643375908,51.78512396694215,93.24367643375908,47.09577510643626,37.45013523666417,9.154269972451791
2174,652200,181.16666666666666,0.4548241456722375,0.925245697181342,45.48241456722375,92.5245697181342,47.09315290596159,37.4502319780494,6.822150162135196
2175,652500,181.25,0.4998648310387985,0.930663329161452,49.98648310387985,93.0663329161452,47.11423529411765,37.47368710888611,5.884355444305382
2176,652800,181.33333333333334,0.43286573146292584,0.9292084168336672,43.28657314629258,92.92084168336672,47.11289829659319,37.4665255511022,7.54809619238477
2177,653100,181.41666666666666,0.6180996727913416,0.9395670777749813,61.80996727913416,93.95670777749812,47.12517744777246,37.47072741001762,6.964258746539139
2178,653400,181.5,0.5027288600648541,0.9202943377400848,50.27288600648541,92.02943377400848,47.11496133699177,37.46579196807184,13.724370167123972
2179,653700,181.58333333333334,0.5134761519805982,0.944012395580706,51.34761519805982,94.4012395580706,47.07590137429265,37.424249528429,13.336297493936945
2180,654000,181.66666666666666,0.4675734740015072,0.9285104245164533,46.75734740015072,92.85104245164533,47.154202461693046,37.50398392363727,9.842501883948756
2181,654300,181.75,0.4716733668341708,0.9309346733668342,47.16733668341708,93.09346733668342,47.158824120603015,37.49224120603015,13.143467336683416
2182,654600,181.83333333333334,0.49655026191070095,0.9180119730606136,49.65502619107009,91.80119730606135,47.145986530306814,37.49895485158394,10.981790970316789
2183,654900,181.91666666666666,0.5309327331832958,0.9362415603900976,53.09327331832958,93.62415603900976,47.13935733933484,37.49039759939985,8.268567141785446
2184,655200,182.0,0.4588590772316951,0.9224147442326981,45.88590772316951,92.2414744232698,47.1417001003009,37.49516048144434,8.916750250752257
2185,655500,182.08333333333334,0.4767325354856666,0.9191455608126914,47.673253548566656,91.91455608126914,47.00445588644587,37.39341775674923,8.897300306150848
2186,655800,182.16666666666666,0.4567876954109934,0.919606656580938,45.67876954109934,91.9606656580938,47.13567322239032,37.482155824508325,10.321986888552695
2187,656100,182.25,0.5612467997951869,0.9375883256528418,56.12467997951869,93.75883256528418,47.18857654889913,37.51942140296978,9.222478238607271
2188,656400,182.33333333333334,0.44111388611388613,0.9252122877122878,44.11138861138861,92.52122877122878,47.159890109890114,37.512337662337664,6.167582417582418
2189,656700,182.41666666666666,0.4027811094452774,0.920919540229885,40.27811094452774,92.0919540229885,47.183308345827086,37.53114442778611,6.275612193903049
2190,657000,182.5,0.44632984031936124,0.935254491017964,44.632984031936125,93.5254491017964,47.19349550898204,37.53558133732535,6.911177644710579
2191,657300,182.58333333333334,0.5081437125748502,0.9447180638722555,50.81437125748503,94.47180638722556,47.19446606786428,37.53811127744511,9.62250499001996
2192,657600,182.66666666666666,0.45148342059336827,0.9359411618050362,45.14834205933683,93.59411618050362,47.20366741460983,37.54530291697831,6.8017950635751685
2193,657900,182.75,0.5666625124626122,0.9353888334995015,56.66625124626122,93.53888334995015,47.20732801595214,37.54876620139581,7.884845463609173
2194,658200,182.83333333333334,0.48307481296758104,0.921361596009975,48.307481296758105,92.1361596009975,47.22300997506234,37.56002244389028,6.733915211970075
2195,658500,182.91666666666666,0.4272362185083562,0.9195135944125715,42.72362185083562,91.95135944125715,47.22572960838114,37.55979795460215,6.191818408580693
2196,658800,183.0,0.4105526381595399,0.9193148287071767,41.05526381595399,91.93148287071767,47.25499874968742,37.58241310327582,6.902225556389097
2197,659100,183.08333333333334,0.4412677813825805,0.9236810581482406,44.12677813825805,92.36810581482406,47.24713750935862,37.57651859246319,6.519341152982281
2198,659400,183.16666666666666,0.42203343313373254,0.9238323353293412,42.20334331337325,92.38323353293411,47.24785179640719,37.574346307385234,5.921407185628743
2199,659700,183.25,0.4121957468613887,0.9277658211632078,41.21957468613887,92.77658211632078,47.274232641557774,37.611091468101456,6.041250320266462
2200,660000,183.33333333333334,0.4414317784983786,0.938433524569718,44.14317784983786,93.8433524569718,47.25061860813171,37.5791843352457,7.062858568221501
2201,660300,183.41666666666666,0.4291937906860291,0.9315598397596396,42.91937906860291,93.15598397596396,47.25503254882324,37.58162243365047,10.56084126189284
2202,660600,183.5,0.4180829145728643,0.9273216080402009,41.80829145728643,92.7321608040201,47.24342713567839,37.57358040201005,9.085427135678392
2203,660900,183.58333333333334,0.44850303951367776,0.9430673758865248,44.85030395136778,94.30673758865248,47.24447821681864,37.59075481256332,7.336879432624113
2204,661200,183.66666666666666,0.4390305611222445,0.9159769539078156,43.90305611222445,91.59769539078157,47.28152805611222,37.60254258517034,7.450150300601202
2205,661500,183.75,0.4793441396508728,0.9379526184538652,47.93441396508728,93.79526184538652,47.27437157107232,37.6014812967581,8.461845386533666
2206,661800,183.83333333333334,0.46316853932584273,0.9280624219725344,46.31685393258427,92.80624219725344,47.28598501872659,37.60962796504369,6.8993757802746565
2207,662100,183.91666666666666,0.43039960039960046,0.9141933066933067,43.03996003996004,91.41933066933066,47.28263236763237,37.609133366633365,8.151598401598402
2208,662400,184.0,0.4806571714142928,0.9229910044977513,48.06571714142928,92.29910044977512,47.30531984007996,37.62627186406797,7.348825587206397
2209,662700,184.08333333333334,0.4866109308709758,0.9212877464437235,48.661093087097576,92.12877464437234,47.30997753930621,37.63207886199151,6.334165210880959
2210,663000,184.16666666666666,0.48560280140070033,0.9190970485242622,48.560280140070034,91.90970485242622,47.32330915457729,37.64677588794397,7.009754877438719
2211,663300,184.25,0.48676080979755065,0.9133516620844787,48.67608097975506,91.33516620844787,47.31184453886529,37.62653586603349,9.33316670832292
2212,663600,184.33333333333334,0.4722780913288866,0.9155182144689584,47.22780913288866,91.55182144689584,47.26393022062596,37.59524884556183,8.345561826577732
2213,663900,184.41666666666666,0.5266043456291056,0.9259929257200606,52.66043456291056,92.59929257200606,47.32152854977261,37.64455027791814,7.919151086407276
2214,664200,184.5,0.5219383921863261,0.934442774855998,52.19383921863261,93.4442774855998,47.35278487352868,37.66953418482344,6.899824693213123
2215,664500,184.58333333333334,0.5298528311299576,0.937468196557745,52.98528311299576,93.7468196557745,47.34161137440758,37.66185831878274,8.026689947617859
2216,664800,184.66666666666666,0.5032923392262362,0.9128388419164745,50.32923392262362,91.28388419164745,47.30127081732001,37.64337688957213,6.011017166282347
2217,665100,184.75,0.47744627686156926,0.9070964517741128,47.744627686156925,90.70964517741128,47.34461019490255,37.6614367816092,6.9322838580709645
2218,665400,184.83333333333334,0.4804576144036009,0.9220430107526881,48.04576144036009,92.20430107526882,47.36434608652163,37.68091272818205,8.120280070017504
2219,665700,184.91666666666666,0.5410986267166042,0.9363021223470662,54.10986267166042,93.63021223470662,47.37531835205992,37.693101123595504,6.179775280898877
2220,666000,185.0,0.5565672763718367,0.9341343021799048,55.656727637183664,93.41343021799048,47.37828363818592,37.690804309696816,6.779503883738411
2221,666300,185.08333333333334,0.4744639718804921,0.8869394928445895,47.44639718804921,88.69394928445895,47.36040170725584,37.680748179764,6.417775546070801
2222,666600,185.16666666666666,0.4651240726528524,0.8880020465592223,46.51240726528524,88.80020465592223,47.353458685085705,37.68973650550013,6.934254284983371
2223,666900,185.25,0.4619953596287703,0.893000773395205,46.19953596287703,89.3000773395205,47.30005671564837,37.63541118845063,5.443413250837845
2224,667200,185.33333333333334,0.4315305867665418,0.8825218476903871,43.15305867665418,88.2521847690387,47.38392759051186,37.70199500624219,6.6124843945068665
2225,667500,185.41666666666666,0.4255658256307769,0.8878491131651262,42.55658256307769,88.78491131651262,47.40636272795404,37.71406694978766,5.718710966774919
2226,667800,185.5,0.46702620967741937,0.8989339717741935,46.702620967741936,89.89339717741936,47.42263356854839,37.73336945564516,5.007560483870968
2227,668100,185.58333333333334,0.44259111333000495,0.9103619570644034,44.2591113330005,91.03619570644034,47.394687968047926,37.7148951572641,5.431602596105841
2228,668400,185.66666666666666,0.4180802792321117,0.8974270755422588,41.80802792321117,89.74270755422587,47.40133881824981,37.71984293193717,5.471952131637996
2229,668700,185.75,0.41211346792742143,0.8983286480960899,41.21134679274214,89.83286480960899,47.38056478405316,37.711610017889086,5.210069000766676
2230,669000,185.83333333333334,0.42662010476428036,0.9121376901970568,42.66201047642804,91.21376901970568,47.38284859067099,37.70207782489399,5.659266650037416
2231,669300,185.91666666666666,0.41762213359920236,0.9157128614157528,41.76221335992024,91.57128614157529,47.38903788634098,37.71011465603191,4.481804586241276
2232,669600,186.0,0.4474604793472718,0.9129245283018868,44.74604793472718,91.29245283018868,47.38544875063743,37.692993370729226,4.999235084140745
2233,669900,186.08333333333334,0.4592974871656309,0.9185139151580654,45.92974871656309,91.85139151580654,47.27539043501756,37.623312618211294,5.441772493920562
2234,670200,186.16666666666666,0.426420263634014,0.9156939777720341,42.6420263634014,91.5693977772034,47.320031015766354,37.65216851899716,5.703799431377617
2235,670500,186.25,0.4574729051017711,0.9113666402326196,45.74729051017711,91.13666402326196,47.35233941316415,37.69042294475284,9.188474755485064
2236,670800,186.33333333333334,0.46506636038795307,0.9081240428790198,46.50663603879531,90.81240428790198,47.39847881572231,37.71502552322614,5.969116896375702
2237,671100,186.41666666666666,0.40944093093852774,0.9053275992916773,40.94409309385277,90.53275992916772,47.41957247660005,37.75717176827726,5.247912977485454
2238,671400,186.5,0.3924493876530868,0.9038015496125967,39.24493876530868,90.38015496125968,47.42095226193452,37.74017495626094,5.224693826543364
2239,671700,186.58333333333334,0.4219970007498125,0.910034991252187,42.19970007498125,91.0034991252187,47.4442064483879,37.75475131217196,5.681829542614347
2240,672000,186.66666666666666,0.3787378392217102,0.9038146441372248,37.87378392217102,90.38146441372248,47.3528955453149,37.70371991807476,4.998463901689708
2241,672300,186.75,0.38619510978043914,0.9066042914171656,38.61951097804391,90.66042914171656,47.45905189620758,37.77077844311377,4.675648702594811
2242,672600,186.83333333333334,0.40304564729358944,0.91963083063108,40.304564729358944,91.963083063108,47.4426789723123,37.75437765028685,4.597405836867049
