step,elapsed_seconds,elapsed_hours,ambient_temp_c
0,0,0.0,23.73
1,300,0.08333333333333333,23.688
2,600,0.16666666666666666,23.647
3,900,0.25,23.605
4,1200,0.3333333333333333,23.563
5,1500,0.41666666666666663,23.522
6,1800,0.5,23.48
7,2100,0.5833333333333333,23.438
8,2400,0.6666666666666666,23.397
9,2700,0.75,23.355
10,3000,0.8333333333333333,23.313
11,3300,0.9166666666666666,23.272
12,3600,1.0,23.23
13,3900,1.0833333333333333,23.19
14,4200,1.1666666666666665,23.15
15,4500,1.25,23.11
16,4800,1.3333333333333333,23.07
17,5100,1.4166666666666665,23.03
18,5400,1.5,22.99
19,5700,1.5833333333333333,22.95
20,6000,1.6666666666666665,22.91
21,6300,1.75,22.87
22,6600,1.8333333333333333,22.83
23,6900,1.9166666666666665,22.79
24,7200,2.0,22.75
25,7500,2.083333333333333,22.722
26,7800,2.1666666666666665,22.693
27,8100,2.25,22.665
28,8400,2.333333333333333,22.637
29,8700,2.4166666666666665,22.608
30,9000,2.5,22.58
31,9300,2.583333333333333,22.552
32,9600,2.6666666666666665,22.523
33,9900,2.75,22.495
34,10200,2.833333333333333,22.467
35,10500,2.9166666666666665,22.438
36,10800,3.0,22.41
37,11100,3.083333333333333,22.393
38,11400,3.1666666666666665,22.377
39,11700,3.25,22.36
40,12000,3.333333333333333,22.343
41,12300,3.4166666666666665,22.327
42,12600,3.5,22.31
43,12900,3.583333333333333,22.293
44,13200,3.6666666666666665,22.277
45,13500,3.75,22.26
46,13800,3.833333333333333,22.243
47,14100,3.9166666666666665,22.227
48,14400,4.0,22.21
49,14700,4.083333333333333,22.209
50,15000,4.166666666666666,22.208
51,15300,4.25,22.208
52,15600,4.333333333333333,22.207
53,15900,4.416666666666666,22.206
54,16200,4.5,22.205
55,16500,4.583333333333333,22.204
56,16800,4.666666666666666,22.203
57,17100,4.75,22.202
58,17400,4.833333333333333,22.202
59,17700,4.916666666666666,22.201
60,18000,5.0,22.2
61,18300,5.083333333333333,22.292
62,18600,5.166666666666666,22.385
63,18900,5.25,22.478
64,19200,5.333333333333333,22.57
65,19500,5.416666666666666,22.662
66,19800,5.5,22.755
67,20100,5.583333333333333,22.848
68,20400,5.666666666666666,22.94
69,20700,5.75,23.032
70,21000,5.833333333333333,23.125
71,21300,5.916666666666666,23.217
72,21600,6.0,23.31
73,21900,6.083333333333333,23.5
74,22200,6.166666666666666,23.69
75,22500,6.25,23.88
76,22800,6.333333333333333,24.07
77,23100,6.416666666666666,24.26
78,23400,6.5,24.45
79,23700,6.583333333333333,24.64
80,24000,6.666666666666666,24.83
81,24300,6.75,25.02
82,24600,6.833333333333333,25.21
83,24900,6.916666666666666,25.4
84,25200,7.0,25.59
85,25500,7.083333333333333,25.842
86,25800,7.166666666666666,26.095
87,26100,7.25,26.348
88,26400,7.333333333333333,26.6
89,26700,7.416666666666666,26.852
90,27000,7.5,27.105
91,27300,7.583333333333333,27.357
92,27600,7.666666666666666,27.61
93,27900,7.75,27.862
94,28200,7.833333333333333,28.115
95,28500,7.916666666666666,28.368
96,28800,8.0,28.62
97,29100,8.083333333333332,28.838
98,29400,8.166666666666666,29.057
99,29700,8.25,29.275
100,30000,8.333333333333332,29.493
101,30300,8.416666666666666,29.712
102,30600,8.5,29.93
103,30900,8.583333333333332,30.148
104,31200,8.666666666666666,30.367
105,31500,8.75,30.585
106,31800,8.833333333333332,30.803
107,32100,8.916666666666666,31.022
108,32400,9.0,31.24
109,32700,9.083333333333332,31.408
110,33000,9.166666666666666,31.577
111,33300,9.25,31.745
112,33600,9.333333333333332,31.913
113,33900,9.416666666666666,32.082
114,34200,9.5,32.25
115,34500,9.583333333333332,32.418
116,34800,9.666666666666666,32.587
117,35100,9.75,32.755
118,35400,9.833333333333332,32.923
119,35700,9.916666666666666,33.092
120,36000,10.0,33.26
121,36300,10.083333333333332,33.396
122,36600,10.166666666666666,33.532
123,36900,10.25,33.668
124,37200,10.333333333333332,33.803
125,37500,10.416666666666666,33.939
126,37800,10.5,34.075
127,38100,10.583333333333332,34.211
128,38400,10.666666666666666,34.347
129,38700,10.75,34.482
130,39000,10.833333333333332,34.618
131,39300,10.916666666666666,34.754
132,39600,11.0,34.89
133,39900,11.083333333333332,34.972
134,40200,11.166666666666666,35.055
135,40500,11.25,35.138
136,40800,11.333333333333332,35.22
137,41100,11.416666666666666,35.302
138,41400,11.5,35.385
139,41700,11.583333333333332,35.468
140,42000,11.666666666666666,35.55
141,42300,11.75,35.632
142,42600,11.833333333333332,35.715
143,42900,11.916666666666666,35.798
144,43200,12.0,35.88
145,43500,12.083333333333332,35.898
146,43800,12.166666666666666,35.917
147,44100,12.25,35.935
148,44400,12.333333333333332,35.953
149,44700,12.416666666666666,35.972
150,45000,12.5,35.99
151,45300,12.583333333333332,36.008
152,45600,12.666666666666666,36.027
153,45900,12.75,36.045
154,46200,12.833333333333332,36.063
155,46500,12.916666666666666,36.082
156,46800,13.0,36.1
157,47100,13.083333333333332,36.099
158,47400,13.166666666666666,36.098
159,47700,13.25,36.098
160,48000,13.333333333333332,36.097
161,48300,13.416666666666666,36.096
162,48600,13.5,36.095
163,48900,13.583333333333332,36.094
164,49200,13.666666666666666,36.093
165,49500,13.75,36.092
166,49800,13.833333333333332,36.092
167,50100,13.916666666666666,36.091
168,50400,14.0,36.09
169,50700,14.083333333333332,36.028
170,51000,14.166666666666666,35.965
171,51300,14.25,35.902
172,51600,14.333333333333332,35.84
173,51900,14.416666666666666,35.778
174,52200,14.5,35.715
175,52500,14.583333333333332,35.652
176,52800,14.666666666666666,35.59
177,53100,14.75,35.528
178,53400,14.833333333333332,35.465
179,53700,14.916666666666666,35.402
180,54000,15.0,35.34
181,54300,15.083333333333332,35.262
182,54600,15.166666666666666,35.185
183,54900,15.25,35.108
184,55200,15.333333333333332,35.03
185,55500,15.416666666666666,34.952
186,55800,15.5,34.875
187,56100,15.583333333333332,34.798
188,56400,15.666666666666666,34.72
189,56700,15.75,34.642
190,57000,15.833333333333332,34.565
191,57300,15.916666666666666,34.488
192,57600,16.0,34.41
193,57900,16.083333333333332,34.288
194,58200,16.166666666666664,34.167
195,58500,16.25,34.045
196,58800,16.333333333333332,33.923
197,59100,16.416666666666664,33.802
198,59400,16.5,33.68
199,59700,16.583333333333332,33.558
200,60000,16.666666666666664,33.437
201,60300,16.75,33.315
202,60600,16.833333333333332,33.193
203,60900,16.916666666666664,33.072
204,61200,17.0,32.95
205,61500,17.083333333333332,32.751
206,61800,17.166666666666664,32.552
207,62100,17.25,32.352
208,62400,17.333333333333332,32.153
209,62700,17.416666666666664,31.954
210,63000,17.5,31.755
211,63300,17.583333333333332,31.556
212,63600,17.666666666666664,31.357
213,63900,17.75,31.158
214,64200,17.833333333333332,30.958
215,64500,17.916666666666664,30.759
216,64800,18.0,30.56
217,65100,18.083333333333332,30.422
218,65400,18.166666666666664,30.283
219,65700,18.25,30.145
220,66000,18.333333333333332,30.007
221,66300,18.416666666666664,29.868
222,66600,18.5,29.73
223,66900,18.583333333333332,29.592
224,67200,18.666666666666664,29.453
225,67500,18.75,29.315
226,67800,18.833333333333332,29.177
227,68100,18.916666666666664,29.038
228,68400,19.0,28.9
229,68700,19.083333333333332,28.815
230,69000,19.166666666666664,28.73
231,69300,19.25,28.645
232,69600,19.333333333333332,28.56
233,69900,19.416666666666664,28.475
234,70200,19.5,28.39
235,70500,19.583333333333332,28.305
236,70800,19.666666666666664,28.22
237,71100,19.75,28.135
238,71400,19.833333333333332,28.05
239,71700,19.916666666666664,27.965
240,72000,20.0,27.88
241,72300,20.083333333333332,27.806
242,72600,20.166666666666664,27.732
243,72900,20.25,27.658
244,73200,20.333333333333332,27.583
245,73500,20.416666666666664,27.509
246,73800,20.5,27.435
247,74100,20.583333333333332,27.361
248,74400,20.666666666666664,27.287
249,74700,20.75,27.212
250,75000,20.833333333333332,27.138
251,75300,20.916666666666664,27.064
252,75600,21.0,26.99
253,75900,21.083333333333332,26.878
254,76200,21.166666666666664,26.765
255,76500,21.25,26.652
256,76800,21.333333333333332,26.54
257,77100,21.416666666666664,26.428
258,77400,21.5,26.315
259,77700,21.583333333333332,26.202
260,78000,21.666666666666664,26.09
261,78300,21.75,25.978
262,78600,21.833333333333332,25.865
263,78900,21.916666666666664,25.753
264,79200,22.0,25.64
265,79500,22.083333333333332,25.562
266,79800,22.166666666666664,25.483
267,80100,22.25,25.405
268,80400,22.333333333333332,25.327
269,80700,22.416666666666664,25.248
270,81000,22.5,25.17
271,81300,22.583333333333332,25.092
272,81600,22.666666666666664,25.013
273,81900,22.75,24.935
274,82200,22.833333333333332,24.857
275,82500,22.916666666666664,24.778
276,82800,23.0,24.7
277,83100,23.083333333333332,24.649
278,83400,23.166666666666664,24.598
279,83700,23.25,24.548
280,84000,23.333333333333332,24.497
281,84300,23.416666666666664,24.446
282,84600,23.5,24.395
283,84900,23.583333333333332,24.344
284,85200,23.666666666666664,24.293
285,85500,23.75,24.242
286,85800,23.833333333333332,24.192
287,86100,23.916666666666664,24.141
288,86400,24.0,24.09
289,86700,24.083333333333332,24.05
290,87000,24.166666666666664,24.01
291,87300,24.25,23.97
292,87600,24.333333333333332,23.93
293,87900,24.416666666666664,23.89
294,88200,24.5,23.85
295,88500,24.583333333333332,23.81
296,88800,24.666666666666664,23.77
297,89100,24.75,23.73
298,89400,24.833333333333332,23.69
299,89700,24.916666666666664,23.65
300,90000,25.0,23.61
301,90300,25.083333333333332,23.578
302,90600,25.166666666666664,23.547
303,90900,25.25,23.515
304,91200,25.333333333333332,23.483
305,91500,25.416666666666664,23.452
306,91800,25.5,23.42
307,92100,25.583333333333332,23.388
308,92400,25.666666666666664,23.357
309,92700,25.75,23.325
310,93000,25.833333333333332,23.293
311,93300,25.916666666666664,23.262
312,93600,26.0,23.23
313,93900,26.083333333333332,23.205
314,94200,26.166666666666664,23.18
315,94500,26.25,23.155
316,94800,26.333333333333332,23.13
317,95100,26.416666666666664,23.105
318,95400,26.5,23.08
319,95700,26.583333333333332,23.055
320,96000,26.666666666666664,23.03
321,96300,26.75,23.005
322,96600,26.833333333333332,22.98
323,96900,26.916666666666664,22.955
324,97200,27.0,22.93
325,97500,27.083333333333332,22.915
326,97800,27.166666666666664,22.9
327,98100,27.25,22.885
328,98400,27.333333333333332,22.87
329,98700,27.416666666666664,22.855
330,99000,27.5,22.84
331,99300,27.583333333333332,22.825
332,99600,27.666666666666664,22.81
333,99900,27.75,22.795
334,100200,27.833333333333332,22.78
335,100500,27.916666666666664,22.765
336,100800,28.0,22.75
337,101100,28.083333333333332,22.748
338,101400,28.166666666666664,22.745
339,101700,28.25,22.742
340,102000,28.333333333333332,22.74
341,102300,28.416666666666664,22.738
342,102600,28.5,22.735
343,102900,28.583333333333332,22.732
344,103200,28.666666666666664,22.73
345,103500,28.75,22.728
346,103800,28.833333333333332,22.725
347,104100,28.916666666666664,22.722
348,104400,29.0,22.72
349,104700,29.083333333333332,22.815
350,105000,29.166666666666664,22.91
351,105300,29.25,23.005
352,105600,29.333333333333332,23.1
353,105900,29.416666666666664,23.195
354,106200,29.5,23.29
355,106500,29.583333333333332,23.385
356,106800,29.666666666666664,23.48
357,107100,29.75,23.575
358,107400,29.833333333333332,23.67
359,107700,29.916666666666664,23.765
360,108000,30.0,23.86
361,108300,30.083333333333332,24.062
362,108600,30.166666666666664,24.265
363,108900,30.25,24.468
364,109200,30.333333333333332,24.67
365,109500,30.416666666666664,24.872
366,109800,30.5,25.075
367,110100,30.583333333333332,25.277
368,110400,30.666666666666664,25.48
369,110700,30.75,25.682
370,111000,30.833333333333332,25.885
371,111300,30.916666666666664,26.087
372,111600,31.0,26.29
373,111900,31.083333333333332,26.488
374,112200,31.166666666666664,26.687
375,112500,31.25,26.885
376,112800,31.333333333333332,27.083
377,113100,31.416666666666664,27.282
378,113400,31.5,27.48
379,113700,31.583333333333332,27.678
380,114000,31.666666666666664,27.877
381,114300,31.75,28.075
382,114600,31.833333333333332,28.273
383,114900,31.916666666666664,28.472
384,115200,32.0,28.67
385,115500,32.08333333333333,28.829
386,115800,32.166666666666664,28.988
387,116100,32.25,29.148
388,116400,32.33333333333333,29.307
389,116700,32.416666666666664,29.466
390,117000,32.5,29.625
391,117300,32.58333333333333,29.784
392,117600,32.666666666666664,29.943
393,117900,32.75,30.102
394,118200,32.83333333333333,30.262
395,118500,32.916666666666664,30.421
396,118800,33.0,30.58
397,119100,33.08333333333333,30.73
398,119400,33.166666666666664,30.88
399,119700,33.25,31.03
400,120000,33.33333333333333,31.18
401,120300,33.416666666666664,31.33
402,120600,33.5,31.48
403,120900,33.58333333333333,31.63
404,121200,33.666666666666664,31.78
405,121500,33.75,31.93
406,121800,33.83333333333333,32.08
407,122100,33.916666666666664,32.23
408,122400,34.0,32.38
409,122700,34.08333333333333,32.498
410,123000,34.166666666666664,32.617
411,123300,34.25,32.735
412,123600,34.33333333333333,32.853
413,123900,34.416666666666664,32.972
414,124200,34.5,33.09
415,124500,34.58333333333333,33.208
416,124800,34.666666666666664,33.327
417,125100,34.75,33.445
418,125400,34.83333333333333,33.563
419,125700,34.916666666666664,33.682
420,126000,35.0,33.8
421,126300,35.08333333333333,33.88
422,126600,35.166666666666664,33.96
423,126900,35.25,34.04
424,127200,35.33333333333333,34.12
425,127500,35.416666666666664,34.2
426,127800,35.5,34.28
427,128100,35.58333333333333,34.36
428,128400,35.666666666666664,34.44
429,128700,35.75,34.52
430,129000,35.83333333333333,34.6
431,129300,35.916666666666664,34.68
432,129600,36.0,34.76
433,129900,36.08333333333333,34.8
434,130200,36.166666666666664,34.84
435,130500,36.25,34.88
436,130800,36.33333333333333,34.92
437,131100,36.416666666666664,34.96
438,131400,36.5,35.0
439,131700,36.58333333333333,35.04
440,132000,36.666666666666664,35.08
441,132300,36.75,35.12
442,132600,36.83333333333333,35.16
443,132900,36.916666666666664,35.2
444,133200,37.0,35.24
445,133500,37.08333333333333,35.222
446,133800,37.166666666666664,35.203
447,134100,37.25,35.185
448,134400,37.33333333333333,35.167
449,134700,37.416666666666664,35.148
450,135000,37.5,35.13
451,135300,37.58333333333333,35.112
452,135600,37.666666666666664,35.093
453,135900,37.75,35.075
454,136200,37.83333333333333,35.057
455,136500,37.916666666666664,35.038
456,136800,38.0,35.02
457,137100,38.08333333333333,34.984
458,137400,38.166666666666664,34.948
459,137700,38.25,34.912
460,138000,38.33333333333333,34.877
461,138300,38.416666666666664,34.841
462,138600,38.5,34.805
463,138900,38.58333333333333,34.769
464,139200,38.666666666666664,34.733
465,139500,38.75,34.698
466,139800,38.83333333333333,34.662
467,140100,38.916666666666664,34.626
468,140400,39.0,34.59
469,140700,39.08333333333333,34.494
470,141000,39.166666666666664,34.398
471,141300,39.25,34.302
472,141600,39.33333333333333,34.207
473,141900,39.416666666666664,34.111
474,142200,39.5,34.015
475,142500,39.58333333333333,33.919
476,142800,39.666666666666664,33.823
477,143100,39.75,33.728
478,143400,39.83333333333333,33.632
479,143700,39.916666666666664,33.536
480,144000,40.0,33.44
481,144300,40.08333333333333,33.318
482,144600,40.166666666666664,33.197
483,144900,40.25,33.075
484,145200,40.33333333333333,32.953
485,145500,40.416666666666664,32.832
486,145800,40.5,32.71
487,146100,40.58333333333333,32.588
488,146400,40.666666666666664,32.467
489,146700,40.75,32.345
490,147000,40.83333333333333,32.223
491,147300,40.916666666666664,32.102
492,147600,41.0,31.98
493,147900,41.08333333333333,31.798
494,148200,41.166666666666664,31.615
495,148500,41.25,31.432
496,148800,41.33333333333333,31.25
497,149100,41.416666666666664,31.068
498,149400,41.5,30.885
499,149700,41.58333333333333,30.703
500,150000,41.666666666666664,30.52
501,150300,41.75,30.338
502,150600,41.83333333333333,30.155
503,150900,41.916666666666664,29.973
504,151200,42.0,29.79
505,151500,42.08333333333333,29.707
506,151800,42.166666666666664,29.623
507,152100,42.25,29.54
508,152400,42.33333333333333,29.457
509,152700,42.416666666666664,29.373
510,153000,42.5,29.29
511,153300,42.58333333333333,29.207
512,153600,42.666666666666664,29.123
513,153900,42.75,29.04
514,154200,42.83333333333333,28.957
515,154500,42.916666666666664,28.873
516,154800,43.0,28.79
517,155100,43.08333333333333,28.718
518,155400,43.166666666666664,28.647
519,155700,43.25,28.575
520,156000,43.33333333333333,28.503
521,156300,43.416666666666664,28.432
522,156600,43.5,28.36
523,156900,43.58333333333333,28.288
524,157200,43.666666666666664,28.217
525,157500,43.75,28.145
526,157800,43.83333333333333,28.073
527,158100,43.916666666666664,28.002
528,158400,44.0,27.93
529,158700,44.08333333333333,27.866
530,159000,44.166666666666664,27.802
531,159300,44.25,27.738
532,159600,44.33333333333333,27.673
533,159900,44.416666666666664,27.609
534,160200,44.5,27.545
535,160500,44.58333333333333,27.481
536,160800,44.666666666666664,27.417
537,161100,44.75,27.352
538,161400,44.83333333333333,27.288
539,161700,44.916666666666664,27.224
540,162000,45.0,27.16
541,162300,45.08333333333333,27.102
542,162600,45.166666666666664,27.043
543,162900,45.25,26.985
544,163200,45.33333333333333,26.927
545,163500,45.416666666666664,26.868
546,163800,45.5,26.81
547,164100,45.58333333333333,26.752
548,164400,45.666666666666664,26.693
549,164700,45.75,26.635
550,165000,45.83333333333333,26.577
551,165300,45.916666666666664,26.518
552,165600,46.0,26.46
553,165900,46.08333333333333,26.408
554,166200,46.166666666666664,26.355
555,166500,46.25,26.303
556,166800,46.33333333333333,26.25
557,167100,46.416666666666664,26.198
558,167400,46.5,26.145
559,167700,46.58333333333333,26.092
560,168000,46.666666666666664,26.04
561,168300,46.75,25.987
562,168600,46.83333333333333,25.935
563,168900,46.916666666666664,25.882
564,169200,47.0,25.83
565,169500,47.08333333333333,25.779
566,169800,47.166666666666664,25.728
567,170100,47.25,25.678
568,170400,47.33333333333333,25.627
569,170700,47.416666666666664,25.576
570,171000,47.5,25.525
571,171300,47.58333333333333,25.474
572,171600,47.666666666666664,25.423
573,171900,47.75,25.372
574,172200,47.83333333333333,25.322
575,172500,47.916666666666664,25.271
576,172800,48.0,25.22
577,173100,48.08333333333333,25.179
578,173400,48.166666666666664,25.138
579,173700,48.25,25.098
580,174000,48.33333333333333,25.057
581,174300,48.416666666666664,25.016
582,174600,48.5,24.975
583,174900,48.58333333333333,24.934
584,175200,48.666666666666664,24.893
585,175500,48.75,24.852
586,175800,48.83333333333333,24.812
587,176100,48.916666666666664,24.771
588,176400,49.0,24.73
589,176700,49.08333333333333,24.701
590,177000,49.166666666666664,24.672
591,177300,49.25,24.642
592,177600,49.33333333333333,24.613
593,177900,49.416666666666664,24.584
594,178200,49.5,24.555
595,178500,49.58333333333333,24.526
596,178800,49.666666666666664,24.497
597,179100,49.75,24.468
598,179400,49.83333333333333,24.438
599,179700,49.916666666666664,24.409
600,180000,50.0,24.38
601,180300,50.08333333333333,24.352
602,180600,50.166666666666664,24.323
603,180900,50.25,24.295
604,181200,50.33333333333333,24.267
605,181500,50.416666666666664,24.238
606,181800,50.5,24.21
607,182100,50.58333333333333,24.182
608,182400,50.666666666666664,24.153
609,182700,50.75,24.125
610,183000,50.83333333333333,24.097
611,183300,50.916666666666664,24.068
612,183600,51.0,24.04
613,183900,51.08333333333333,24.011
614,184200,51.166666666666664,23.982
615,184500,51.25,23.952
616,184800,51.33333333333333,23.923
617,185100,51.416666666666664,23.894
618,185400,51.5,23.865
619,185700,51.58333333333333,23.836
620,186000,51.666666666666664,23.807
621,186300,51.75,23.778
622,186600,51.83333333333333,23.748
623,186900,51.916666666666664,23.719
624,187200,52.0,23.69
625,187500,52.08333333333333,23.67
626,187800,52.166666666666664,23.65
627,188100,52.25,23.63
628,188400,52.33333333333333,23.61
629,188700,52.416666666666664,23.59
630,189000,52.5,23.57
631,189300,52.58333333333333,23.55
632,189600,52.666666666666664,23.53
633,189900,52.75,23.51
634,190200,52.83333333333333,23.49
635,190500,52.916666666666664,23.47
636,190800,53.0,23.45
637,191100,53.08333333333333,23.515
638,191400,53.166666666666664,23.58
639,191700,53.25,23.645
640,192000,53.33333333333333,23.71
641,192300,53.416666666666664,23.775
642,192600,53.5,23.84
643,192900,53.58333333333333,23.905
644,193200,53.666666666666664,23.97
645,193500,53.75,24.035
646,193800,53.83333333333333,24.1
647,194100,53.916666666666664,24.165
648,194400,54.0,24.23
649,194700,54.08333333333333,24.422
650,195000,54.166666666666664,24.615
651,195300,54.25,24.808
652,195600,54.33333333333333,25.0
653,195900,54.416666666666664,25.192
654,196200,54.5,25.385
655,196500,54.58333333333333,25.577
656,196800,54.666666666666664,25.77
657,197100,54.75,25.962
658,197400,54.83333333333333,26.155
659,197700,54.916666666666664,26.347
660,198000,55.0,26.54
661,198300,55.08333333333333,26.731
662,198600,55.166666666666664,26.922
663,198900,55.25,27.112
664,199200,55.33333333333333,27.303
665,199500,55.416666666666664,27.494
666,199800,55.5,27.685
667,200100,55.58333333333333,27.876
668,200400,55.666666666666664,28.067
669,200700,55.75,28.258
670,201000,55.83333333333333,28.448
671,201300,55.916666666666664,28.639
672,201600,56.0,28.83
673,201900,56.08333333333333,28.988
674,202200,56.166666666666664,29.147
675,202500,56.25,29.305
676,202800,56.33333333333333,29.463
677,203100,56.416666666666664,29.622
678,203400,56.5,29.78
679,203700,56.58333333333333,29.938
680,204000,56.666666666666664,30.097
681,204300,56.75,30.255
682,204600,56.83333333333333,30.413
683,204900,56.916666666666664,30.572
684,205200,57.0,30.73
685,205500,57.08333333333333,30.906
686,205800,57.166666666666664,31.082
687,206100,57.25,31.258
688,206400,57.33333333333333,31.433
689,206700,57.416666666666664,31.609
690,207000,57.5,31.785
691,207300,57.58333333333333,31.961
692,207600,57.666666666666664,32.137
693,207900,57.75,32.312
694,208200,57.83333333333333,32.488
695,208500,57.916666666666664,32.664
696,208800,58.0,32.84
697,209100,58.08333333333333,32.983
698,209400,58.166666666666664,33.127
699,209700,58.25,33.27
700,210000,58.33333333333333,33.413
701,210300,58.416666666666664,33.557
702,210600,58.5,33.7
703,210900,58.58333333333333,33.843
704,211200,58.666666666666664,33.987
705,211500,58.75,34.13
706,211800,58.83333333333333,34.273
707,212100,58.916666666666664,34.417
708,212400,59.0,34.56
709,212700,59.08333333333333,34.647
710,213000,59.166666666666664,34.733
711,213300,59.25,34.82
712,213600,59.33333333333333,34.907
713,213900,59.416666666666664,34.993
714,214200,59.5,35.08
715,214500,59.58333333333333,35.167
716,214800,59.666666666666664,35.253
717,215100,59.75,35.34
718,215400,59.83333333333333,35.427
719,215700,59.916666666666664,35.513
720,216000,60.0,35.6
721,216300,60.08333333333333,35.63
722,216600,60.166666666666664,35.66
723,216900,60.25,35.69
724,217200,60.33333333333333,35.72
725,217500,60.416666666666664,35.75
726,217800,60.5,35.78
727,218100,60.58333333333333,35.81
728,218400,60.666666666666664,35.84
729,218700,60.75,35.87
730,219000,60.83333333333333,35.9
731,219300,60.916666666666664,35.93
732,219600,61.0,35.96
733,219900,61.08333333333333,35.922
734,220200,61.166666666666664,35.885
735,220500,61.25,35.848
736,220800,61.33333333333333,35.81
737,221100,61.416666666666664,35.772
738,221400,61.5,35.735
739,221700,61.58333333333333,35.698
740,222000,61.666666666666664,35.66
741,222300,61.75,35.622
742,222600,61.83333333333333,35.585
743,222900,61.916666666666664,35.548
744,223200,62.0,35.51
745,223500,62.08333333333333,35.408
746,223800,62.166666666666664,35.305
747,224100,62.25,35.202
748,224400,62.33333333333333,35.1
749,224700,62.416666666666664,34.998
750,225000,62.5,34.895
751,225300,62.58333333333333,34.793
752,225600,62.666666666666664,34.69
753,225900,62.75,34.588
754,226200,62.83333333333333,34.485
755,226500,62.916666666666664,34.383
756,226800,63.0,34.28
757,227100,63.08333333333333,34.124
758,227400,63.166666666666664,33.968
759,227700,63.25,33.812
760,228000,63.33333333333333,33.657
761,228300,63.416666666666664,33.501
762,228600,63.5,33.345
763,228900,63.58333333333333,33.189
764,229200,63.666666666666664,33.033
765,229500,63.75,32.878
766,229800,63.83333333333333,32.722
767,230100,63.916666666666664,32.566
768,230400,64.0,32.41
769,230700,64.08333333333333,32.209
770,231000,64.16666666666666,32.008
771,231300,64.25,31.807
772,231600,64.33333333333333,31.607
773,231900,64.41666666666666,31.406
774,232200,64.5,31.205
775,232500,64.58333333333333,31.004
776,232800,64.66666666666666,30.803
777,233100,64.75,30.602
778,233400,64.83333333333333,30.402
779,233700,64.91666666666666,30.201
780,234000,65.0,30.0
781,234300,65.08333333333333,29.844
782,234600,65.16666666666666,29.688
783,234900,65.25,29.532
784,235200,65.33333333333333,29.377
785,235500,65.41666666666666,29.221
786,235800,65.5,29.065
787,236100,65.58333333333333,28.909
788,236400,65.66666666666666,28.753
789,236700,65.75,28.598
790,237000,65.83333333333333,28.442
791,237300,65.91666666666666,28.286
792,237600,66.0,28.13
793,237900,66.08333333333333,28.038
794,238200,66.16666666666666,27.945
795,238500,66.25,27.852
796,238800,66.33333333333333,27.76
797,239100,66.41666666666666,27.668
798,239400,66.5,27.575
799,239700,66.58333333333333,27.483
800,240000,66.66666666666666,27.39
801,240300,66.75,27.298
802,240600,66.83333333333333,27.205
803,240900,66.91666666666666,27.113
804,241200,67.0,27.02
805,241500,67.08333333333333,26.947
806,241800,67.16666666666666,26.873
807,242100,67.25,26.8
808,242400,67.33333333333333,26.727
809,242700,67.41666666666666,26.653
810,243000,67.5,26.58
811,243300,67.58333333333333,26.507
812,243600,67.66666666666666,26.433
813,243900,67.75,26.36
814,244200,67.83333333333333,26.287
815,244500,67.91666666666666,26.213
816,244800,68.0,26.14
817,245100,68.08333333333333,26.071
818,245400,68.16666666666666,26.002
819,245700,68.25,25.932
820,246000,68.33333333333333,25.863
821,246300,68.41666666666666,25.794
822,246600,68.5,25.725
823,246900,68.58333333333333,25.656
824,247200,68.66666666666666,25.587
825,247500,68.75,25.518
826,247800,68.83333333333333,25.448
827,248100,68.91666666666666,25.379
828,248400,69.0,25.31
829,248700,69.08333333333333,25.249
830,249000,69.16666666666666,25.188
831,249300,69.25,25.127
832,249600,69.33333333333333,25.067
833,249900,69.41666666666666,25.006
834,250200,69.5,24.945
835,250500,69.58333333333333,24.884
836,250800,69.66666666666666,24.823
837,251100,69.75,24.762
838,251400,69.83333333333333,24.702
839,251700,69.91666666666666,24.641
840,252000,70.0,24.58
841,252300,70.08333333333333,24.517
842,252600,70.16666666666666,24.453
843,252900,70.25,24.39
844,253200,70.33333333333333,24.327
845,253500,70.41666666666666,24.263
846,253800,70.5,24.2
847,254100,70.58333333333333,24.137
848,254400,70.66666666666666,24.073
849,254700,70.75,24.01
850,255000,70.83333333333333,23.947
851,255300,70.91666666666666,23.883
852,255600,71.0,23.82
853,255900,71.08333333333333,23.777
854,256200,71.16666666666666,23.733
855,256500,71.25,23.69
856,256800,71.33333333333333,23.647
857,257100,71.41666666666666,23.603
858,257400,71.5,23.56
859,257700,71.58333333333333,23.517
860,258000,71.66666666666666,23.473
861,258300,71.75,23.43
862,258600,71.83333333333333,23.387
863,258900,71.91666666666666,23.343
864,259200,72.0,23.3
865,259500,72.08333333333333,23.276
866,259800,72.16666666666666,23.252
867,260100,72.25,23.228
868,260400,72.33333333333333,23.203
869,260700,72.41666666666666,23.179
870,261000,72.5,23.155
871,261300,72.58333333333333,23.131
872,261600,72.66666666666666,23.107
873,261900,72.75,23.083
874,262200,72.83333333333333,23.058
875,262500,72.91666666666666,23.034
876,262800,73.0,23.01
877,263100,73.08333333333333,23.008
878,263400,73.16666666666666,23.007
879,263700,73.25,23.005
880,264000,73.33333333333333,23.003
881,264300,73.41666666666666,23.002
882,264600,73.5,23.0
883,264900,73.58333333333333,22.998
884,265200,73.66666666666666,22.997
885,265500,73.75,22.995
886,265800,73.83333333333333,22.993
887,266100,73.91666666666666,22.992
888,266400,74.0,22.99
889,266700,74.08333333333333,22.982
890,267000,74.16666666666666,22.973
891,267300,74.25,22.965
892,267600,74.33333333333333,22.957
893,267900,74.41666666666666,22.948
894,268200,74.5,22.94
895,268500,74.58333333333333,22.932
896,268800,74.66666666666666,22.923
897,269100,74.75,22.915
898,269400,74.83333333333333,22.907
899,269700,74.91666666666666,22.898
900,270000,75.0,22.89
901,270300,75.08333333333333,22.876
902,270600,75.16666666666666,22.862
903,270900,75.25,22.848
904,271200,75.33333333333333,22.833
905,271500,75.41666666666666,22.819
906,271800,75.5,22.805
907,272100,75.58333333333333,22.791
908,272400,75.66666666666666,22.777
909,272700,75.75,22.762
910,273000,75.83333333333333,22.748
911,273300,75.91666666666666,22.734
912,273600,76.0,22.72
913,273900,76.08333333333333,22.709
914,274200,76.16666666666666,22.698
915,274500,76.25,22.688
916,274800,76.33333333333333,22.677
917,275100,76.41666666666666,22.666
918,275400,76.5,22.655
919,275700,76.58333333333333,22.644
920,276000,76.66666666666666,22.633
921,276300,76.75,22.622
922,276600,76.83333333333333,22.612
923,276900,76.91666666666666,22.601
924,277200,77.0,22.59
925,277500,77.08333333333333,22.633
926,277800,77.16666666666666,22.677
927,278100,77.25,22.72
928,278400,77.33333333333333,22.763
929,278700,77.41666666666666,22.807
930,279000,77.5,22.85
931,279300,77.58333333333333,22.893
932,279600,77.66666666666666,22.937
933,279900,77.75,22.98
934,280200,77.83333333333333,23.023
935,280500,77.91666666666666,23.067
936,280800,78.0,23.11
937,281100,78.08333333333333,23.197
938,281400,78.16666666666666,23.283
939,281700,78.25,23.37
940,282000,78.33333333333333,23.457
941,282300,78.41666666666666,23.543
942,282600,78.5,23.63
943,282900,78.58333333333333,23.717
944,283200,78.66666666666666,23.803
945,283500,78.75,23.89
946,283800,78.83333333333333,23.977
947,284100,78.91666666666666,24.063
948,284400,79.0,24.15
949,284700,79.08333333333333,24.282
950,285000,79.16666666666666,24.413
951,285300,79.25,24.545
952,285600,79.33333333333333,24.677
953,285900,79.41666666666666,24.808
954,286200,79.5,24.94
955,286500,79.58333333333333,25.072
956,286800,79.66666666666666,25.203
957,287100,79.75,25.335
958,287400,79.83333333333333,25.467
959,287700,79.91666666666666,25.598
960,288000,80.0,25.73
961,288300,80.08333333333333,25.92
962,288600,80.16666666666666,26.11
963,288900,80.25,26.3
964,289200,80.33333333333333,26.49
965,289500,80.41666666666666,26.68
966,289800,80.5,26.87
967,290100,80.58333333333333,27.06
968,290400,80.66666666666666,27.25
969,290700,80.75,27.44
970,291000,80.83333333333333,27.63
971,291300,80.91666666666666,27.82
972,291600,81.0,28.01
973,291900,81.08333333333333,28.185
974,292200,81.16666666666666,28.36
975,292500,81.25,28.535
976,292800,81.33333333333333,28.71
977,293100,81.41666666666666,28.885
978,293400,81.5,29.06
979,293700,81.58333333333333,29.235
980,294000,81.66666666666666,29.41
981,294300,81.75,29.585
982,294600,81.83333333333333,29.76
983,294900,81.91666666666666,29.935
984,295200,82.0,30.11
985,295500,82.08333333333333,30.234
986,295800,82.16666666666666,30.358
987,296100,82.25,30.482
988,296400,82.33333333333333,30.607
989,296700,82.41666666666666,30.731
990,297000,82.5,30.855
991,297300,82.58333333333333,30.979
992,297600,82.66666666666666,31.103
993,297900,82.75,31.228
994,298200,82.83333333333333,31.352
995,298500,82.91666666666666,31.476
996,298800,83.0,31.6
997,299100,83.08333333333333,31.678
998,299400,83.16666666666666,31.757
999,299700,83.25,31.835
1000,300000,83.33333333333333,31.913
1001,300300,83.41666666666666,31.992
1002,300600,83.5,32.07
1003,300900,83.58333333333333,32.148
1004,301200,83.66666666666666,32.227
1005,301500,83.75,32.305
1006,301800,83.83333333333333,32.383
1007,302100,83.91666666666666,32.462
1008,302400,84.0,32.54
1009,302700,84.08333333333333,32.582
1010,303000,84.16666666666666,32.623
1011,303300,84.25,32.665
1012,303600,84.33333333333333,32.707
1013,303900,84.41666666666666,32.748
1014,304200,84.5,32.79
1015,304500,84.58333333333333,32.832
1016,304800,84.66666666666666,32.873
1017,305100,84.75,32.915
1018,305400,84.83333333333333,32.957
1019,305700,84.91666666666666,32.998
1020,306000,85.0,33.04
1021,306300,85.08333333333333,33.042
1022,306600,85.16666666666666,33.045
1023,306900,85.25,33.048
1024,307200,85.33333333333333,33.05
1025,307500,85.41666666666666,33.052
1026,307800,85.5,33.055
1027,308100,85.58333333333333,33.058
1028,308400,85.66666666666666,33.06
1029,308700,85.75,33.062
1030,309000,85.83333333333333,33.065
1031,309300,85.91666666666666,33.068
1032,309600,86.0,33.07
1033,309900,86.08333333333333,33.032
1034,310200,86.16666666666666,32.993
1035,310500,86.25,32.955
1036,310800,86.33333333333333,32.917
1037,311100,86.41666666666666,32.878
1038,311400,86.5,32.84
1039,311700,86.58333333333333,32.802
1040,312000,86.66666666666666,32.763
1041,312300,86.75,32.725
1042,312600,86.83333333333333,32.687
1043,312900,86.91666666666666,32.648
1044,313200,87.0,32.61
1045,313500,87.08333333333333,32.524
1046,313800,87.16666666666666,32.438
1047,314100,87.25,32.352
1048,314400,87.33333333333333,32.267
1049,314700,87.41666666666666,32.181
1050,315000,87.5,32.095
1051,315300,87.58333333333333,32.009
1052,315600,87.66666666666666,31.923
1053,315900,87.75,31.838
1054,316200,87.83333333333333,31.752
1055,316500,87.91666666666666,31.666
1056,316800,88.0,31.58
1057,317100,88.08333333333333,31.371
1058,317400,88.16666666666666,31.162
1059,317700,88.25,30.952
1060,318000,88.33333333333333,30.743
1061,318300,88.41666666666666,30.534
1062,318600,88.5,30.325
1063,318900,88.58333333333333,30.116
1064,319200,88.66666666666666,29.907
1065,319500,88.75,29.697
1066,319800,88.83333333333333,29.488
1067,320100,88.91666666666666,29.279
1068,320400,89.0,29.07
1069,320700,89.08333333333333,28.879
1070,321000,89.16666666666666,28.688
1071,321300,89.25,28.498
1072,321600,89.33333333333333,28.307
1073,321900,89.41666666666666,28.116
1074,322200,89.5,27.925
1075,322500,89.58333333333333,27.734
1076,322800,89.66666666666666,27.543
1077,323100,89.75,27.352
1078,323400,89.83333333333333,27.162
1079,323700,89.91666666666666,26.971
1080,324000,90.0,26.78
1081,324300,90.08333333333333,26.709
1082,324600,90.16666666666666,26.638
1083,324900,90.25,26.568
1084,325200,90.33333333333333,26.497
1085,325500,90.41666666666666,26.426
1086,325800,90.5,26.355
1087,326100,90.58333333333333,26.284
1088,326400,90.66666666666666,26.213
1089,326700,90.75,26.142
1090,327000,90.83333333333333,26.072
1091,327300,90.91666666666666,26.001
1092,327600,91.0,25.93
1093,327900,91.08333333333333,25.858
1094,328200,91.16666666666666,25.785
1095,328500,91.25,25.712
1096,328800,91.33333333333333,25.64
1097,329100,91.41666666666666,25.568
1098,329400,91.5,25.495
1099,329700,91.58333333333333,25.423
1100,330000,91.66666666666666,25.35
1101,330300,91.75,25.278
1102,330600,91.83333333333333,25.205
1103,330900,91.91666666666666,25.133
1104,331200,92.0,25.06
1105,331500,92.08333333333333,24.993
1106,331800,92.16666666666666,24.925
1107,332100,92.25,24.857
1108,332400,92.33333333333333,24.79
1109,332700,92.41666666666666,24.723
1110,333000,92.5,24.655
1111,333300,92.58333333333333,24.588
1112,333600,92.66666666666666,24.52
1113,333900,92.75,24.452
1114,334200,92.83333333333333,24.385
1115,334500,92.91666666666666,24.318
1116,334800,93.0,24.25
1117,335100,93.08333333333333,24.193
1118,335400,93.16666666666666,24.135
1119,335700,93.25,24.078
1120,336000,93.33333333333333,24.02
1121,336300,93.41666666666666,23.963
1122,336600,93.5,23.905
1123,336900,93.58333333333333,23.848
1124,337200,93.66666666666666,23.79
1125,337500,93.75,23.732
1126,337800,93.83333333333333,23.675
1127,338100,93.91666666666666,23.618
1128,338400,94.0,23.56
1129,338700,94.08333333333333,23.508
1130,339000,94.16666666666666,23.455
1131,339300,94.25,23.402
1132,339600,94.33333333333333,23.35
1133,339900,94.41666666666666,23.298
1134,340200,94.5,23.245
1135,340500,94.58333333333333,23.193
1136,340800,94.66666666666666,23.14
1137,341100,94.75,23.088
1138,341400,94.83333333333333,23.035
1139,341700,94.91666666666666,22.983
1140,342000,95.0,22.93
1141,342300,95.08333333333333,22.882
1142,342600,95.16666666666666,22.833
1143,342900,95.25,22.785
1144,343200,95.33333333333333,22.737
1145,343500,95.41666666666666,22.688
1146,343800,95.5,22.64
1147,344100,95.58333333333333,22.592
1148,344400,95.66666666666666,22.543
1149,344700,95.75,22.495
1150,345000,95.83333333333333,22.447
1151,345300,95.91666666666666,22.398
1152,345600,96.0,22.35
1153,345900,96.08333333333333,22.305
1154,346200,96.16666666666666,22.26
1155,346500,96.25,22.215
1156,346800,96.33333333333333,22.17
1157,347100,96.41666666666666,22.125
1158,347400,96.5,22.08
1159,347700,96.58333333333333,22.035
1160,348000,96.66666666666666,21.99
1161,348300,96.75,21.945
1162,348600,96.83333333333333,21.9
1163,348900,96.91666666666666,21.855
1164,349200,97.0,21.81
1165,349500,97.08333333333333,21.771
1166,349800,97.16666666666666,21.732
1167,350100,97.25,21.692
1168,350400,97.33333333333333,21.653
1169,350700,97.41666666666666,21.614
1170,351000,97.5,21.575
1171,351300,97.58333333333333,21.536
1172,351600,97.66666666666666,21.497
1173,351900,97.75,21.458
1174,352200,97.83333333333333,21.418
1175,352500,97.91666666666666,21.379
1176,352800,98.0,21.34
1177,353100,98.08333333333333,21.303
1178,353400,98.16666666666666,21.267
1179,353700,98.25,21.23
1180,354000,98.33333333333333,21.193
1181,354300,98.41666666666666,21.157
1182,354600,98.5,21.12
1183,354900,98.58333333333333,21.083
1184,355200,98.66666666666666,21.047
1185,355500,98.75,21.01
1186,355800,98.83333333333333,20.973
1187,356100,98.91666666666666,20.937
1188,356400,99.0,20.9
1189,356700,99.08333333333333,20.868
1190,357000,99.16666666666666,20.837
1191,357300,99.25,20.805
1192,357600,99.33333333333333,20.773
1193,357900,99.41666666666666,20.742
1194,358200,99.5,20.71
1195,358500,99.58333333333333,20.678
1196,358800,99.66666666666666,20.647
1197,359100,99.75,20.615
1198,359400,99.83333333333333,20.583
1199,359700,99.91666666666666,20.552
1200,360000,100.0,20.52
1201,360300,100.08333333333333,20.503
1202,360600,100.16666666666666,20.487
1203,360900,100.25,20.47
1204,361200,100.33333333333333,20.453
1205,361500,100.41666666666666,20.437
1206,361800,100.5,20.42
1207,362100,100.58333333333333,20.403
1208,362400,100.66666666666666,20.387
1209,362700,100.75,20.37
1210,363000,100.83333333333333,20.353
1211,363300,100.91666666666666,20.337
1212,363600,101.0,20.32
1213,363900,101.08333333333333,20.472
1214,364200,101.16666666666666,20.625
1215,364500,101.25,20.778
1216,364800,101.33333333333333,20.93
1217,365100,101.41666666666666,21.082
1218,365400,101.5,21.235
1219,365700,101.58333333333333,21.387
1220,366000,101.66666666666666,21.54
1221,366300,101.75,21.692
1222,366600,101.83333333333333,21.845
1223,366900,101.91666666666666,21.997
1224,367200,102.0,22.15
1225,367500,102.08333333333333,22.395
1226,367800,102.16666666666666,22.64
1227,368100,102.25,22.885
1228,368400,102.33333333333333,23.13
1229,368700,102.41666666666666,23.375
1230,369000,102.5,23.62
1231,369300,102.58333333333333,23.865
1232,369600,102.66666666666666,24.11
1233,369900,102.75,24.355
1234,370200,102.83333333333333,24.6
1235,370500,102.91666666666666,24.845
1236,370800,103.0,25.09
1237,371100,103.08333333333333,25.322
1238,371400,103.16666666666666,25.553
1239,371700,103.25,25.785
1240,372000,103.33333333333333,26.017
1241,372300,103.41666666666666,26.248
1242,372600,103.5,26.48
1243,372900,103.58333333333333,26.712
1244,373200,103.66666666666666,26.943
1245,373500,103.75,27.175
1246,373800,103.83333333333333,27.407
1247,374100,103.91666666666666,27.638
1248,374400,104.0,27.87
1249,374700,104.08333333333333,28.074
1250,375000,104.16666666666666,28.278
1251,375300,104.25,28.482
1252,375600,104.33333333333333,28.687
1253,375900,104.41666666666666,28.891
1254,376200,104.5,29.095
1255,376500,104.58333333333333,29.299
1256,376800,104.66666666666666,29.503
1257,377100,104.75,29.708
1258,377400,104.83333333333333,29.912
1259,377700,104.91666666666666,30.116
1260,378000,105.0,30.32
1261,378300,105.08333333333333,30.482
1262,378600,105.16666666666666,30.645
1263,378900,105.25,30.808
1264,379200,105.33333333333333,30.97
1265,379500,105.41666666666666,31.132
1266,379800,105.5,31.295
1267,380100,105.58333333333333,31.457
1268,380400,105.66666666666666,31.62
1269,380700,105.75,31.783
1270,381000,105.83333333333333,31.945
1271,381300,105.91666666666666,32.107
1272,381600,106.0,32.27
1273,381900,106.08333333333333,32.38
1274,382200,106.16666666666666,32.49
1275,382500,106.25,32.6
1276,382800,106.33333333333333,32.71
1277,383100,106.41666666666666,32.82
1278,383400,106.5,32.93
1279,383700,106.58333333333333,33.04
1280,384000,106.66666666666666,33.15
1281,384300,106.75,33.26
1282,384600,106.83333333333333,33.37
1283,384900,106.91666666666666,33.48
1284,385200,107.0,33.59
1285,385500,107.08333333333333,33.649
1286,385800,107.16666666666666,33.708
1287,386100,107.25,33.768
1288,386400,107.33333333333333,33.827
1289,386700,107.41666666666666,33.886
1290,387000,107.5,33.945
1291,387300,107.58333333333333,34.004
1292,387600,107.66666666666666,34.063
1293,387900,107.75,34.122
1294,388200,107.83333333333333,34.182
1295,388500,107.91666666666666,34.241
1296,388800,108.0,34.3
1297,389100,108.08333333333333,34.327
1298,389400,108.16666666666666,34.353
1299,389700,108.25,34.38
1300,390000,108.33333333333333,34.407
1301,390300,108.41666666666666,34.433
1302,390600,108.5,34.46
1303,390900,108.58333333333333,34.487
1304,391200,108.66666666666666,34.513
1305,391500,108.75,34.54
1306,391800,108.83333333333333,34.567
1307,392100,108.91666666666666,34.593
1308,392400,109.0,34.62
1309,392700,109.08333333333333,34.613
1310,393000,109.16666666666666,34.607
1311,393300,109.25,34.6
1312,393600,109.33333333333333,34.593
1313,393900,109.41666666666666,34.587
1314,394200,109.5,34.58
1315,394500,109.58333333333333,34.573
1316,394800,109.66666666666666,34.567
1317,395100,109.75,34.56
1318,395400,109.83333333333333,34.553
1319,395700,109.91666666666666,34.547
1320,396000,110.0,34.54
1321,396300,110.08333333333333,34.491
1322,396600,110.16666666666666,34.442
1323,396900,110.25,34.392
1324,397200,110.33333333333333,34.343
1325,397500,110.41666666666666,34.294
1326,397800,110.5,34.245
1327,398100,110.58333333333333,34.196
1328,398400,110.66666666666666,34.147
1329,398700,110.75,34.098
1330,399000,110.83333333333333,34.048
1331,399300,110.91666666666666,33.999
1332,399600,111.0,33.95
1333,399900,111.08333333333333,33.855
1334,400200,111.16666666666666,33.76
1335,400500,111.25,33.665
1336,400800,111.33333333333333,33.57
1337,401100,111.41666666666666,33.475
1338,401400,111.5,33.38
1339,401700,111.58333333333333,33.285
1340,402000,111.66666666666666,33.19
1341,402300,111.75,33.095
1342,402600,111.83333333333333,33.0
1343,402900,111.91666666666666,32.905
1344,403200,112.0,32.81
1345,403500,112.08333333333333,32.621
1346,403800,112.16666666666666,32.432
1347,404100,112.25,32.242
1348,404400,112.33333333333333,32.053
1349,404700,112.41666666666666,31.864
1350,405000,112.5,31.675
1351,405300,112.58333333333333,31.486
1352,405600,112.66666666666666,31.297
1353,405900,112.75,31.108
1354,406200,112.83333333333333,30.918
1355,406500,112.91666666666666,30.729
1356,406800,113.0,30.54
1357,407100,113.08333333333333,30.286
1358,407400,113.16666666666666,30.032
1359,407700,113.25,29.778
1360,408000,113.33333333333333,29.523
1361,408300,113.41666666666666,29.269
1362,408600,113.5,29.015
1363,408900,113.58333333333333,28.761
1364,409200,113.66666666666666,28.507
1365,409500,113.75,28.252
1366,409800,113.83333333333333,27.998
1367,410100,113.91666666666666,27.744
1368,410400,114.0,27.49
1369,410700,114.08333333333333,27.407
1370,411000,114.16666666666666,27.323
1371,411300,114.25,27.24
1372,411600,114.33333333333333,27.157
1373,411900,114.41666666666666,27.073
1374,412200,114.5,26.99
1375,412500,114.58333333333333,26.907
1376,412800,114.66666666666666,26.823
1377,413100,114.75,26.74
1378,413400,114.83333333333333,26.657
1379,413700,114.91666666666666,26.573
1380,414000,115.0,26.49
1381,414300,115.08333333333333,26.419
1382,414600,115.16666666666666,26.348
1383,414900,115.25,26.278
1384,415200,115.33333333333333,26.207
1385,415500,115.41666666666666,26.136
1386,415800,115.5,26.065
1387,416100,115.58333333333333,25.994
1388,416400,115.66666666666666,25.923
1389,416700,115.75,25.852
1390,417000,115.83333333333333,25.782
1391,417300,115.91666666666666,25.711
1392,417600,116.0,25.64
1393,417900,116.08333333333333,25.578
1394,418200,116.16666666666666,25.515
1395,418500,116.25,25.452
1396,418800,116.33333333333333,25.39
1397,419100,116.41666666666666,25.328
1398,419400,116.5,25.265
1399,419700,116.58333333333333,25.203
1400,420000,116.66666666666666,25.14
1401,420300,116.75,25.078
1402,420600,116.83333333333333,25.015
1403,420900,116.91666666666666,24.953
1404,421200,117.0,24.89
1405,421500,117.08333333333333,24.832
1406,421800,117.16666666666666,24.773
1407,422100,117.25,24.715
1408,422400,117.33333333333333,24.657
1409,422700,117.41666666666666,24.598
1410,423000,117.5,24.54
1411,423300,117.58333333333333,24.482
1412,423600,117.66666666666666,24.423
1413,423900,117.75,24.365
1414,424200,117.83333333333333,24.307
1415,424500,117.91666666666666,24.248
1416,424800,118.0,24.19
1417,425100,118.08333333333333,24.133
1418,425400,118.16666666666666,24.077
1419,425700,118.25,24.02
1420,426000,118.33333333333333,23.963
1421,426300,118.41666666666666,23.907
1422,426600,118.5,23.85
1423,426900,118.58333333333333,23.793
1424,427200,118.66666666666666,23.737
1425,427500,118.75,23.68
1426,427800,118.83333333333333,23.623
1427,428100,118.91666666666666,23.567
1428,428400,119.0,23.51
1429,428700,119.08333333333333,23.457
1430,429000,119.16666666666666,23.403
1431,429300,119.25,23.35
1432,429600,119.33333333333333,23.297
1433,429900,119.41666666666666,23.243
1434,430200,119.5,23.19
1435,430500,119.58333333333333,23.137
1436,430800,119.66666666666666,23.083
1437,431100,119.75,23.03
1438,431400,119.83333333333333,22.977
1439,431700,119.91666666666666,22.923
1440,432000,120.0,22.87
1441,432300,120.08333333333333,22.82
1442,432600,120.16666666666666,22.77
1443,432900,120.25,22.72
1444,433200,120.33333333333333,22.67
1445,433500,120.41666666666666,22.62
1446,433800,120.5,22.57
1447,434100,120.58333333333333,22.52
1448,434400,120.66666666666666,22.47
1449,434700,120.75,22.42
1450,435000,120.83333333333333,22.37
1451,435300,120.91666666666666,22.32
1452,435600,121.0,22.27
1453,435900,121.08333333333333,22.221
1454,436200,121.16666666666666,22.172
1455,436500,121.25,22.122
1456,436800,121.33333333333333,22.073
1457,437100,121.41666666666666,22.024
1458,437400,121.5,21.975
1459,437700,121.58333333333333,21.926
1460,438000,121.66666666666666,21.877
1461,438300,121.75,21.828
1462,438600,121.83333333333333,21.778
1463,438900,121.91666666666666,21.729
1464,439200,122.0,21.68
1465,439500,122.08333333333333,21.633
1466,439800,122.16666666666666,21.587
1467,440100,122.25,21.54
1468,440400,122.33333333333333,21.493
1469,440700,122.41666666666666,21.447
1470,441000,122.5,21.4
1471,441300,122.58333333333333,21.353
1472,441600,122.66666666666666,21.307
1473,441900,122.75,21.26
1474,442200,122.83333333333333,21.213
1475,442500,122.91666666666666,21.167
1476,442800,123.0,21.12
1477,443100,123.08333333333333,21.08
1478,443400,123.16666666666666,21.04
1479,443700,123.25,21.0
1480,444000,123.33333333333333,20.96
1481,444300,123.41666666666666,20.92
1482,444600,123.5,20.88
1483,444900,123.58333333333333,20.84
1484,445200,123.66666666666666,20.8
1485,445500,123.75,20.76
1486,445800,123.83333333333333,20.72
1487,446100,123.91666666666666,20.68
1488,446400,124.0,20.64
1489,446700,124.08333333333333,20.617
1490,447000,124.16666666666666,20.593
1491,447300,124.25,20.57
1492,447600,124.33333333333333,20.547
1493,447900,124.41666666666666,20.523
1494,448200,124.5,20.5
1495,448500,124.58333333333333,20.477
1496,448800,124.66666666666666,20.453
1497,449100,124.75,20.43
1498,449400,124.83333333333333,20.407
1499,449700,124.91666666666666,20.383
1500,450000,125.0,20.36
1501,450300,125.08333333333333,20.539
1502,450600,125.16666666666666,20.718
1503,450900,125.25,20.898
1504,451200,125.33333333333333,21.077
1505,451500,125.41666666666666,21.256
1506,451800,125.5,21.435
1507,452100,125.58333333333333,21.614
1508,452400,125.66666666666666,21.793
1509,452700,125.75,21.972
1510,453000,125.83333333333333,22.152
1511,453300,125.91666666666666,22.331
1512,453600,126.0,22.51
1513,453900,126.08333333333333,22.762
1514,454200,126.16666666666666,23.015
1515,454500,126.25,23.268
1516,454800,126.33333333333333,23.52
1517,455100,126.41666666666666,23.772
1518,455400,126.5,24.025
1519,455700,126.58333333333333,24.277
1520,456000,126.66666666666666,24.53
1521,456300,126.75,24.782
1522,456600,126.83333333333333,25.035
1523,456900,126.91666666666666,25.287
1524,457200,127.0,25.54
1525,457500,127.08333333333333,25.776
1526,457800,127.16666666666666,26.012
1527,458100,127.25,26.248
1528,458400,127.33333333333333,26.483
1529,458700,127.41666666666666,26.719
1530,459000,127.5,26.955
1531,459300,127.58333333333333,27.191
1532,459600,127.66666666666666,27.427
1533,459900,127.75,27.662
1534,460200,127.83333333333333,27.898
1535,460500,127.91666666666666,28.134
1536,460800,128.0,28.37
1537,461100,128.08333333333331,28.572
1538,461400,128.16666666666666,28.775
1539,461700,128.25,28.978
1540,462000,128.33333333333331,29.18
1541,462300,128.41666666666666,29.382
1542,462600,128.5,29.585
1543,462900,128.58333333333331,29.787
1544,463200,128.66666666666666,29.99
1545,463500,128.75,30.193
1546,463800,128.83333333333331,30.395
1547,464100,128.91666666666666,30.597
1548,464400,129.0,30.8
1549,464700,129.08333333333331,30.975
1550,465000,129.16666666666666,31.15
1551,465300,129.25,31.325
1552,465600,129.33333333333331,31.5
1553,465900,129.41666666666666,31.675
1554,466200,129.5,31.85
1555,466500,129.58333333333331,32.025
1556,466800,129.66666666666666,32.2
1557,467100,129.75,32.375
1558,467400,129.83333333333331,32.55
1559,467700,129.91666666666666,32.725
1560,468000,130.0,32.9
1561,468300,130.08333333333331,33.038
1562,468600,130.16666666666666,33.177
1563,468900,130.25,33.315
1564,469200,130.33333333333331,33.453
1565,469500,130.41666666666666,33.592
1566,469800,130.5,33.73
1567,470100,130.58333333333331,33.868
1568,470400,130.66666666666666,34.007
1569,470700,130.75,34.145
1570,471000,130.83333333333331,34.283
1571,471300,130.91666666666666,34.422
1572,471600,131.0,34.56
1573,471900,131.08333333333331,34.651
1574,472200,131.16666666666666,34.742
1575,472500,131.25,34.832
1576,472800,131.33333333333331,34.923
1577,473100,131.41666666666666,35.014
1578,473400,131.5,35.105
1579,473700,131.58333333333331,35.196
1580,474000,131.66666666666666,35.287
1581,474300,131.75,35.378
1582,474600,131.83333333333331,35.468
1583,474900,131.91666666666666,35.559
1584,475200,132.0,35.65
1585,475500,132.08333333333331,35.695
1586,475800,132.16666666666666,35.74
1587,476100,132.25,35.785
1588,476400,132.33333333333331,35.83
1589,476700,132.41666666666666,35.875
1590,477000,132.5,35.92
1591,477300,132.58333333333331,35.965
1592,477600,132.66666666666666,36.01
1593,477900,132.75,36.055
1594,478200,132.83333333333331,36.1
1595,478500,132.91666666666666,36.145
1596,478800,133.0,36.19
1597,479100,133.08333333333331,36.188
1598,479400,133.16666666666666,36.185
1599,479700,133.25,36.182
1600,480000,133.33333333333331,36.18
1601,480300,133.41666666666666,36.177
1602,480600,133.5,36.175
1603,480900,133.58333333333331,36.172
1604,481200,133.66666666666666,36.17
1605,481500,133.75,36.168
1606,481800,133.83333333333331,36.165
1607,482100,133.91666666666666,36.162
1608,482400,134.0,36.16
1609,482700,134.08333333333331,36.109
1610,483000,134.16666666666666,36.058
1611,483300,134.25,36.007
1612,483600,134.33333333333331,35.957
1613,483900,134.41666666666666,35.906
1614,484200,134.5,35.855
1615,484500,134.58333333333331,35.804
1616,484800,134.66666666666666,35.753
1617,485100,134.75,35.702
1618,485400,134.83333333333331,35.652
1619,485700,134.91666666666666,35.601
1620,486000,135.0,35.55
1621,486300,135.08333333333331,35.448
1622,486600,135.16666666666666,35.345
1623,486900,135.25,35.242
1624,487200,135.33333333333331,35.14
1625,487500,135.41666666666666,35.038
1626,487800,135.5,34.935
1627,488100,135.58333333333331,34.833
1628,488400,135.66666666666666,34.73
1629,488700,135.75,34.628
1630,489000,135.83333333333331,34.525
1631,489300,135.91666666666666,34.423
1632,489600,136.0,34.32
1633,489900,136.08333333333331,34.101
1634,490200,136.16666666666666,33.882
1635,490500,136.25,33.662
1636,490800,136.33333333333331,33.443
1637,491100,136.41666666666666,33.224
1638,491400,136.5,33.005
1639,491700,136.58333333333331,32.786
1640,492000,136.66666666666666,32.567
1641,492300,136.75,32.348
1642,492600,136.83333333333331,32.128
1643,492900,136.91666666666666,31.909
1644,493200,137.0,31.69
1645,493500,137.08333333333331,31.403
1646,493800,137.16666666666666,31.117
1647,494100,137.25,30.83
1648,494400,137.33333333333331,30.543
1649,494700,137.41666666666666,30.257
1650,495000,137.5,29.97
1651,495300,137.58333333333331,29.683
1652,495600,137.66666666666666,29.397
1653,495900,137.75,29.11
1654,496200,137.83333333333331,28.823
1655,496500,137.91666666666666,28.537
1656,496800,138.0,28.25
1657,497100,138.08333333333331,28.153
1658,497400,138.16666666666666,28.057
1659,497700,138.25,27.96
1660,498000,138.33333333333331,27.863
1661,498300,138.41666666666666,27.767
1662,498600,138.5,27.67
1663,498900,138.58333333333331,27.573
1664,499200,138.66666666666666,27.477
1665,499500,138.75,27.38
1666,499800,138.83333333333331,27.283
1667,500100,138.91666666666666,27.187
1668,500400,139.0,27.09
1669,500700,139.08333333333331,26.998
1670,501000,139.16666666666666,26.905
1671,501300,139.25,26.812
1672,501600,139.33333333333331,26.72
1673,501900,139.41666666666666,26.628
1674,502200,139.5,26.535
1675,502500,139.58333333333331,26.443
1676,502800,139.66666666666666,26.35
1677,503100,139.75,26.258
1678,503400,139.83333333333331,26.165
1679,503700,139.91666666666666,26.073
1680,504000,140.0,25.98
1681,504300,140.08333333333331,25.891
1682,504600,140.16666666666666,25.802
1683,504900,140.25,25.712
1684,505200,140.33333333333331,25.623
1685,505500,140.41666666666666,25.534
1686,505800,140.5,25.445
1687,506100,140.58333333333331,25.356
1688,506400,140.66666666666666,25.267
1689,506700,140.75,25.178
1690,507000,140.83333333333331,25.088
1691,507300,140.91666666666666,24.999
1692,507600,141.0,24.91
1693,507900,141.08333333333331,24.832
1694,508200,141.16666666666666,24.753
1695,508500,141.25,24.675
1696,508800,141.33333333333331,24.597
1697,509100,141.41666666666666,24.518
1698,509400,141.5,24.44
1699,509700,141.58333333333331,24.362
1700,510000,141.66666666666666,24.283
1701,510300,141.75,24.205
1702,510600,141.83333333333331,24.127
1703,510900,141.91666666666666,24.048
1704,511200,142.0,23.97
1705,511500,142.08333333333331,23.908
1706,511800,142.16666666666666,23.847
1707,512100,142.25,23.785
1708,512400,142.33333333333331,23.723
1709,512700,142.41666666666666,23.662
1710,513000,142.5,23.6
1711,513300,142.58333333333331,23.538
1712,513600,142.66666666666666,23.477
1713,513900,142.75,23.415
1714,514200,142.83333333333331,23.353
1715,514500,142.91666666666666,23.292
1716,514800,143.0,23.23
1717,515100,143.08333333333331,23.177
1718,515400,143.16666666666666,23.123
1719,515700,143.25,23.07
1720,516000,143.33333333333331,23.017
1721,516300,143.41666666666666,22.963
1722,516600,143.5,22.91
1723,516900,143.58333333333331,22.857
1724,517200,143.66666666666666,22.803
1725,517500,143.75,22.75
1726,517800,143.83333333333331,22.697
1727,518100,143.91666666666666,22.643
1728,518400,144.0,22.59
1729,518700,144.08333333333331,22.548
1730,519000,144.16666666666666,22.507
1731,519300,144.25,22.465
1732,519600,144.33333333333331,22.423
1733,519900,144.41666666666666,22.382
1734,520200,144.5,22.34
1735,520500,144.58333333333331,22.298
1736,520800,144.66666666666666,22.257
1737,521100,144.75,22.215
1738,521400,144.83333333333331,22.173
1739,521700,144.91666666666666,22.132
1740,522000,145.0,22.09
1741,522300,145.08333333333331,22.056
1742,522600,145.16666666666666,22.022
1743,522900,145.25,21.988
1744,523200,145.33333333333331,21.953
1745,523500,145.41666666666666,21.919
1746,523800,145.5,21.885
1747,524100,145.58333333333331,21.851
1748,524400,145.66666666666666,21.817
1749,524700,145.75,21.782
1750,525000,145.83333333333331,21.748
1751,525300,145.91666666666666,21.714
1752,525600,146.0,21.68
1753,525900,146.08333333333331,21.653
1754,526200,146.16666666666666,21.627
1755,526500,146.25,21.6
1756,526800,146.33333333333331,21.573
1757,527100,146.41666666666666,21.547
1758,527400,146.5,21.52
1759,527700,146.58333333333331,21.493
1760,528000,146.66666666666666,21.467
1761,528300,146.75,21.44
1762,528600,146.83333333333331,21.413
1763,528900,146.91666666666666,21.387
1764,529200,147.0,21.36
1765,529500,147.08333333333331,21.344
1766,529800,147.16666666666666,21.328
1767,530100,147.25,21.312
1768,530400,147.33333333333331,21.297
1769,530700,147.41666666666666,21.281
1770,531000,147.5,21.265
1771,531300,147.58333333333331,21.249
1772,531600,147.66666666666666,21.233
1773,531900,147.75,21.218
1774,532200,147.83333333333331,21.202
1775,532500,147.91666666666666,21.186
1776,532800,148.0,21.17
1777,533100,148.08333333333331,21.192
1778,533400,148.16666666666666,21.213
1779,533700,148.25,21.235
1780,534000,148.33333333333331,21.257
1781,534300,148.41666666666666,21.278
1782,534600,148.5,21.3
1783,534900,148.58333333333331,21.322
1784,535200,148.66666666666666,21.343
1785,535500,148.75,21.365
1786,535800,148.83333333333331,21.387
1787,536100,148.91666666666666,21.408
1788,536400,149.0,21.43
1789,536700,149.08333333333331,21.565
1790,537000,149.16666666666666,21.7
1791,537300,149.25,21.835
1792,537600,149.33333333333331,21.97
1793,537900,149.41666666666666,22.105
1794,538200,149.5,22.24
1795,538500,149.58333333333331,22.375
1796,538800,149.66666666666666,22.51
1797,539100,149.75,22.645
1798,539400,149.83333333333331,22.78
1799,539700,149.91666666666666,22.915
1800,540000,150.0,23.05
1801,540300,150.08333333333331,23.287
1802,540600,150.16666666666666,23.523
1803,540900,150.25,23.76
1804,541200,150.33333333333331,23.997
1805,541500,150.41666666666666,24.233
1806,541800,150.5,24.47
1807,542100,150.58333333333331,24.707
1808,542400,150.66666666666666,24.943
1809,542700,150.75,25.18
1810,543000,150.83333333333331,25.417
1811,543300,150.91666666666666,25.653
1812,543600,151.0,25.89
1813,543900,151.08333333333331,26.116
1814,544200,151.16666666666666,26.342
1815,544500,151.25,26.568
1816,544800,151.33333333333331,26.793
1817,545100,151.41666666666666,27.019
1818,545400,151.5,27.245
1819,545700,151.58333333333331,27.471
1820,546000,151.66666666666666,27.697
1821,546300,151.75,27.922
1822,546600,151.83333333333331,28.148
1823,546900,151.91666666666666,28.374
1824,547200,152.0,28.6
1825,547500,152.08333333333331,28.791
1826,547800,152.16666666666666,28.982
1827,548100,152.25,29.172
1828,548400,152.33333333333331,29.363
1829,548700,152.41666666666666,29.554
1830,549000,152.5,29.745
1831,549300,152.58333333333331,29.936
1832,549600,152.66666666666666,30.127
1833,549900,152.75,30.318
1834,550200,152.83333333333331,30.508
1835,550500,152.91666666666666,30.699
1836,550800,153.0,30.89
1837,551100,153.08333333333331,31.052
1838,551400,153.16666666666666,31.215
1839,551700,153.25,31.378
1840,552000,153.33333333333331,31.54
1841,552300,153.41666666666666,31.702
1842,552600,153.5,31.865
1843,552900,153.58333333333331,32.027
1844,553200,153.66666666666666,32.19
1845,553500,153.75,32.353
1846,553800,153.83333333333331,32.515
1847,554100,153.91666666666666,32.677
1848,554400,154.0,32.84
1849,554700,154.08333333333331,32.959
1850,555000,154.16666666666666,33.078
1851,555300,154.25,33.198
1852,555600,154.33333333333331,33.317
1853,555900,154.41666666666666,33.436
1854,556200,154.5,33.555
1855,556500,154.58333333333331,33.674
1856,556800,154.66666666666666,33.793
1857,557100,154.75,33.912
1858,557400,154.83333333333331,34.032
1859,557700,154.91666666666666,34.151
1860,558000,155.0,34.27
1861,558300,155.08333333333331,34.326
1862,558600,155.16666666666666,34.382
1863,558900,155.25,34.438
1864,559200,155.33333333333331,34.493
1865,559500,155.41666666666666,34.549
1866,559800,155.5,34.605
1867,560100,155.58333333333331,34.661
1868,560400,155.66666666666666,34.717
1869,560700,155.75,34.772
1870,561000,155.83333333333331,34.828
1871,561300,155.91666666666666,34.884
1872,561600,156.0,34.94
1873,561900,156.08333333333331,34.946
1874,562200,156.16666666666666,34.952
1875,562500,156.25,34.957
1876,562800,156.33333333333331,34.963
1877,563100,156.41666666666666,34.969
1878,563400,156.5,34.975
1879,563700,156.58333333333331,34.981
1880,564000,156.66666666666666,34.987
1881,564300,156.75,34.992
1882,564600,156.83333333333331,34.998
1883,564900,156.91666666666666,35.004
1884,565200,157.0,35.01
1885,565500,157.08333333333331,34.95
1886,565800,157.16666666666666,34.89
1887,566100,157.25,34.83
1888,566400,157.33333333333331,34.77
1889,566700,157.41666666666666,34.71
1890,567000,157.5,34.65
1891,567300,157.58333333333331,34.59
1892,567600,157.66666666666666,34.53
1893,567900,157.75,34.47
1894,568200,157.83333333333331,34.41
1895,568500,157.91666666666666,34.35
1896,568800,158.0,34.29
1897,569100,158.08333333333331,34.233
1898,569400,158.16666666666666,34.175
1899,569700,158.25,34.118
1900,570000,158.33333333333331,34.06
1901,570300,158.41666666666666,34.003
1902,570600,158.5,33.945
1903,570900,158.58333333333331,33.888
1904,571200,158.66666666666666,33.83
1905,571500,158.75,33.772
1906,571800,158.83333333333331,33.715
1907,572100,158.91666666666666,33.658
1908,572400,159.0,33.6
1909,572700,159.08333333333331,33.514
1910,573000,159.16666666666666,33.428
1911,573300,159.25,33.342
1912,573600,159.33333333333331,33.257
1913,573900,159.41666666666666,33.171
1914,574200,159.5,33.085
1915,574500,159.58333333333331,32.999
1916,574800,159.66666666666666,32.913
1917,575100,159.75,32.828
1918,575400,159.83333333333331,32.742
1919,575700,159.91666666666666,32.656
1920,576000,160.0,32.57
1921,576300,160.08333333333331,32.423
1922,576600,160.16666666666666,32.277
1923,576900,160.25,32.13
1924,577200,160.33333333333331,31.983
1925,577500,160.41666666666666,31.837
1926,577800,160.5,31.69
1927,578100,160.58333333333331,31.543
1928,578400,160.66666666666666,31.397
1929,578700,160.75,31.25
1930,579000,160.83333333333331,31.103
1931,579300,160.91666666666666,30.957
1932,579600,161.0,30.81
1933,579900,161.08333333333331,30.638
1934,580200,161.16666666666666,30.467
1935,580500,161.25,30.295
1936,580800,161.33333333333331,30.123
1937,581100,161.41666666666666,29.952
1938,581400,161.5,29.78
1939,581700,161.58333333333331,29.608
1940,582000,161.66666666666666,29.437
1941,582300,161.75,29.265
1942,582600,161.83333333333331,29.093
1943,582900,161.91666666666666,28.922
1944,583200,162.0,28.75
1945,583500,162.08333333333331,28.681
1946,583800,162.16666666666666,28.612
1947,584100,162.25,28.542
1948,584400,162.33333333333331,28.473
1949,584700,162.41666666666666,28.404
1950,585000,162.5,28.335
1951,585300,162.58333333333331,28.266
1952,585600,162.66666666666666,28.197
1953,585900,162.75,28.128
1954,586200,162.83333333333331,28.058
1955,586500,162.91666666666666,27.989
1956,586800,163.0,27.92
1957,587100,163.08333333333331,27.851
1958,587400,163.16666666666666,27.782
1959,587700,163.25,27.713
1960,588000,163.33333333333331,27.643
1961,588300,163.41666666666666,27.574
1962,588600,163.5,27.505
1963,588900,163.58333333333331,27.436
1964,589200,163.66666666666666,27.367
1965,589500,163.75,27.298
1966,589800,163.83333333333331,27.228
1967,590100,163.91666666666666,27.159
1968,590400,164.0,27.09
1969,590700,164.08333333333331,27.007
1970,591000,164.16666666666666,26.923
1971,591300,164.25,26.84
1972,591600,164.33333333333331,26.757
1973,591900,164.41666666666666,26.673
1974,592200,164.5,26.59
1975,592500,164.58333333333331,26.507
1976,592800,164.66666666666666,26.423
1977,593100,164.75,26.34
1978,593400,164.83333333333331,26.257
1979,593700,164.91666666666666,26.173
1980,594000,165.0,26.09
1981,594300,165.08333333333331,26.03
1982,594600,165.16666666666666,25.97
1983,594900,165.25,25.91
1984,595200,165.33333333333331,25.85
1985,595500,165.41666666666666,25.79
1986,595800,165.5,25.73
1987,596100,165.58333333333331,25.67
1988,596400,165.66666666666666,25.61
1989,596700,165.75,25.55
1990,597000,165.83333333333331,25.49
1991,597300,165.91666666666666,25.43
1992,597600,166.0,25.37
1993,597900,166.08333333333331,25.319
1994,598200,166.16666666666666,25.268
1995,598500,166.25,25.218
1996,598800,166.33333333333331,25.167
1997,599100,166.41666666666666,25.116
1998,599400,166.5,25.065
1999,599700,166.58333333333331,25.014
2000,600000,166.66666666666666,24.963
2001,600300,166.75,24.912
2002,600600,166.83333333333331,24.862
2003,600900,166.91666666666666,24.811
2004,601200,167.0,24.76
2005,601500,167.08333333333331,24.714
2006,601800,167.16666666666666,24.668
2007,602100,167.25,24.623
2008,602400,167.33333333333331,24.577
2009,602700,167.41666666666666,24.531
2010,603000,167.5,24.485
2011,603300,167.58333333333331,24.439
2012,603600,167.66666666666666,24.393
2013,603900,167.75,24.348
2014,604200,167.83333333333331,24.302
2015,604500,167.91666666666666,24.256
2016,604800,168.0,24.21
2017,605100,168.08333333333331,24.168
2018,605400,168.16666666666666,24.125
2019,605700,168.25,24.082
2020,606000,168.33333333333331,24.04
2021,606300,168.41666666666666,23.998
2022,606600,168.5,23.955
2023,606900,168.58333333333331,23.913
2024,607200,168.66666666666666,23.87
2025,607500,168.75,23.828
2026,607800,168.83333333333331,23.785
2027,608100,168.91666666666666,23.743
2028,608400,169.0,23.7
2029,608700,169.08333333333331,23.669
2030,609000,169.16666666666666,23.638
2031,609300,169.25,23.607
2032,609600,169.33333333333331,23.577
2033,609900,169.41666666666666,23.546
2034,610200,169.5,23.515
2035,610500,169.58333333333331,23.484
2036,610800,169.66666666666666,23.453
2037,611100,169.75,23.422
2038,611400,169.83333333333331,23.392
2039,611700,169.91666666666666,23.361
2040,612000,170.0,23.33
2041,612300,170.08333333333331,23.302
2042,612600,170.16666666666666,23.273
2043,612900,170.25,23.245
2044,613200,170.33333333333331,23.217
2045,613500,170.41666666666666,23.188
2046,613800,170.5,23.16
2047,614100,170.58333333333331,23.132
2048,614400,170.66666666666666,23.103
2049,614700,170.75,23.075
2050,615000,170.83333333333331,23.047
2051,615300,170.91666666666666,23.018
2052,615600,171.0,22.99
2053,615900,171.08333333333331,22.969
2054,616200,171.16666666666666,22.948
2055,616500,171.25,22.928
2056,616800,171.33333333333331,22.907
2057,617100,171.41666666666666,22.886
2058,617400,171.5,22.865
2059,617700,171.58333333333331,22.844
2060,618000,171.66666666666666,22.823
2061,618300,171.75,22.802
2062,618600,171.83333333333331,22.782
2063,618900,171.91666666666666,22.761
2064,619200,172.0,22.74
2065,619500,172.08333333333331,22.733
2066,619800,172.16666666666666,22.727
2067,620100,172.25,22.72
2068,620400,172.33333333333331,22.713
2069,620700,172.41666666666666,22.707
2070,621000,172.5,22.7
2071,621300,172.58333333333331,22.693
2072,621600,172.66666666666666,22.687
2073,621900,172.75,22.68
2074,622200,172.83333333333331,22.673
2075,622500,172.91666666666666,22.667
2076,622800,173.0,22.66
2077,623100,173.08333333333331,22.777
2078,623400,173.16666666666666,22.893
2079,623700,173.25,23.01
2080,624000,173.33333333333331,23.127
2081,624300,173.41666666666666,23.243
2082,624600,173.5,23.36
2083,624900,173.58333333333331,23.477
2084,625200,173.66666666666666,23.593
2085,625500,173.75,23.71
2086,625800,173.83333333333331,23.827
2087,626100,173.91666666666666,23.943
2088,626400,174.0,24.06
2089,626700,174.08333333333331,24.262
2090,627000,174.16666666666666,24.463
2091,627300,174.25,24.665
2092,627600,174.33333333333331,24.867
2093,627900,174.41666666666666,25.068
2094,628200,174.5,25.27
2095,628500,174.58333333333331,25.472
2096,628800,174.66666666666666,25.673
2097,629100,174.75,25.875
2098,629400,174.83333333333331,26.077
2099,629700,174.91666666666666,26.278
2100,630000,175.0,26.48
2101,630300,175.08333333333331,26.655
2102,630600,175.16666666666666,26.83
2103,630900,175.25,27.005
2104,631200,175.33333333333331,27.18
2105,631500,175.41666666666666,27.355
2106,631800,175.5,27.53
2107,632100,175.58333333333331,27.705
2108,632400,175.66666666666666,27.88
2109,632700,175.75,28.055
2110,633000,175.83333333333331,28.23
2111,633300,175.91666666666666,28.405
2112,633600,176.0,28.58
2113,633900,176.08333333333331,28.708
2114,634200,176.16666666666666,28.837
2115,634500,176.25,28.965
2116,634800,176.33333333333331,29.093
2117,635100,176.41666666666666,29.222
2118,635400,176.5,29.35
2119,635700,176.58333333333331,29.478
2120,636000,176.66666666666666,29.607
2121,636300,176.75,29.735
2122,636600,176.83333333333331,29.863
2123,636900,176.91666666666666,29.992
2124,637200,177.0,30.12
2125,637500,177.08333333333331,30.217
2126,637800,177.16666666666666,30.315
2127,638100,177.25,30.412
2128,638400,177.33333333333331,30.51
2129,638700,177.41666666666666,30.607
2130,639000,177.5,30.705
2131,639300,177.58333333333331,30.802
2132,639600,177.66666666666666,30.9
2133,639900,177.75,30.998
2134,640200,177.83333333333331,31.095
2135,640500,177.91666666666666,31.192
2136,640800,178.0,31.29
2137,641100,178.08333333333331,31.359
2138,641400,178.16666666666666,31.428
2139,641700,178.25,31.498
2140,642000,178.33333333333331,31.567
2141,642300,178.41666666666666,31.636
2142,642600,178.5,31.705
2143,642900,178.58333333333331,31.774
2144,643200,178.66666666666666,31.843
2145,643500,178.75,31.912
2146,643800,178.83333333333331,31.982
2147,644100,178.91666666666666,32.051
2148,644400,179.0,32.12
2149,644700,179.08333333333331,32.157
2150,645000,179.16666666666666,32.195
2151,645300,179.25,32.232
2152,645600,179.33333333333331,32.27
2153,645900,179.41666666666666,32.307
2154,646200,179.5,32.345
2155,646500,179.58333333333331,32.382
2156,646800,179.66666666666666,32.42
2157,647100,179.75,32.457
2158,647400,179.83333333333331,32.495
2159,647700,179.91666666666666,32.532
2160,648000,180.0,32.57
2161,648300,180.08333333333331,32.527
2162,648600,180.16666666666666,32.483
2163,648900,180.25,32.44
2164,649200,180.33333333333331,32.397
2165,649500,180.41666666666666,32.353
2166,649800,180.5,32.31
2167,650100,180.58333333333331,32.267
2168,650400,180.66666666666666,32.223
2169,650700,180.75,32.18
2170,651000,180.83333333333331,32.137
2171,651300,180.91666666666666,32.093
2172,651600,181.0,32.05
2173,651900,181.08333333333331,31.954
2174,652200,181.16666666666666,31.858
2175,652500,181.25,31.762
2176,652800,181.33333333333331,31.667
2177,653100,181.41666666666666,31.571
2178,653400,181.5,31.475
2179,653700,181.58333333333331,31.379
2180,654000,181.66666666666666,31.283
2181,654300,181.75,31.188
2182,654600,181.83333333333331,31.092
2183,654900,181.91666666666666,30.996
2184,655200,182.0,30.9
2185,655500,182.08333333333331,30.82
2186,655800,182.16666666666666,30.74
2187,656100,182.25,30.66
2188,656400,182.33333333333331,30.58
2189,656700,182.41666666666666,30.5
2190,657000,182.5,30.42
2191,657300,182.58333333333331,30.34
2192,657600,182.66666666666666,30.26
2193,657900,182.75,30.18
2194,658200,182.83333333333331,30.1
2195,658500,182.91666666666666,30.02
2196,658800,183.0,29.94
2197,659100,183.08333333333331,29.879
2198,659400,183.16666666666666,29.818
2199,659700,183.25,29.758
2200,660000,183.33333333333331,29.697
2201,660300,183.41666666666666,29.636
2202,660600,183.5,29.575
2203,660900,183.58333333333331,29.514
2204,661200,183.66666666666666,29.453
2205,661500,183.75,29.393
2206,661800,183.83333333333331,29.332
2207,662100,183.91666666666666,29.271
2208,662400,184.0,29.21
2209,662700,184.08333333333331,29.095
2210,663000,184.16666666666666,28.98
2211,663300,184.25,28.865
2212,663600,184.33333333333331,28.75
2213,663900,184.41666666666666,28.635
2214,664200,184.5,28.52
2215,664500,184.58333333333331,28.405
2216,664800,184.66666666666666,28.29
2217,665100,184.75,28.175
2218,665400,184.83333333333331,28.06
2219,665700,184.91666666666666,27.945
2220,666000,185.0,27.83
2221,666300,185.08333333333331,27.655
2222,666600,185.16666666666666,27.48
2223,666900,185.25,27.305
2224,667200,185.33333333333331,27.13
2225,667500,185.41666666666666,26.955
2226,667800,185.5,26.78
2227,668100,185.58333333333331,26.605
2228,668400,185.66666666666666,26.43
2229,668700,185.75,26.255
2230,669000,185.83333333333331,26.08
2231,669300,185.91666666666666,25.905
2232,669600,186.0,25.73
2233,669900,186.08333333333331,25.647
2234,670200,186.16666666666666,25.563
2235,670500,186.25,25.48
2236,670800,186.33333333333331,25.397
2237,671100,186.41666666666666,25.313
2238,671400,186.5,25.23
2239,671700,186.58333333333331,25.147
2240,672000,186.66666666666666,25.063
2241,672300,186.75,24.98
2242,672600,186.83333333333331,24.897
2243,672900,186.91666666666666,24.813
2244,673200,187.0,24.73
2245,673500,187.08333333333331,24.673
2246,673800,187.16666666666666,24.617
2247,674100,187.25,24.56
2248,674400,187.33333333333331,24.503
2249,674700,187.41666666666666,24.447
2250,675000,187.5,24.39
2251,675300,187.58333333333331,24.333
2252,675600,187.66666666666666,24.277
2253,675900,187.75,24.22
2254,676200,187.83333333333331,24.163
2255,676500,187.91666666666666,24.107
2256,676800,188.0,24.05
2257,677100,188.08333333333331,23.999
2258,677400,188.16666666666666,23.948
2259,677700,188.25,23.898
2260,678000,188.33333333333331,23.847
2261,678300,188.41666666666666,23.796
2262,678600,188.5,23.745
2263,678900,188.58333333333331,23.694
2264,679200,188.66666666666666,23.643
2265,679500,188.75,23.592
2266,679800,188.83333333333331,23.542
2267,680100,188.91666666666666,23.491
2268,680400,189.0,23.44
2269,680700,189.08333333333331,23.396
2270,681000,189.16666666666666,23.352
2271,681300,189.25,23.308
2272,681600,189.33333333333331,23.263
2273,681900,189.41666666666666,23.219
2274,682200,189.5,23.175
2275,682500,189.58333333333331,23.131
2276,682800,189.66666666666666,23.087
2277,683100,189.75,23.042
2278,683400,189.83333333333331,22.998
2279,683700,189.91666666666666,22.954
2280,684000,190.0,22.91
2281,684300,190.08333333333331,22.869
2282,684600,190.16666666666666,22.828
2283,684900,190.25,22.788
2284,685200,190.33333333333331,22.747
2285,685500,190.41666666666666,22.706
2286,685800,190.5,22.665
2287,686100,190.58333333333331,22.624
2288,686400,190.66666666666666,22.583
2289,686700,190.75,22.542
2290,687000,190.83333333333331,22.502
2291,687300,190.91666666666666,22.461
2292,687600,191.0,22.42
2293,687900,191.08333333333331,22.381
2294,688200,191.16666666666666,22.342
2295,688500,191.25,22.303
2296,688800,191.33333333333331,22.263
2297,689100,191.41666666666666,22.224
2298,689400,191.5,22.185
2299,689700,191.58333333333331,22.146
2300,690000,191.66666666666666,22.107
2301,690300,191.75,22.068
2302,690600,191.83333333333331,22.028
2303,690900,191.91666666666666,21.989
2304,691200,192.0,21.95
2305,691500,192.08333333333331,21.921
2306,691800,192.16666666666666,21.892
2307,692100,192.25,21.862
2308,692400,192.33333333333331,21.833
2309,692700,192.41666666666666,21.804
2310,693000,192.5,21.775
2311,693300,192.58333333333331,21.746
2312,693600,192.66666666666666,21.717
2313,693900,192.75,21.688
2314,694200,192.83333333333331,21.658
2315,694500,192.91666666666666,21.629
2316,694800,193.0,21.6
2317,695100,193.08333333333331,21.576
2318,695400,193.16666666666666,21.552
2319,695700,193.25,21.528
2320,696000,193.33333333333331,21.503
2321,696300,193.41666666666666,21.479
2322,696600,193.5,21.455
2323,696900,193.58333333333331,21.431
2324,697200,193.66666666666666,21.407
2325,697500,193.75,21.382
2326,697800,193.83333333333331,21.358
2327,698100,193.91666666666666,21.334
2328,698400,194.0,21.31
2329,698700,194.08333333333331,21.303
2330,699000,194.16666666666666,21.295
2331,699300,194.25,21.287
2332,699600,194.33333333333331,21.28
2333,699900,194.41666666666666,21.272
2334,700200,194.5,21.265
2335,700500,194.58333333333331,21.258
2336,700800,194.66666666666666,21.25
2337,701100,194.75,21.242
2338,701400,194.83333333333331,21.235
2339,701700,194.91666666666666,21.228
2340,702000,195.0,21.22
2341,702300,195.08333333333331,21.221
2342,702600,195.16666666666666,21.222
2343,702900,195.25,21.222
2344,703200,195.33333333333331,21.223
2345,703500,195.41666666666666,21.224
2346,703800,195.5,21.225
2347,704100,195.58333333333331,21.226
2348,704400,195.66666666666666,21.227
2349,704700,195.75,21.228
2350,705000,195.83333333333331,21.228
2351,705300,195.91666666666666,21.229
2352,705600,196.0,21.23
2353,705900,196.08333333333331,21.233
2354,706200,196.16666666666666,21.237
2355,706500,196.25,21.24
2356,706800,196.33333333333331,21.243
2357,707100,196.41666666666666,21.247
2358,707400,196.5,21.25
2359,707700,196.58333333333331,21.253
2360,708000,196.66666666666666,21.257
2361,708300,196.75,21.26
2362,708600,196.83333333333331,21.263
2363,708900,196.91666666666666,21.267
2364,709200,197.0,21.27
2365,709500,197.08333333333331,21.344
2366,709800,197.16666666666666,21.418
2367,710100,197.25,21.492
2368,710400,197.33333333333331,21.567
2369,710700,197.41666666666666,21.641
2370,711000,197.5,21.715
2371,711300,197.58333333333331,21.789
2372,711600,197.66666666666666,21.863
2373,711900,197.75,21.938
2374,712200,197.83333333333331,22.012
2375,712500,197.91666666666666,22.086
2376,712800,198.0,22.16
2377,713100,198.08333333333331,22.332
2378,713400,198.16666666666666,22.505
2379,713700,198.25,22.678
2380,714000,198.33333333333331,22.85
2381,714300,198.41666666666666,23.022
2382,714600,198.5,23.195
2383,714900,198.58333333333331,23.367
2384,715200,198.66666666666666,23.54
2385,715500,198.75,23.712
2386,715800,198.83333333333331,23.885
2387,716100,198.91666666666666,24.057
2388,716400,199.0,24.23
2389,716700,199.08333333333331,24.401
2390,717000,199.16666666666666,24.572
2391,717300,199.25,24.742
2392,717600,199.33333333333331,24.913
2393,717900,199.41666666666666,25.084
2394,718200,199.5,25.255
2395,718500,199.58333333333331,25.426
2396,718800,199.66666666666666,25.597
2397,719100,199.75,25.768
2398,719400,199.83333333333331,25.938
2399,719700,199.91666666666666,26.109
2400,720000,200.0,26.28
2401,720300,200.08333333333331,26.448
2402,720600,200.16666666666666,26.617
2403,720900,200.25,26.785
2404,721200,200.33333333333331,26.953
2405,721500,200.41666666666666,27.122
2406,721800,200.5,27.29
2407,722100,200.58333333333331,27.458
2408,722400,200.66666666666666,27.627
2409,722700,200.75,27.795
2410,723000,200.83333333333331,27.963
2411,723300,200.91666666666666,28.132
2412,723600,201.0,28.3
2413,723900,201.08333333333331,28.406
2414,724200,201.16666666666666,28.512
2415,724500,201.25,28.618
2416,724800,201.33333333333331,28.723
2417,725100,201.41666666666666,28.829
2418,725400,201.5,28.935
2419,725700,201.58333333333331,29.041
2420,726000,201.66666666666666,29.147
2421,726300,201.75,29.252
2422,726600,201.83333333333331,29.358
2423,726900,201.91666666666666,29.464
2424,727200,202.0,29.57
2425,727500,202.08333333333331,29.602
2426,727800,202.16666666666666,29.635
2427,728100,202.25,29.668
2428,728400,202.33333333333331,29.7
2429,728700,202.41666666666666,29.732
2430,729000,202.5,29.765
2431,729300,202.58333333333331,29.797
2432,729600,202.66666666666666,29.83
2433,729900,202.75,29.862
2434,730200,202.83333333333331,29.895
2435,730500,202.91666666666666,29.928
2436,730800,203.0,29.96
2437,731100,203.08333333333331,29.961
2438,731400,203.16666666666666,29.962
2439,731700,203.25,29.962
2440,732000,203.33333333333331,29.963
2441,732300,203.41666666666666,29.964
2442,732600,203.5,29.965
2443,732900,203.58333333333331,29.966
2444,733200,203.66666666666666,29.967
2445,733500,203.75,29.968
2446,733800,203.83333333333331,29.968
2447,734100,203.91666666666666,29.969
2448,734400,204.0,29.97
2449,734700,204.08333333333331,29.953
2450,735000,204.16666666666666,29.937
2451,735300,204.25,29.92
2452,735600,204.33333333333331,29.903
2453,735900,204.41666666666666,29.887
2454,736200,204.5,29.87
2455,736500,204.58333333333331,29.853
2456,736800,204.66666666666666,29.837
2457,737100,204.75,29.82
2458,737400,204.83333333333331,29.803
2459,737700,204.91666666666666,29.787
2460,738000,205.0,29.77
2461,738300,205.08333333333331,29.755
2462,738600,205.16666666666666,29.74
2463,738900,205.25,29.725
2464,739200,205.33333333333331,29.71
2465,739500,205.41666666666666,29.695
2466,739800,205.5,29.68
2467,740100,205.58333333333331,29.665
2468,740400,205.66666666666666,29.65
2469,740700,205.75,29.635
2470,741000,205.83333333333331,29.62
2471,741300,205.91666666666666,29.605
2472,741600,206.0,29.59
2473,741900,206.08333333333331,29.543
2474,742200,206.16666666666666,29.497
2475,742500,206.25,29.45
2476,742800,206.33333333333331,29.403
2477,743100,206.41666666666666,29.357
2478,743400,206.5,29.31
2479,743700,206.58333333333331,29.263
2480,744000,206.66666666666666,29.217
2481,744300,206.75,29.17
2482,744600,206.83333333333331,29.123
2483,744900,206.91666666666666,29.077
2484,745200,207.0,29.03
2485,745500,207.08333333333331,28.963
2486,745800,207.16666666666666,28.897
2487,746100,207.25,28.83
2488,746400,207.33333333333331,28.763
2489,746700,207.41666666666666,28.697
2490,747000,207.5,28.63
2491,747300,207.58333333333331,28.563
2492,747600,207.66666666666666,28.497
2493,747900,207.75,28.43
2494,748200,207.83333333333331,28.363
2495,748500,207.91666666666666,28.297
2496,748800,208.0,28.23
2497,749100,208.08333333333331,28.123
2498,749400,208.16666666666666,28.017
2499,749700,208.25,27.91
2500,750000,208.33333333333331,27.803
2501,750300,208.41666666666666,27.697
2502,750600,208.5,27.59
2503,750900,208.58333333333331,27.483
2504,751200,208.66666666666666,27.377
2505,751500,208.75,27.27
2506,751800,208.83333333333331,27.163
2507,752100,208.91666666666666,27.057
2508,752400,209.0,26.95
2509,752700,209.08333333333331,26.795
2510,753000,209.16666666666666,26.64
2511,753300,209.25,26.485
2512,753600,209.33333333333331,26.33
2513,753900,209.41666666666666,26.175
2514,754200,209.5,26.02
2515,754500,209.58333333333331,25.865
2516,754800,209.66666666666666,25.71
2517,755100,209.75,25.555
2518,755400,209.83333333333331,25.4
2519,755700,209.91666666666666,25.245
2520,756000,210.0,25.09
2521,756300,210.08333333333331,25.031
2522,756600,210.16666666666666,24.972
2523,756900,210.25,24.912
2524,757200,210.33333333333331,24.853
2525,757500,210.41666666666666,24.794
2526,757800,210.5,24.735
2527,758100,210.58333333333331,24.676
2528,758400,210.66666666666666,24.617
2529,758700,210.75,24.557
2530,759000,210.83333333333331,24.498
2531,759300,210.91666666666666,24.439
2532,759600,211.0,24.38
2533,759900,211.08333333333331,24.329
2534,760200,211.16666666666666,24.278
2535,760500,211.25,24.228
2536,760800,211.33333333333331,24.177
2537,761100,211.41666666666666,24.126
2538,761400,211.5,24.075
2539,761700,211.58333333333331,24.024
2540,762000,211.66666666666666,23.973
2541,762300,211.75,23.922
2542,762600,211.83333333333331,23.872
2543,762900,211.91666666666666,23.821
2544,763200,212.0,23.77
2545,763500,212.08333333333331,23.733
2546,763800,212.16666666666666,23.697
2547,764100,212.25,23.66
2548,764400,212.33333333333331,23.623
2549,764700,212.41666666666666,23.587
2550,765000,212.5,23.55
2551,765300,212.58333333333331,23.513
2552,765600,212.66666666666666,23.477
2553,765900,212.75,23.44
2554,766200,212.83333333333331,23.403
2555,766500,212.91666666666666,23.367
2556,766800,213.0,23.33
2557,767100,213.08333333333331,23.297
2558,767400,213.16666666666666,23.263
2559,767700,213.25,23.23
2560,768000,213.33333333333331,23.197
2561,768300,213.41666666666666,23.163
2562,768600,213.5,23.13
2563,768900,213.58333333333331,23.097
2564,769200,213.66666666666666,23.063
2565,769500,213.75,23.03
2566,769800,213.83333333333331,22.997
2567,770100,213.91666666666666,22.963
2568,770400,214.0,22.93
2569,770700,214.08333333333331,22.9
2570,771000,214.16666666666666,22.87
2571,771300,214.25,22.84
2572,771600,214.33333333333331,22.81
2573,771900,214.41666666666666,22.78
2574,772200,214.5,22.75
2575,772500,214.58333333333331,22.72
2576,772800,214.66666666666666,22.69
2577,773100,214.75,22.66
2578,773400,214.83333333333331,22.63
2579,773700,214.91666666666666,22.6
2580,774000,215.0,22.57
2581,774300,215.08333333333331,22.548
2582,774600,215.16666666666666,22.527
2583,774900,215.25,22.505
2584,775200,215.33333333333331,22.483
2585,775500,215.41666666666666,22.462
2586,775800,215.5,22.44
2587,776100,215.58333333333331,22.418
2588,776400,215.66666666666666,22.397
2589,776700,215.75,22.375
2590,777000,215.83333333333331,22.353
2591,777300,215.91666666666666,22.332
2592,777600,216.0,22.31
2593,777900,216.08333333333331,22.284
2594,778200,216.16666666666666,22.258
2595,778500,216.25,22.232
2596,778800,216.33333333333331,22.207
2597,779100,216.41666666666666,22.181
2598,779400,216.5,22.155
2599,779700,216.58333333333331,22.129
2600,780000,216.66666666666666,22.103
2601,780300,216.75,22.078
2602,780600,216.83333333333331,22.052
2603,780900,216.91666666666666,22.026
2604,781200,217.0,22.0
2605,781500,217.08333333333331,21.979
2606,781800,217.16666666666666,21.958
2607,782100,217.25,21.938
2608,782400,217.33333333333331,21.917
2609,782700,217.41666666666666,21.896
2610,783000,217.5,21.875
2611,783300,217.58333333333331,21.854
2612,783600,217.66666666666666,21.833
2613,783900,217.75,21.812
2614,784200,217.83333333333331,21.792
2615,784500,217.91666666666666,21.771
2616,784800,218.0,21.75
2617,785100,218.08333333333331,21.728
2618,785400,218.16666666666666,21.705
2619,785700,218.25,21.682
2620,786000,218.33333333333331,21.66
2621,786300,218.41666666666666,21.638
2622,786600,218.5,21.615
2623,786900,218.58333333333331,21.593
2624,787200,218.66666666666666,21.57
2625,787500,218.75,21.548
2626,787800,218.83333333333331,21.525
2627,788100,218.91666666666666,21.502
2628,788400,219.0,21.48
2629,788700,219.08333333333331,21.456
2630,789000,219.16666666666666,21.432
2631,789300,219.25,21.408
2632,789600,219.33333333333331,21.383
2633,789900,219.41666666666666,21.359
2634,790200,219.5,21.335
2635,790500,219.58333333333331,21.311
2636,790800,219.66666666666666,21.287
2637,791100,219.75,21.263
2638,791400,219.83333333333331,21.238
2639,791700,219.91666666666666,21.214
2640,792000,220.0,21.19
2641,792300,220.08333333333331,21.179
2642,792600,220.16666666666666,21.168
2643,792900,220.25,21.158
2644,793200,220.33333333333331,21.147
2645,793500,220.41666666666666,21.136
2646,793800,220.5,21.125
2647,794100,220.58333333333331,21.114
2648,794400,220.66666666666666,21.103
2649,794700,220.75,21.092
2650,795000,220.83333333333331,21.082
2651,795300,220.91666666666666,21.071
2652,795600,221.0,21.06
2653,795900,221.08333333333331,21.172
2654,796200,221.16666666666666,21.283
2655,796500,221.25,21.395
2656,796800,221.33333333333331,21.507
2657,797100,221.41666666666666,21.618
2658,797400,221.5,21.73
2659,797700,221.58333333333331,21.842
2660,798000,221.66666666666666,21.953
2661,798300,221.75,22.065
2662,798600,221.83333333333331,22.177
2663,798900,221.91666666666666,22.288
2664,799200,222.0,22.4
2665,799500,222.08333333333331,22.577
2666,799800,222.16666666666666,22.755
2667,800100,222.25,22.932
2668,800400,222.33333333333331,23.11
2669,800700,222.41666666666666,23.287
2670,801000,222.5,23.465
2671,801300,222.58333333333331,23.642
2672,801600,222.66666666666666,23.82
2673,801900,222.75,23.998
2674,802200,222.83333333333331,24.175
2675,802500,222.91666666666666,24.352
2676,802800,223.0,24.53
2677,803100,223.08333333333331,24.687
2678,803400,223.16666666666666,24.843
2679,803700,223.25,25.0
2680,804000,223.33333333333331,25.157
2681,804300,223.41666666666666,25.313
2682,804600,223.5,25.47
2683,804900,223.58333333333331,25.627
2684,805200,223.66666666666666,25.783
2685,805500,223.75,25.94
2686,805800,223.83333333333331,26.097
2687,806100,223.91666666666666,26.253
2688,806400,224.0,26.41
2689,806700,224.08333333333331,26.549
2690,807000,224.16666666666666,26.688
2691,807300,224.25,26.828
2692,807600,224.33333333333331,26.967
2693,807900,224.41666666666666,27.106
2694,808200,224.5,27.245
2695,808500,224.58333333333331,27.384
2696,808800,224.66666666666666,27.523
2697,809100,224.75,27.662
2698,809400,224.83333333333331,27.802
2699,809700,224.91666666666666,27.941
2700,810000,225.0,28.08
2701,810300,225.08333333333331,28.199
2702,810600,225.16666666666666,28.318
2703,810900,225.25,28.438
2704,811200,225.33333333333331,28.557
2705,811500,225.41666666666666,28.676
2706,811800,225.5,28.795
2707,812100,225.58333333333331,28.914
2708,812400,225.66666666666666,29.033
2709,812700,225.75,29.152
2710,813000,225.83333333333331,29.272
2711,813300,225.91666666666666,29.391
2712,813600,226.0,29.51
2713,813900,226.08333333333331,29.599
2714,814200,226.16666666666666,29.688
2715,814500,226.25,29.778
2716,814800,226.33333333333331,29.867
2717,815100,226.41666666666666,29.956
2718,815400,226.5,30.045
2719,815700,226.58333333333331,30.134
2720,816000,226.66666666666666,30.223
2721,816300,226.75,30.312
2722,816600,226.83333333333331,30.402
2723,816900,226.91666666666666,30.491
2724,817200,227.0,30.58
2725,817500,227.08333333333331,30.642
2726,817800,227.16666666666666,30.703
2727,818100,227.25,30.765
2728,818400,227.33333333333331,30.827
2729,818700,227.41666666666666,30.888
2730,819000,227.5,30.95
2731,819300,227.58333333333331,31.012
2732,819600,227.66666666666666,31.073
2733,819900,227.75,31.135
2734,820200,227.83333333333331,31.197
2735,820500,227.91666666666666,31.258
2736,820800,228.0,31.32
2737,821100,228.08333333333331,31.335
2738,821400,228.16666666666666,31.35
2739,821700,228.25,31.365
2740,822000,228.33333333333331,31.38
2741,822300,228.41666666666666,31.395
2742,822600,228.5,31.41
2743,822900,228.58333333333331,31.425
2744,823200,228.66666666666666,31.44
2745,823500,228.75,31.455
2746,823800,228.83333333333331,31.47
2747,824100,228.91666666666666,31.485
2748,824400,229.0,31.5
2749,824700,229.08333333333331,31.465
2750,825000,229.16666666666666,31.43
2751,825300,229.25,31.395
2752,825600,229.33333333333331,31.36
2753,825900,229.41666666666666,31.325
2754,826200,229.5,31.29
2755,826500,229.58333333333331,31.255
2756,826800,229.66666666666666,31.22
2757,827100,229.75,31.185
2758,827400,229.83333333333331,31.15
2759,827700,229.91666666666666,31.115
2760,828000,230.0,31.08
2761,828300,230.08333333333331,31.018
2762,828600,230.16666666666666,30.955
2763,828900,230.25,30.892
2764,829200,230.33333333333331,30.83
2765,829500,230.41666666666666,30.768
2766,829800,230.5,30.705
2767,830100,230.58333333333331,30.643
2768,830400,230.66666666666666,30.58
2769,830700,230.75,30.518
2770,831000,230.83333333333331,30.455
2771,831300,230.91666666666666,30.393
2772,831600,231.0,30.33
2773,831900,231.08333333333331,30.248
2774,832200,231.16666666666666,30.167
2775,832500,231.25,30.085
2776,832800,231.33333333333331,30.003
2777,833100,231.41666666666666,29.922
2778,833400,231.5,29.84
2779,833700,231.58333333333331,29.758
2780,834000,231.66666666666666,29.677
2781,834300,231.75,29.595
2782,834600,231.83333333333331,29.513
2783,834900,231.91666666666666,29.432
2784,835200,232.0,29.35
2785,835500,232.08333333333331,29.255
2786,835800,232.16666666666666,29.16
2787,836100,232.25,29.065
2788,836400,232.33333333333331,28.97
2789,836700,232.41666666666666,28.875
2790,837000,232.5,28.78
2791,837300,232.58333333333331,28.685
2792,837600,232.66666666666666,28.59
2793,837900,232.75,28.495
2794,838200,232.83333333333331,28.4
2795,838500,232.91666666666666,28.305
2796,838800,233.0,28.21
2797,839100,233.08333333333331,28.03
2798,839400,233.16666666666666,27.85
2799,839700,233.25,27.67
2800,840000,233.33333333333331,27.49
2801,840300,233.41666666666666,27.31
2802,840600,233.5,27.13
2803,840900,233.58333333333331,26.95
2804,841200,233.66666666666666,26.77
2805,841500,233.75,26.59
2806,841800,233.83333333333331,26.41
2807,842100,233.91666666666666,26.23
2808,842400,234.0,26.05
2809,842700,234.08333333333331,25.941
2810,843000,234.16666666666666,25.832
2811,843300,234.25,25.722
2812,843600,234.33333333333331,25.613
2813,843900,234.41666666666666,25.504
2814,844200,234.5,25.395
2815,844500,234.58333333333331,25.286
2816,844800,234.66666666666666,25.177
2817,845100,234.75,25.068
2818,845400,234.83333333333331,24.958
2819,845700,234.91666666666666,24.849
2820,846000,235.0,24.74
2821,846300,235.08333333333331,24.666
2822,846600,235.16666666666666,24.592
2823,846900,235.25,24.518
2824,847200,235.33333333333331,24.443
2825,847500,235.41666666666666,24.369
2826,847800,235.5,24.295
2827,848100,235.58333333333331,24.221
2828,848400,235.66666666666666,24.147
2829,848700,235.75,24.072
2830,849000,235.83333333333331,23.998
2831,849300,235.91666666666666,23.924
2832,849600,236.0,23.85
2833,849900,236.08333333333331,23.794
2834,850200,236.16666666666666,23.738
2835,850500,236.25,23.682
2836,850800,236.33333333333331,23.627
2837,851100,236.41666666666666,23.571
2838,851400,236.5,23.515
2839,851700,236.58333333333331,23.459
2840,852000,236.66666666666666,23.403
2841,852300,236.75,23.348
2842,852600,236.83333333333331,23.292
2843,852900,236.91666666666666,23.236
2844,853200,237.0,23.18
2845,853500,237.08333333333331,23.132
2846,853800,237.16666666666666,23.083
2847,854100,237.25,23.035
2848,854400,237.33333333333331,22.987
2849,854700,237.41666666666666,22.938
2850,855000,237.5,22.89
2851,855300,237.58333333333331,22.842
2852,855600,237.66666666666666,22.793
2853,855900,237.75,22.745
2854,856200,237.83333333333331,22.697
2855,856500,237.91666666666666,22.648
2856,856800,238.0,22.6
2857,857100,238.08333333333331,22.563
2858,857400,238.16666666666666,22.527
2859,857700,238.25,22.49
2860,858000,238.33333333333331,22.453
2861,858300,238.41666666666666,22.417
2862,858600,238.5,22.38
2863,858900,238.58333333333331,22.343
2864,859200,238.66666666666666,22.307
2865,859500,238.75,22.27
2866,859800,238.83333333333331,22.233
2867,860100,238.91666666666666,22.197
2868,860400,239.0,22.16
2869,860700,239.08333333333331,22.131
2870,861000,239.16666666666666,22.102
2871,861300,239.25,22.072
2872,861600,239.33333333333331,22.043
2873,861900,239.41666666666666,22.014
2874,862200,239.5,21.985
2875,862500,239.58333333333331,21.956
2876,862800,239.66666666666666,21.927
2877,863100,239.75,21.898
2878,863400,239.83333333333331,21.868
2879,863700,239.91666666666666,21.839
2880,864000,240.0,21.81
2881,864300,240.08333333333331,21.788
2882,864600,240.16666666666666,21.765
2883,864900,240.25,21.742
2884,865200,240.33333333333331,21.72
2885,865500,240.41666666666666,21.698
2886,865800,240.5,21.675
2887,866100,240.58333333333331,21.653
2888,866400,240.66666666666666,21.63
2889,866700,240.75,21.607
2890,867000,240.83333333333331,21.585
2891,867300,240.91666666666666,21.562
2892,867600,241.0,21.54
2893,867900,241.08333333333331,21.517
2894,868200,241.16666666666666,21.493
2895,868500,241.25,21.47
2896,868800,241.33333333333331,21.447
2897,869100,241.41666666666666,21.423
2898,869400,241.5,21.4
2899,869700,241.58333333333331,21.377
2900,870000,241.66666666666666,21.353
2901,870300,241.75,21.33
2902,870600,241.83333333333331,21.307
2903,870900,241.91666666666666,21.283
2904,871200,242.0,21.26
2905,871500,242.08333333333331,21.239
2906,871800,242.16666666666666,21.218
2907,872100,242.25,21.198
2908,872400,242.33333333333331,21.177
2909,872700,242.41666666666666,21.156
2910,873000,242.5,21.135
2911,873300,242.58333333333331,21.114
2912,873600,242.66666666666666,21.093
2913,873900,242.75,21.072
2914,874200,242.83333333333331,21.052
2915,874500,242.91666666666666,21.031
2916,874800,243.0,21.01
2917,875100,243.08333333333331,20.989
2918,875400,243.16666666666666,20.968
2919,875700,243.25,20.948
2920,876000,243.33333333333331,20.927
2921,876300,243.41666666666666,20.906
2922,876600,243.5,20.885
2923,876900,243.58333333333331,20.864
2924,877200,243.66666666666666,20.843
2925,877500,243.75,20.822
2926,877800,243.83333333333331,20.802
2927,878100,243.91666666666666,20.781
2928,878400,244.0,20.76
2929,878700,244.08333333333331,20.75
2930,879000,244.16666666666666,20.74
2931,879300,244.25,20.73
2932,879600,244.33333333333331,20.72
2933,879900,244.41666666666666,20.71
2934,880200,244.5,20.7
2935,880500,244.58333333333331,20.69
2936,880800,244.66666666666666,20.68
2937,881100,244.75,20.67
2938,881400,244.83333333333331,20.66
2939,881700,244.91666666666666,20.65
2940,882000,245.0,20.64
2941,882300,245.08333333333331,20.71
2942,882600,245.16666666666666,20.78
2943,882900,245.25,20.85
2944,883200,245.33333333333331,20.92
2945,883500,245.41666666666666,20.99
2946,883800,245.5,21.06
2947,884100,245.58333333333331,21.13
2948,884400,245.66666666666666,21.2
2949,884700,245.75,21.27
2950,885000,245.83333333333331,21.34
2951,885300,245.91666666666666,21.41
2952,885600,246.0,21.48
2953,885900,246.08333333333331,21.618
2954,886200,246.16666666666666,21.757
2955,886500,246.25,21.895
2956,886800,246.33333333333331,22.033
2957,887100,246.41666666666666,22.172
2958,887400,246.5,22.31
2959,887700,246.58333333333331,22.448
2960,888000,246.66666666666666,22.587
2961,888300,246.75,22.725
2962,888600,246.83333333333331,22.863
2963,888900,246.91666666666666,23.002
2964,889200,247.0,23.14
2965,889500,247.08333333333331,23.327
2966,889800,247.16666666666666,23.513
2967,890100,247.25,23.7
2968,890400,247.33333333333331,23.887
2969,890700,247.41666666666666,24.073
2970,891000,247.5,24.26
2971,891300,247.58333333333331,24.447
2972,891600,247.66666666666666,24.633
2973,891900,247.75,24.82
2974,892200,247.83333333333331,25.007
2975,892500,247.91666666666666,25.193
2976,892800,248.0,25.38
2977,893100,248.08333333333331,25.587
2978,893400,248.16666666666666,25.793
2979,893700,248.25,26.0
2980,894000,248.33333333333331,26.207
2981,894300,248.41666666666666,26.413
2982,894600,248.5,26.62
2983,894900,248.58333333333331,26.827
2984,895200,248.66666666666666,27.033
2985,895500,248.75,27.24
2986,895800,248.83333333333331,27.447
2987,896100,248.91666666666666,27.653
2988,896400,249.0,27.86
2989,896700,249.08333333333331,28.078
2990,897000,249.16666666666666,28.297
2991,897300,249.25,28.515
2992,897600,249.33333333333331,28.733
2993,897900,249.41666666666666,28.952
2994,898200,249.5,29.17
2995,898500,249.58333333333331,29.388
2996,898800,249.66666666666666,29.607
2997,899100,249.75,29.825
2998,899400,249.83333333333331,30.043
2999,899700,249.91666666666666,30.262
3000,900000,250.0,30.48
3001,900300,250.08333333333331,30.59
3002,900600,250.16666666666666,30.7
3003,900900,250.25,30.81
3004,901200,250.33333333333331,30.92
3005,901500,250.41666666666666,31.03
3006,901800,250.5,31.14
3007,902100,250.58333333333331,31.25
3008,902400,250.66666666666666,31.36
3009,902700,250.75,31.47
3010,903000,250.83333333333331,31.58
3011,903300,250.91666666666666,31.69
3012,903600,251.0,31.8
3013,903900,251.08333333333331,31.83
3014,904200,251.16666666666666,31.86
3015,904500,251.25,31.89
3016,904800,251.33333333333331,31.92
3017,905100,251.41666666666666,31.95
3018,905400,251.5,31.98
3019,905700,251.58333333333331,32.01
3020,906000,251.66666666666666,32.04
3021,906300,251.75,32.07
3022,906600,251.83333333333331,32.1
3023,906900,251.91666666666666,32.13
3024,907200,252.0,32.16
3025,907500,252.08333333333331,32.138
3026,907800,252.16666666666666,32.115
3027,908100,252.25,32.092
3028,908400,252.33333333333331,32.07
3029,908700,252.41666666666666,32.048
3030,909000,252.5,32.025
3031,909300,252.58333333333331,32.003
3032,909600,252.66666666666666,31.98
3033,909900,252.75,31.958
3034,910200,252.83333333333331,31.935
3035,910500,252.91666666666666,31.912
3036,910800,253.0,31.89
3037,911100,253.08333333333331,31.836
3038,911400,253.16666666666666,31.782
3039,911700,253.25,31.728
3040,912000,253.33333333333331,31.673
3041,912300,253.41666666666666,31.619
3042,912600,253.5,31.565
3043,912900,253.58333333333331,31.511
3044,913200,253.66666666666666,31.457
3045,913500,253.75,31.402
3046,913800,253.83333333333331,31.348
3047,914100,253.91666666666666,31.294
3048,914400,254.0,31.24
3049,914700,254.08333333333331,31.184
3050,915000,254.16666666666666,31.128
3051,915300,254.25,31.072
3052,915600,254.33333333333331,31.017
3053,915900,254.41666666666666,30.961
3054,916200,254.5,30.905
3055,916500,254.58333333333331,30.849
3056,916800,254.66666666666666,30.793
3057,917100,254.75,30.738
3058,917400,254.83333333333331,30.682
3059,917700,254.91666666666666,30.626
3060,918000,255.0,30.57
3061,918300,255.08333333333331,30.496
3062,918600,255.16666666666666,30.422
3063,918900,255.25,30.348
3064,919200,255.33333333333331,30.273
3065,919500,255.41666666666666,30.199
3066,919800,255.5,30.125
3067,920100,255.58333333333331,30.051
3068,920400,255.66666666666666,29.977
3069,920700,255.75,29.902
3070,921000,255.83333333333331,29.828
3071,921300,255.91666666666666,29.754
3072,921600,256.0,29.68
3073,921900,256.0833333333333,29.568
3074,922200,256.16666666666663,29.455
3075,922500,256.25,29.342
3076,922800,256.3333333333333,29.23
3077,923100,256.41666666666663,29.118
3078,923400,256.5,29.005
3079,923700,256.5833333333333,28.893
3080,924000,256.66666666666663,28.78
3081,924300,256.75,28.667
3082,924600,256.8333333333333,28.555
3083,924900,256.91666666666663,28.443
3084,925200,257.0,28.33
3085,925500,257.0833333333333,28.178
3086,925800,257.16666666666663,28.027
3087,926100,257.25,27.875
3088,926400,257.3333333333333,27.723
3089,926700,257.41666666666663,27.572
3090,927000,257.5,27.42
3091,927300,257.5833333333333,27.268
3092,927600,257.66666666666663,27.117
3093,927900,257.75,26.965
3094,928200,257.8333333333333,26.813
3095,928500,257.91666666666663,26.662
3096,928800,258.0,26.51
3097,929100,258.0833333333333,26.462
3098,929400,258.16666666666663,26.413
3099,929700,258.25,26.365
3100,930000,258.3333333333333,26.317
3101,930300,258.41666666666663,26.268
3102,930600,258.5,26.22
3103,930900,258.5833333333333,26.172
3104,931200,258.66666666666663,26.123
3105,931500,258.75,26.075
3106,931800,258.8333333333333,26.027
3107,932100,258.91666666666663,25.978
3108,932400,259.0,25.93
3109,932700,259.0833333333333,25.874
3110,933000,259.16666666666663,25.818
3111,933300,259.25,25.762
3112,933600,259.3333333333333,25.707
3113,933900,259.41666666666663,25.651
3114,934200,259.5,25.595
3115,934500,259.5833333333333,25.539
3116,934800,259.66666666666663,25.483
3117,935100,259.75,25.428
3118,935400,259.8333333333333,25.372
3119,935700,259.91666666666663,25.316
3120,936000,260.0,25.26
3121,936300,260.0833333333333,25.183
3122,936600,260.16666666666663,25.105
3123,936900,260.25,25.028
3124,937200,260.3333333333333,24.95
3125,937500,260.41666666666663,24.873
3126,937800,260.5,24.795
3127,938100,260.5833333333333,24.718
3128,938400,260.66666666666663,24.64
3129,938700,260.75,24.562
3130,939000,260.8333333333333,24.485
3131,939300,260.91666666666663,24.408
3132,939600,261.0,24.33
3133,939900,261.0833333333333,24.273
3134,940200,261.16666666666663,24.215
3135,940500,261.25,24.158
3136,940800,261.3333333333333,24.1
3137,941100,261.41666666666663,24.043
3138,941400,261.5,23.985
3139,941700,261.5833333333333,23.928
3140,942000,261.66666666666663,23.87
3141,942300,261.75,23.812
3142,942600,261.8333333333333,23.755
3143,942900,261.91666666666663,23.698
3144,943200,262.0,23.64
3145,943500,262.0833333333333,23.602
3146,943800,262.16666666666663,23.563
3147,944100,262.25,23.525
3148,944400,262.3333333333333,23.487
3149,944700,262.41666666666663,23.448
3150,945000,262.5,23.41
3151,945300,262.5833333333333,23.372
3152,945600,262.66666666666663,23.333
3153,945900,262.75,23.295
3154,946200,262.8333333333333,23.257
3155,946500,262.91666666666663,23.218
3156,946800,263.0,23.18
3157,947100,263.0833333333333,23.139
3158,947400,263.16666666666663,23.098
3159,947700,263.25,23.058
3160,948000,263.3333333333333,23.017
3161,948300,263.41666666666663,22.976
3162,948600,263.5,22.935
3163,948900,263.5833333333333,22.894
3164,949200,263.66666666666663,22.853
3165,949500,263.75,22.812
3166,949800,263.8333333333333,22.772
3167,950100,263.91666666666663,22.731
3168,950400,264.0,22.69
3169,950700,264.0833333333333,22.653
3170,951000,264.16666666666663,22.615
3171,951300,264.25,22.578
3172,951600,264.3333333333333,22.54
3173,951900,264.41666666666663,22.503
3174,952200,264.5,22.465
3175,952500,264.5833333333333,22.428
3176,952800,264.66666666666663,22.39
3177,953100,264.75,22.352
3178,953400,264.8333333333333,22.315
3179,953700,264.91666666666663,22.278
3180,954000,265.0,22.24
3181,954300,265.0833333333333,22.209
3182,954600,265.16666666666663,22.178
3183,954900,265.25,22.148
3184,955200,265.3333333333333,22.117
3185,955500,265.41666666666663,22.086
3186,955800,265.5,22.055
3187,956100,265.5833333333333,22.024
3188,956400,265.66666666666663,21.993
3189,956700,265.75,21.962
3190,957000,265.8333333333333,21.932
3191,957300,265.91666666666663,21.901
3192,957600,266.0,21.87
3193,957900,266.0833333333333,21.845
3194,958200,266.16666666666663,21.82
3195,958500,266.25,21.795
3196,958800,266.3333333333333,21.77
3197,959100,266.41666666666663,21.745
3198,959400,266.5,21.72
3199,959700,266.5833333333333,21.695
3200,960000,266.66666666666663,21.67
3201,960300,266.75,21.645
3202,960600,266.8333333333333,21.62
3203,960900,266.91666666666663,21.595
3204,961200,267.0,21.57
3205,961500,267.0833333333333,21.546
3206,961800,267.16666666666663,21.522
3207,962100,267.25,21.498
3208,962400,267.3333333333333,21.473
3209,962700,267.41666666666663,21.449
3210,963000,267.5,21.425
3211,963300,267.5833333333333,21.401
3212,963600,267.66666666666663,21.377
3213,963900,267.75,21.352
3214,964200,267.8333333333333,21.328
3215,964500,267.91666666666663,21.304
3216,964800,268.0,21.28
3217,965100,268.0833333333333,21.268
3218,965400,268.16666666666663,21.255
3219,965700,268.25,21.242
3220,966000,268.3333333333333,21.23
3221,966300,268.41666666666663,21.218
3222,966600,268.5,21.205
3223,966900,268.5833333333333,21.193
3224,967200,268.66666666666663,21.18
3225,967500,268.75,21.168
3226,967800,268.8333333333333,21.155
3227,968100,268.91666666666663,21.143
3228,968400,269.0,21.13
3229,968700,269.0833333333333,21.243
3230,969000,269.16666666666663,21.357
3231,969300,269.25,21.47
3232,969600,269.3333333333333,21.583
3233,969900,269.41666666666663,21.697
3234,970200,269.5,21.81
3235,970500,269.5833333333333,21.923
3236,970800,269.66666666666663,22.037
3237,971100,269.75,22.15
3238,971400,269.8333333333333,22.263
3239,971700,269.91666666666663,22.377
3240,972000,270.0,22.49
3241,972300,270.0833333333333,22.647
3242,972600,270.16666666666663,22.805
3243,972900,270.25,22.962
3244,973200,270.3333333333333,23.12
3245,973500,270.41666666666663,23.277
3246,973800,270.5,23.435
3247,974100,270.5833333333333,23.592
3248,974400,270.66666666666663,23.75
3249,974700,270.75,23.908
3250,975000,270.8333333333333,24.065
3251,975300,270.91666666666663,24.222
3252,975600,271.0,24.38
3253,975900,271.0833333333333,24.588
3254,976200,271.16666666666663,24.797
3255,976500,271.25,25.005
3256,976800,271.3333333333333,25.213
3257,977100,271.41666666666663,25.422
3258,977400,271.5,25.63
3259,977700,271.5833333333333,25.838
3260,978000,271.66666666666663,26.047
3261,978300,271.75,26.255
3262,978600,271.8333333333333,26.463
3263,978900,271.91666666666663,26.672
3264,979200,272.0,26.88
3265,979500,272.0833333333333,27.029
3266,979800,272.16666666666663,27.178
3267,980100,272.25,27.328
3268,980400,272.3333333333333,27.477
3269,980700,272.41666666666663,27.626
3270,981000,272.5,27.775
3271,981300,272.5833333333333,27.924
3272,981600,272.66666666666663,28.073
3273,981900,272.75,28.222
3274,982200,272.8333333333333,28.372
3275,982500,272.91666666666663,28.521
3276,982800,273.0,28.67
3277,983100,273.0833333333333,28.789
3278,983400,273.16666666666663,28.908
3279,983700,273.25,29.028
3280,984000,273.3333333333333,29.147
3281,984300,273.41666666666663,29.266
3282,984600,273.5,29.385
3283,984900,273.5833333333333,29.504
3284,985200,273.66666666666663,29.623
3285,985500,273.75,29.742
3286,985800,273.8333333333333,29.862
3287,986100,273.91666666666663,29.981
3288,986400,274.0,30.1
3289,986700,274.0833333333333,30.186
3290,987000,274.16666666666663,30.272
3291,987300,274.25,30.358
3292,987600,274.3333333333333,30.443
3293,987900,274.41666666666663,30.529
3294,988200,274.5,30.615
3295,988500,274.5833333333333,30.701
3296,988800,274.66666666666663,30.787
3297,989100,274.75,30.872
3298,989400,274.8333333333333,30.958
3299,989700,274.91666666666663,31.044
3300,990000,275.0,31.13
3301,990300,275.0833333333333,31.178
3302,990600,275.16666666666663,31.227
3303,990900,275.25,31.275
3304,991200,275.3333333333333,31.323
3305,991500,275.41666666666663,31.372
3306,991800,275.5,31.42
3307,992100,275.5833333333333,31.468
3308,992400,275.66666666666663,31.517
3309,992700,275.75,31.565
3310,993000,275.8333333333333,31.613
3311,993300,275.91666666666663,31.662
3312,993600,276.0,31.71
3313,993900,276.0833333333333,31.701
3314,994200,276.16666666666663,31.692
3315,994500,276.25,31.682
3316,994800,276.3333333333333,31.673
3317,995100,276.41666666666663,31.664
3318,995400,276.5,31.655
3319,995700,276.5833333333333,31.646
3320,996000,276.66666666666663,31.637
3321,996300,276.75,31.628
3322,996600,276.8333333333333,31.618
3323,996900,276.91666666666663,31.609
3324,997200,277.0,31.6
3325,997500,277.0833333333333,31.57
3326,997800,277.16666666666663,31.54
3327,998100,277.25,31.51
3328,998400,277.3333333333333,31.48
3329,998700,277.41666666666663,31.45
3330,999000,277.5,31.42
3331,999300,277.5833333333333,31.39
3332,999600,277.66666666666663,31.36
3333,999900,277.75,31.33
3334,1000200,277.8333333333333,31.3
3335,1000500,277.91666666666663,31.27
3336,1000800,278.0,31.24
3337,1001100,278.0833333333333,31.195
3338,1001400,278.16666666666663,31.15
3339,1001700,278.25,31.105
3340,1002000,278.3333333333333,31.06
3341,1002300,278.41666666666663,31.015
3342,1002600,278.5,30.97
3343,1002900,278.5833333333333,30.925
3344,1003200,278.66666666666663,30.88
3345,1003500,278.75,30.835
3346,1003800,278.8333333333333,30.79
3347,1004100,278.91666666666663,30.745
3348,1004400,279.0,30.7
3349,1004700,279.0833333333333,30.624
3350,1005000,279.16666666666663,30.548
3351,1005300,279.25,30.472
3352,1005600,279.3333333333333,30.397
3353,1005900,279.41666666666663,30.321
3354,1006200,279.5,30.245
3355,1006500,279.5833333333333,30.169
3356,1006800,279.66666666666663,30.093
3357,1007100,279.75,30.018
3358,1007400,279.8333333333333,29.942
3359,1007700,279.91666666666663,29.866
3360,1008000,280.0,29.79
3361,1008300,280.0833333333333,29.68
3362,1008600,280.16666666666663,29.57
3363,1008900,280.25,29.46
3364,1009200,280.3333333333333,29.35
3365,1009500,280.41666666666663,29.24
3366,1009800,280.5,29.13
3367,1010100,280.5833333333333,29.02
3368,1010400,280.66666666666663,28.91
3369,1010700,280.75,28.8
3370,1011000,280.8333333333333,28.69
3371,1011300,280.91666666666663,28.58
3372,1011600,281.0,28.47
3373,1011900,281.0833333333333,28.319
3374,1012200,281.16666666666663,28.168
3375,1012500,281.25,28.018
3376,1012800,281.3333333333333,27.867
3377,1013100,281.41666666666663,27.716
3378,1013400,281.5,27.565
3379,1013700,281.5833333333333,27.414
3380,1014000,281.66666666666663,27.263
3381,1014300,281.75,27.112
3382,1014600,281.8333333333333,26.962
3383,1014900,281.91666666666663,26.811
3384,1015200,282.0,26.66
3385,1015500,282.0833333333333,26.589
3386,1015800,282.16666666666663,26.518
3387,1016100,282.25,26.447
3388,1016400,282.3333333333333,26.377
3389,1016700,282.41666666666663,26.306
3390,1017000,282.5,26.235
3391,1017300,282.5833333333333,26.164
3392,1017600,282.66666666666663,26.093
3393,1017900,282.75,26.022
3394,1018200,282.8333333333333,25.952
3395,1018500,282.91666666666663,25.881
3396,1018800,283.0,25.81
3397,1019100,283.0833333333333,25.748
3398,1019400,283.16666666666663,25.685
3399,1019700,283.25,25.622
3400,1020000,283.3333333333333,25.56
3401,1020300,283.41666666666663,25.498
3402,1020600,283.5,25.435
3403,1020900,283.5833333333333,25.373
3404,1021200,283.66666666666663,25.31
3405,1021500,283.75,25.248
3406,1021800,283.8333333333333,25.185
3407,1022100,283.91666666666663,25.123
3408,1022400,284.0,25.06
3409,1022700,284.0833333333333,25.006
3410,1023000,284.16666666666663,24.952
3411,1023300,284.25,24.898
3412,1023600,284.3333333333333,24.843
3413,1023900,284.41666666666663,24.789
3414,1024200,284.5,24.735
3415,1024500,284.5833333333333,24.681
3416,1024800,284.66666666666663,24.627
3417,1025100,284.75,24.572
3418,1025400,284.8333333333333,24.518
3419,1025700,284.91666666666663,24.464
3420,1026000,285.0,24.41
3421,1026300,285.0833333333333,24.367
3422,1026600,285.16666666666663,24.323
3423,1026900,285.25,24.28
3424,1027200,285.3333333333333,24.237
3425,1027500,285.41666666666663,24.193
3426,1027800,285.5,24.15
3427,1028100,285.5833333333333,24.107
3428,1028400,285.66666666666663,24.063
3429,1028700,285.75,24.02
3430,1029000,285.8333333333333,23.977
3431,1029300,285.91666666666663,23.933
3432,1029600,286.0,23.89
3433,1029900,286.0833333333333,23.85
3434,1030200,286.16666666666663,23.81
3435,1030500,286.25,23.77
3436,1030800,286.3333333333333,23.73
3437,1031100,286.41666666666663,23.69
3438,1031400,286.5,23.65
3439,1031700,286.5833333333333,23.61
3440,1032000,286.66666666666663,23.57
3441,1032300,286.75,23.53
3442,1032600,286.8333333333333,23.49
3443,1032900,286.91666666666663,23.45
3444,1033200,287.0,23.41
3445,1033500,287.0833333333333,23.374
3446,1033800,287.16666666666663,23.338
3447,1034100,287.25,23.303
3448,1034400,287.3333333333333,23.267
3449,1034700,287.41666666666663,23.231
3450,1035000,287.5,23.195
3451,1035300,287.5833333333333,23.159
3452,1035600,287.66666666666663,23.123
3453,1035900,287.75,23.088
3454,1036200,287.8333333333333,23.052
3455,1036500,287.91666666666663,23.016
3456,1036800,288.0,22.98
3457,1037100,288.0833333333333,22.946
3458,1037400,288.16666666666663,22.912
3459,1037700,288.25,22.878
3460,1038000,288.3333333333333,22.843
3461,1038300,288.41666666666663,22.809
3462,1038600,288.5,22.775
3463,1038900,288.5833333333333,22.741
3464,1039200,288.66666666666663,22.707
3465,1039500,288.75,22.672
3466,1039800,288.8333333333333,22.638
3467,1040100,288.91666666666663,22.604
3468,1040400,289.0,22.57
3469,1040700,289.0833333333333,22.543
3470,1041000,289.16666666666663,22.517
3471,1041300,289.25,22.49
3472,1041600,289.3333333333333,22.463
3473,1041900,289.41666666666663,22.437
3474,1042200,289.5,22.41
3475,1042500,289.5833333333333,22.383
3476,1042800,289.66666666666663,22.357
3477,1043100,289.75,22.33
3478,1043400,289.8333333333333,22.303
3479,1043700,289.91666666666663,22.277
3480,1044000,290.0,22.25
3481,1044300,290.0833333333333,22.227
3482,1044600,290.16666666666663,22.203
3483,1044900,290.25,22.18
3484,1045200,290.3333333333333,22.157
3485,1045500,290.41666666666663,22.133
3486,1045800,290.5,22.11
3487,1046100,290.5833333333333,22.087
3488,1046400,290.66666666666663,22.063
3489,1046700,290.75,22.04
3490,1047000,290.8333333333333,22.017
3491,1047300,290.91666666666663,21.993
3492,1047600,291.0,21.97
3493,1047900,291.0833333333333,21.953
3494,1048200,291.16666666666663,21.937
3495,1048500,291.25,21.92
3496,1048800,291.3333333333333,21.903
3497,1049100,291.41666666666663,21.887
3498,1049400,291.5,21.87
3499,1049700,291.5833333333333,21.853
3500,1050000,291.66666666666663,21.837
3501,1050300,291.75,21.82
3502,1050600,291.8333333333333,21.803
3503,1050900,291.91666666666663,21.787
3504,1051200,292.0,21.77
3505,1051500,292.0833333333333,21.765
3506,1051800,292.16666666666663,21.76
3507,1052100,292.25,21.755
3508,1052400,292.3333333333333,21.75
3509,1052700,292.41666666666663,21.745
3510,1053000,292.5,21.74
3511,1053300,292.5833333333333,21.735
3512,1053600,292.66666666666663,21.73
3513,1053900,292.75,21.725
3514,1054200,292.8333333333333,21.72
3515,1054500,292.91666666666663,21.715
3516,1054800,293.0,21.71
3517,1055100,293.0833333333333,21.797
3518,1055400,293.16666666666663,21.885
3519,1055700,293.25,21.972
3520,1056000,293.3333333333333,22.06
3521,1056300,293.41666666666663,22.147
3522,1056600,293.5,22.235
3523,1056900,293.5833333333333,22.322
3524,1057200,293.66666666666663,22.41
3525,1057500,293.75,22.498
3526,1057800,293.8333333333333,22.585
3527,1058100,293.91666666666663,22.672
3528,1058400,294.0,22.76
3529,1058700,294.0833333333333,22.967
3530,1059000,294.16666666666663,23.175
3531,1059300,294.25,23.382
3532,1059600,294.3333333333333,23.59
3533,1059900,294.41666666666663,23.797
3534,1060200,294.5,24.005
3535,1060500,294.5833333333333,24.212
3536,1060800,294.66666666666663,24.42
3537,1061100,294.75,24.628
3538,1061400,294.8333333333333,24.835
3539,1061700,294.91666666666663,25.042
3540,1062000,295.0,25.25
3541,1062300,295.0833333333333,25.448
3542,1062600,295.16666666666663,25.647
3543,1062900,295.25,25.845
3544,1063200,295.3333333333333,26.043
3545,1063500,295.41666666666663,26.242
3546,1063800,295.5,26.44
3547,1064100,295.5833333333333,26.638
3548,1064400,295.66666666666663,26.837
3549,1064700,295.75,27.035
3550,1065000,295.8333333333333,27.233
3551,1065300,295.91666666666663,27.432
3552,1065600,296.0,27.63
3553,1065900,296.0833333333333,27.781
3554,1066200,296.16666666666663,27.932
3555,1066500,296.25,28.082
3556,1066800,296.3333333333333,28.233
3557,1067100,296.41666666666663,28.384
3558,1067400,296.5,28.535
3559,1067700,296.5833333333333,28.686
3560,1068000,296.66666666666663,28.837
3561,1068300,296.75,28.988
3562,1068600,296.8333333333333,29.138
3563,1068900,296.91666666666663,29.289
3564,1069200,297.0,29.44
3565,1069500,297.0833333333333,29.546
3566,1069800,297.16666666666663,29.652
3567,1070100,297.25,29.758
3568,1070400,297.3333333333333,29.863
3569,1070700,297.41666666666663,29.969
3570,1071000,297.5,30.075
3571,1071300,297.5833333333333,30.181
3572,1071600,297.66666666666663,30.287
3573,1071900,297.75,30.393
3574,1072200,297.8333333333333,30.498
3575,1072500,297.91666666666663,30.604
3576,1072800,298.0,30.71
3577,1073100,298.0833333333333,30.766
3578,1073400,298.16666666666663,30.822
3579,1073700,298.25,30.878
3580,1074000,298.3333333333333,30.933
3581,1074300,298.41666666666663,30.989
3582,1074600,298.5,31.045
3583,1074900,298.5833333333333,31.101
3584,1075200,298.66666666666663,31.157
3585,1075500,298.75,31.212
3586,1075800,298.8333333333333,31.268
3587,1076100,298.91666666666663,31.324
3588,1076400,299.0,31.38
3589,1076700,299.0833333333333,31.391
3590,1077000,299.16666666666663,31.402
3591,1077300,299.25,31.412
3592,1077600,299.3333333333333,31.423
3593,1077900,299.41666666666663,31.434
3594,1078200,299.5,31.445
3595,1078500,299.5833333333333,31.456
3596,1078800,299.66666666666663,31.467
3597,1079100,299.75,31.478
3598,1079400,299.8333333333333,31.488
3599,1079700,299.91666666666663,31.499
3600,1080000,300.0,31.51
3601,1080300,300.0833333333333,31.487
3602,1080600,300.16666666666663,31.463
3603,1080900,300.25,31.44
3604,1081200,300.3333333333333,31.417
3605,1081500,300.41666666666663,31.393
3606,1081800,300.5,31.37
3607,1082100,300.5833333333333,31.347
3608,1082400,300.66666666666663,31.323
3609,1082700,300.75,31.3
3610,1083000,300.8333333333333,31.277
3611,1083300,300.91666666666663,31.253
3612,1083600,301.0,31.23
3613,1083900,301.0833333333333,31.166
3614,1084200,301.16666666666663,31.102
3615,1084500,301.25,31.038
3616,1084800,301.3333333333333,30.973
3617,1085100,301.41666666666663,30.909
3618,1085400,301.5,30.845
3619,1085700,301.5833333333333,30.781
3620,1086000,301.66666666666663,30.717
3621,1086300,301.75,30.652
3622,1086600,301.8333333333333,30.588
3623,1086900,301.91666666666663,30.524
3624,1087200,302.0,30.46
3625,1087500,302.0833333333333,30.368
3626,1087800,302.16666666666663,30.277
3627,1088100,302.25,30.185
3628,1088400,302.3333333333333,30.093
3629,1088700,302.41666666666663,30.002
3630,1089000,302.5,29.91
3631,1089300,302.5833333333333,29.818
3632,1089600,302.66666666666663,29.727
3633,1089900,302.75,29.635
3634,1090200,302.8333333333333,29.543
3635,1090500,302.91666666666663,29.452
3636,1090800,303.0,29.36
3637,1091100,303.0833333333333,29.28
3638,1091400,303.16666666666663,29.2
3639,1091700,303.25,29.12
3640,1092000,303.3333333333333,29.04
3641,1092300,303.41666666666663,28.96
3642,1092600,303.5,28.88
3643,1092900,303.5833333333333,28.8
3644,1093200,303.66666666666663,28.72
3645,1093500,303.75,28.64
3646,1093800,303.8333333333333,28.56
3647,1094100,303.91666666666663,28.48
3648,1094400,304.0,28.4
3649,1094700,304.0833333333333,28.321
3650,1095000,304.16666666666663,28.242
3651,1095300,304.25,28.162
3652,1095600,304.3333333333333,28.083
3653,1095900,304.41666666666663,28.004
3654,1096200,304.5,27.925
3655,1096500,304.5833333333333,27.846
3656,1096800,304.66666666666663,27.767
3657,1097100,304.75,27.688
3658,1097400,304.8333333333333,27.608
3659,1097700,304.91666666666663,27.529
3660,1098000,305.0,27.45
3661,1098300,305.0833333333333,27.379
3662,1098600,305.16666666666663,27.308
3663,1098900,305.25,27.238
3664,1099200,305.3333333333333,27.167
3665,1099500,305.41666666666663,27.096
3666,1099800,305.5,27.025
3667,1100100,305.5833333333333,26.954
3668,1100400,305.66666666666663,26.883
3669,1100700,305.75,26.812
3670,1101000,305.8333333333333,26.742
3671,1101300,305.91666666666663,26.671
3672,1101600,306.0,26.6
3673,1101900,306.0833333333333,26.575
3674,1102200,306.16666666666663,26.55
3675,1102500,306.25,26.525
3676,1102800,306.3333333333333,26.5
3677,1103100,306.41666666666663,26.475
3678,1103400,306.5,26.45
3679,1103700,306.5833333333333,26.425
3680,1104000,306.66666666666663,26.4
3681,1104300,306.75,26.375
3682,1104600,306.8333333333333,26.35
3683,1104900,306.91666666666663,26.325
3684,1105200,307.0,26.3
3685,1105500,307.0833333333333,26.235
3686,1105800,307.16666666666663,26.17
3687,1106100,307.25,26.105
3688,1106400,307.3333333333333,26.04
3689,1106700,307.41666666666663,25.975
3690,1107000,307.5,25.91
3691,1107300,307.5833333333333,25.845
3692,1107600,307.66666666666663,25.78
3693,1107900,307.75,25.715
3694,1108200,307.8333333333333,25.65
3695,1108500,307.91666666666663,25.585
3696,1108800,308.0,25.52
3697,1109100,308.0833333333333,25.502
3698,1109400,308.16666666666663,25.483
3699,1109700,308.25,25.465
3700,1110000,308.3333333333333,25.447
3701,1110300,308.41666666666663,25.428
3702,1110600,308.5,25.41
3703,1110900,308.5833333333333,25.392
3704,1111200,308.66666666666663,25.373
3705,1111500,308.75,25.355
3706,1111800,308.8333333333333,25.337
3707,1112100,308.91666666666663,25.318
3708,1112400,309.0,25.3
3709,1112700,309.0833333333333,25.253
3710,1113000,309.16666666666663,25.207
3711,1113300,309.25,25.16
3712,1113600,309.3333333333333,25.113
3713,1113900,309.41666666666663,25.067
3714,1114200,309.5,25.02
3715,1114500,309.5833333333333,24.973
3716,1114800,309.66666666666663,24.927
3717,1115100,309.75,24.88
3718,1115400,309.8333333333333,24.833
3719,1115700,309.91666666666663,24.787
3720,1116000,310.0,24.74
3721,1116300,310.0833333333333,24.698
3722,1116600,310.16666666666663,24.655
3723,1116900,310.25,24.612
3724,1117200,310.3333333333333,24.57
3725,1117500,310.41666666666663,24.528
3726,1117800,310.5,24.485
3727,1118100,310.5833333333333,24.443
3728,1118400,310.66666666666663,24.4
3729,1118700,310.75,24.358
3730,1119000,310.8333333333333,24.315
3731,1119300,310.91666666666663,24.273
3732,1119600,311.0,24.23
3733,1119900,311.0833333333333,24.178
3734,1120200,311.16666666666663,24.125
3735,1120500,311.25,24.072
3736,1120800,311.3333333333333,24.02
3737,1121100,311.41666666666663,23.968
3738,1121400,311.5,23.915
3739,1121700,311.5833333333333,23.863
3740,1122000,311.66666666666663,23.81
3741,1122300,311.75,23.758
3742,1122600,311.8333333333333,23.705
3743,1122900,311.91666666666663,23.653
3744,1123200,312.0,23.6
3745,1123500,312.0833333333333,23.538
3746,1123800,312.16666666666663,23.475
3747,1124100,312.25,23.412
3748,1124400,312.3333333333333,23.35
3749,1124700,312.41666666666663,23.288
3750,1125000,312.5,23.225
3751,1125300,312.5833333333333,23.163
3752,1125600,312.66666666666663,23.1
3753,1125900,312.75,23.038
3754,1126200,312.8333333333333,22.975
3755,1126500,312.91666666666663,22.913
3756,1126800,313.0,22.85
3757,1127100,313.0833333333333,22.797
3758,1127400,313.16666666666663,22.743
3759,1127700,313.25,22.69
3760,1128000,313.3333333333333,22.637
3761,1128300,313.41666666666663,22.583
3762,1128600,313.5,22.53
3763,1128900,313.5833333333333,22.477
3764,1129200,313.66666666666663,22.423
3765,1129500,313.75,22.37
3766,1129800,313.8333333333333,22.317
3767,1130100,313.91666666666663,22.263
3768,1130400,314.0,22.21
3769,1130700,314.0833333333333,22.176
3770,1131000,314.16666666666663,22.142
3771,1131300,314.25,22.108
3772,1131600,314.3333333333333,22.073
3773,1131900,314.41666666666663,22.039
3774,1132200,314.5,22.005
3775,1132500,314.5833333333333,21.971
3776,1132800,314.66666666666663,21.937
3777,1133100,314.75,21.902
3778,1133400,314.8333333333333,21.868
3779,1133700,314.91666666666663,21.834
3780,1134000,315.0,21.8
3781,1134300,315.0833333333333,21.782
3782,1134600,315.16666666666663,21.763
3783,1134900,315.25,21.745
3784,1135200,315.3333333333333,21.727
3785,1135500,315.41666666666663,21.708
3786,1135800,315.5,21.69
3787,1136100,315.5833333333333,21.672
3788,1136400,315.66666666666663,21.653
3789,1136700,315.75,21.635
3790,1137000,315.8333333333333,21.617
3791,1137300,315.91666666666663,21.598
3792,1137600,316.0,21.58
3793,1137900,316.0833333333333,21.576
3794,1138200,316.16666666666663,21.572
3795,1138500,316.25,21.568
3796,1138800,316.3333333333333,21.563
3797,1139100,316.41666666666663,21.559
3798,1139400,316.5,21.555
3799,1139700,316.5833333333333,21.551
3800,1140000,316.66666666666663,21.547
3801,1140300,316.75,21.542
3802,1140600,316.8333333333333,21.538
3803,1140900,316.91666666666663,21.534
3804,1141200,317.0,21.53
3805,1141500,317.0833333333333,21.598
3806,1141800,317.16666666666663,21.667
3807,1142100,317.25,21.735
3808,1142400,317.3333333333333,21.803
3809,1142700,317.41666666666663,21.872
3810,1143000,317.5,21.94
3811,1143300,317.5833333333333,22.008
3812,1143600,317.66666666666663,22.077
3813,1143900,317.75,22.145
3814,1144200,317.8333333333333,22.213
3815,1144500,317.91666666666663,22.282
3816,1144800,318.0,22.35
3817,1145100,318.0833333333333,22.469
3818,1145400,318.16666666666663,22.588
3819,1145700,318.25,22.708
3820,1146000,318.3333333333333,22.827
3821,1146300,318.41666666666663,22.946
3822,1146600,318.5,23.065
3823,1146900,318.5833333333333,23.184
3824,1147200,318.66666666666663,23.303
3825,1147500,318.75,23.422
3826,1147800,318.8333333333333,23.542
3827,1148100,318.91666666666663,23.661
3828,1148400,319.0,23.78
3829,1148700,319.0833333333333,23.899
3830,1149000,319.16666666666663,24.018
3831,1149300,319.25,24.138
3832,1149600,319.3333333333333,24.257
3833,1149900,319.41666666666663,24.376
3834,1150200,319.5,24.495
3835,1150500,319.5833333333333,24.614
3836,1150800,319.66666666666663,24.733
3837,1151100,319.75,24.852
3838,1151400,319.8333333333333,24.972
3839,1151700,319.91666666666663,25.091
3840,1152000,320.0,25.21
3841,1152300,320.0833333333333,25.292
3842,1152600,320.16666666666663,25.375
3843,1152900,320.25,25.458
3844,1153200,320.3333333333333,25.54
3845,1153500,320.41666666666663,25.622
3846,1153800,320.5,25.705
3847,1154100,320.5833333333333,25.787
3848,1154400,320.66666666666663,25.87
3849,1154700,320.75,25.952
3850,1155000,320.8333333333333,26.035
3851,1155300,320.91666666666663,26.117
3852,1155600,321.0,26.2
3853,1155900,321.0833333333333,26.242
3854,1156200,321.16666666666663,26.285
3855,1156500,321.25,26.328
3856,1156800,321.3333333333333,26.37
3857,1157100,321.41666666666663,26.412
3858,1157400,321.5,26.455
3859,1157700,321.5833333333333,26.497
3860,1158000,321.66666666666663,26.54
3861,1158300,321.75,26.582
3862,1158600,321.8333333333333,26.625
3863,1158900,321.91666666666663,26.667
3864,1159200,322.0,26.71
3865,1159500,322.0833333333333,26.718
3866,1159800,322.16666666666663,26.727
3867,1160100,322.25,26.735
3868,1160400,322.3333333333333,26.743
3869,1160700,322.41666666666663,26.752
3870,1161000,322.5,26.76
3871,1161300,322.5833333333333,26.768
3872,1161600,322.66666666666663,26.777
3873,1161900,322.75,26.785
3874,1162200,322.8333333333333,26.793
3875,1162500,322.91666666666663,26.802
3876,1162800,323.0,26.81
3877,1163100,323.0833333333333,26.817
3878,1163400,323.16666666666663,26.823
3879,1163700,323.25,26.83
3880,1164000,323.3333333333333,26.837
3881,1164300,323.41666666666663,26.843
3882,1164600,323.5,26.85
3883,1164900,323.5833333333333,26.857
3884,1165200,323.66666666666663,26.863
3885,1165500,323.75,26.87
3886,1165800,323.8333333333333,26.877
3887,1166100,323.91666666666663,26.883
3888,1166400,324.0,26.89
3889,1166700,324.0833333333333,26.873
3890,1167000,324.16666666666663,26.857
3891,1167300,324.25,26.84
3892,1167600,324.3333333333333,26.823
3893,1167900,324.41666666666663,26.807
3894,1168200,324.5,26.79
3895,1168500,324.5833333333333,26.773
3896,1168800,324.66666666666663,26.757
3897,1169100,324.75,26.74
3898,1169400,324.8333333333333,26.723
3899,1169700,324.91666666666663,26.707
3900,1170000,325.0,26.69
3901,1170300,325.0833333333333,26.65
3902,1170600,325.16666666666663,26.61
3903,1170900,325.25,26.57
3904,1171200,325.3333333333333,26.53
3905,1171500,325.41666666666663,26.49
3906,1171800,325.5,26.45
3907,1172100,325.5833333333333,26.41
3908,1172400,325.66666666666663,26.37
3909,1172700,325.75,26.33
3910,1173000,325.8333333333333,26.29
3911,1173300,325.91666666666663,26.25
3912,1173600,326.0,26.21
3913,1173900,326.0833333333333,26.172
3914,1174200,326.16666666666663,26.133
3915,1174500,326.25,26.095
3916,1174800,326.3333333333333,26.057
3917,1175100,326.41666666666663,26.018
3918,1175400,326.5,25.98
3919,1175700,326.5833333333333,25.942
3920,1176000,326.66666666666663,25.903
3921,1176300,326.75,25.865
3922,1176600,326.8333333333333,25.827
3923,1176900,326.91666666666663,25.788
3924,1177200,327.0,25.75
3925,1177500,327.0833333333333,25.728
3926,1177800,327.16666666666663,25.707
3927,1178100,327.25,25.685
3928,1178400,327.3333333333333,25.663
3929,1178700,327.41666666666663,25.642
3930,1179000,327.5,25.62
3931,1179300,327.5833333333333,25.598
3932,1179600,327.66666666666663,25.577
3933,1179900,327.75,25.555
3934,1180200,327.8333333333333,25.533
3935,1180500,327.91666666666663,25.512
3936,1180800,328.0,25.49
3937,1181100,328.0833333333333,25.409
3938,1181400,328.16666666666663,25.328
3939,1181700,328.25,25.248
3940,1182000,328.3333333333333,25.167
3941,1182300,328.41666666666663,25.086
3942,1182600,328.5,25.005
3943,1182900,328.5833333333333,24.924
3944,1183200,328.66666666666663,24.843
3945,1183500,328.75,24.762
3946,1183800,328.8333333333333,24.682
3947,1184100,328.91666666666663,24.601
3948,1184400,329.0,24.52
3949,1184700,329.0833333333333,24.39
3950,1185000,329.16666666666663,24.26
3951,1185300,329.25,24.13
3952,1185600,329.3333333333333,24.0
3953,1185900,329.41666666666663,23.87
3954,1186200,329.5,23.74
3955,1186500,329.5833333333333,23.61
3956,1186800,329.66666666666663,23.48
3957,1187100,329.75,23.35
3958,1187400,329.8333333333333,23.22
3959,1187700,329.91666666666663,23.09
3960,1188000,330.0,22.96
3961,1188300,330.0833333333333,22.926
3962,1188600,330.16666666666663,22.892
3963,1188900,330.25,22.858
3964,1189200,330.3333333333333,22.823
3965,1189500,330.41666666666663,22.789
3966,1189800,330.5,22.755
3967,1190100,330.5833333333333,22.721
3968,1190400,330.66666666666663,22.687
3969,1190700,330.75,22.652
3970,1191000,330.8333333333333,22.618
3971,1191300,330.91666666666663,22.584
3972,1191600,331.0,22.55
3973,1191900,331.0833333333333,22.53
3974,1192200,331.16666666666663,22.51
3975,1192500,331.25,22.49
3976,1192800,331.3333333333333,22.47
3977,1193100,331.41666666666663,22.45
3978,1193400,331.5,22.43
3979,1193700,331.5833333333333,22.41
3980,1194000,331.66666666666663,22.39
3981,1194300,331.75,22.37
3982,1194600,331.8333333333333,22.35
3983,1194900,331.91666666666663,22.33
3984,1195200,332.0,22.31
3985,1195500,332.0833333333333,22.309
3986,1195800,332.16666666666663,22.308
3987,1196100,332.25,22.307
3988,1196400,332.3333333333333,22.307
3989,1196700,332.41666666666663,22.306
3990,1197000,332.5,22.305
3991,1197300,332.5833333333333,22.304
3992,1197600,332.66666666666663,22.303
3993,1197900,332.75,22.303
3994,1198200,332.8333333333333,22.302
3995,1198500,332.91666666666663,22.301
3996,1198800,333.0,22.3
3997,1199100,333.0833333333333,22.313
3998,1199400,333.16666666666663,22.327
3999,1199700,333.25,22.34
4000,1200000,333.3333333333333,22.353
4001,1200300,333.41666666666663,22.367
4002,1200600,333.5,22.38
4003,1200900,333.5833333333333,22.393
4004,1201200,333.66666666666663,22.407
4005,1201500,333.75,22.42
4006,1201800,333.8333333333333,22.433
4007,1202100,333.91666666666663,22.447
4008,1202400,334.0,22.46
4009,1202700,334.0833333333333,22.462
4010,1203000,334.16666666666663,22.465
4011,1203300,334.25,22.468
4012,1203600,334.3333333333333,22.47
4013,1203900,334.41666666666663,22.472
4014,1204200,334.5,22.475
4015,1204500,334.5833333333333,22.478
4016,1204800,334.66666666666663,22.48
4017,1205100,334.75,22.482
4018,1205400,334.8333333333333,22.485
4019,1205700,334.91666666666663,22.487
4020,1206000,335.0,22.49
4021,1206300,335.0833333333333,22.441
4022,1206600,335.16666666666663,22.392
4023,1206900,335.25,22.342
4024,1207200,335.3333333333333,22.293
4025,1207500,335.41666666666663,22.244
4026,1207800,335.5,22.195
4027,1208100,335.5833333333333,22.146
4028,1208400,335.66666666666663,22.097
4029,1208700,335.75,22.048
4030,1209000,335.8333333333333,21.998
4031,1209300,335.91666666666663,21.949
4032,1209600,336.0,21.9
4033,1209900,336.0833333333333,21.842
4034,1210200,336.16666666666663,21.783
4035,1210500,336.25,21.725
4036,1210800,336.3333333333333,21.667
4037,1211100,336.41666666666663,21.608
4038,1211400,336.5,21.55
4039,1211700,336.5833333333333,21.492
4040,1212000,336.66666666666663,21.433
4041,1212300,336.75,21.375
4042,1212600,336.8333333333333,21.317
4043,1212900,336.91666666666663,21.258
4044,1213200,337.0,21.2
4045,1213500,337.0833333333333,21.184
4046,1213800,337.16666666666663,21.168
4047,1214100,337.25,21.152
4048,1214400,337.3333333333333,21.137
4049,1214700,337.41666666666663,21.121
4050,1215000,337.5,21.105
4051,1215300,337.5833333333333,21.089
4052,1215600,337.66666666666663,21.073
4053,1215900,337.75,21.058
4054,1216200,337.8333333333333,21.042
4055,1216500,337.91666666666663,21.026
4056,1216800,338.0,21.01
4057,1217100,338.0833333333333,20.989
4058,1217400,338.16666666666663,20.968
4059,1217700,338.25,20.948
4060,1218000,338.3333333333333,20.927
4061,1218300,338.41666666666663,20.906
4062,1218600,338.5,20.885
4063,1218900,338.5833333333333,20.864
4064,1219200,338.66666666666663,20.843
4065,1219500,338.75,20.822
4066,1219800,338.8333333333333,20.802
4067,1220100,338.91666666666663,20.781
4068,1220400,339.0,20.76
4069,1220700,339.0833333333333,20.711
4070,1221000,339.16666666666663,20.662
4071,1221300,339.25,20.612
4072,1221600,339.3333333333333,20.563
4073,1221900,339.41666666666663,20.514
4074,1222200,339.5,20.465
4075,1222500,339.5833333333333,20.416
4076,1222800,339.66666666666663,20.367
4077,1223100,339.75,20.318
4078,1223400,339.8333333333333,20.268
4079,1223700,339.91666666666663,20.219
4080,1224000,340.0,20.17
4081,1224300,340.0833333333333,20.14
4082,1224600,340.16666666666663,20.11
4083,1224900,340.25,20.08
4084,1225200,340.3333333333333,20.05
4085,1225500,340.41666666666663,20.02
4086,1225800,340.5,19.99
4087,1226100,340.5833333333333,19.96
4088,1226400,340.66666666666663,19.93
4089,1226700,340.75,19.9
4090,1227000,340.8333333333333,19.87
4091,1227300,340.91666666666663,19.84
4092,1227600,341.0,19.81
4093,1227900,341.0833333333333,19.937
4094,1228200,341.16666666666663,20.065
4095,1228500,341.25,20.192
4096,1228800,341.3333333333333,20.32
4097,1229100,341.41666666666663,20.447
4098,1229400,341.5,20.575
4099,1229700,341.5833333333333,20.702
4100,1230000,341.66666666666663,20.83
4101,1230300,341.75,20.958
4102,1230600,341.8333333333333,21.085
4103,1230900,341.91666666666663,21.212
4104,1231200,342.0,21.34
4105,1231500,342.0833333333333,21.523
4106,1231800,342.16666666666663,21.707
4107,1232100,342.25,21.89
4108,1232400,342.3333333333333,22.073
4109,1232700,342.41666666666663,22.257
4110,1233000,342.5,22.44
4111,1233300,342.5833333333333,22.623
4112,1233600,342.66666666666663,22.807
4113,1233900,342.75,22.99
4114,1234200,342.8333333333333,23.173
4115,1234500,342.91666666666663,23.357
4116,1234800,343.0,23.54
4117,1235100,343.0833333333333,23.754
4118,1235400,343.16666666666663,23.968
4119,1235700,343.25,24.182
4120,1236000,343.3333333333333,24.397
4121,1236300,343.41666666666663,24.611
4122,1236600,343.5,24.825
4123,1236900,343.5833333333333,25.039
4124,1237200,343.66666666666663,25.253
4125,1237500,343.75,25.468
4126,1237800,343.8333333333333,25.682
4127,1238100,343.91666666666663,25.896
4128,1238400,344.0,26.11
4129,1238700,344.0833333333333,26.282
4130,1239000,344.16666666666663,26.455
4131,1239300,344.25,26.627
4132,1239600,344.3333333333333,26.8
4133,1239900,344.41666666666663,26.972
4134,1240200,344.5,27.145
4135,1240500,344.5833333333333,27.317
4136,1240800,344.66666666666663,27.49
4137,1241100,344.75,27.662
4138,1241400,344.8333333333333,27.835
4139,1241700,344.91666666666663,28.007
4140,1242000,345.0,28.18
4141,1242300,345.0833333333333,28.313
4142,1242600,345.16666666666663,28.447
4143,1242900,345.25,28.58
4144,1243200,345.3333333333333,28.713
4145,1243500,345.41666666666663,28.847
4146,1243800,345.5,28.98
4147,1244100,345.5833333333333,29.113
4148,1244400,345.66666666666663,29.247
4149,1244700,345.75,29.38
4150,1245000,345.8333333333333,29.513
4151,1245300,345.91666666666663,29.647
4152,1245600,346.0,29.78
4153,1245900,346.0833333333333,29.878
4154,1246200,346.16666666666663,29.977
4155,1246500,346.25,30.075
4156,1246800,346.3333333333333,30.173
4157,1247100,346.41666666666663,30.272
4158,1247400,346.5,30.37
4159,1247700,346.5833333333333,30.468
4160,1248000,346.66666666666663,30.567
4161,1248300,346.75,30.665
4162,1248600,346.8333333333333,30.763
4163,1248900,346.91666666666663,30.862
4164,1249200,347.0,30.96
4165,1249500,347.0833333333333,31.026
4166,1249800,347.16666666666663,31.092
4167,1250100,347.25,31.158
4168,1250400,347.3333333333333,31.223
4169,1250700,347.41666666666663,31.289
4170,1251000,347.5,31.355
4171,1251300,347.5833333333333,31.421
4172,1251600,347.66666666666663,31.487
4173,1251900,347.75,31.553
4174,1252200,347.8333333333333,31.618
4175,1252500,347.91666666666663,31.684
4176,1252800,348.0,31.75
4177,1253100,348.0833333333333,31.78
4178,1253400,348.16666666666663,31.81
4179,1253700,348.25,31.84
4180,1254000,348.3333333333333,31.87
4181,1254300,348.41666666666663,31.9
4182,1254600,348.5,31.93
4183,1254900,348.5833333333333,31.96
4184,1255200,348.66666666666663,31.99
4185,1255500,348.75,32.02
4186,1255800,348.8333333333333,32.05
4187,1256100,348.91666666666663,32.08
4188,1256400,349.0,32.11
4189,1256700,349.0833333333333,32.099
4190,1257000,349.16666666666663,32.088
4191,1257300,349.25,32.078
4192,1257600,349.3333333333333,32.067
4193,1257900,349.41666666666663,32.056
4194,1258200,349.5,32.045
4195,1258500,349.5833333333333,32.034
4196,1258800,349.66666666666663,32.023
4197,1259100,349.75,32.013
4198,1259400,349.8333333333333,32.002
4199,1259700,349.91666666666663,31.991
4200,1260000,350.0,31.98
4201,1260300,350.0833333333333,31.938
4202,1260600,350.16666666666663,31.897
4203,1260900,350.25,31.855
4204,1261200,350.3333333333333,31.813
4205,1261500,350.41666666666663,31.772
4206,1261800,350.5,31.73
4207,1262100,350.5833333333333,31.688
4208,1262400,350.66666666666663,31.647
4209,1262700,350.75,31.605
4210,1263000,350.8333333333333,31.563
4211,1263300,350.91666666666663,31.522
4212,1263600,351.0,31.48
4213,1263900,351.0833333333333,31.393
4214,1264200,351.16666666666663,31.307
4215,1264500,351.25,31.22
4216,1264800,351.3333333333333,31.133
4217,1265100,351.41666666666663,31.047
4218,1265400,351.5,30.96
4219,1265700,351.5833333333333,30.873
4220,1266000,351.66666666666663,30.787
4221,1266300,351.75,30.7
4222,1266600,351.8333333333333,30.613
4223,1266900,351.91666666666663,30.527
4224,1267200,352.0,30.44
4225,1267500,352.0833333333333,30.243
4226,1267800,352.16666666666663,30.045
4227,1268100,352.25,29.848
4228,1268400,352.3333333333333,29.65
4229,1268700,352.41666666666663,29.453
4230,1269000,352.5,29.255
4231,1269300,352.5833333333333,29.058
4232,1269600,352.66666666666663,28.86
4233,1269900,352.75,28.662
4234,1270200,352.8333333333333,28.465
4235,1270500,352.91666666666663,28.268
4236,1270800,353.0,28.07
4237,1271100,353.0833333333333,27.846
4238,1271400,353.16666666666663,27.622
4239,1271700,353.25,27.398
4240,1272000,353.3333333333333,27.173
4241,1272300,353.41666666666663,26.949
4242,1272600,353.5,26.725
4243,1272900,353.5833333333333,26.501
4244,1273200,353.66666666666663,26.277
4245,1273500,353.75,26.052
4246,1273800,353.8333333333333,25.828
4247,1274100,353.91666666666663,25.604
4248,1274400,354.0,25.38
4249,1274700,354.0833333333333,25.283
4250,1275000,354.16666666666663,25.185
4251,1275300,354.25,25.088
4252,1275600,354.3333333333333,24.99
4253,1275900,354.41666666666663,24.893
4254,1276200,354.5,24.795
4255,1276500,354.5833333333333,24.698
4256,1276800,354.66666666666663,24.6
4257,1277100,354.75,24.502
4258,1277400,354.8333333333333,24.405
4259,1277700,354.91666666666663,24.308
4260,1278000,355.0,24.21
4261,1278300,355.0833333333333,24.123
4262,1278600,355.16666666666663,24.037
4263,1278900,355.25,23.95
4264,1279200,355.3333333333333,23.863
4265,1279500,355.41666666666663,23.777
4266,1279800,355.5,23.69
4267,1280100,355.5833333333333,23.603
4268,1280400,355.66666666666663,23.517
4269,1280700,355.75,23.43
4270,1281000,355.8333333333333,23.343
4271,1281300,355.91666666666663,23.257
4272,1281600,356.0,23.17
4273,1281900,356.0833333333333,23.061
4274,1282200,356.16666666666663,22.952
4275,1282500,356.25,22.842
4276,1282800,356.3333333333333,22.733
4277,1283100,356.41666666666663,22.624
4278,1283400,356.5,22.515
4279,1283700,356.5833333333333,22.406
4280,1284000,356.66666666666663,22.297
4281,1284300,356.75,22.188
4282,1284600,356.8333333333333,22.078
4283,1284900,356.91666666666663,21.969
4284,1285200,357.0,21.86
4285,1285500,357.0833333333333,21.793
4286,1285800,357.16666666666663,21.725
4287,1286100,357.25,21.658
4288,1286400,357.3333333333333,21.59
4289,1286700,357.41666666666663,21.523
4290,1287000,357.5,21.455
4291,1287300,357.5833333333333,21.388
4292,1287600,357.66666666666663,21.32
4293,1287900,357.75,21.252
4294,1288200,357.8333333333333,21.185
4295,1288500,357.91666666666663,21.118
4296,1288800,358.0,21.05
4297,1289100,358.0833333333333,21.005
4298,1289400,358.16666666666663,20.96
4299,1289700,358.25,20.915
4300,1290000,358.3333333333333,20.87
4301,1290300,358.41666666666663,20.825
4302,1290600,358.5,20.78
4303,1290900,358.5833333333333,20.735
4304,1291200,358.66666666666663,20.69
4305,1291500,358.75,20.645
4306,1291800,358.8333333333333,20.6
4307,1292100,358.91666666666663,20.555
4308,1292400,359.0,20.51
4309,1292700,359.0833333333333,20.478
4310,1293000,359.16666666666663,20.447
4311,1293300,359.25,20.415
4312,1293600,359.3333333333333,20.383
4313,1293900,359.41666666666663,20.352
4314,1294200,359.5,20.32
4315,1294500,359.5833333333333,20.288
4316,1294800,359.66666666666663,20.257
4317,1295100,359.75,20.225
4318,1295400,359.8333333333333,20.193
4319,1295700,359.91666666666663,20.162
4320,1296000,360.0,20.13
4321,1296300,360.0833333333333,20.113
4322,1296600,360.16666666666663,20.095
4323,1296900,360.25,20.078
4324,1297200,360.3333333333333,20.06
4325,1297500,360.41666666666663,20.043
4326,1297800,360.5,20.025
4327,1298100,360.5833333333333,20.008
4328,1298400,360.66666666666663,19.99
4329,1298700,360.75,19.972
4330,1299000,360.8333333333333,19.955
4331,1299300,360.91666666666663,19.938
4332,1299600,361.0,19.92
4333,1299900,361.0833333333333,19.908
4334,1300200,361.16666666666663,19.895
4335,1300500,361.25,19.882
4336,1300800,361.3333333333333,19.87
4337,1301100,361.41666666666663,19.858
4338,1301400,361.5,19.845
4339,1301700,361.5833333333333,19.833
4340,1302000,361.66666666666663,19.82
4341,1302300,361.75,19.808
4342,1302600,361.8333333333333,19.795
4343,1302900,361.91666666666663,19.783
4344,1303200,362.0,19.77
4345,1303500,362.0833333333333,19.753
4346,1303800,362.16666666666663,19.735
4347,1304100,362.25,19.718
4348,1304400,362.3333333333333,19.7
4349,1304700,362.41666666666663,19.683
4350,1305000,362.5,19.665
4351,1305300,362.5833333333333,19.648
4352,1305600,362.66666666666663,19.63
4353,1305900,362.75,19.612
4354,1306200,362.8333333333333,19.595
4355,1306500,362.91666666666663,19.578
4356,1306800,363.0,19.56
4357,1307100,363.0833333333333,19.542
4358,1307400,363.16666666666663,19.523
4359,1307700,363.25,19.505
4360,1308000,363.3333333333333,19.487
4361,1308300,363.41666666666663,19.468
4362,1308600,363.5,19.45
4363,1308900,363.5833333333333,19.432
4364,1309200,363.66666666666663,19.413
4365,1309500,363.75,19.395
4366,1309800,363.8333333333333,19.377
4367,1310100,363.91666666666663,19.358
4368,1310400,364.0,19.34
4369,1310700,364.0833333333333,19.336
4370,1311000,364.16666666666663,19.332
4371,1311300,364.25,19.328
4372,1311600,364.3333333333333,19.323
4373,1311900,364.41666666666663,19.319
4374,1312200,364.5,19.315
4375,1312500,364.5833333333333,19.311
4376,1312800,364.66666666666663,19.307
4377,1313100,364.75,19.302
4378,1313400,364.8333333333333,19.298
4379,1313700,364.91666666666663,19.294
4380,1314000,365.0,19.29
4381,1314300,365.0833333333333,19.448
4382,1314600,365.16666666666663,19.607
4383,1314900,365.25,19.765
4384,1315200,365.3333333333333,19.923
4385,1315500,365.41666666666663,20.082
4386,1315800,365.5,20.24
4387,1316100,365.5833333333333,20.398
4388,1316400,365.66666666666663,20.557
4389,1316700,365.75,20.715
4390,1317000,365.8333333333333,20.873
4391,1317300,365.91666666666663,21.032
4392,1317600,366.0,21.19
4393,1317900,366.0833333333333,21.417
4394,1318200,366.16666666666663,21.643
4395,1318500,366.25,21.87
4396,1318800,366.3333333333333,22.097
4397,1319100,366.41666666666663,22.323
4398,1319400,366.5,22.55
4399,1319700,366.5833333333333,22.777
4400,1320000,366.66666666666663,23.003
4401,1320300,366.75,23.23
4402,1320600,366.8333333333333,23.457
4403,1320900,366.91666666666663,23.683
4404,1321200,367.0,23.91
4405,1321500,367.0833333333333,24.201
4406,1321800,367.16666666666663,24.492
4407,1322100,367.25,24.782
4408,1322400,367.3333333333333,25.073
4409,1322700,367.41666666666663,25.364
4410,1323000,367.5,25.655
4411,1323300,367.5833333333333,25.946
4412,1323600,367.66666666666663,26.237
4413,1323900,367.75,26.528
4414,1324200,367.8333333333333,26.818
4415,1324500,367.91666666666663,27.109
4416,1324800,368.0,27.4
4417,1325100,368.0833333333333,27.602
4418,1325400,368.16666666666663,27.803
4419,1325700,368.25,28.005
4420,1326000,368.3333333333333,28.207
4421,1326300,368.41666666666663,28.408
4422,1326600,368.5,28.61
4423,1326900,368.5833333333333,28.812
4424,1327200,368.66666666666663,29.013
4425,1327500,368.75,29.215
4426,1327800,368.8333333333333,29.417
4427,1328100,368.91666666666663,29.618
4428,1328400,369.0,29.82
4429,1328700,369.0833333333333,29.962
4430,1329000,369.16666666666663,30.103
4431,1329300,369.25,30.245
4432,1329600,369.3333333333333,30.387
4433,1329900,369.41666666666663,30.528
4434,1330200,369.5,30.67
4435,1330500,369.5833333333333,30.812
4436,1330800,369.66666666666663,30.953
4437,1331100,369.75,31.095
4438,1331400,369.8333333333333,31.237
4439,1331700,369.91666666666663,31.378
4440,1332000,370.0,31.52
4441,1332300,370.0833333333333,31.618
4442,1332600,370.16666666666663,31.717
4443,1332900,370.25,31.815
4444,1333200,370.3333333333333,31.913
4445,1333500,370.41666666666663,32.012
4446,1333800,370.5,32.11
4447,1334100,370.5833333333333,32.208
4448,1334400,370.66666666666663,32.307
4449,1334700,370.75,32.405
4450,1335000,370.8333333333333,32.503
4451,1335300,370.91666666666663,32.602
4452,1335600,371.0,32.7
4453,1335900,371.0833333333333,32.749
4454,1336200,371.16666666666663,32.798
4455,1336500,371.25,32.848
4456,1336800,371.3333333333333,32.897
4457,1337100,371.41666666666663,32.946
4458,1337400,371.5,32.995
4459,1337700,371.5833333333333,33.044
4460,1338000,371.66666666666663,33.093
4461,1338300,371.75,33.142
4462,1338600,371.8333333333333,33.192
4463,1338900,371.91666666666663,33.241
4464,1339200,372.0,33.29
4465,1339500,372.0833333333333,33.282
4466,1339800,372.16666666666663,33.275
4467,1340100,372.25,33.268
4468,1340400,372.3333333333333,33.26
4469,1340700,372.41666666666663,33.253
4470,1341000,372.5,33.245
4471,1341300,372.5833333333333,33.238
4472,1341600,372.66666666666663,33.23
4473,1341900,372.75,33.223
4474,1342200,372.8333333333333,33.215
4475,1342500,372.91666666666663,33.208
4476,1342800,373.0,33.2
4477,1343100,373.0833333333333,33.141
4478,1343400,373.16666666666663,33.082
4479,1343700,373.25,33.022
4480,1344000,373.3333333333333,32.963
4481,1344300,373.41666666666663,32.904
4482,1344600,373.5,32.845
4483,1344900,373.5833333333333,32.786
4484,1345200,373.66666666666663,32.727
4485,1345500,373.75,32.668
4486,1345800,373.8333333333333,32.608
4487,1346100,373.91666666666663,32.549
4488,1346400,374.0,32.49
4489,1346700,374.0833333333333,32.44
4490,1347000,374.16666666666663,32.39
4491,1347300,374.25,32.34
4492,1347600,374.3333333333333,32.29
4493,1347900,374.41666666666663,32.24
4494,1348200,374.5,32.19
4495,1348500,374.5833333333333,32.14
4496,1348800,374.66666666666663,32.09
4497,1349100,374.75,32.04
4498,1349400,374.8333333333333,31.99
4499,1349700,374.91666666666663,31.94
4500,1350000,375.0,31.89
4501,1350300,375.0833333333333,31.803
4502,1350600,375.16666666666663,31.715
4503,1350900,375.25,31.628
4504,1351200,375.3333333333333,31.54
4505,1351500,375.41666666666663,31.453
4506,1351800,375.5,31.365
4507,1352100,375.5833333333333,31.278
4508,1352400,375.66666666666663,31.19
4509,1352700,375.75,31.102
4510,1353000,375.8333333333333,31.015
4511,1353300,375.91666666666663,30.928
4512,1353600,376.0,30.84
4513,1353900,376.0833333333333,30.683
4514,1354200,376.16666666666663,30.527
4515,1354500,376.25,30.37
4516,1354800,376.3333333333333,30.213
4517,1355100,376.41666666666663,30.057
4518,1355400,376.5,29.9
4519,1355700,376.5833333333333,29.743
4520,1356000,376.66666666666663,29.587
4521,1356300,376.75,29.43
4522,1356600,376.8333333333333,29.273
4523,1356900,376.91666666666663,29.117
4524,1357200,377.0,28.96
4525,1357500,377.0833333333333,28.808
4526,1357800,377.16666666666663,28.657
4527,1358100,377.25,28.505
4528,1358400,377.3333333333333,28.353
4529,1358700,377.41666666666663,28.202
4530,1359000,377.5,28.05
4531,1359300,377.5833333333333,27.898
4532,1359600,377.66666666666663,27.747
4533,1359900,377.75,27.595
4534,1360200,377.8333333333333,27.443
4535,1360500,377.91666666666663,27.292
4536,1360800,378.0,27.14
4537,1361100,378.0833333333333,27.096
4538,1361400,378.16666666666663,27.052
4539,1361700,378.25,27.008
4540,1362000,378.3333333333333,26.963
4541,1362300,378.41666666666663,26.919
4542,1362600,378.5,26.875
4543,1362900,378.5833333333333,26.831
4544,1363200,378.66666666666663,26.787
4545,1363500,378.75,26.742
4546,1363800,378.8333333333333,26.698
4547,1364100,378.91666666666663,26.654
4548,1364400,379.0,26.61
4549,1364700,379.0833333333333,26.55
4550,1365000,379.16666666666663,26.49
4551,1365300,379.25,26.43
4552,1365600,379.3333333333333,26.37
4553,1365900,379.41666666666663,26.31
4554,1366200,379.5,26.25
4555,1366500,379.5833333333333,26.19
4556,1366800,379.66666666666663,26.13
4557,1367100,379.75,26.07
4558,1367400,379.8333333333333,26.01
4559,1367700,379.91666666666663,25.95
4560,1368000,380.0,25.89
4561,1368300,380.0833333333333,25.797
4562,1368600,380.16666666666663,25.703
4563,1368900,380.25,25.61
4564,1369200,380.3333333333333,25.517
4565,1369500,380.41666666666663,25.423
4566,1369800,380.5,25.33
4567,1370100,380.5833333333333,25.237
4568,1370400,380.66666666666663,25.143
4569,1370700,380.75,25.05
4570,1371000,380.8333333333333,24.957
4571,1371300,380.91666666666663,24.863
4572,1371600,381.0,24.77
4573,1371900,381.0833333333333,24.672
4574,1372200,381.16666666666663,24.573
4575,1372500,381.25,24.475
4576,1372800,381.3333333333333,24.377
4577,1373100,381.41666666666663,24.278
4578,1373400,381.5,24.18
4579,1373700,381.5833333333333,24.082
4580,1374000,381.66666666666663,23.983
4581,1374300,381.75,23.885
4582,1374600,381.8333333333333,23.787
4583,1374900,381.91666666666663,23.688
4584,1375200,382.0,23.59
4585,1375500,382.0833333333333,23.513
4586,1375800,382.16666666666663,23.435
4587,1376100,382.25,23.358
4588,1376400,382.3333333333333,23.28
4589,1376700,382.41666666666663,23.203
4590,1377000,382.5,23.125
4591,1377300,382.5833333333333,23.048
4592,1377600,382.66666666666663,22.97
4593,1377900,382.75,22.892
4594,1378200,382.8333333333333,22.815
4595,1378500,382.91666666666663,22.738
4596,1378800,383.0,22.66
4597,1379100,383.0833333333333,22.603
4598,1379400,383.16666666666663,22.545
4599,1379700,383.25,22.488
4600,1380000,383.3333333333333,22.43
4601,1380300,383.41666666666663,22.373
4602,1380600,383.5,22.315
4603,1380900,383.5833333333333,22.258
4604,1381200,383.66666666666663,22.2
4605,1381500,383.75,22.142
4606,1381800,383.8333333333333,22.085
4607,1382100,383.91666666666663,22.028
4608,1382400,384.0,21.97
4609,1382700,384.0833333333333,21.923
4610,1383000,384.16666666666663,21.877
4611,1383300,384.25,21.83
4612,1383600,384.3333333333333,21.783
4613,1383900,384.41666666666663,21.737
4614,1384200,384.5,21.69
4615,1384500,384.5833333333333,21.643
4616,1384800,384.66666666666663,21.597
4617,1385100,384.75,21.55
4618,1385400,384.8333333333333,21.503
4619,1385700,384.91666666666663,21.457
4620,1386000,385.0,21.41
4621,1386300,385.0833333333333,21.387
4622,1386600,385.16666666666663,21.363
4623,1386900,385.25,21.34
4624,1387200,385.3333333333333,21.317
4625,1387500,385.41666666666663,21.293
4626,1387800,385.5,21.27
4627,1388100,385.5833333333333,21.247
4628,1388400,385.66666666666663,21.223
4629,1388700,385.75,21.2
4630,1389000,385.8333333333333,21.177
4631,1389300,385.91666666666663,21.153
4632,1389600,386.0,21.13
4633,1389900,386.0833333333333,21.103
4634,1390200,386.16666666666663,21.077
4635,1390500,386.25,21.05
4636,1390800,386.3333333333333,21.023
4637,1391100,386.41666666666663,20.997
4638,1391400,386.5,20.97
4639,1391700,386.5833333333333,20.943
4640,1392000,386.66666666666663,20.917
4641,1392300,386.75,20.89
4642,1392600,386.8333333333333,20.863
4643,1392900,386.91666666666663,20.837
4644,1393200,387.0,20.81
4645,1393500,387.0833333333333,20.798
4646,1393800,387.16666666666663,20.787
4647,1394100,387.25,20.775
4648,1394400,387.3333333333333,20.763
4649,1394700,387.41666666666663,20.752
4650,1395000,387.5,20.74
4651,1395300,387.5833333333333,20.728
4652,1395600,387.66666666666663,20.717
4653,1395900,387.75,20.705
4654,1396200,387.8333333333333,20.693
4655,1396500,387.91666666666663,20.682
4656,1396800,388.0,20.67
4657,1397100,388.0833333333333,20.677
4658,1397400,388.16666666666663,20.683
4659,1397700,388.25,20.69
4660,1398000,388.3333333333333,20.697
4661,1398300,388.41666666666663,20.703
4662,1398600,388.5,20.71
4663,1398900,388.5833333333333,20.717
4664,1399200,388.66666666666663,20.723
4665,1399500,388.75,20.73
4666,1399800,388.8333333333333,20.737
4667,1400100,388.91666666666663,20.743
4668,1400400,389.0,20.75
4669,1400700,389.0833333333333,20.877
4670,1401000,389.16666666666663,21.005
4671,1401300,389.25,21.132
4672,1401600,389.3333333333333,21.26
4673,1401900,389.41666666666663,21.387
4674,1402200,389.5,21.515
4675,1402500,389.5833333333333,21.642
4676,1402800,389.66666666666663,21.77
4677,1403100,389.75,21.898
4678,1403400,389.8333333333333,22.025
4679,1403700,389.91666666666663,22.152
4680,1404000,390.0,22.28
4681,1404300,390.0833333333333,22.513
4682,1404600,390.16666666666663,22.747
4683,1404900,390.25,22.98
4684,1405200,390.3333333333333,23.213
4685,1405500,390.41666666666663,23.447
4686,1405800,390.5,23.68
4687,1406100,390.5833333333333,23.913
4688,1406400,390.66666666666663,24.147
4689,1406700,390.75,24.38
4690,1407000,390.8333333333333,24.613
4691,1407300,390.91666666666663,24.847
4692,1407600,391.0,25.08
4693,1407900,391.0833333333333,25.374
4694,1408200,391.16666666666663,25.668
4695,1408500,391.25,25.962
4696,1408800,391.3333333333333,26.257
4697,1409100,391.41666666666663,26.551
4698,1409400,391.5,26.845
4699,1409700,391.5833333333333,27.139
4700,1410000,391.66666666666663,27.433
4701,1410300,391.75,27.728
4702,1410600,391.8333333333333,28.022
4703,1410900,391.91666666666663,28.316
4704,1411200,392.0,28.61
4705,1411500,392.0833333333333,28.776
4706,1411800,392.16666666666663,28.942
4707,1412100,392.25,29.108
4708,1412400,392.3333333333333,29.273
4709,1412700,392.41666666666663,29.439
4710,1413000,392.5,29.605
4711,1413300,392.5833333333333,29.771
4712,1413600,392.66666666666663,29.937
4713,1413900,392.75,30.102
4714,1414200,392.8333333333333,30.268
4715,1414500,392.91666666666663,30.434
4716,1414800,393.0,30.6
4717,1415100,393.0833333333333,30.707
4718,1415400,393.16666666666663,30.815
4719,1415700,393.25,30.922
4720,1416000,393.3333333333333,31.03
4721,1416300,393.41666666666663,31.137
4722,1416600,393.5,31.245
4723,1416900,393.5833333333333,31.352
4724,1417200,393.66666666666663,31.46
4725,1417500,393.75,31.568
4726,1417800,393.8333333333333,31.675
4727,1418100,393.91666666666663,31.782
4728,1418400,394.0,31.89
4729,1418700,394.0833333333333,31.956
4730,1419000,394.16666666666663,32.022
4731,1419300,394.25,32.088
4732,1419600,394.3333333333333,32.153
4733,1419900,394.41666666666663,32.219
4734,1420200,394.5,32.285
4735,1420500,394.5833333333333,32.351
4736,1420800,394.66666666666663,32.417
4737,1421100,394.75,32.482
4738,1421400,394.8333333333333,32.548
4739,1421700,394.91666666666663,32.614
4740,1422000,395.0,32.68
4741,1422300,395.0833333333333,32.71
4742,1422600,395.16666666666663,32.74
4743,1422900,395.25,32.77
4744,1423200,395.3333333333333,32.8
4745,1423500,395.41666666666663,32.83
4746,1423800,395.5,32.86
4747,1424100,395.5833333333333,32.89
4748,1424400,395.66666666666663,32.92
4749,1424700,395.75,32.95
4750,1425000,395.8333333333333,32.98
4751,1425300,395.91666666666663,33.01
4752,1425600,396.0,33.04
4753,1425900,396.0833333333333,33.034
4754,1426200,396.16666666666663,33.028
4755,1426500,396.25,33.022
4756,1426800,396.3333333333333,33.017
4757,1427100,396.41666666666663,33.011
4758,1427400,396.5,33.005
4759,1427700,396.5833333333333,32.999
4760,1428000,396.66666666666663,32.993
4761,1428300,396.75,32.988
4762,1428600,396.8333333333333,32.982
4763,1428900,396.91666666666663,32.976
4764,1429200,397.0,32.97
4765,1429500,397.0833333333333,32.917
4766,1429800,397.16666666666663,32.863
4767,1430100,397.25,32.81
4768,1430400,397.3333333333333,32.757
4769,1430700,397.41666666666663,32.703
4770,1431000,397.5,32.65
4771,1431300,397.5833333333333,32.597
4772,1431600,397.66666666666663,32.543
4773,1431900,397.75,32.49
4774,1432200,397.8333333333333,32.437
4775,1432500,397.91666666666663,32.383
4776,1432800,398.0,32.33
4777,1433100,398.0833333333333,32.282
4778,1433400,398.16666666666663,32.233
4779,1433700,398.25,32.185
4780,1434000,398.3333333333333,32.137
4781,1434300,398.41666666666663,32.088
4782,1434600,398.5,32.04
4783,1434900,398.5833333333333,31.992
4784,1435200,398.66666666666663,31.943
4785,1435500,398.75,31.895
4786,1435800,398.8333333333333,31.847
4787,1436100,398.91666666666663,31.798
4788,1436400,399.0,31.75
4789,1436700,399.0833333333333,31.688
4790,1437000,399.16666666666663,31.627
4791,1437300,399.25,31.565
4792,1437600,399.3333333333333,31.503
4793,1437900,399.41666666666663,31.442
4794,1438200,399.5,31.38
4795,1438500,399.5833333333333,31.318
4796,1438800,399.66666666666663,31.257
4797,1439100,399.75,31.195
4798,1439400,399.8333333333333,31.133
4799,1439700,399.91666666666663,31.072
4800,1440000,400.0,31.01
4801,1440300,400.0833333333333,30.925
4802,1440600,400.16666666666663,30.84
4803,1440900,400.25,30.755
4804,1441200,400.3333333333333,30.67
4805,1441500,400.41666666666663,30.585
4806,1441800,400.5,30.5
4807,1442100,400.5833333333333,30.415
4808,1442400,400.66666666666663,30.33
4809,1442700,400.75,30.245
4810,1443000,400.8333333333333,30.16
4811,1443300,400.91666666666663,30.075
4812,1443600,401.0,29.99
4813,1443900,401.0833333333333,29.868
4814,1444200,401.16666666666663,29.747
4815,1444500,401.25,29.625
4816,1444800,401.3333333333333,29.503
4817,1445100,401.41666666666663,29.382
4818,1445400,401.5,29.26
4819,1445700,401.5833333333333,29.138
4820,1446000,401.66666666666663,29.017
4821,1446300,401.75,28.895
4822,1446600,401.8333333333333,28.773
4823,1446900,401.91666666666663,28.652
4824,1447200,402.0,28.53
4825,1447500,402.0833333333333,28.423
4826,1447800,402.16666666666663,28.317
4827,1448100,402.25,28.21
4828,1448400,402.3333333333333,28.103
4829,1448700,402.41666666666663,27.997
4830,1449000,402.5,27.89
4831,1449300,402.5833333333333,27.783
4832,1449600,402.66666666666663,27.677
4833,1449900,402.75,27.57
4834,1450200,402.8333333333333,27.463
4835,1450500,402.91666666666663,27.357
4836,1450800,403.0,27.25
4837,1451100,403.0833333333333,27.159
4838,1451400,403.16666666666663,27.068
4839,1451700,403.25,26.978
4840,1452000,403.3333333333333,26.887
4841,1452300,403.41666666666663,26.796
4842,1452600,403.5,26.705
4843,1452900,403.5833333333333,26.614
4844,1453200,403.66666666666663,26.523
4845,1453500,403.75,26.432
4846,1453800,403.8333333333333,26.342
4847,1454100,403.91666666666663,26.251
4848,1454400,404.0,26.16
4849,1454700,404.0833333333333,26.064
4850,1455000,404.16666666666663,25.968
4851,1455300,404.25,25.873
4852,1455600,404.3333333333333,25.777
4853,1455900,404.41666666666663,25.681
4854,1456200,404.5,25.585
4855,1456500,404.5833333333333,25.489
4856,1456800,404.66666666666663,25.393
4857,1457100,404.75,25.298
4858,1457400,404.8333333333333,25.202
4859,1457700,404.91666666666663,25.106
4860,1458000,405.0,25.01
4861,1458300,405.0833333333333,24.916
4862,1458600,405.16666666666663,24.822
4863,1458900,405.25,24.728
4864,1459200,405.3333333333333,24.633
4865,1459500,405.41666666666663,24.539
4866,1459800,405.5,24.445
4867,1460100,405.5833333333333,24.351
4868,1460400,405.66666666666663,24.257
4869,1460700,405.75,24.162
4870,1461000,405.8333333333333,24.068
4871,1461300,405.91666666666663,23.974
4872,1461600,406.0,23.88
4873,1461900,406.0833333333333,23.803
4874,1462200,406.16666666666663,23.725
4875,1462500,406.25,23.648
4876,1462800,406.3333333333333,23.57
4877,1463100,406.41666666666663,23.493
4878,1463400,406.5,23.415
4879,1463700,406.5833333333333,23.338
4880,1464000,406.66666666666663,23.26
4881,1464300,406.75,23.182
4882,1464600,406.8333333333333,23.105
4883,1464900,406.91666666666663,23.028
4884,1465200,407.0,22.95
4885,1465500,407.0833333333333,22.889
4886,1465800,407.16666666666663,22.828
4887,1466100,407.25,22.768
4888,1466400,407.3333333333333,22.707
4889,1466700,407.41666666666663,22.646
4890,1467000,407.5,22.585
4891,1467300,407.5833333333333,22.524
4892,1467600,407.66666666666663,22.463
4893,1467900,407.75,22.402
4894,1468200,407.8333333333333,22.342
4895,1468500,407.91666666666663,22.281
4896,1468800,408.0,22.22
4897,1469100,408.0833333333333,22.19
4898,1469400,408.16666666666663,22.16
4899,1469700,408.25,22.13
4900,1470000,408.3333333333333,22.1
4901,1470300,408.41666666666663,22.07
4902,1470600,408.5,22.04
4903,1470900,408.5833333333333,22.01
4904,1471200,408.66666666666663,21.98
4905,1471500,408.75,21.95
4906,1471800,408.8333333333333,21.92
4907,1472100,408.91666666666663,21.89
4908,1472400,409.0,21.86
4909,1472700,409.0833333333333,21.831
4910,1473000,409.16666666666663,21.802
4911,1473300,409.25,21.772
4912,1473600,409.3333333333333,21.743
4913,1473900,409.41666666666663,21.714
4914,1474200,409.5,21.685
4915,1474500,409.5833333333333,21.656
4916,1474800,409.66666666666663,21.627
4917,1475100,409.75,21.598
4918,1475400,409.8333333333333,21.568
4919,1475700,409.91666666666663,21.539
4920,1476000,410.0,21.51
4921,1476300,410.0833333333333,21.486
4922,1476600,410.16666666666663,21.462
4923,1476900,410.25,21.438
4924,1477200,410.3333333333333,21.413
4925,1477500,410.41666666666663,21.389
4926,1477800,410.5,21.365
4927,1478100,410.5833333333333,21.341
4928,1478400,410.66666666666663,21.317
4929,1478700,410.75,21.292
4930,1479000,410.8333333333333,21.268
4931,1479300,410.91666666666663,21.244
4932,1479600,411.0,21.22
4933,1479900,411.0833333333333,21.218
4934,1480200,411.16666666666663,21.217
4935,1480500,411.25,21.215
4936,1480800,411.3333333333333,21.213
4937,1481100,411.41666666666663,21.212
4938,1481400,411.5,21.21
4939,1481700,411.5833333333333,21.208
4940,1482000,411.66666666666663,21.207
4941,1482300,411.75,21.205
4942,1482600,411.8333333333333,21.203
4943,1482900,411.91666666666663,21.202
4944,1483200,412.0,21.2
4945,1483500,412.0833333333333,21.211
4946,1483800,412.16666666666663,21.222
4947,1484100,412.25,21.232
4948,1484400,412.3333333333333,21.243
4949,1484700,412.41666666666663,21.254
4950,1485000,412.5,21.265
4951,1485300,412.5833333333333,21.276
4952,1485600,412.66666666666663,21.287
4953,1485900,412.75,21.298
4954,1486200,412.8333333333333,21.308
4955,1486500,412.91666666666663,21.319
4956,1486800,413.0,21.33
4957,1487100,413.0833333333333,21.4
4958,1487400,413.16666666666663,21.47
4959,1487700,413.25,21.54
4960,1488000,413.3333333333333,21.61
4961,1488300,413.41666666666663,21.68
4962,1488600,413.5,21.75
4963,1488900,413.5833333333333,21.82
4964,1489200,413.66666666666663,21.89
4965,1489500,413.75,21.96
4966,1489800,413.8333333333333,22.03
4967,1490100,413.91666666666663,22.1
4968,1490400,414.0,22.17
4969,1490700,414.0833333333333,22.298
4970,1491000,414.16666666666663,22.427
4971,1491300,414.25,22.555
4972,1491600,414.3333333333333,22.683
4973,1491900,414.41666666666663,22.812
4974,1492200,414.5,22.94
4975,1492500,414.5833333333333,23.068
4976,1492800,414.66666666666663,23.197
4977,1493100,414.75,23.325
4978,1493400,414.8333333333333,23.453
4979,1493700,414.91666666666663,23.582
4980,1494000,415.0,23.71
4981,1494300,415.0833333333333,23.88
4982,1494600,415.16666666666663,24.05
4983,1494900,415.25,24.22
4984,1495200,415.3333333333333,24.39
4985,1495500,415.41666666666663,24.56
4986,1495800,415.5,24.73
4987,1496100,415.5833333333333,24.9
4988,1496400,415.66666666666663,25.07
4989,1496700,415.75,25.24
4990,1497000,415.8333333333333,25.41
4991,1497300,415.91666666666663,25.58
4992,1497600,416.0,25.75
4993,1497900,416.0833333333333,25.917
4994,1498200,416.16666666666663,26.085
4995,1498500,416.25,26.252
4996,1498800,416.3333333333333,26.42
4997,1499100,416.41666666666663,26.587
4998,1499400,416.5,26.755
4999,1499700,416.5833333333333,26.922
5000,1500000,416.66666666666663,27.09
5001,1500300,416.75,27.258
5002,1500600,416.8333333333333,27.425
5003,1500900,416.91666666666663,27.592
5004,1501200,417.0,27.76
5005,1501500,417.0833333333333,27.881
5006,1501800,417.16666666666663,28.002
5007,1502100,417.25,28.123
5008,1502400,417.3333333333333,28.243
5009,1502700,417.41666666666663,28.364
5010,1503000,417.5,28.485
5011,1503300,417.5833333333333,28.606
5012,1503600,417.66666666666663,28.727
5013,1503900,417.75,28.848
5014,1504200,417.8333333333333,28.968
5015,1504500,417.91666666666663,29.089
5016,1504800,418.0,29.21
5017,1505100,418.0833333333333,29.3
5018,1505400,418.16666666666663,29.39
5019,1505700,418.25,29.48
5020,1506000,418.3333333333333,29.57
5021,1506300,418.41666666666663,29.66
5022,1506600,418.5,29.75
5023,1506900,418.5833333333333,29.84
5024,1507200,418.66666666666663,29.93
5025,1507500,418.75,30.02
5026,1507800,418.8333333333333,30.11
5027,1508100,418.91666666666663,30.2
5028,1508400,419.0,30.29
5029,1508700,419.0833333333333,30.35
5030,1509000,419.16666666666663,30.41
5031,1509300,419.25,30.47
5032,1509600,419.3333333333333,30.53
5033,1509900,419.41666666666663,30.59
5034,1510200,419.5,30.65
5035,1510500,419.5833333333333,30.71
5036,1510800,419.66666666666663,30.77
5037,1511100,419.75,30.83
5038,1511400,419.8333333333333,30.89
5039,1511700,419.91666666666663,30.95
5040,1512000,420.0,31.01
5041,1512300,420.0833333333333,31.008
5042,1512600,420.16666666666663,31.007
5043,1512900,420.25,31.005
5044,1513200,420.3333333333333,31.003
5045,1513500,420.41666666666663,31.002
5046,1513800,420.5,31.0
5047,1514100,420.5833333333333,30.998
5048,1514400,420.66666666666663,30.997
5049,1514700,420.75,30.995
5050,1515000,420.8333333333333,30.993
5051,1515300,420.91666666666663,30.992
5052,1515600,421.0,30.99
5053,1515900,421.0833333333333,30.958
5054,1516200,421.16666666666663,30.927
5055,1516500,421.25,30.895
5056,1516800,421.3333333333333,30.863
5057,1517100,421.41666666666663,30.832
5058,1517400,421.5,30.8
5059,1517700,421.5833333333333,30.768
5060,1518000,421.66666666666663,30.737
5061,1518300,421.75,30.705
5062,1518600,421.8333333333333,30.673
5063,1518900,421.91666666666663,30.642
5064,1519200,422.0,30.61
5065,1519500,422.0833333333333,30.551
5066,1519800,422.16666666666663,30.492
5067,1520100,422.25,30.432
5068,1520400,422.3333333333333,30.373
5069,1520700,422.41666666666663,30.314
5070,1521000,422.5,30.255
5071,1521300,422.5833333333333,30.196
5072,1521600,422.66666666666663,30.137
5073,1521900,422.75,30.078
5074,1522200,422.8333333333333,30.018
5075,1522500,422.91666666666663,29.959
5076,1522800,423.0,29.9
5077,1523100,423.0833333333333,29.803
5078,1523400,423.16666666666663,29.705
5079,1523700,423.25,29.607
5080,1524000,423.3333333333333,29.51
5081,1524300,423.41666666666663,29.413
5082,1524600,423.5,29.315
5083,1524900,423.5833333333333,29.218
5084,1525200,423.66666666666663,29.12
5085,1525500,423.75,29.022
5086,1525800,423.8333333333333,28.925
5087,1526100,423.91666666666663,28.828
5088,1526400,424.0,28.73
5089,1526700,424.0833333333333,28.578
5090,1527000,424.16666666666663,28.425
5091,1527300,424.25,28.272
5092,1527600,424.3333333333333,28.12
5093,1527900,424.41666666666663,27.968
5094,1528200,424.5,27.815
5095,1528500,424.5833333333333,27.663
5096,1528800,424.66666666666663,27.51
5097,1529100,424.75,27.357
5098,1529400,424.8333333333333,27.205
5099,1529700,424.91666666666663,27.053
5100,1530000,425.0,26.9
5101,1530300,425.0833333333333,26.76
5102,1530600,425.16666666666663,26.62
5103,1530900,425.25,26.48
5104,1531200,425.3333333333333,26.34
5105,1531500,425.41666666666663,26.2
5106,1531800,425.5,26.06
5107,1532100,425.5833333333333,25.92
5108,1532400,425.66666666666663,25.78
5109,1532700,425.75,25.64
5110,1533000,425.8333333333333,25.5
5111,1533300,425.91666666666663,25.36
5112,1533600,426.0,25.22
5113,1533900,426.0833333333333,25.158
5114,1534200,426.16666666666663,25.097
5115,1534500,426.25,25.035
5116,1534800,426.3333333333333,24.973
5117,1535100,426.41666666666663,24.912
5118,1535400,426.5,24.85
5119,1535700,426.5833333333333,24.788
5120,1536000,426.66666666666663,24.727
5121,1536300,426.75,24.665
5122,1536600,426.8333333333333,24.603
5123,1536900,426.91666666666663,24.542
5124,1537200,427.0,24.48
5125,1537500,427.0833333333333,24.438
5126,1537800,427.16666666666663,24.395
5127,1538100,427.25,24.352
5128,1538400,427.3333333333333,24.31
5129,1538700,427.41666666666663,24.268
5130,1539000,427.5,24.225
5131,1539300,427.5833333333333,24.183
5132,1539600,427.66666666666663,24.14
5133,1539900,427.75,24.098
5134,1540200,427.8333333333333,24.055
5135,1540500,427.91666666666663,24.013
5136,1540800,428.0,23.97
5137,1541100,428.0833333333333,23.942
5138,1541400,428.16666666666663,23.913
5139,1541700,428.25,23.885
5140,1542000,428.3333333333333,23.857
5141,1542300,428.41666666666663,23.828
5142,1542600,428.5,23.8
5143,1542900,428.5833333333333,23.772
5144,1543200,428.66666666666663,23.743
5145,1543500,428.75,23.715
5146,1543800,428.8333333333333,23.687
5147,1544100,428.91666666666663,23.658
5148,1544400,429.0,23.63
5149,1544700,429.0833333333333,23.611
5150,1545000,429.16666666666663,23.592
5151,1545300,429.25,23.572
5152,1545600,429.3333333333333,23.553
5153,1545900,429.41666666666663,23.534
5154,1546200,429.5,23.515
5155,1546500,429.5833333333333,23.496
5156,1546800,429.66666666666663,23.477
5157,1547100,429.75,23.458
5158,1547400,429.8333333333333,23.438
5159,1547700,429.91666666666663,23.419
5160,1548000,430.0,23.4
5161,1548300,430.0833333333333,23.38
5162,1548600,430.16666666666663,23.36
5163,1548900,430.25,23.34
5164,1549200,430.3333333333333,23.32
5165,1549500,430.41666666666663,23.3
5166,1549800,430.5,23.28
5167,1550100,430.5833333333333,23.26
5168,1550400,430.66666666666663,23.24
5169,1550700,430.75,23.22
5170,1551000,430.8333333333333,23.2
5171,1551300,430.91666666666663,23.18
5172,1551600,431.0,23.16
5173,1551900,431.0833333333333,23.123
5174,1552200,431.16666666666663,23.085
5175,1552500,431.25,23.048
5176,1552800,431.3333333333333,23.01
5177,1553100,431.41666666666663,22.973
5178,1553400,431.5,22.935
5179,1553700,431.5833333333333,22.898
5180,1554000,431.66666666666663,22.86
5181,1554300,431.75,22.822
5182,1554600,431.8333333333333,22.785
5183,1554900,431.91666666666663,22.748
5184,1555200,432.0,22.71
5185,1555500,432.0833333333333,22.67
5186,1555800,432.16666666666663,22.63
5187,1556100,432.25,22.59
5188,1556400,432.3333333333333,22.55
5189,1556700,432.41666666666663,22.51
5190,1557000,432.5,22.47
5191,1557300,432.5833333333333,22.43
5192,1557600,432.66666666666663,22.39
5193,1557900,432.75,22.35
5194,1558200,432.8333333333333,22.31
5195,1558500,432.91666666666663,22.27
5196,1558800,433.0,22.23
5197,1559100,433.0833333333333,22.194
5198,1559400,433.16666666666663,22.158
5199,1559700,433.25,22.123
5200,1560000,433.3333333333333,22.087
5201,1560300,433.41666666666663,22.051
5202,1560600,433.5,22.015
5203,1560900,433.5833333333333,21.979
5204,1561200,433.66666666666663,21.943
5205,1561500,433.75,21.908
5206,1561800,433.8333333333333,21.872
5207,1562100,433.91666666666663,21.836
5208,1562400,434.0,21.8
5209,1562700,434.0833333333333,21.767
5210,1563000,434.16666666666663,21.733
5211,1563300,434.25,21.7
5212,1563600,434.3333333333333,21.667
5213,1563900,434.41666666666663,21.633
5214,1564200,434.5,21.6
5215,1564500,434.5833333333333,21.567
5216,1564800,434.66666666666663,21.533
5217,1565100,434.75,21.5
5218,1565400,434.8333333333333,21.467
5219,1565700,434.91666666666663,21.433
5220,1566000,435.0,21.4
5221,1566300,435.0833333333333,21.37
5222,1566600,435.16666666666663,21.34
5223,1566900,435.25,21.31
5224,1567200,435.3333333333333,21.28
5225,1567500,435.41666666666663,21.25
5226,1567800,435.5,21.22
5227,1568100,435.5833333333333,21.19
5228,1568400,435.66666666666663,21.16
5229,1568700,435.75,21.13
5230,1569000,435.8333333333333,21.1
5231,1569300,435.91666666666663,21.07
5232,1569600,436.0,21.04
5233,1569900,436.0833333333333,21.029
5234,1570200,436.16666666666663,21.018
5235,1570500,436.25,21.008
5236,1570800,436.3333333333333,20.997
5237,1571100,436.41666666666663,20.986
5238,1571400,436.5,20.975
5239,1571700,436.5833333333333,20.964
5240,1572000,436.66666666666663,20.953
5241,1572300,436.75,20.942
5242,1572600,436.8333333333333,20.932
5243,1572900,436.91666666666663,20.921
5244,1573200,437.0,20.91
5245,1573500,437.0833333333333,21.006
5246,1573800,437.16666666666663,21.102
5247,1574100,437.25,21.197
5248,1574400,437.3333333333333,21.293
5249,1574700,437.41666666666663,21.389
5250,1575000,437.5,21.485
5251,1575300,437.5833333333333,21.581
5252,1575600,437.66666666666663,21.677
5253,1575900,437.75,21.772
5254,1576200,437.8333333333333,21.868
5255,1576500,437.91666666666663,21.964
5256,1576800,438.0,22.06
5257,1577100,438.0833333333333,22.277
5258,1577400,438.16666666666663,22.493
5259,1577700,438.25,22.71
5260,1578000,438.3333333333333,22.927
5261,1578300,438.41666666666663,23.143
5262,1578600,438.5,23.36
5263,1578900,438.5833333333333,23.577
5264,1579200,438.66666666666663,23.793
5265,1579500,438.75,24.01
5266,1579800,438.8333333333333,24.227
5267,1580100,438.91666666666663,24.443
5268,1580400,439.0,24.66
5269,1580700,439.0833333333333,24.891
5270,1581000,439.16666666666663,25.122
5271,1581300,439.25,25.352
5272,1581600,439.3333333333333,25.583
5273,1581900,439.41666666666663,25.814
5274,1582200,439.5,26.045
5275,1582500,439.5833333333333,26.276
5276,1582800,439.66666666666663,26.507
5277,1583100,439.75,26.738
5278,1583400,439.8333333333333,26.968
5279,1583700,439.91666666666663,27.199
5280,1584000,440.0,27.43
5281,1584300,440.0833333333333,27.592
5282,1584600,440.16666666666663,27.755
5283,1584900,440.25,27.918
5284,1585200,440.3333333333333,28.08
5285,1585500,440.41666666666663,28.242
5286,1585800,440.5,28.405
5287,1586100,440.5833333333333,28.567
5288,1586400,440.66666666666663,28.73
5289,1586700,440.75,28.892
5290,1587000,440.8333333333333,29.055
5291,1587300,440.91666666666663,29.217
5292,1587600,441.0,29.38
5293,1587900,441.0833333333333,29.497
5294,1588200,441.16666666666663,29.613
5295,1588500,441.25,29.73
5296,1588800,441.3333333333333,29.847
5297,1589100,441.41666666666663,29.963
5298,1589400,441.5,30.08
5299,1589700,441.5833333333333,30.197
5300,1590000,441.66666666666663,30.313
5301,1590300,441.75,30.43
5302,1590600,441.8333333333333,30.547
5303,1590900,441.91666666666663,30.663
5304,1591200,442.0,30.78
5305,1591500,442.0833333333333,30.88
5306,1591800,442.16666666666663,30.98
5307,1592100,442.25,31.08
5308,1592400,442.3333333333333,31.18
5309,1592700,442.41666666666663,31.28
5310,1593000,442.5,31.38
5311,1593300,442.5833333333333,31.48
5312,1593600,442.66666666666663,31.58
5313,1593900,442.75,31.68
5314,1594200,442.8333333333333,31.78
5315,1594500,442.91666666666663,31.88
5316,1594800,443.0,31.98
5317,1595100,443.0833333333333,32.047
5318,1595400,443.16666666666663,32.113
5319,1595700,443.25,32.18
5320,1596000,443.3333333333333,32.247
5321,1596300,443.41666666666663,32.313
5322,1596600,443.5,32.38
5323,1596900,443.5833333333333,32.447
5324,1597200,443.66666666666663,32.513
5325,1597500,443.75,32.58
5326,1597800,443.8333333333333,32.647
5327,1598100,443.91666666666663,32.713
5328,1598400,444.0,32.78
5329,1598700,444.0833333333333,32.811
5330,1599000,444.16666666666663,32.842
5331,1599300,444.25,32.872
5332,1599600,444.3333333333333,32.903
5333,1599900,444.41666666666663,32.934
5334,1600200,444.5,32.965
5335,1600500,444.5833333333333,32.996
5336,1600800,444.66666666666663,33.027
5337,1601100,444.75,33.058
5338,1601400,444.8333333333333,33.088
5339,1601700,444.91666666666663,33.119
5340,1602000,445.0,33.15
5341,1602300,445.0833333333333,33.143
5342,1602600,445.16666666666663,33.137
5343,1602900,445.25,33.13
5344,1603200,445.3333333333333,33.123
5345,1603500,445.41666666666663,33.117
5346,1603800,445.5,33.11
5347,1604100,445.5833333333333,33.103
5348,1604400,445.66666666666663,33.097
5349,1604700,445.75,33.09
5350,1605000,445.8333333333333,33.083
5351,1605300,445.91666666666663,33.077
5352,1605600,446.0,33.07
5353,1605900,446.0833333333333,33.026
5354,1606200,446.16666666666663,32.982
5355,1606500,446.25,32.938
5356,1606800,446.3333333333333,32.893
5357,1607100,446.41666666666663,32.849
5358,1607400,446.5,32.805
5359,1607700,446.5833333333333,32.761
5360,1608000,446.66666666666663,32.717
5361,1608300,446.75,32.672
5362,1608600,446.8333333333333,32.628
5363,1608900,446.91666666666663,32.584
5364,1609200,447.0,32.54
5365,1609500,447.0833333333333,32.448
5366,1609800,447.16666666666663,32.357
5367,1610100,447.25,32.265
5368,1610400,447.3333333333333,32.173
5369,1610700,447.41666666666663,32.082
5370,1611000,447.5,31.99
5371,1611300,447.5833333333333,31.898
5372,1611600,447.66666666666663,31.807
5373,1611900,447.75,31.715
5374,1612200,447.8333333333333,31.623
5375,1612500,447.91666666666663,31.532
5376,1612800,448.0,31.44
5377,1613100,448.0833333333333,31.332
5378,1613400,448.16666666666663,31.223
5379,1613700,448.25,31.115
5380,1614000,448.3333333333333,31.007
5381,1614300,448.41666666666663,30.898
5382,1614600,448.5,30.79
5383,1614900,448.5833333333333,30.682
5384,1615200,448.66666666666663,30.573
5385,1615500,448.75,30.465
5386,1615800,448.8333333333333,30.357
5387,1616100,448.91666666666663,30.248
5388,1616400,449.0,30.14
5389,1616700,449.0833333333333,29.983
5390,1617000,449.16666666666663,29.827
5391,1617300,449.25,29.67
5392,1617600,449.3333333333333,29.513
5393,1617900,449.41666666666663,29.357
5394,1618200,449.5,29.2
5395,1618500,449.5833333333333,29.043
5396,1618800,449.66666666666663,28.887
5397,1619100,449.75,28.73
5398,1619400,449.8333333333333,28.573
5399,1619700,449.91666666666663,28.417
5400,1620000,450.0,28.26
5401,1620300,450.0833333333333,28.155
5402,1620600,450.16666666666663,28.05
5403,1620900,450.25,27.945
5404,1621200,450.3333333333333,27.84
5405,1621500,450.41666666666663,27.735
5406,1621800,450.5,27.63
5407,1622100,450.5833333333333,27.525
5408,1622400,450.66666666666663,27.42
5409,1622700,450.75,27.315
5410,1623000,450.8333333333333,27.21
5411,1623300,450.91666666666663,27.105
5412,1623600,451.0,27.0
5413,1623900,451.0833333333333,26.903
5414,1624200,451.16666666666663,26.807
5415,1624500,451.25,26.71
5416,1624800,451.3333333333333,26.613
5417,1625100,451.41666666666663,26.517
5418,1625400,451.5,26.42
5419,1625700,451.5833333333333,26.323
5420,1626000,451.66666666666663,26.227
5421,1626300,451.75,26.13
5422,1626600,451.8333333333333,26.033
5423,1626900,451.91666666666663,25.937
5424,1627200,452.0,25.84
5425,1627500,452.0833333333333,25.753
5426,1627800,452.16666666666663,25.665
5427,1628100,452.25,25.578
5428,1628400,452.3333333333333,25.49
5429,1628700,452.41666666666663,25.403
5430,1629000,452.5,25.315
5431,1629300,452.5833333333333,25.228
5432,1629600,452.66666666666663,25.14
5433,1629900,452.75,25.052
5434,1630200,452.8333333333333,24.965
5435,1630500,452.91666666666663,24.878
5436,1630800,453.0,24.79
5437,1631100,453.0833333333333,24.716
5438,1631400,453.16666666666663,24.642
5439,1631700,453.25,24.568
5440,1632000,453.3333333333333,24.493
5441,1632300,453.41666666666663,24.419
5442,1632600,453.5,24.345
5443,1632900,453.5833333333333,24.271
5444,1633200,453.66666666666663,24.197
5445,1633500,453.75,24.122
5446,1633800,453.8333333333333,24.048
5447,1634100,453.91666666666663,23.974
5448,1634400,454.0,23.9
5449,1634700,454.0833333333333,23.838
5450,1635000,454.16666666666663,23.775
5451,1635300,454.25,23.712
5452,1635600,454.3333333333333,23.65
5453,1635900,454.41666666666663,23.588
5454,1636200,454.5,23.525
5455,1636500,454.5833333333333,23.463
5456,1636800,454.66666666666663,23.4
5457,1637100,454.75,23.338
5458,1637400,454.8333333333333,23.275
5459,1637700,454.91666666666663,23.213
5460,1638000,455.0,23.15
5461,1638300,455.0833333333333,23.116
5462,1638600,455.16666666666663,23.082
5463,1638900,455.25,23.048
5464,1639200,455.3333333333333,23.013
5465,1639500,455.41666666666663,22.979
5466,1639800,455.5,22.945
5467,1640100,455.5833333333333,22.911
5468,1640400,455.66666666666663,22.877
5469,1640700,455.75,22.842
5470,1641000,455.8333333333333,22.808
5471,1641300,455.91666666666663,22.774
5472,1641600,456.0,22.74
5473,1641900,456.0833333333333,22.714
5474,1642200,456.16666666666663,22.688
5475,1642500,456.25,22.662
5476,1642800,456.3333333333333,22.637
5477,1643100,456.41666666666663,22.611
5478,1643400,456.5,22.585
5479,1643700,456.5833333333333,22.559
5480,1644000,456.66666666666663,22.533
5481,1644300,456.75,22.508
5482,1644600,456.8333333333333,22.482
5483,1644900,456.91666666666663,22.456
5484,1645200,457.0,22.43
5485,1645500,457.0833333333333,22.391
5486,1645800,457.16666666666663,22.352
5487,1646100,457.25,22.312
5488,1646400,457.3333333333333,22.273
5489,1646700,457.41666666666663,22.234
5490,1647000,457.5,22.195
5491,1647300,457.5833333333333,22.156
5492,1647600,457.66666666666663,22.117
5493,1647900,457.75,22.078
5494,1648200,457.8333333333333,22.038
5495,1648500,457.91666666666663,21.999
5496,1648800,458.0,21.96
5497,1649100,458.0833333333333,21.923
5498,1649400,458.16666666666663,21.885
5499,1649700,458.25,21.848
5500,1650000,458.3333333333333,21.81
5501,1650300,458.41666666666663,21.773
5502,1650600,458.5,21.735
5503,1650900,458.5833333333333,21.698
5504,1651200,458.66666666666663,21.66
5505,1651500,458.75,21.623
5506,1651800,458.8333333333333,21.585
5507,1652100,458.91666666666663,21.548
5508,1652400,459.0,21.51
5509,1652700,459.0833333333333,21.496
5510,1653000,459.16666666666663,21.482
5511,1653300,459.25,21.468
5512,1653600,459.3333333333333,21.453
5513,1653900,459.41666666666663,21.439
5514,1654200,459.5,21.425
5515,1654500,459.5833333333333,21.411
5516,1654800,459.66666666666663,21.397
5517,1655100,459.75,21.382
5518,1655400,459.8333333333333,21.368
5519,1655700,459.91666666666663,21.354
5520,1656000,460.0,21.34
5521,1656300,460.0833333333333,21.341
5522,1656600,460.16666666666663,21.342
5523,1656900,460.25,21.342
5524,1657200,460.3333333333333,21.343
5525,1657500,460.41666666666663,21.344
5526,1657800,460.5,21.345
5527,1658100,460.5833333333333,21.346
5528,1658400,460.66666666666663,21.347
5529,1658700,460.75,21.348
5530,1659000,460.8333333333333,21.348
5531,1659300,460.91666666666663,21.349
5532,1659600,461.0,21.35
5533,1659900,461.0833333333333,21.431
5534,1660200,461.16666666666663,21.512
5535,1660500,461.25,21.592
5536,1660800,461.3333333333333,21.673
5537,1661100,461.41666666666663,21.754
5538,1661400,461.5,21.835
5539,1661700,461.5833333333333,21.916
5540,1662000,461.66666666666663,21.997
5541,1662300,461.75,22.078
5542,1662600,461.8333333333333,22.158
5543,1662900,461.91666666666663,22.239
5544,1663200,462.0,22.32
5545,1663500,462.0833333333333,22.528
5546,1663800,462.16666666666663,22.737
5547,1664100,462.25,22.945
5548,1664400,462.3333333333333,23.153
5549,1664700,462.41666666666663,23.362
5550,1665000,462.5,23.57
5551,1665300,462.5833333333333,23.778
5552,1665600,462.66666666666663,23.987
5553,1665900,462.75,24.195
5554,1666200,462.8333333333333,24.403
5555,1666500,462.91666666666663,24.612
5556,1666800,463.0,24.82
5557,1667100,463.0833333333333,25.046
5558,1667400,463.16666666666663,25.272
5559,1667700,463.25,25.498
5560,1668000,463.3333333333333,25.723
5561,1668300,463.41666666666663,25.949
5562,1668600,463.5,26.175
5563,1668900,463.5833333333333,26.401
5564,1669200,463.66666666666663,26.627
5565,1669500,463.75,26.852
5566,1669800,463.8333333333333,27.078
5567,1670100,463.91666666666663,27.304
5568,1670400,464.0,27.53
5569,1670700,464.0833333333333,27.677
5570,1671000,464.16666666666663,27.823
5571,1671300,464.25,27.97
5572,1671600,464.3333333333333,28.117
5573,1671900,464.41666666666663,28.263
5574,1672200,464.5,28.41
5575,1672500,464.5833333333333,28.557
5576,1672800,464.66666666666663,28.703
5577,1673100,464.75,28.85
5578,1673400,464.8333333333333,28.997
5579,1673700,464.91666666666663,29.143
5580,1674000,465.0,29.29
5581,1674300,465.0833333333333,29.402
5582,1674600,465.16666666666663,29.515
5583,1674900,465.25,29.627
5584,1675200,465.3333333333333,29.74
5585,1675500,465.41666666666663,29.852
5586,1675800,465.5,29.965
5587,1676100,465.5833333333333,30.077
5588,1676400,465.66666666666663,30.19
5589,1676700,465.75,30.303
5590,1677000,465.8333333333333,30.415
5591,1677300,465.91666666666663,30.527
5592,1677600,466.0,30.64
5593,1677900,466.0833333333333,30.728
5594,1678200,466.16666666666663,30.817
5595,1678500,466.25,30.905
5596,1678800,466.3333333333333,30.993
5597,1679100,466.41666666666663,31.082
5598,1679400,466.5,31.17
5599,1679700,466.5833333333333,31.258
5600,1680000,466.66666666666663,31.347
5601,1680300,466.75,31.435
5602,1680600,466.8333333333333,31.523
5603,1680900,466.91666666666663,31.612
5604,1681200,467.0,31.7
5605,1681500,467.0833333333333,31.751
5606,1681800,467.16666666666663,31.802
5607,1682100,467.25,31.852
5608,1682400,467.3333333333333,31.903
5609,1682700,467.41666666666663,31.954
5610,1683000,467.5,32.005
5611,1683300,467.5833333333333,32.056
5612,1683600,467.66666666666663,32.107
5613,1683900,467.75,32.158
5614,1684200,467.8333333333333,32.208
5615,1684500,467.91666666666663,32.259
5616,1684800,468.0,32.31
5617,1685100,468.0833333333333,32.31
5618,1685400,468.16666666666663,32.31
5619,1685700,468.25,32.31
5620,1686000,468.3333333333333,32.31
5621,1686300,468.41666666666663,32.31
5622,1686600,468.5,32.31
5623,1686900,468.5833333333333,32.31
5624,1687200,468.66666666666663,32.31
5625,1687500,468.75,32.31
5626,1687800,468.8333333333333,32.31
5627,1688100,468.91666666666663,32.31
5628,1688400,469.0,32.31
5629,1688700,469.0833333333333,32.264
5630,1689000,469.16666666666663,32.218
5631,1689300,469.25,32.172
5632,1689600,469.3333333333333,32.127
5633,1689900,469.41666666666663,32.081
5634,1690200,469.5,32.035
5635,1690500,469.5833333333333,31.989
5636,1690800,469.66666666666663,31.943
5637,1691100,469.75,31.898
5638,1691400,469.8333333333333,31.852
5639,1691700,469.91666666666663,31.806
5640,1692000,470.0,31.76
5641,1692300,470.0833333333333,31.703
5642,1692600,470.16666666666663,31.645
5643,1692900,470.25,31.588
5644,1693200,470.3333333333333,31.53
5645,1693500,470.41666666666663,31.473
5646,1693800,470.5,31.415
5647,1694100,470.5833333333333,31.358
5648,1694400,470.66666666666663,31.3
5649,1694700,470.75,31.242
5650,1695000,470.8333333333333,31.185
5651,1695300,470.91666666666663,31.128
5652,1695600,471.0,31.07
5653,1695900,471.0833333333333,30.999
5654,1696200,471.16666666666663,30.928
5655,1696500,471.25,30.858
5656,1696800,471.3333333333333,30.787
5657,1697100,471.41666666666663,30.716
5658,1697400,471.5,30.645
5659,1697700,471.5833333333333,30.574
5660,1698000,471.66666666666663,30.503
5661,1698300,471.75,30.432
5662,1698600,471.8333333333333,30.362
5663,1698900,471.91666666666663,30.291
5664,1699200,472.0,30.22
5665,1699500,472.0833333333333,30.089
5666,1699800,472.16666666666663,29.958
5667,1700100,472.25,29.828
5668,1700400,472.3333333333333,29.697
5669,1700700,472.41666666666663,29.566
5670,1701000,472.5,29.435
5671,1701300,472.5833333333333,29.304
5672,1701600,472.66666666666663,29.173
5673,1701900,472.75,29.042
5674,1702200,472.8333333333333,28.912
5675,1702500,472.91666666666663,28.781
5676,1702800,473.0,28.65
5677,1703100,473.0833333333333,28.507
5678,1703400,473.16666666666663,28.363
5679,1703700,473.25,28.22
5680,1704000,473.3333333333333,28.077
5681,1704300,473.41666666666663,27.933
5682,1704600,473.5,27.79
5683,1704900,473.5833333333333,27.647
5684,1705200,473.66666666666663,27.503
5685,1705500,473.75,27.36
5686,1705800,473.8333333333333,27.217
5687,1706100,473.91666666666663,27.073
5688,1706400,474.0,26.93
5689,1706700,474.0833333333333,26.905
5690,1707000,474.16666666666663,26.88
5691,1707300,474.25,26.855
5692,1707600,474.3333333333333,26.83
5693,1707900,474.41666666666663,26.805
5694,1708200,474.5,26.78
5695,1708500,474.5833333333333,26.755
5696,1708800,474.66666666666663,26.73
5697,1709100,474.75,26.705
5698,1709400,474.8333333333333,26.68
5699,1709700,474.91666666666663,26.655
5700,1710000,475.0,26.63
5701,1710300,475.0833333333333,26.58
5702,1710600,475.16666666666663,26.53
5703,1710900,475.25,26.48
5704,1711200,475.3333333333333,26.43
5705,1711500,475.41666666666663,26.38
5706,1711800,475.5,26.33
5707,1712100,475.5833333333333,26.28
5708,1712400,475.66666666666663,26.23
5709,1712700,475.75,26.18
5710,1713000,475.8333333333333,26.13
5711,1713300,475.91666666666663,26.08
5712,1713600,476.0,26.03
5713,1713900,476.0833333333333,25.97
5714,1714200,476.16666666666663,25.91
5715,1714500,476.25,25.85
5716,1714800,476.3333333333333,25.79
5717,1715100,476.41666666666663,25.73
5718,1715400,476.5,25.67
5719,1715700,476.5833333333333,25.61
5720,1716000,476.66666666666663,25.55
5721,1716300,476.75,25.49
5722,1716600,476.8333333333333,25.43
5723,1716900,476.91666666666663,25.37
5724,1717200,477.0,25.31
5725,1717500,477.0833333333333,25.279
5726,1717800,477.16666666666663,25.248
5727,1718100,477.25,25.218
5728,1718400,477.3333333333333,25.187
5729,1718700,477.41666666666663,25.156
5730,1719000,477.5,25.125
5731,1719300,477.5833333333333,25.094
5732,1719600,477.66666666666663,25.063
5733,1719900,477.75,25.032
5734,1720200,477.8333333333333,25.002
5735,1720500,477.91666666666663,24.971
5736,1720800,478.0,24.94
5737,1721100,478.0833333333333,24.93
5738,1721400,478.16666666666663,24.92
5739,1721700,478.25,24.91
5740,1722000,478.3333333333333,24.9
5741,1722300,478.41666666666663,24.89
5742,1722600,478.5,24.88
5743,1722900,478.5833333333333,24.87
5744,1723200,478.66666666666663,24.86
5745,1723500,478.75,24.85
5746,1723800,478.8333333333333,24.84
5747,1724100,478.91666666666663,24.83
5748,1724400,479.0,24.82
5749,1724700,479.0833333333333,24.813
5750,1725000,479.16666666666663,24.805
5751,1725300,479.25,24.798
5752,1725600,479.3333333333333,24.79
5753,1725900,479.41666666666663,24.783
5754,1726200,479.5,24.775
5755,1726500,479.5833333333333,24.768
5756,1726800,479.66666666666663,24.76
5757,1727100,479.75,24.752
5758,1727400,479.8333333333333,24.745
5759,1727700,479.91666666666663,24.738
5760,1728000,480.0,24.73
5761,1728300,480.0833333333333,24.682
5762,1728600,480.16666666666663,24.633
5763,1728900,480.25,24.585
5764,1729200,480.3333333333333,24.537
5765,1729500,480.41666666666663,24.488
5766,1729800,480.5,24.44
5767,1730100,480.5833333333333,24.392
5768,1730400,480.66666666666663,24.343
5769,1730700,480.75,24.295
5770,1731000,480.8333333333333,24.247
5771,1731300,480.91666666666663,24.198
5772,1731600,481.0,24.15
5773,1731900,481.0833333333333,24.051
5774,1732200,481.16666666666663,23.952
5775,1732500,481.25,23.852
5776,1732800,481.3333333333333,23.753
5777,1733100,481.41666666666663,23.654
5778,1733400,481.5,23.555
5779,1733700,481.5833333333333,23.456
5780,1734000,481.66666666666663,23.357
5781,1734300,481.75,23.258
5782,1734600,481.8333333333333,23.158
5783,1734900,481.91666666666663,23.059
5784,1735200,482.0,22.96
5785,1735500,482.0833333333333,22.857
5786,1735800,482.16666666666663,22.753
5787,1736100,482.25,22.65
5788,1736400,482.3333333333333,22.547
5789,1736700,482.41666666666663,22.443
5790,1737000,482.5,22.34
5791,1737300,482.5833333333333,22.237
5792,1737600,482.66666666666663,22.133
5793,1737900,482.75,22.03
5794,1738200,482.8333333333333,21.927
5795,1738500,482.91666666666663,21.823
5796,1738800,483.0,21.72
5797,1739100,483.0833333333333,21.662
5798,1739400,483.16666666666663,21.603
5799,1739700,483.25,21.545
5800,1740000,483.3333333333333,21.487
5801,1740300,483.41666666666663,21.428
5802,1740600,483.5,21.37
5803,1740900,483.5833333333333,21.312
5804,1741200,483.66666666666663,21.253
5805,1741500,483.75,21.195
5806,1741800,483.8333333333333,21.137
5807,1742100,483.91666666666663,21.078
5808,1742400,484.0,21.02
5809,1742700,484.0833333333333,21.004
5810,1743000,484.16666666666663,20.988
5811,1743300,484.25,20.972
5812,1743600,484.3333333333333,20.957
5813,1743900,484.41666666666663,20.941
5814,1744200,484.5,20.925
5815,1744500,484.5833333333333,20.909
5816,1744800,484.66666666666663,20.893
5817,1745100,484.75,20.877
5818,1745400,484.8333333333333,20.862
5819,1745700,484.91666666666663,20.846
5820,1746000,485.0,20.83
5821,1746300,485.0833333333333,20.932
5822,1746600,485.16666666666663,21.035
5823,1746900,485.25,21.138
5824,1747200,485.3333333333333,21.24
5825,1747500,485.41666666666663,21.342
5826,1747800,485.5,21.445
5827,1748100,485.5833333333333,21.547
5828,1748400,485.66666666666663,21.65
5829,1748700,485.75,21.752
5830,1749000,485.8333333333333,21.855
5831,1749300,485.91666666666663,21.957
5832,1749600,486.0,22.06
5833,1749900,486.0833333333333,22.262
5834,1750200,486.16666666666663,22.463
5835,1750500,486.25,22.665
5836,1750800,486.3333333333333,22.867
5837,1751100,486.41666666666663,23.068
5838,1751400,486.5,23.27
5839,1751700,486.5833333333333,23.472
5840,1752000,486.66666666666663,23.673
5841,1752300,486.75,23.875
5842,1752600,486.8333333333333,24.077
5843,1752900,486.91666666666663,24.278
5844,1753200,487.0,24.48
5845,1753500,487.0833333333333,24.718
5846,1753800,487.16666666666663,24.957
5847,1754100,487.25,25.195
5848,1754400,487.3333333333333,25.433
5849,1754700,487.41666666666663,25.672
5850,1755000,487.5,25.91
5851,1755300,487.5833333333333,26.148
5852,1755600,487.66666666666663,26.387
5853,1755900,487.75,26.625
5854,1756200,487.8333333333333,26.863
5855,1756500,487.91666666666663,27.102
5856,1756800,488.0,27.34
5857,1757100,488.0833333333333,27.504
5858,1757400,488.16666666666663,27.668
5859,1757700,488.25,27.832
5860,1758000,488.3333333333333,27.997
5861,1758300,488.41666666666663,28.161
5862,1758600,488.5,28.325
5863,1758900,488.5833333333333,28.489
5864,1759200,488.66666666666663,28.653
5865,1759500,488.75,28.818
5866,1759800,488.8333333333333,28.982
5867,1760100,488.91666666666663,29.146
5868,1760400,489.0,29.31
5869,1760700,489.0833333333333,29.418
5870,1761000,489.16666666666663,29.527
5871,1761300,489.25,29.635
5872,1761600,489.3333333333333,29.743
5873,1761900,489.41666666666663,29.852
5874,1762200,489.5,29.96
5875,1762500,489.5833333333333,30.068
5876,1762800,489.66666666666663,30.177
5877,1763100,489.75,30.285
5878,1763400,489.8333333333333,30.393
5879,1763700,489.91666666666663,30.502
5880,1764000,490.0,30.61
5881,1764300,490.0833333333333,30.682
5882,1764600,490.16666666666663,30.753
5883,1764900,490.25,30.825
5884,1765200,490.3333333333333,30.897
5885,1765500,490.41666666666663,30.968
5886,1765800,490.5,31.04
5887,1766100,490.5833333333333,31.112
5888,1766400,490.66666666666663,31.183
5889,1766700,490.75,31.255
5890,1767000,490.8333333333333,31.327
5891,1767300,490.91666666666663,31.398
5892,1767600,491.0,31.47
5893,1767900,491.0833333333333,31.517
5894,1768200,491.16666666666663,31.563
5895,1768500,491.25,31.61
5896,1768800,491.3333333333333,31.657
5897,1769100,491.41666666666663,31.703
5898,1769400,491.5,31.75
5899,1769700,491.5833333333333,31.797
5900,1770000,491.66666666666663,31.843
5901,1770300,491.75,31.89
5902,1770600,491.8333333333333,31.937
5903,1770900,491.91666666666663,31.983
5904,1771200,492.0,32.03
5905,1771500,492.0833333333333,32.032
5906,1771800,492.16666666666663,32.035
5907,1772100,492.25,32.038
5908,1772400,492.3333333333333,32.04
5909,1772700,492.41666666666663,32.043
5910,1773000,492.5,32.045
5911,1773300,492.5833333333333,32.048
5912,1773600,492.66666666666663,32.05
5913,1773900,492.75,32.053
5914,1774200,492.8333333333333,32.055
5915,1774500,492.91666666666663,32.058
5916,1774800,493.0,32.06
5917,1775100,493.0833333333333,32.008
5918,1775400,493.16666666666663,31.957
5919,1775700,493.25,31.905
5920,1776000,493.3333333333333,31.853
5921,1776300,493.41666666666663,31.802
5922,1776600,493.5,31.75
5923,1776900,493.5833333333333,31.698
5924,1777200,493.66666666666663,31.647
5925,1777500,493.75,31.595
5926,1777800,493.8333333333333,31.543
5927,1778100,493.91666666666663,31.492
5928,1778400,494.0,31.44
5929,1778700,494.0833333333333,31.379
5930,1779000,494.16666666666663,31.318
5931,1779300,494.25,31.258
5932,1779600,494.3333333333333,31.197
5933,1779900,494.41666666666663,31.136
5934,1780200,494.5,31.075
5935,1780500,494.5833333333333,31.014
5936,1780800,494.66666666666663,30.953
5937,1781100,494.75,30.893
5938,1781400,494.8333333333333,30.832
5939,1781700,494.91666666666663,30.771
5940,1782000,495.0,30.71
5941,1782300,495.0833333333333,30.621
5942,1782600,495.16666666666663,30.532
5943,1782900,495.25,30.443
5944,1783200,495.3333333333333,30.353
5945,1783500,495.41666666666663,30.264
5946,1783800,495.5,30.175
5947,1784100,495.5833333333333,30.086
5948,1784400,495.66666666666663,29.997
5949,1784700,495.75,29.908
5950,1785000,495.8333333333333,29.818
5951,1785300,495.91666666666663,29.729
5952,1785600,496.0,29.64
5953,1785900,496.0833333333333,29.52
5954,1786200,496.16666666666663,29.4
5955,1786500,496.25,29.28
5956,1786800,496.3333333333333,29.16
5957,1787100,496.41666666666663,29.04
5958,1787400,496.5,28.92
5959,1787700,496.5833333333333,28.8
5960,1788000,496.66666666666663,28.68
5961,1788300,496.75,28.56
5962,1788600,496.8333333333333,28.44
5963,1788900,496.91666666666663,28.32
5964,1789200,497.0,28.2
5965,1789500,497.0833333333333,28.045
5966,1789800,497.16666666666663,27.89
5967,1790100,497.25,27.735
5968,1790400,497.3333333333333,27.58
5969,1790700,497.41666666666663,27.425
5970,1791000,497.5,27.27
5971,1791300,497.5833333333333,27.115
5972,1791600,497.66666666666663,26.96
5973,1791900,497.75,26.805
5974,1792200,497.8333333333333,26.65
5975,1792500,497.91666666666663,26.495
5976,1792800,498.0,26.34
5977,1793100,498.0833333333333,26.282
5978,1793400,498.16666666666663,26.223
5979,1793700,498.25,26.165
5980,1794000,498.3333333333333,26.107
5981,1794300,498.41666666666663,26.048
5982,1794600,498.5,25.99
5983,1794900,498.5833333333333,25.932
5984,1795200,498.66666666666663,25.873
5985,1795500,498.75,25.815
5986,1795800,498.8333333333333,25.757
5987,1796100,498.91666666666663,25.698
5988,1796400,499.0,25.64
5989,1796700,499.0833333333333,25.58
5990,1797000,499.16666666666663,25.52
5991,1797300,499.25,25.46
5992,1797600,499.3333333333333,25.4
5993,1797900,499.41666666666663,25.34
5994,1798200,499.5,25.28
5995,1798500,499.5833333333333,25.22
5996,1798800,499.66666666666663,25.16
5997,1799100,499.75,25.1
5998,1799400,499.8333333333333,25.04
5999,1799700,499.91666666666663,24.98
6000,1800000,500.0,24.92
6001,1800300,500.0833333333333,24.856
6002,1800600,500.16666666666663,24.792
6003,1800900,500.25,24.728
6004,1801200,500.3333333333333,24.663
6005,1801500,500.41666666666663,24.599
6006,1801800,500.5,24.535
6007,1802100,500.5833333333333,24.471
6008,1802400,500.66666666666663,24.407
6009,1802700,500.75,24.342
6010,1803000,500.8333333333333,24.278
6011,1803300,500.91666666666663,24.214
6012,1803600,501.0,24.15
6013,1803900,501.0833333333333,24.091
6014,1804200,501.16666666666663,24.032
6015,1804500,501.25,23.972
6016,1804800,501.3333333333333,23.913
6017,1805100,501.41666666666663,23.854
6018,1805400,501.5,23.795
6019,1805700,501.5833333333333,23.736
6020,1806000,501.66666666666663,23.677
6021,1806300,501.75,23.618
6022,1806600,501.8333333333333,23.558
6023,1806900,501.91666666666663,23.499
6024,1807200,502.0,23.44
6025,1807500,502.0833333333333,23.383
6026,1807800,502.16666666666663,23.325
6027,1808100,502.25,23.268
6028,1808400,502.3333333333333,23.21
6029,1808700,502.41666666666663,23.153
6030,1809000,502.5,23.095
6031,1809300,502.5833333333333,23.038
6032,1809600,502.66666666666663,22.98
6033,1809900,502.75,22.922
6034,1810200,502.8333333333333,22.865
6035,1810500,502.91666666666663,22.808
6036,1810800,503.0,22.75
6037,1811100,503.0833333333333,22.7
6038,1811400,503.16666666666663,22.65
6039,1811700,503.25,22.6
6040,1812000,503.3333333333333,22.55
6041,1812300,503.41666666666663,22.5
6042,1812600,503.5,22.45
6043,1812900,503.5833333333333,22.4
6044,1813200,503.66666666666663,22.35
6045,1813500,503.75,22.3
6046,1813800,503.8333333333333,22.25
6047,1814100,503.91666666666663,22.2
6048,1814400,504.0,22.15
6049,1814700,504.0833333333333,22.108
6050,1815000,504.16666666666663,22.067
6051,1815300,504.25,22.025
6052,1815600,504.3333333333333,21.983
6053,1815900,504.41666666666663,21.942
6054,1816200,504.5,21.9
6055,1816500,504.5833333333333,21.858
6056,1816800,504.66666666666663,21.817
6057,1817100,504.75,21.775
6058,1817400,504.8333333333333,21.733
6059,1817700,504.91666666666663,21.692
6060,1818000,505.0,21.65
6061,1818300,505.0833333333333,21.643
6062,1818600,505.16666666666663,21.635
6063,1818900,505.25,21.627
6064,1819200,505.3333333333333,21.62
6065,1819500,505.41666666666663,21.612
6066,1819800,505.5,21.605
6067,1820100,505.5833333333333,21.598
6068,1820400,505.66666666666663,21.59
6069,1820700,505.75,21.582
6070,1821000,505.8333333333333,21.575
6071,1821300,505.91666666666663,21.568
6072,1821600,506.0,21.56
6073,1821900,506.0833333333333,21.556
6074,1822200,506.16666666666663,21.552
6075,1822500,506.25,21.548
6076,1822800,506.3333333333333,21.543
6077,1823100,506.41666666666663,21.539
6078,1823400,506.5,21.535
6079,1823700,506.5833333333333,21.531
6080,1824000,506.66666666666663,21.527
6081,1824300,506.75,21.522
6082,1824600,506.8333333333333,21.518
6083,1824900,506.91666666666663,21.514
6084,1825200,507.0,21.51
6085,1825500,507.0833333333333,21.503
6086,1825800,507.16666666666663,21.495
6087,1826100,507.25,21.488
6088,1826400,507.3333333333333,21.48
6089,1826700,507.41666666666663,21.473
6090,1827000,507.5,21.465
6091,1827300,507.5833333333333,21.458
6092,1827600,507.66666666666663,21.45
6093,1827900,507.75,21.443
6094,1828200,507.8333333333333,21.435
6095,1828500,507.91666666666663,21.428
6096,1828800,508.0,21.42
6097,1829100,508.0833333333333,21.416
6098,1829400,508.16666666666663,21.412
6099,1829700,508.25,21.408
6100,1830000,508.3333333333333,21.403
6101,1830300,508.41666666666663,21.399
6102,1830600,508.5,21.395
6103,1830900,508.5833333333333,21.391
6104,1831200,508.66666666666663,21.387
6105,1831500,508.75,21.382
6106,1831800,508.8333333333333,21.378
6107,1832100,508.91666666666663,21.374
6108,1832400,509.0,21.37
6109,1832700,509.0833333333333,21.427
6110,1833000,509.16666666666663,21.483
6111,1833300,509.25,21.54
6112,1833600,509.3333333333333,21.597
6113,1833900,509.41666666666663,21.653
6114,1834200,509.5,21.71
6115,1834500,509.5833333333333,21.767
6116,1834800,509.66666666666663,21.823
6117,1835100,509.75,21.88
6118,1835400,509.8333333333333,21.937
6119,1835700,509.91666666666663,21.993
6120,1836000,510.0,22.05
6121,1836300,510.0833333333333,22.201
6122,1836600,510.16666666666663,22.352
6123,1836900,510.25,22.502
6124,1837200,510.3333333333333,22.653
6125,1837500,510.41666666666663,22.804
6126,1837800,510.5,22.955
6127,1838100,510.5833333333333,23.106
6128,1838400,510.66666666666663,23.257
6129,1838700,510.75,23.408
6130,1839000,510.8333333333333,23.558
6131,1839300,510.91666666666663,23.709
6132,1839600,511.0,23.86
6133,1839900,511.0833333333333,24.09
6134,1840200,511.16666666666663,24.32
6135,1840500,511.25,24.55
6136,1840800,511.3333333333333,24.78
6137,1841100,511.41666666666663,25.01
6138,1841400,511.5,25.24
6139,1841700,511.5833333333333,25.47
6140,1842000,511.66666666666663,25.7
6141,1842300,511.75,25.93
6142,1842600,511.8333333333333,26.16
6143,1842900,511.91666666666663,26.39
6144,1843200,512.0,26.62
6145,1843500,512.0833333333333,26.774
6146,1843800,512.1666666666666,26.928
6147,1844100,512.25,27.082
6148,1844400,512.3333333333333,27.237
6149,1844700,512.4166666666666,27.391
6150,1845000,512.5,27.545
6151,1845300,512.5833333333333,27.699
6152,1845600,512.6666666666666,27.853
6153,1845900,512.75,28.008
6154,1846200,512.8333333333333,28.162
6155,1846500,512.9166666666666,28.316
6156,1846800,513.0,28.47
6157,1847100,513.0833333333333,28.587
6158,1847400,513.1666666666666,28.705
6159,1847700,513.25,28.822
6160,1848000,513.3333333333333,28.94
6161,1848300,513.4166666666666,29.057
6162,1848600,513.5,29.175
6163,1848900,513.5833333333333,29.292
6164,1849200,513.6666666666666,29.41
6165,1849500,513.75,29.528
6166,1849800,513.8333333333333,29.645
6167,1850100,513.9166666666666,29.762
6168,1850400,514.0,29.88
6169,1850700,514.0833333333333,29.978
6170,1851000,514.1666666666666,30.077
6171,1851300,514.25,30.175
6172,1851600,514.3333333333333,30.273
6173,1851900,514.4166666666666,30.372
6174,1852200,514.5,30.47
6175,1852500,514.5833333333333,30.568
6176,1852800,514.6666666666666,30.667
6177,1853100,514.75,30.765
6178,1853400,514.8333333333333,30.863
6179,1853700,514.9166666666666,30.962
6180,1854000,515.0,31.06
6181,1854300,515.0833333333333,31.131
6182,1854600,515.1666666666666,31.202
6183,1854900,515.25,31.272
6184,1855200,515.3333333333333,31.343
6185,1855500,515.4166666666666,31.414
6186,1855800,515.5,31.485
6187,1856100,515.5833333333333,31.556
6188,1856400,515.6666666666666,31.627
6189,1856700,515.75,31.697
6190,1857000,515.8333333333333,31.768
6191,1857300,515.9166666666666,31.839
6192,1857600,516.0,31.91
6193,1857900,516.0833333333333,31.941
6194,1858200,516.1666666666666,31.972
6195,1858500,516.25,32.002
6196,1858800,516.3333333333333,32.033
6197,1859100,516.4166666666666,32.064
6198,1859400,516.5,32.095
6199,1859700,516.5833333333333,32.126
6200,1860000,516.6666666666666,32.157
6201,1860300,516.75,32.188
6202,1860600,516.8333333333333,32.218
6203,1860900,516.9166666666666,32.249
6204,1861200,517.0,32.28
6205,1861500,517.0833333333333,32.259
6206,1861800,517.1666666666666,32.238
6207,1862100,517.25,32.218
6208,1862400,517.3333333333333,32.197
6209,1862700,517.4166666666666,32.176
6210,1863000,517.5,32.155
6211,1863300,517.5833333333333,32.134
6212,1863600,517.6666666666666,32.113
6213,1863900,517.75,32.092
6214,1864200,517.8333333333333,32.072
6215,1864500,517.9166666666666,32.051
6216,1864800,518.0,32.03
6217,1865100,518.0833333333333,31.984
6218,1865400,518.1666666666666,31.938
6219,1865700,518.25,31.893
6220,1866000,518.3333333333333,31.847
6221,1866300,518.4166666666666,31.801
6222,1866600,518.5,31.755
6223,1866900,518.5833333333333,31.709
6224,1867200,518.6666666666666,31.663
6225,1867500,518.75,31.618
6226,1867800,518.8333333333333,31.572
6227,1868100,518.9166666666666,31.526
6228,1868400,519.0,31.48
6229,1868700,519.0833333333333,31.395
6230,1869000,519.1666666666666,31.31
6231,1869300,519.25,31.225
6232,1869600,519.3333333333333,31.14
6233,1869900,519.4166666666666,31.055
6234,1870200,519.5,30.97
6235,1870500,519.5833333333333,30.885
6236,1870800,519.6666666666666,30.8
6237,1871100,519.75,30.715
6238,1871400,519.8333333333333,30.63
6239,1871700,519.9166666666666,30.545
6240,1872000,520.0,30.46
6241,1872300,520.0833333333333,30.309
6242,1872600,520.1666666666666,30.158
6243,1872900,520.25,30.008
6244,1873200,520.3333333333333,29.857
6245,1873500,520.4166666666666,29.706
6246,1873800,520.5,29.555
6247,1874100,520.5833333333333,29.404
6248,1874400,520.6666666666666,29.253
6249,1874700,520.75,29.102
6250,1875000,520.8333333333333,28.952
6251,1875300,520.9166666666666,28.801
6252,1875600,521.0,28.65
6253,1875900,521.0833333333333,28.483
6254,1876200,521.1666666666666,28.315
6255,1876500,521.25,28.148
6256,1876800,521.3333333333333,27.98
6257,1877100,521.4166666666666,27.813
6258,1877400,521.5,27.645
6259,1877700,521.5833333333333,27.478
6260,1878000,521.6666666666666,27.31
6261,1878300,521.75,27.142
6262,1878600,521.8333333333333,26.975
6263,1878900,521.9166666666666,26.808
6264,1879200,522.0,26.64
6265,1879500,522.0833333333333,26.583
6266,1879800,522.1666666666666,26.527
6267,1880100,522.25,26.47
6268,1880400,522.3333333333333,26.413
6269,1880700,522.4166666666666,26.357
6270,1881000,522.5,26.3
6271,1881300,522.5833333333333,26.243
6272,1881600,522.6666666666666,26.187
6273,1881900,522.75,26.13
6274,1882200,522.8333333333333,26.073
6275,1882500,522.9166666666666,26.017
6276,1882800,523.0,25.96
6277,1883100,523.0833333333333,25.908
6278,1883400,523.1666666666666,25.855
6279,1883700,523.25,25.803
6280,1884000,523.3333333333333,25.75
6281,1884300,523.4166666666666,25.698
6282,1884600,523.5,25.645
6283,1884900,523.5833333333333,25.593
6284,1885200,523.6666666666666,25.54
6285,1885500,523.75,25.487
6286,1885800,523.8333333333333,25.435
6287,1886100,523.9166666666666,25.383
6288,1886400,524.0,25.33
6289,1886700,524.0833333333333,25.277
6290,1887000,524.1666666666666,25.223
6291,1887300,524.25,25.17
6292,1887600,524.3333333333333,25.117
6293,1887900,524.4166666666666,25.063
6294,1888200,524.5,25.01
6295,1888500,524.5833333333333,24.957
6296,1888800,524.6666666666666,24.903
6297,1889100,524.75,24.85
6298,1889400,524.8333333333333,24.797
6299,1889700,524.9166666666666,24.743
6300,1890000,525.0,24.69
6301,1890300,525.0833333333333,24.658
6302,1890600,525.1666666666666,24.627
6303,1890900,525.25,24.595
6304,1891200,525.3333333333333,24.563
6305,1891500,525.4166666666666,24.532
6306,1891800,525.5,24.5
6307,1892100,525.5833333333333,24.468
6308,1892400,525.6666666666666,24.437
6309,1892700,525.75,24.405
6310,1893000,525.8333333333333,24.373
6311,1893300,525.9166666666666,24.342
6312,1893600,526.0,24.31
6313,1893900,526.0833333333333,24.291
6314,1894200,526.1666666666666,24.272
6315,1894500,526.25,24.252
6316,1894800,526.3333333333333,24.233
6317,1895100,526.4166666666666,24.214
6318,1895400,526.5,24.195
6319,1895700,526.5833333333333,24.176
6320,1896000,526.6666666666666,24.157
6321,1896300,526.75,24.138
6322,1896600,526.8333333333333,24.118
6323,1896900,526.9166666666666,24.099
6324,1897200,527.0,24.08
6325,1897500,527.0833333333333,24.063
6326,1897800,527.1666666666666,24.045
6327,1898100,527.25,24.028
6328,1898400,527.3333333333333,24.01
6329,1898700,527.4166666666666,23.993
6330,1899000,527.5,23.975
6331,1899300,527.5833333333333,23.958
6332,1899600,527.6666666666666,23.94
6333,1899900,527.75,23.922
6334,1900200,527.8333333333333,23.905
6335,1900500,527.9166666666666,23.888
6336,1900800,528.0,23.87
6337,1901100,528.0833333333333,23.835
6338,1901400,528.1666666666666,23.8
6339,1901700,528.25,23.765
6340,1902000,528.3333333333333,23.73
6341,1902300,528.4166666666666,23.695
6342,1902600,528.5,23.66
6343,1902900,528.5833333333333,23.625
6344,1903200,528.6666666666666,23.59
6345,1903500,528.75,23.555
6346,1903800,528.8333333333333,23.52
6347,1904100,528.9166666666666,23.485
6348,1904400,529.0,23.45
6349,1904700,529.0833333333333,23.387
6350,1905000,529.1666666666666,23.323
6351,1905300,529.25,23.26
6352,1905600,529.3333333333333,23.197
6353,1905900,529.4166666666666,23.133
6354,1906200,529.5,23.07
6355,1906500,529.5833333333333,23.007
6356,1906800,529.6666666666666,22.943
6357,1907100,529.75,22.88
6358,1907400,529.8333333333333,22.817
6359,1907700,529.9166666666666,22.753
6360,1908000,530.0,22.69
6361,1908300,530.0833333333333,22.637
6362,1908600,530.1666666666666,22.583
6363,1908900,530.25,22.53
6364,1909200,530.3333333333333,22.477
6365,1909500,530.4166666666666,22.423
6366,1909800,530.5,22.37
6367,1910100,530.5833333333333,22.317
6368,1910400,530.6666666666666,22.263
6369,1910700,530.75,22.21
6370,1911000,530.8333333333333,22.157
6371,1911300,530.9166666666666,22.103
6372,1911600,531.0,22.05
6373,1911900,531.0833333333333,22.013
6374,1912200,531.1666666666666,21.975
6375,1912500,531.25,21.938
6376,1912800,531.3333333333333,21.9
6377,1913100,531.4166666666666,21.863
6378,1913400,531.5,21.825
6379,1913700,531.5833333333333,21.788
6380,1914000,531.6666666666666,21.75
6381,1914300,531.75,21.713
6382,1914600,531.8333333333333,21.675
6383,1914900,531.9166666666666,21.638
6384,1915200,532.0,21.6
6385,1915500,532.0833333333333,21.557
6386,1915800,532.1666666666666,21.513
6387,1916100,532.25,21.47
6388,1916400,532.3333333333333,21.427
6389,1916700,532.4166666666666,21.383
6390,1917000,532.5,21.34
6391,1917300,532.5833333333333,21.297
6392,1917600,532.6666666666666,21.253
6393,1917900,532.75,21.21
6394,1918200,532.8333333333333,21.167
6395,1918500,532.9166666666666,21.123
6396,1918800,533.0,21.08
6397,1919100,533.0833333333333,21.195
6398,1919400,533.1666666666666,21.31
6399,1919700,533.25,21.425
6400,1920000,533.3333333333333,21.54
6401,1920300,533.4166666666666,21.655
6402,1920600,533.5,21.77
6403,1920900,533.5833333333333,21.885
6404,1921200,533.6666666666666,22.0
6405,1921500,533.75,22.115
6406,1921800,533.8333333333333,22.23
6407,1922100,533.9166666666666,22.345
6408,1922400,534.0,22.46
6409,1922700,534.0833333333333,22.693
6410,1923000,534.1666666666666,22.927
6411,1923300,534.25,23.16
6412,1923600,534.3333333333333,23.393
6413,1923900,534.4166666666666,23.627
6414,1924200,534.5,23.86
6415,1924500,534.5833333333333,24.093
6416,1924800,534.6666666666666,24.327
6417,1925100,534.75,24.56
6418,1925400,534.8333333333333,24.793
6419,1925700,534.9166666666666,25.027
6420,1926000,535.0,25.26
6421,1926300,535.0833333333333,25.486
6422,1926600,535.1666666666666,25.712
6423,1926900,535.25,25.938
6424,1927200,535.3333333333333,26.163
6425,1927500,535.4166666666666,26.389
6426,1927800,535.5,26.615
6427,1928100,535.5833333333333,26.841
6428,1928400,535.6666666666666,27.067
6429,1928700,535.75,27.292
6430,1929000,535.8333333333333,27.518
6431,1929300,535.9166666666666,27.744
6432,1929600,536.0,27.97
6433,1929900,536.0833333333333,28.158
6434,1930200,536.1666666666666,28.347
6435,1930500,536.25,28.535
6436,1930800,536.3333333333333,28.723
6437,1931100,536.4166666666666,28.912
6438,1931400,536.5,29.1
6439,1931700,536.5833333333333,29.288
6440,1932000,536.6666666666666,29.477
6441,1932300,536.75,29.665
6442,1932600,536.8333333333333,29.853
6443,1932900,536.9166666666666,30.042
6444,1933200,537.0,30.23
6445,1933500,537.0833333333333,30.374
6446,1933800,537.1666666666666,30.518
6447,1934100,537.25,30.662
6448,1934400,537.3333333333333,30.807
6449,1934700,537.4166666666666,30.951
6450,1935000,537.5,31.095
6451,1935300,537.5833333333333,31.239
6452,1935600,537.6666666666666,31.383
6453,1935900,537.75,31.528
6454,1936200,537.8333333333333,31.672
6455,1936500,537.9166666666666,31.816
6456,1936800,538.0,31.96
6457,1937100,538.0833333333333,32.059
6458,1937400,538.1666666666666,32.158
6459,1937700,538.25,32.258
6460,1938000,538.3333333333333,32.357
6461,1938300,538.4166666666666,32.456
6462,1938600,538.5,32.555
6463,1938900,538.5833333333333,32.654
6464,1939200,538.6666666666666,32.753
6465,1939500,538.75,32.852
6466,1939800,538.8333333333333,32.952
6467,1940100,538.9166666666666,33.051
6468,1940400,539.0,33.15
6469,1940700,539.0833333333333,33.208
6470,1941000,539.1666666666666,33.267
6471,1941300,539.25,33.325
6472,1941600,539.3333333333333,33.383
6473,1941900,539.4166666666666,33.442
6474,1942200,539.5,33.5
6475,1942500,539.5833333333333,33.558
6476,1942800,539.6666666666666,33.617
6477,1943100,539.75,33.675
6478,1943400,539.8333333333333,33.733
6479,1943700,539.9166666666666,33.792
6480,1944000,540.0,33.85
6481,1944300,540.0833333333333,33.872
6482,1944600,540.1666666666666,33.895
6483,1944900,540.25,33.918
6484,1945200,540.3333333333333,33.94
6485,1945500,540.4166666666666,33.962
6486,1945800,540.5,33.985
6487,1946100,540.5833333333333,34.007
6488,1946400,540.6666666666666,34.03
6489,1946700,540.75,34.052
6490,1947000,540.8333333333333,34.075
6491,1947300,540.9166666666666,34.097
6492,1947600,541.0,34.12
6493,1947900,541.0833333333333,34.098
6494,1948200,541.1666666666666,34.075
6495,1948500,541.25,34.052
6496,1948800,541.3333333333333,34.03
6497,1949100,541.4166666666666,34.008
6498,1949400,541.5,33.985
6499,1949700,541.5833333333333,33.963
6500,1950000,541.6666666666666,33.94
6501,1950300,541.75,33.918
6502,1950600,541.8333333333333,33.895
6503,1950900,541.9166666666666,33.873
6504,1951200,542.0,33.85
6505,1951500,542.0833333333333,33.8
6506,1951800,542.1666666666666,33.75
6507,1952100,542.25,33.7
6508,1952400,542.3333333333333,33.65
6509,1952700,542.4166666666666,33.6
6510,1953000,542.5,33.55
6511,1953300,542.5833333333333,33.5
6512,1953600,542.6666666666666,33.45
6513,1953900,542.75,33.4
6514,1954200,542.8333333333333,33.35
6515,1954500,542.9166666666666,33.3
6516,1954800,543.0,33.25
6517,1955100,543.0833333333333,33.152
6518,1955400,543.1666666666666,33.053
6519,1955700,543.25,32.955
6520,1956000,543.3333333333333,32.857
6521,1956300,543.4166666666666,32.758
6522,1956600,543.5,32.66
6523,1956900,543.5833333333333,32.562
6524,1957200,543.6666666666666,32.463
6525,1957500,543.75,32.365
6526,1957800,543.8333333333333,32.267
6527,1958100,543.9166666666666,32.168
6528,1958400,544.0,32.07
6529,1958700,544.0833333333333,31.912
6530,1959000,544.1666666666666,31.753
6531,1959300,544.25,31.595
6532,1959600,544.3333333333333,31.437
6533,1959900,544.4166666666666,31.278
6534,1960200,544.5,31.12
6535,1960500,544.5833333333333,30.962
6536,1960800,544.6666666666666,30.803
6537,1961100,544.75,30.645
6538,1961400,544.8333333333333,30.487
6539,1961700,544.9166666666666,30.328
6540,1962000,545.0,30.17
6541,1962300,545.0833333333333,30.023
6542,1962600,545.1666666666666,29.877
6543,1962900,545.25,29.73
6544,1963200,545.3333333333333,29.583
6545,1963500,545.4166666666666,29.437
6546,1963800,545.5,29.29
6547,1964100,545.5833333333333,29.143
6548,1964400,545.6666666666666,28.997
6549,1964700,545.75,28.85
6550,1965000,545.8333333333333,28.703
6551,1965300,545.9166666666666,28.557
6552,1965600,546.0,28.41
6553,1965900,546.0833333333333,28.373
6554,1966200,546.1666666666666,28.337
6555,1966500,546.25,28.3
6556,1966800,546.3333333333333,28.263
6557,1967100,546.4166666666666,28.227
6558,1967400,546.5,28.19
6559,1967700,546.5833333333333,28.153
6560,1968000,546.6666666666666,28.117
6561,1968300,546.75,28.08
6562,1968600,546.8333333333333,28.043
6563,1968900,546.9166666666666,28.007
6564,1969200,547.0,27.97
6565,1969500,547.0833333333333,27.917
6566,1969800,547.1666666666666,27.863
6567,1970100,547.25,27.81
6568,1970400,547.3333333333333,27.757
6569,1970700,547.4166666666666,27.703
6570,1971000,547.5,27.65
6571,1971300,547.5833333333333,27.597
6572,1971600,547.6666666666666,27.543
6573,1971900,547.75,27.49
6574,1972200,547.8333333333333,27.437
6575,1972500,547.9166666666666,27.383
6576,1972800,548.0,27.33
6577,1973100,548.0833333333333,27.252
6578,1973400,548.1666666666666,27.173
6579,1973700,548.25,27.095
6580,1974000,548.3333333333333,27.017
6581,1974300,548.4166666666666,26.938
6582,1974600,548.5,26.86
6583,1974900,548.5833333333333,26.782
6584,1975200,548.6666666666666,26.703
6585,1975500,548.75,26.625
6586,1975800,548.8333333333333,26.547
6587,1976100,548.9166666666666,26.468
6588,1976400,549.0,26.39
6589,1976700,549.0833333333333,26.316
6590,1977000,549.1666666666666,26.242
6591,1977300,549.25,26.168
6592,1977600,549.3333333333333,26.093
6593,1977900,549.4166666666666,26.019
6594,1978200,549.5,25.945
6595,1978500,549.5833333333333,25.871
6596,1978800,549.6666666666666,25.797
6597,1979100,549.75,25.722
6598,1979400,549.8333333333333,25.648
6599,1979700,549.9166666666666,25.574
6600,1980000,550.0,25.5
6601,1980300,550.0833333333333,25.441
6602,1980600,550.1666666666666,25.382
6603,1980900,550.25,25.322
6604,1981200,550.3333333333333,25.263
6605,1981500,550.4166666666666,25.204
6606,1981800,550.5,25.145
6607,1982100,550.5833333333333,25.086
6608,1982400,550.6666666666666,25.027
6609,1982700,550.75,24.968
6610,1983000,550.8333333333333,24.908
6611,1983300,550.9166666666666,24.849
6612,1983600,551.0,24.79
6613,1983900,551.0833333333333,24.763
6614,1984200,551.1666666666666,24.737
6615,1984500,551.25,24.71
6616,1984800,551.3333333333333,24.683
6617,1985100,551.4166666666666,24.657
6618,1985400,551.5,24.63
6619,1985700,551.5833333333333,24.603
6620,1986000,551.6666666666666,24.577
6621,1986300,551.75,24.55
6622,1986600,551.8333333333333,24.523
6623,1986900,551.9166666666666,24.497
6624,1987200,552.0,24.47
6625,1987500,552.0833333333333,24.411
6626,1987800,552.1666666666666,24.352
6627,1988100,552.25,24.292
6628,1988400,552.3333333333333,24.233
6629,1988700,552.4166666666666,24.174
6630,1989000,552.5,24.115
6631,1989300,552.5833333333333,24.056
6632,1989600,552.6666666666666,23.997
6633,1989900,552.75,23.938
6634,1990200,552.8333333333333,23.878
6635,1990500,552.9166666666666,23.819
6636,1990800,553.0,23.76
6637,1991100,553.0833333333333,23.673
6638,1991400,553.1666666666666,23.587
6639,1991700,553.25,23.5
6640,1992000,553.3333333333333,23.413
6641,1992300,553.4166666666666,23.327
6642,1992600,553.5,23.24
6643,1992900,553.5833333333333,23.153
6644,1993200,553.6666666666666,23.067
6645,1993500,553.75,22.98
6646,1993800,553.8333333333333,22.893
6647,1994100,553.9166666666666,22.807
6648,1994400,554.0,22.72
6649,1994700,554.0833333333333,22.667
6650,1995000,554.1666666666666,22.613
6651,1995300,554.25,22.56
6652,1995600,554.3333333333333,22.507
6653,1995900,554.4166666666666,22.453
6654,1996200,554.5,22.4
6655,1996500,554.5833333333333,22.347
6656,1996800,554.6666666666666,22.293
6657,1997100,554.75,22.24
6658,1997400,554.8333333333333,22.187
6659,1997700,554.9166666666666,22.133
6660,1998000,555.0,22.08
6661,1998300,555.0833333333333,22.044
6662,1998600,555.1666666666666,22.008
6663,1998900,555.25,21.972
6664,1999200,555.3333333333333,21.937
6665,1999500,555.4166666666666,21.901
6666,1999800,555.5,21.865
6667,2000100,555.5833333333333,21.829
6668,2000400,555.6666666666666,21.793
6669,2000700,555.75,21.758
6670,2001000,555.8333333333333,21.722
6671,2001300,555.9166666666666,21.686
6672,2001600,556.0,21.65
6673,2001900,556.0833333333333,21.631
6674,2002200,556.1666666666666,21.612
6675,2002500,556.25,21.592
6676,2002800,556.3333333333333,21.573
6677,2003100,556.4166666666666,21.554
6678,2003400,556.5,21.535
6679,2003700,556.5833333333333,21.516
6680,2004000,556.6666666666666,21.497
6681,2004300,556.75,21.478
6682,2004600,556.8333333333333,21.458
6683,2004900,556.9166666666666,21.439
6684,2005200,557.0,21.42
6685,2005500,557.0833333333333,21.487
6686,2005800,557.1666666666666,21.555
6687,2006100,557.25,21.623
6688,2006400,557.3333333333333,21.69
6689,2006700,557.4166666666666,21.757
6690,2007000,557.5,21.825
6691,2007300,557.5833333333333,21.892
6692,2007600,557.6666666666666,21.96
6693,2007900,557.75,22.028
6694,2008200,557.8333333333333,22.095
6695,2008500,557.9166666666666,22.162
6696,2008800,558.0,22.23
6697,2009100,558.0833333333333,22.377
6698,2009400,558.1666666666666,22.525
6699,2009700,558.25,22.672
6700,2010000,558.3333333333333,22.82
6701,2010300,558.4166666666666,22.967
6702,2010600,558.5,23.115
6703,2010900,558.5833333333333,23.262
6704,2011200,558.6666666666666,23.41
6705,2011500,558.75,23.558
6706,2011800,558.8333333333333,23.705
6707,2012100,558.9166666666666,23.852
6708,2012400,559.0,24.0
6709,2012700,559.0833333333333,24.217
6710,2013000,559.1666666666666,24.433
6711,2013300,559.25,24.65
6712,2013600,559.3333333333333,24.867
6713,2013900,559.4166666666666,25.083
6714,2014200,559.5,25.3
6715,2014500,559.5833333333333,25.517
6716,2014800,559.6666666666666,25.733
6717,2015100,559.75,25.95
6718,2015400,559.8333333333333,26.167
6719,2015700,559.9166666666666,26.383
6720,2016000,560.0,26.6
6721,2016300,560.0833333333333,26.801
6722,2016600,560.1666666666666,27.002
6723,2016900,560.25,27.202
6724,2017200,560.3333333333333,27.403
6725,2017500,560.4166666666666,27.604
6726,2017800,560.5,27.805
6727,2018100,560.5833333333333,28.006
6728,2018400,560.6666666666666,28.207
6729,2018700,560.75,28.408
6730,2019000,560.8333333333333,28.608
6731,2019300,560.9166666666666,28.809
6732,2019600,561.0,29.01
6733,2019900,561.0833333333333,29.144
6734,2020200,561.1666666666666,29.278
6735,2020500,561.25,29.412
6736,2020800,561.3333333333333,29.547
6737,2021100,561.4166666666666,29.681
6738,2021400,561.5,29.815
6739,2021700,561.5833333333333,29.949
6740,2022000,561.6666666666666,30.083
6741,2022300,561.75,30.218
6742,2022600,561.8333333333333,30.352
6743,2022900,561.9166666666666,30.486
6744,2023200,562.0,30.62
6745,2023500,562.0833333333333,30.712
6746,2023800,562.1666666666666,30.805
6747,2024100,562.25,30.898
6748,2024400,562.3333333333333,30.99
6749,2024700,562.4166666666666,31.082
6750,2025000,562.5,31.175
6751,2025300,562.5833333333333,31.267
6752,2025600,562.6666666666666,31.36
6753,2025900,562.75,31.452
6754,2026200,562.8333333333333,31.545
6755,2026500,562.9166666666666,31.637
6756,2026800,563.0,31.73
6757,2027100,563.0833333333333,31.782
6758,2027400,563.1666666666666,31.833
6759,2027700,563.25,31.885
6760,2028000,563.3333333333333,31.937
6761,2028300,563.4166666666666,31.988
6762,2028600,563.5,32.04
6763,2028900,563.5833333333333,32.092
6764,2029200,563.6666666666666,32.143
6765,2029500,563.75,32.195
6766,2029800,563.8333333333333,32.247
6767,2030100,563.9166666666666,32.298
6768,2030400,564.0,32.35
6769,2030700,564.0833333333333,32.371
6770,2031000,564.1666666666666,32.392
6771,2031300,564.25,32.412
6772,2031600,564.3333333333333,32.433
6773,2031900,564.4166666666666,32.454
6774,2032200,564.5,32.475
6775,2032500,564.5833333333333,32.496
6776,2032800,564.6666666666666,32.517
6777,2033100,564.75,32.538
6778,2033400,564.8333333333333,32.558
6779,2033700,564.9166666666666,32.579
6780,2034000,565.0,32.6
6781,2034300,565.0833333333333,32.575
6782,2034600,565.1666666666666,32.55
6783,2034900,565.25,32.525
6784,2035200,565.3333333333333,32.5
6785,2035500,565.4166666666666,32.475
6786,2035800,565.5,32.45
6787,2036100,565.5833333333333,32.425
6788,2036400,565.6666666666666,32.4
6789,2036700,565.75,32.375
6790,2037000,565.8333333333333,32.35
6791,2037300,565.9166666666666,32.325
6792,2037600,566.0,32.3
6793,2037900,566.0833333333333,32.253
6794,2038200,566.1666666666666,32.205
6795,2038500,566.25,32.158
6796,2038800,566.3333333333333,32.11
6797,2039100,566.4166666666666,32.063
6798,2039400,566.5,32.015
6799,2039700,566.5833333333333,31.968
6800,2040000,566.6666666666666,31.92
6801,2040300,566.75,31.872
6802,2040600,566.8333333333333,31.825
6803,2040900,566.9166666666666,31.778
6804,2041200,567.0,31.73
6805,2041500,567.0833333333333,31.646
6806,2041800,567.1666666666666,31.562
6807,2042100,567.25,31.478
6808,2042400,567.3333333333333,31.393
6809,2042700,567.4166666666666,31.309
6810,2043000,567.5,31.225
6811,2043300,567.5833333333333,31.141
6812,2043600,567.6666666666666,31.057
6813,2043900,567.75,30.972
6814,2044200,567.8333333333333,30.888
6815,2044500,567.9166666666666,30.804
6816,2044800,568.0,30.72
6817,2045100,568.0833333333333,30.571
6818,2045400,568.1666666666666,30.422
6819,2045700,568.25,30.272
6820,2046000,568.3333333333333,30.123
6821,2046300,568.4166666666666,29.974
6822,2046600,568.5,29.825
6823,2046900,568.5833333333333,29.676
6824,2047200,568.6666666666666,29.527
6825,2047500,568.75,29.377
6826,2047800,568.8333333333333,29.228
6827,2048100,568.9166666666666,29.079
6828,2048400,569.0,28.93
6829,2048700,569.0833333333333,28.767
6830,2049000,569.1666666666666,28.603
6831,2049300,569.25,28.44
6832,2049600,569.3333333333333,28.277
6833,2049900,569.4166666666666,28.113
6834,2050200,569.5,27.95
6835,2050500,569.5833333333333,27.787
6836,2050800,569.6666666666666,27.623
6837,2051100,569.75,27.46
6838,2051400,569.8333333333333,27.297
6839,2051700,569.9166666666666,27.133
6840,2052000,570.0,26.97
6841,2052300,570.0833333333333,26.906
6842,2052600,570.1666666666666,26.842
6843,2052900,570.25,26.778
6844,2053200,570.3333333333333,26.713
6845,2053500,570.4166666666666,26.649
6846,2053800,570.5,26.585
6847,2054100,570.5833333333333,26.521
6848,2054400,570.6666666666666,26.457
6849,2054700,570.75,26.392
6850,2055000,570.8333333333333,26.328
6851,2055300,570.9166666666666,26.264
6852,2055600,571.0,26.2
6853,2055900,571.0833333333333,26.141
6854,2056200,571.1666666666666,26.082
6855,2056500,571.25,26.022
6856,2056800,571.3333333333333,25.963
6857,2057100,571.4166666666666,25.904
6858,2057400,571.5,25.845
6859,2057700,571.5833333333333,25.786
6860,2058000,571.6666666666666,25.727
6861,2058300,571.75,25.667
6862,2058600,571.8333333333333,25.608
6863,2058900,571.9166666666666,25.549
6864,2059200,572.0,25.49
6865,2059500,572.0833333333333,25.433
6866,2059800,572.1666666666666,25.377
6867,2060100,572.25,25.32
6868,2060400,572.3333333333333,25.263
6869,2060700,572.4166666666666,25.207
6870,2061000,572.5,25.15
6871,2061300,572.5833333333333,25.093
6872,2061600,572.6666666666666,25.037
6873,2061900,572.75,24.98
6874,2062200,572.8333333333333,24.923
6875,2062500,572.9166666666666,24.867
6876,2062800,573.0,24.81
6877,2063100,573.0833333333333,24.763
6878,2063400,573.1666666666666,24.717
6879,2063700,573.25,24.67
6880,2064000,573.3333333333333,24.623
6881,2064300,573.4166666666666,24.577
6882,2064600,573.5,24.53
6883,2064900,573.5833333333333,24.483
6884,2065200,573.6666666666666,24.437
6885,2065500,573.75,24.39
6886,2065800,573.8333333333333,24.343
6887,2066100,573.9166666666666,24.297
6888,2066400,574.0,24.25
6889,2066700,574.0833333333333,24.213
6890,2067000,574.1666666666666,24.175
6891,2067300,574.25,24.138
6892,2067600,574.3333333333333,24.1
6893,2067900,574.4166666666666,24.063
6894,2068200,574.5,24.025
6895,2068500,574.5833333333333,23.988
6896,2068800,574.6666666666666,23.95
6897,2069100,574.75,23.912
6898,2069400,574.8333333333333,23.875
6899,2069700,574.9166666666666,23.838
6900,2070000,575.0,23.8
6901,2070300,575.0833333333333,23.766
6902,2070600,575.1666666666666,23.732
6903,2070900,575.25,23.698
6904,2071200,575.3333333333333,23.663
6905,2071500,575.4166666666666,23.629
6906,2071800,575.5,23.595
6907,2072100,575.5833333333333,23.561
6908,2072400,575.6666666666666,23.527
6909,2072700,575.75,23.492
6910,2073000,575.8333333333333,23.458
6911,2073300,575.9166666666666,23.424
6912,2073600,576.0,23.39
6913,2073900,576.0833333333333,23.352
6914,2074200,576.1666666666666,23.313
6915,2074500,576.25,23.275
6916,2074800,576.3333333333333,23.237
6917,2075100,576.4166666666666,23.198
6918,2075400,576.5,23.16
6919,2075700,576.5833333333333,23.122
6920,2076000,576.6666666666666,23.083
6921,2076300,576.75,23.045
6922,2076600,576.8333333333333,23.007
6923,2076900,576.9166666666666,22.968
6924,2077200,577.0,22.93
6925,2077500,577.0833333333333,22.893
6926,2077800,577.1666666666666,22.857
6927,2078100,577.25,22.82
6928,2078400,577.3333333333333,22.783
6929,2078700,577.4166666666666,22.747
6930,2079000,577.5,22.71
6931,2079300,577.5833333333333,22.673
6932,2079600,577.6666666666666,22.637
6933,2079900,577.75,22.6
6934,2080200,577.8333333333333,22.563
6935,2080500,577.9166666666666,22.527
6936,2080800,578.0,22.49
6937,2081100,578.0833333333333,22.453
6938,2081400,578.1666666666666,22.417
6939,2081700,578.25,22.38
6940,2082000,578.3333333333333,22.343
6941,2082300,578.4166666666666,22.307
6942,2082600,578.5,22.27
6943,2082900,578.5833333333333,22.233
6944,2083200,578.6666666666666,22.197
6945,2083500,578.75,22.16
6946,2083800,578.8333333333333,22.123
6947,2084100,578.9166666666666,22.087
6948,2084400,579.0,22.05
6949,2084700,579.0833333333333,22.019
6950,2085000,579.1666666666666,21.988
6951,2085300,579.25,21.958
6952,2085600,579.3333333333333,21.927
6953,2085900,579.4166666666666,21.896
6954,2086200,579.5,21.865
6955,2086500,579.5833333333333,21.834
6956,2086800,579.6666666666666,21.803
6957,2087100,579.75,21.772
6958,2087400,579.8333333333333,21.742
6959,2087700,579.9166666666666,21.711
6960,2088000,580.0,21.68
6961,2088300,580.0833333333333,21.666
6962,2088600,580.1666666666666,21.652
6963,2088900,580.25,21.638
6964,2089200,580.3333333333333,21.623
6965,2089500,580.4166666666666,21.609
6966,2089800,580.5,21.595
6967,2090100,580.5833333333333,21.581
6968,2090400,580.6666666666666,21.567
6969,2090700,580.75,21.553
6970,2091000,580.8333333333333,21.538
6971,2091300,580.9166666666666,21.524
6972,2091600,581.0,21.51
6973,2091900,581.0833333333333,21.588
6974,2092200,581.1666666666666,21.667
6975,2092500,581.25,21.745
6976,2092800,581.3333333333333,21.823
6977,2093100,581.4166666666666,21.902
6978,2093400,581.5,21.98
6979,2093700,581.5833333333333,22.058
6980,2094000,581.6666666666666,22.137
6981,2094300,581.75,22.215
6982,2094600,581.8333333333333,22.293
6983,2094900,581.9166666666666,22.372
6984,2095200,582.0,22.45
6985,2095500,582.0833333333333,22.611
6986,2095800,582.1666666666666,22.772
6987,2096100,582.25,22.932
6988,2096400,582.3333333333333,23.093
6989,2096700,582.4166666666666,23.254
6990,2097000,582.5,23.415
6991,2097300,582.5833333333333,23.576
6992,2097600,582.6666666666666,23.737
6993,2097900,582.75,23.898
6994,2098200,582.8333333333333,24.058
6995,2098500,582.9166666666666,24.219
6996,2098800,583.0,24.38
6997,2099100,583.0833333333333,24.572
6998,2099400,583.1666666666666,24.765
6999,2099700,583.25,24.958
7000,2100000,583.3333333333333,25.15
7001,2100300,583.4166666666666,25.342
7002,2100600,583.5,25.535
7003,2100900,583.5833333333333,25.727
7004,2101200,583.6666666666666,25.92
7005,2101500,583.75,26.112
7006,2101800,583.8333333333333,26.305
7007,2102100,583.9166666666666,26.497
7008,2102400,584.0,26.69
7009,2102700,584.0833333333333,26.811
7010,2103000,584.1666666666666,26.932
7011,2103300,584.25,27.053
7012,2103600,584.3333333333333,27.173
7013,2103900,584.4166666666666,27.294
7014,2104200,584.5,27.415
7015,2104500,584.5833333333333,27.536
7016,2104800,584.6666666666666,27.657
7017,2105100,584.75,27.778
7018,2105400,584.8333333333333,27.898
7019,2105700,584.9166666666666,28.019
7020,2106000,585.0,28.14
7021,2106300,585.0833333333333,28.232
7022,2106600,585.1666666666666,28.325
7023,2106900,585.25,28.418
7024,2107200,585.3333333333333,28.51
7025,2107500,585.4166666666666,28.602
7026,2107800,585.5,28.695
7027,2108100,585.5833333333333,28.787
7028,2108400,585.6666666666666,28.88
7029,2108700,585.75,28.972
7030,2109000,585.8333333333333,29.065
7031,2109300,585.9166666666666,29.157
7032,2109600,586.0,29.25
7033,2109900,586.0833333333333,29.307
7034,2110200,586.1666666666666,29.365
7035,2110500,586.25,29.422
7036,2110800,586.3333333333333,29.48
7037,2111100,586.4166666666666,29.537
7038,2111400,586.5,29.595
7039,2111700,586.5833333333333,29.652
7040,2112000,586.6666666666666,29.71
7041,2112300,586.75,29.768
7042,2112600,586.8333333333333,29.825
7043,2112900,586.9166666666666,29.882
7044,2113200,587.0,29.94
7045,2113500,587.0833333333333,29.962
7046,2113800,587.1666666666666,29.985
7047,2114100,587.25,30.008
7048,2114400,587.3333333333333,30.03
7049,2114700,587.4166666666666,30.052
7050,2115000,587.5,30.075
7051,2115300,587.5833333333333,30.097
7052,2115600,587.6666666666666,30.12
7053,2115900,587.75,30.143
7054,2116200,587.8333333333333,30.165
7055,2116500,587.9166666666666,30.187
7056,2116800,588.0,30.21
7057,2117100,588.0833333333333,30.224
7058,2117400,588.1666666666666,30.238
7059,2117700,588.25,30.252
7060,2118000,588.3333333333333,30.267
7061,2118300,588.4166666666666,30.281
7062,2118600,588.5,30.295
7063,2118900,588.5833333333333,30.309
7064,2119200,588.6666666666666,30.323
7065,2119500,588.75,30.338
7066,2119800,588.8333333333333,30.352
7067,2120100,588.9166666666666,30.366
7068,2120400,589.0,30.38
7069,2120700,589.0833333333333,30.35
7070,2121000,589.1666666666666,30.32
7071,2121300,589.25,30.29
7072,2121600,589.3333333333333,30.26
7073,2121900,589.4166666666666,30.23
7074,2122200,589.5,30.2
7075,2122500,589.5833333333333,30.17
7076,2122800,589.6666666666666,30.14
7077,2123100,589.75,30.11
7078,2123400,589.8333333333333,30.08
7079,2123700,589.9166666666666,30.05
7080,2124000,590.0,30.02
7081,2124300,590.0833333333333,29.968
7082,2124600,590.1666666666666,29.917
7083,2124900,590.25,29.865
7084,2125200,590.3333333333333,29.813
7085,2125500,590.4166666666666,29.762
7086,2125800,590.5,29.71
7087,2126100,590.5833333333333,29.658
7088,2126400,590.6666666666666,29.607
7089,2126700,590.75,29.555
7090,2127000,590.8333333333333,29.503
7091,2127300,590.9166666666666,29.452
7092,2127600,591.0,29.4
7093,2127900,591.0833333333333,29.33
7094,2128200,591.1666666666666,29.26
7095,2128500,591.25,29.19
7096,2128800,591.3333333333333,29.12
7097,2129100,591.4166666666666,29.05
7098,2129400,591.5,28.98
7099,2129700,591.5833333333333,28.91
7100,2130000,591.6666666666666,28.84
7101,2130300,591.75,28.77
7102,2130600,591.8333333333333,28.7
7103,2130900,591.9166666666666,28.63
7104,2131200,592.0,28.56
7105,2131500,592.0833333333333,28.488
7106,2131800,592.1666666666666,28.417
7107,2132100,592.25,28.345
7108,2132400,592.3333333333333,28.273
7109,2132700,592.4166666666666,28.202
7110,2133000,592.5,28.13
7111,2133300,592.5833333333333,28.058
7112,2133600,592.6666666666666,27.987
7113,2133900,592.75,27.915
7114,2134200,592.8333333333333,27.843
7115,2134500,592.9166666666666,27.772
7116,2134800,593.0,27.7
7117,2135100,593.0833333333333,27.545
7118,2135400,593.1666666666666,27.39
7119,2135700,593.25,27.235
7120,2136000,593.3333333333333,27.08
7121,2136300,593.4166666666666,26.925
7122,2136600,593.5,26.77
7123,2136900,593.5833333333333,26.615
7124,2137200,593.6666666666666,26.46
7125,2137500,593.75,26.305
7126,2137800,593.8333333333333,26.15
7127,2138100,593.9166666666666,25.995
7128,2138400,594.0,25.84
7129,2138700,594.0833333333333,25.75
7130,2139000,594.1666666666666,25.66
7131,2139300,594.25,25.57
7132,2139600,594.3333333333333,25.48
7133,2139900,594.4166666666666,25.39
7134,2140200,594.5,25.3
7135,2140500,594.5833333333333,25.21
7136,2140800,594.6666666666666,25.12
7137,2141100,594.75,25.03
7138,2141400,594.8333333333333,24.94
7139,2141700,594.9166666666666,24.85
7140,2142000,595.0,24.76
7141,2142300,595.0833333333333,24.703
7142,2142600,595.1666666666666,24.647
7143,2142900,595.25,24.59
7144,2143200,595.3333333333333,24.533
7145,2143500,595.4166666666666,24.477
7146,2143800,595.5,24.42
7147,2144100,595.5833333333333,24.363
7148,2144400,595.6666666666666,24.307
7149,2144700,595.75,24.25
7150,2145000,595.8333333333333,24.193
7151,2145300,595.9166666666666,24.137
7152,2145600,596.0,24.08
7153,2145900,596.0833333333333,24.032
7154,2146200,596.1666666666666,23.983
7155,2146500,596.25,23.935
7156,2146800,596.3333333333333,23.887
7157,2147100,596.4166666666666,23.838
7158,2147400,596.5,23.79
7159,2147700,596.5833333333333,23.742
7160,2148000,596.6666666666666,23.693
7161,2148300,596.75,23.645
7162,2148600,596.8333333333333,23.597
7163,2148900,596.9166666666666,23.548
7164,2149200,597.0,23.5
7165,2149500,597.0833333333333,23.458
7166,2149800,597.1666666666666,23.415
7167,2150100,597.25,23.372
7168,2150400,597.3333333333333,23.33
7169,2150700,597.4166666666666,23.288
7170,2151000,597.5,23.245
7171,2151300,597.5833333333333,23.203
7172,2151600,597.6666666666666,23.16
7173,2151900,597.75,23.118
7174,2152200,597.8333333333333,23.075
7175,2152500,597.9166666666666,23.033
7176,2152800,598.0,22.99
7177,2153100,598.0833333333333,22.954
7178,2153400,598.1666666666666,22.918
7179,2153700,598.25,22.882
7180,2154000,598.3333333333333,22.847
7181,2154300,598.4166666666666,22.811
7182,2154600,598.5,22.775
7183,2154900,598.5833333333333,22.739
7184,2155200,598.6666666666666,22.703
7185,2155500,598.75,22.667
7186,2155800,598.8333333333333,22.632
7187,2156100,598.9166666666666,22.596
7188,2156400,599.0,22.56
7189,2156700,599.0833333333333,22.53
7190,2157000,599.1666666666666,22.5
7191,2157300,599.25,22.47
7192,2157600,599.3333333333333,22.44
7193,2157900,599.4166666666666,22.41
7194,2158200,599.5,22.38
7195,2158500,599.5833333333333,22.35
7196,2158800,599.6666666666666,22.32
7197,2159100,599.75,22.29
7198,2159400,599.8333333333333,22.26
7199,2159700,599.9166666666666,22.23
7200,2160000,600.0,22.2
7201,2160300,600.0833333333333,22.175
7202,2160600,600.1666666666666,22.15
7203,2160900,600.25,22.125
7204,2161200,600.3333333333333,22.1
7205,2161500,600.4166666666666,22.075
7206,2161800,600.5,22.05
7207,2162100,600.5833333333333,22.025
7208,2162400,600.6666666666666,22.0
7209,2162700,600.75,21.975
7210,2163000,600.8333333333333,21.95
7211,2163300,600.9166666666666,21.925
7212,2163600,601.0,21.9
7213,2163900,601.0833333333333,21.883
7214,2164200,601.1666666666666,21.867
7215,2164500,601.25,21.85
7216,2164800,601.3333333333333,21.833
7217,2165100,601.4166666666666,21.817
7218,2165400,601.5,21.8
7219,2165700,601.5833333333333,21.783
7220,2166000,601.6666666666666,21.767
7221,2166300,601.75,21.75
7222,2166600,601.8333333333333,21.733
7223,2166900,601.9166666666666,21.717
7224,2167200,602.0,21.7
7225,2167500,602.0833333333333,21.684
7226,2167800,602.1666666666666,21.668
7227,2168100,602.25,21.652
7228,2168400,602.3333333333333,21.637
7229,2168700,602.4166666666666,21.621
7230,2169000,602.5,21.605
7231,2169300,602.5833333333333,21.589
7232,2169600,602.6666666666666,21.573
7233,2169900,602.75,21.558
7234,2170200,602.8333333333333,21.542
7235,2170500,602.9166666666666,21.526
7236,2170800,603.0,21.51
7237,2171100,603.0833333333333,21.496
7238,2171400,603.1666666666666,21.482
7239,2171700,603.25,21.468
7240,2172000,603.3333333333333,21.453
7241,2172300,603.4166666666666,21.439
7242,2172600,603.5,21.425
7243,2172900,603.5833333333333,21.411
7244,2173200,603.6666666666666,21.397
7245,2173500,603.75,21.382
7246,2173800,603.8333333333333,21.368
7247,2174100,603.9166666666666,21.354
7248,2174400,604.0,21.34
7249,2174700,604.0833333333333,21.337
7250,2175000,604.1666666666666,21.333
7251,2175300,604.25,21.33
7252,2175600,604.3333333333333,21.327
7253,2175900,604.4166666666666,21.323
7254,2176200,604.5,21.32
7255,2176500,604.5833333333333,21.317
7256,2176800,604.6666666666666,21.313
7257,2177100,604.75,21.31
7258,2177400,604.8333333333333,21.307
7259,2177700,604.9166666666666,21.303
7260,2178000,605.0,21.3
7261,2178300,605.0833333333333,21.372
7262,2178600,605.1666666666666,21.445
7263,2178900,605.25,21.518
7264,2179200,605.3333333333333,21.59
7265,2179500,605.4166666666666,21.662
7266,2179800,605.5,21.735
7267,2180100,605.5833333333333,21.807
7268,2180400,605.6666666666666,21.88
7269,2180700,605.75,21.952
7270,2181000,605.8333333333333,22.025
7271,2181300,605.9166666666666,22.097
7272,2181600,606.0,22.17
7273,2181900,606.0833333333333,22.326
7274,2182200,606.1666666666666,22.482
7275,2182500,606.25,22.638
7276,2182800,606.3333333333333,22.793
7277,2183100,606.4166666666666,22.949
7278,2183400,606.5,23.105
7279,2183700,606.5833333333333,23.261
7280,2184000,606.6666666666666,23.417
7281,2184300,606.75,23.572
7282,2184600,606.8333333333333,23.728
7283,2184900,606.9166666666666,23.884
7284,2185200,607.0,24.04
7285,2185500,607.0833333333333,24.227
7286,2185800,607.1666666666666,24.415
7287,2186100,607.25,24.602
7288,2186400,607.3333333333333,24.79
7289,2186700,607.4166666666666,24.977
7290,2187000,607.5,25.165
7291,2187300,607.5833333333333,25.352
7292,2187600,607.6666666666666,25.54
7293,2187900,607.75,25.728
7294,2188200,607.8333333333333,25.915
7295,2188500,607.9166666666666,26.102
7296,2188800,608.0,26.29
7297,2189100,608.0833333333333,26.467
7298,2189400,608.1666666666666,26.643
7299,2189700,608.25,26.82
7300,2190000,608.3333333333333,26.997
7301,2190300,608.4166666666666,27.173
7302,2190600,608.5,27.35
7303,2190900,608.5833333333333,27.527
7304,2191200,608.6666666666666,27.703
7305,2191500,608.75,27.88
7306,2191800,608.8333333333333,28.057
7307,2192100,608.9166666666666,28.233
7308,2192400,609.0,28.41
7309,2192700,609.0833333333333,28.55
7310,2193000,609.1666666666666,28.69
7311,2193300,609.25,28.83
7312,2193600,609.3333333333333,28.97
7313,2193900,609.4166666666666,29.11
7314,2194200,609.5,29.25
7315,2194500,609.5833333333333,29.39
7316,2194800,609.6666666666666,29.53
7317,2195100,609.75,29.67
7318,2195400,609.8333333333333,29.81
7319,2195700,609.9166666666666,29.95
7320,2196000,610.0,30.09
7321,2196300,610.0833333333333,30.187
7322,2196600,610.1666666666666,30.285
7323,2196900,610.25,30.382
7324,2197200,610.3333333333333,30.48
7325,2197500,610.4166666666666,30.577
7326,2197800,610.5,30.675
7327,2198100,610.5833333333333,30.772
7328,2198400,610.6666666666666,30.87
7329,2198700,610.75,30.968
7330,2199000,610.8333333333333,31.065
7331,2199300,610.9166666666666,31.162
7332,2199600,611.0,31.26
7333,2199900,611.0833333333333,31.313
7334,2200200,611.1666666666666,31.367
7335,2200500,611.25,31.42
7336,2200800,611.3333333333333,31.473
7337,2201100,611.4166666666666,31.527
7338,2201400,611.5,31.58
7339,2201700,611.5833333333333,31.633
7340,2202000,611.6666666666666,31.687
7341,2202300,611.75,31.74
7342,2202600,611.8333333333333,31.793
7343,2202900,611.9166666666666,31.847
7344,2203200,612.0,31.9
7345,2203500,612.0833333333333,31.909
7346,2203800,612.1666666666666,31.918
7347,2204100,612.25,31.928
7348,2204400,612.3333333333333,31.937
7349,2204700,612.4166666666666,31.946
7350,2205000,612.5,31.955
7351,2205300,612.5833333333333,31.964
7352,2205600,612.6666666666666,31.973
7353,2205900,612.75,31.982
7354,2206200,612.8333333333333,31.992
7355,2206500,612.9166666666666,32.001
7356,2206800,613.0,32.01
7357,2207100,613.0833333333333,31.989
7358,2207400,613.1666666666666,31.968
7359,2207700,613.25,31.947
7360,2208000,613.3333333333333,31.927
7361,2208300,613.4166666666666,31.906
7362,2208600,613.5,31.885
7363,2208900,613.5833333333333,31.864
7364,2209200,613.6666666666666,31.843
7365,2209500,613.75,31.822
7366,2209800,613.8333333333333,31.802
7367,2210100,613.9166666666666,31.781
7368,2210400,614.0,31.76
7369,2210700,614.0833333333333,31.708
7370,2211000,614.1666666666666,31.655
7371,2211300,614.25,31.602
7372,2211600,614.3333333333333,31.55
7373,2211900,614.4166666666666,31.498
7374,2212200,614.5,31.445
7375,2212500,614.5833333333333,31.393
7376,2212800,614.6666666666666,31.34
7377,2213100,614.75,31.288
7378,2213400,614.8333333333333,31.235
7379,2213700,614.9166666666666,31.183
7380,2214000,615.0,31.13
7381,2214300,615.0833333333333,31.043
7382,2214600,615.1666666666666,30.955
7383,2214900,615.25,30.868
7384,2215200,615.3333333333333,30.78
7385,2215500,615.4166666666666,30.693
7386,2215800,615.5,30.605
7387,2216100,615.5833333333333,30.518
7388,2216400,615.6666666666666,30.43
7389,2216700,615.75,30.342
7390,2217000,615.8333333333333,30.255
7391,2217300,615.9166666666666,30.168
7392,2217600,616.0,30.08
7393,2217900,616.0833333333333,29.917
7394,2218200,616.1666666666666,29.753
7395,2218500,616.25,29.59
7396,2218800,616.3333333333333,29.427
7397,2219100,616.4166666666666,29.263
7398,2219400,616.5,29.1
7399,2219700,616.5833333333333,28.937
7400,2220000,616.6666666666666,28.773
7401,2220300,616.75,28.61
7402,2220600,616.8333333333333,28.447
7403,2220900,616.9166666666666,28.283
7404,2221200,617.0,28.12
7405,2221500,617.0833333333333,27.931
7406,2221800,617.1666666666666,27.742
7407,2222100,617.25,27.553
7408,2222400,617.3333333333333,27.363
7409,2222700,617.4166666666666,27.174
7410,2223000,617.5,26.985
7411,2223300,617.5833333333333,26.796
7412,2223600,617.6666666666666,26.607
7413,2223900,617.75,26.418
7414,2224200,617.8333333333333,26.228
7415,2224500,617.9166666666666,26.039
7416,2224800,618.0,25.85
7417,2225100,618.0833333333333,25.772
7418,2225400,618.1666666666666,25.693
7419,2225700,618.25,25.615
7420,2226000,618.3333333333333,25.537
7421,2226300,618.4166666666666,25.458
7422,2226600,618.5,25.38
7423,2226900,618.5833333333333,25.302
7424,2227200,618.6666666666666,25.223
7425,2227500,618.75,25.145
7426,2227800,618.8333333333333,25.067
7427,2228100,618.9166666666666,24.988
7428,2228400,619.0,24.91
7429,2228700,619.0833333333333,24.844
7430,2229000,619.1666666666666,24.778
7431,2229300,619.25,24.712
7432,2229600,619.3333333333333,24.647
7433,2229900,619.4166666666666,24.581
7434,2230200,619.5,24.515
7435,2230500,619.5833333333333,24.449
7436,2230800,619.6666666666666,24.383
7437,2231100,619.75,24.318
7438,2231400,619.8333333333333,24.252
7439,2231700,619.9166666666666,24.186
7440,2232000,620.0,24.12
7441,2232300,620.0833333333333,24.063
7442,2232600,620.1666666666666,24.005
7443,2232900,620.25,23.948
7444,2233200,620.3333333333333,23.89
7445,2233500,620.4166666666666,23.833
7446,2233800,620.5,23.775
7447,2234100,620.5833333333333,23.718
7448,2234400,620.6666666666666,23.66
7449,2234700,620.75,23.602
7450,2235000,620.8333333333333,23.545
7451,2235300,620.9166666666666,23.488
7452,2235600,621.0,23.43
7453,2235900,621.0833333333333,23.378
7454,2236200,621.1666666666666,23.325
7455,2236500,621.25,23.272
7456,2236800,621.3333333333333,23.22
7457,2237100,621.4166666666666,23.168
7458,2237400,621.5,23.115
7459,2237700,621.5833333333333,23.063
7460,2238000,621.6666666666666,23.01
7461,2238300,621.75,22.958
7462,2238600,621.8333333333333,22.905
7463,2238900,621.9166666666666,22.853
7464,2239200,622.0,22.8
7465,2239500,622.0833333333333,22.76
7466,2239800,622.1666666666666,22.72
7467,2240100,622.25,22.68
7468,2240400,622.3333333333333,22.64
7469,2240700,622.4166666666666,22.6
7470,2241000,622.5,22.56
7471,2241300,622.5833333333333,22.52
7472,2241600,622.6666666666666,22.48
7473,2241900,622.75,22.44
7474,2242200,622.8333333333333,22.4
7475,2242500,622.9166666666666,22.36
7476,2242800,623.0,22.32
7477,2243100,623.0833333333333,22.287
7478,2243400,623.1666666666666,22.253
7479,2243700,623.25,22.22
7480,2244000,623.3333333333333,22.187
7481,2244300,623.4166666666666,22.153
7482,2244600,623.5,22.12
7483,2244900,623.5833333333333,22.087
7484,2245200,623.6666666666666,22.053
7485,2245500,623.75,22.02
7486,2245800,623.8333333333333,21.987
7487,2246100,623.9166666666666,21.953
7488,2246400,624.0,21.92
7489,2246700,624.0833333333333,21.894
7490,2247000,624.1666666666666,21.868
7491,2247300,624.25,21.842
7492,2247600,624.3333333333333,21.817
7493,2247900,624.4166666666666,21.791
7494,2248200,624.5,21.765
7495,2248500,624.5833333333333,21.739
7496,2248800,624.6666666666666,21.713
7497,2249100,624.75,21.688
7498,2249400,624.8333333333333,21.662
7499,2249700,624.9166666666666,21.636
7500,2250000,625.0,21.61
7501,2250300,625.0833333333333,21.595
7502,2250600,625.1666666666666,21.58
7503,2250900,625.25,21.565
7504,2251200,625.3333333333333,21.55
7505,2251500,625.4166666666666,21.535
7506,2251800,625.5,21.52
7507,2252100,625.5833333333333,21.505
7508,2252400,625.6666666666666,21.49
7509,2252700,625.75,21.475
7510,2253000,625.8333333333333,21.46
7511,2253300,625.9166666666666,21.445
7512,2253600,626.0,21.43
7513,2253900,626.0833333333333,21.418
7514,2254200,626.1666666666666,21.407
7515,2254500,626.25,21.395
7516,2254800,626.3333333333333,21.383
7517,2255100,626.4166666666666,21.372
7518,2255400,626.5,21.36
7519,2255700,626.5833333333333,21.348
7520,2256000,626.6666666666666,21.337
7521,2256300,626.75,21.325
7522,2256600,626.8333333333333,21.313
7523,2256900,626.9166666666666,21.302
7524,2257200,627.0,21.29
7525,2257500,627.0833333333333,21.279
7526,2257800,627.1666666666666,21.268
7527,2258100,627.25,21.258
7528,2258400,627.3333333333333,21.247
7529,2258700,627.4166666666666,21.236
7530,2259000,627.5,21.225
7531,2259300,627.5833333333333,21.214
7532,2259600,627.6666666666666,21.203
7533,2259900,627.75,21.192
7534,2260200,627.8333333333333,21.182
7535,2260500,627.9166666666666,21.171
7536,2260800,628.0,21.16
7537,2261100,628.0833333333333,21.165
7538,2261400,628.1666666666666,21.17
7539,2261700,628.25,21.175
7540,2262000,628.3333333333333,21.18
7541,2262300,628.4166666666666,21.185
7542,2262600,628.5,21.19
7543,2262900,628.5833333333333,21.195
7544,2263200,628.6666666666666,21.2
7545,2263500,628.75,21.205
7546,2263800,628.8333333333333,21.21
7547,2264100,628.9166666666666,21.215
7548,2264400,629.0,21.22
7549,2264700,629.0833333333333,21.307
7550,2265000,629.1666666666666,21.393
7551,2265300,629.25,21.48
7552,2265600,629.3333333333333,21.567
7553,2265900,629.4166666666666,21.653
7554,2266200,629.5,21.74
7555,2266500,629.5833333333333,21.827
7556,2266800,629.6666666666666,21.913
7557,2267100,629.75,22.0
7558,2267400,629.8333333333333,22.087
7559,2267700,629.9166666666666,22.173
7560,2268000,630.0,22.26
7561,2268300,630.0833333333333,22.415
7562,2268600,630.1666666666666,22.57
7563,2268900,630.25,22.725
7564,2269200,630.3333333333333,22.88
7565,2269500,630.4166666666666,23.035
7566,2269800,630.5,23.19
7567,2270100,630.5833333333333,23.345
7568,2270400,630.6666666666666,23.5
7569,2270700,630.75,23.655
7570,2271000,630.8333333333333,23.81
7571,2271300,630.9166666666666,23.965
7572,2271600,631.0,24.12
7573,2271900,631.0833333333333,24.327
7574,2272200,631.1666666666666,24.535
7575,2272500,631.25,24.742
7576,2272800,631.3333333333333,24.95
7577,2273100,631.4166666666666,25.157
7578,2273400,631.5,25.365
7579,2273700,631.5833333333333,25.572
7580,2274000,631.6666666666666,25.78
7581,2274300,631.75,25.988
7582,2274600,631.8333333333333,26.195
7583,2274900,631.9166666666666,26.402
7584,2275200,632.0,26.61
7585,2275500,632.0833333333333,26.776
7586,2275800,632.1666666666666,26.942
7587,2276100,632.25,27.108
7588,2276400,632.3333333333333,27.273
7589,2276700,632.4166666666666,27.439
7590,2277000,632.5,27.605
7591,2277300,632.5833333333333,27.771
7592,2277600,632.6666666666666,27.937
7593,2277900,632.75,28.102
7594,2278200,632.8333333333333,28.268
7595,2278500,632.9166666666666,28.434
7596,2278800,633.0,28.6
7597,2279100,633.0833333333333,28.718
7598,2279400,633.1666666666666,28.837
7599,2279700,633.25,28.955
7600,2280000,633.3333333333333,29.073
7601,2280300,633.4166666666666,29.192
7602,2280600,633.5,29.31
7603,2280900,633.5833333333333,29.428
7604,2281200,633.6666666666666,29.547
7605,2281500,633.75,29.665
7606,2281800,633.8333333333333,29.783
7607,2282100,633.9166666666666,29.902
7608,2282400,634.0,30.02
7609,2282700,634.0833333333333,30.089
7610,2283000,634.1666666666666,30.158
7611,2283300,634.25,30.228
7612,2283600,634.3333333333333,30.297
7613,2283900,634.4166666666666,30.366
7614,2284200,634.5,30.435
7615,2284500,634.5833333333333,30.504
7616,2284800,634.6666666666666,30.573
7617,2285100,634.75,30.643
7618,2285400,634.8333333333333,30.712
7619,2285700,634.9166666666666,30.781
7620,2286000,635.0,30.85
7621,2286300,635.0833333333333,30.873
7622,2286600,635.1666666666666,30.897
7623,2286900,635.25,30.92
7624,2287200,635.3333333333333,30.943
7625,2287500,635.4166666666666,30.967
7626,2287800,635.5,30.99
7627,2288100,635.5833333333333,31.013
7628,2288400,635.6666666666666,31.037
7629,2288700,635.75,31.06
7630,2289000,635.8333333333333,31.083
7631,2289300,635.9166666666666,31.107
7632,2289600,636.0,31.13
7633,2289900,636.0833333333333,31.131
7634,2290200,636.1666666666666,31.132
7635,2290500,636.25,31.132
7636,2290800,636.3333333333333,31.133
7637,2291100,636.4166666666666,31.134
7638,2291400,636.5,31.135
7639,2291700,636.5833333333333,31.136
7640,2292000,636.6666666666666,31.137
7641,2292300,636.75,31.138
7642,2292600,636.8333333333333,31.138
7643,2292900,636.9166666666666,31.139
7644,2293200,637.0,31.14
7645,2293500,637.0833333333333,31.095
7646,2293800,637.1666666666666,31.05
7647,2294100,637.25,31.005
7648,2294400,637.3333333333333,30.96
7649,2294700,637.4166666666666,30.915
7650,2295000,637.5,30.87
7651,2295300,637.5833333333333,30.825
7652,2295600,637.6666666666666,30.78
7653,2295900,637.75,30.735
7654,2296200,637.8333333333333,30.69
7655,2296500,637.9166666666666,30.645
7656,2296800,638.0,30.6
7657,2297100,638.0833333333333,30.548
7658,2297400,638.1666666666666,30.497
7659,2297700,638.25,30.445
7660,2298000,638.3333333333333,30.393
7661,2298300,638.4166666666666,30.342
7662,2298600,638.5,30.29
7663,2298900,638.5833333333333,30.238
7664,2299200,638.6666666666666,30.187
7665,2299500,638.75,30.135
7666,2299800,638.8333333333333,30.083
7667,2300100,638.9166666666666,30.032
7668,2300400,639.0,29.98
7669,2300700,639.0833333333333,29.916
7670,2301000,639.1666666666666,29.852
7671,2301300,639.25,29.788
7672,2301600,639.3333333333333,29.723
7673,2301900,639.4166666666666,29.659
7674,2302200,639.5,29.595
7675,2302500,639.5833333333333,29.531
7676,2302800,639.6666666666666,29.467
7677,2303100,639.75,29.402
7678,2303400,639.8333333333333,29.338
7679,2303700,639.9166666666666,29.274
7680,2304000,640.0,29.21
7681,2304300,640.0833333333333,29.083
7682,2304600,640.1666666666666,28.955
7683,2304900,640.25,28.828
7684,2305200,640.3333333333333,28.7
7685,2305500,640.4166666666666,28.573
7686,2305800,640.5,28.445
7687,2306100,640.5833333333333,28.318
7688,2306400,640.6666666666666,28.19
7689,2306700,640.75,28.062
7690,2307000,640.8333333333333,27.935
7691,2307300,640.9166666666666,27.808
7692,2307600,641.0,27.68
7693,2307900,641.0833333333333,27.498
7694,2308200,641.1666666666666,27.317
7695,2308500,641.25,27.135
7696,2308800,641.3333333333333,26.953
7697,2309100,641.4166666666666,26.772
7698,2309400,641.5,26.59
7699,2309700,641.5833333333333,26.408
7700,2310000,641.6666666666666,26.227
7701,2310300,641.75,26.045
7702,2310600,641.8333333333333,25.863
7703,2310900,641.9166666666666,25.682
7704,2311200,642.0,25.5
7705,2311500,642.0833333333333,25.446
7706,2311800,642.1666666666666,25.392
7707,2312100,642.25,25.338
7708,2312400,642.3333333333333,25.283
7709,2312700,642.4166666666666,25.229
7710,2313000,642.5,25.175
7711,2313300,642.5833333333333,25.121
7712,2313600,642.6666666666666,25.067
7713,2313900,642.75,25.013
7714,2314200,642.8333333333333,24.958
7715,2314500,642.9166666666666,24.904
7716,2314800,643.0,24.85
7717,2315100,643.0833333333333,24.801
7718,2315400,643.1666666666666,24.752
7719,2315700,643.25,24.702
7720,2316000,643.3333333333333,24.653
7721,2316300,643.4166666666666,24.604
7722,2316600,643.5,24.555
7723,2316900,643.5833333333333,24.506
7724,2317200,643.6666666666666,24.457
7725,2317500,643.75,24.408
7726,2317800,643.8333333333333,24.358
7727,2318100,643.9166666666666,24.309
7728,2318400,644.0,24.26
7729,2318700,644.0833333333333,24.223
7730,2319000,644.1666666666666,24.185
7731,2319300,644.25,24.148
7732,2319600,644.3333333333333,24.11
7733,2319900,644.4166666666666,24.073
7734,2320200,644.5,24.035
7735,2320500,644.5833333333333,23.998
7736,2320800,644.6666666666666,23.96
7737,2321100,644.75,23.922
7738,2321400,644.8333333333333,23.885
7739,2321700,644.9166666666666,23.848
7740,2322000,645.0,23.81
7741,2322300,645.0833333333333,23.777
7742,2322600,645.1666666666666,23.743
7743,2322900,645.25,23.71
7744,2323200,645.3333333333333,23.677
7745,2323500,645.4166666666666,23.643
7746,2323800,645.5,23.61
7747,2324100,645.5833333333333,23.577
7748,2324400,645.6666666666666,23.543
7749,2324700,645.75,23.51
7750,2325000,645.8333333333333,23.477
7751,2325300,645.9166666666666,23.443
7752,2325600,646.0,23.41
7753,2325900,646.0833333333333,23.38
7754,2326200,646.1666666666666,23.35
7755,2326500,646.25,23.32
7756,2326800,646.3333333333333,23.29
7757,2327100,646.4166666666666,23.26
7758,2327400,646.5,23.23
7759,2327700,646.5833333333333,23.2
7760,2328000,646.6666666666666,23.17
7761,2328300,646.75,23.14
7762,2328600,646.8333333333333,23.11
7763,2328900,646.9166666666666,23.08
7764,2329200,647.0,23.05
7765,2329500,647.0833333333333,23.027
7766,2329800,647.1666666666666,23.003
7767,2330100,647.25,22.98
7768,2330400,647.3333333333333,22.957
7769,2330700,647.4166666666666,22.933
7770,2331000,647.5,22.91
7771,2331300,647.5833333333333,22.887
7772,2331600,647.6666666666666,22.863
7773,2331900,647.75,22.84
7774,2332200,647.8333333333333,22.817
7775,2332500,647.9166666666666,22.793
7776,2332800,648.0,22.77
7777,2333100,648.0833333333333,22.748
7778,2333400,648.1666666666666,22.725
7779,2333700,648.25,22.702
7780,2334000,648.3333333333333,22.68
7781,2334300,648.4166666666666,22.658
7782,2334600,648.5,22.635
7783,2334900,648.5833333333333,22.613
7784,2335200,648.6666666666666,22.59
7785,2335500,648.75,22.568
7786,2335800,648.8333333333333,22.545
7787,2336100,648.9166666666666,22.523
7788,2336400,649.0,22.5
7789,2336700,649.0833333333333,22.479
7790,2337000,649.1666666666666,22.458
7791,2337300,649.25,22.438
7792,2337600,649.3333333333333,22.417
7793,2337900,649.4166666666666,22.396
7794,2338200,649.5,22.375
7795,2338500,649.5833333333333,22.354
7796,2338800,649.6666666666666,22.333
7797,2339100,649.75,22.312
7798,2339400,649.8333333333333,22.292
7799,2339700,649.9166666666666,22.271
7800,2340000,650.0,22.25
7801,2340300,650.0833333333333,22.222
7802,2340600,650.1666666666666,22.193
7803,2340900,650.25,22.165
7804,2341200,650.3333333333333,22.137
7805,2341500,650.4166666666666,22.108
7806,2341800,650.5,22.08
7807,2342100,650.5833333333333,22.052
7808,2342400,650.6666666666666,22.023
7809,2342700,650.75,21.995
7810,2343000,650.8333333333333,21.967
7811,2343300,650.9166666666666,21.938
7812,2343600,651.0,21.91
7813,2343900,651.0833333333333,21.887
7814,2344200,651.1666666666666,21.863
7815,2344500,651.25,21.84
7816,2344800,651.3333333333333,21.817
7817,2345100,651.4166666666666,21.793
7818,2345400,651.5,21.77
7819,2345700,651.5833333333333,21.747
7820,2346000,651.6666666666666,21.723
7821,2346300,651.75,21.7
7822,2346600,651.8333333333333,21.677
7823,2346900,651.9166666666666,21.653
7824,2347200,652.0,21.63
7825,2347500,652.0833333333333,21.625
7826,2347800,652.1666666666666,21.62
7827,2348100,652.25,21.615
7828,2348400,652.3333333333333,21.61
7829,2348700,652.4166666666666,21.605
7830,2349000,652.5,21.6
7831,2349300,652.5833333333333,21.595
7832,2349600,652.6666666666666,21.59
7833,2349900,652.75,21.585
7834,2350200,652.8333333333333,21.58
7835,2350500,652.9166666666666,21.575
7836,2350800,653.0,21.57
7837,2351100,653.0833333333333,21.671
7838,2351400,653.1666666666666,21.772
7839,2351700,653.25,21.873
7840,2352000,653.3333333333333,21.973
7841,2352300,653.4166666666666,22.074
7842,2352600,653.5,22.175
7843,2352900,653.5833333333333,22.276
7844,2353200,653.6666666666666,22.377
7845,2353500,653.75,22.478
7846,2353800,653.8333333333333,22.578
7847,2354100,653.9166666666666,22.679
7848,2354400,654.0,22.78
7849,2354700,654.0833333333333,22.969
7850,2355000,654.1666666666666,23.158
7851,2355300,654.25,23.348
7852,2355600,654.3333333333333,23.537
7853,2355900,654.4166666666666,23.726
7854,2356200,654.5,23.915
7855,2356500,654.5833333333333,24.104
7856,2356800,654.6666666666666,24.293
7857,2357100,654.75,24.482
7858,2357400,654.8333333333333,24.672
7859,2357700,654.9166666666666,24.861
7860,2358000,655.0,25.05
7861,2358300,655.0833333333333,25.259
7862,2358600,655.1666666666666,25.468
7863,2358900,655.25,25.678
7864,2359200,655.3333333333333,25.887
7865,2359500,655.4166666666666,26.096
7866,2359800,655.5,26.305
7867,2360100,655.5833333333333,26.514
7868,2360400,655.6666666666666,26.723
7869,2360700,655.75,26.932
7870,2361000,655.8333333333333,27.142
7871,2361300,655.9166666666666,27.351
7872,2361600,656.0,27.56
7873,2361900,656.0833333333333,27.706
7874,2362200,656.1666666666666,27.852
7875,2362500,656.25,27.998
7876,2362800,656.3333333333333,28.143
7877,2363100,656.4166666666666,28.289
7878,2363400,656.5,28.435
7879,2363700,656.5833333333333,28.581
7880,2364000,656.6666666666666,28.727
7881,2364300,656.75,28.872
7882,2364600,656.8333333333333,29.018
7883,2364900,656.9166666666666,29.164
7884,2365200,657.0,29.31
7885,2365500,657.0833333333333,29.395
7886,2365800,657.1666666666666,29.48
7887,2366100,657.25,29.565
7888,2366400,657.3333333333333,29.65
7889,2366700,657.4166666666666,29.735
7890,2367000,657.5,29.82
7891,2367300,657.5833333333333,29.905
7892,2367600,657.6666666666666,29.99
7893,2367900,657.75,30.075
7894,2368200,657.8333333333333,30.16
7895,2368500,657.9166666666666,30.245
7896,2368800,658.0,30.33
7897,2369100,658.0833333333333,30.371
7898,2369400,658.1666666666666,30.412
7899,2369700,658.25,30.452
7900,2370000,658.3333333333333,30.493
7901,2370300,658.4166666666666,30.534
7902,2370600,658.5,30.575
7903,2370900,658.5833333333333,30.616
7904,2371200,658.6666666666666,30.657
7905,2371500,658.75,30.697
7906,2371800,658.8333333333333,30.738
7907,2372100,658.9166666666666,30.779
7908,2372400,659.0,30.82
7909,2372700,659.0833333333333,30.837
7910,2373000,659.1666666666666,30.855
7911,2373300,659.25,30.873
7912,2373600,659.3333333333333,30.89
7913,2373900,659.4166666666666,30.907
7914,2374200,659.5,30.925
7915,2374500,659.5833333333333,30.942
7916,2374800,659.6666666666666,30.96
7917,2375100,659.75,30.978
7918,2375400,659.8333333333333,30.995
7919,2375700,659.9166666666666,31.012
7920,2376000,660.0,31.03
7921,2376300,660.0833333333333,31.026
7922,2376600,660.1666666666666,31.022
7923,2376900,660.25,31.018
7924,2377200,660.3333333333333,31.013
7925,2377500,660.4166666666666,31.009
7926,2377800,660.5,31.005
7927,2378100,660.5833333333333,31.001
7928,2378400,660.6666666666666,30.997
7929,2378700,660.75,30.992
7930,2379000,660.8333333333333,30.988
7931,2379300,660.9166666666666,30.984
7932,2379600,661.0,30.98
7933,2379900,661.0833333333333,30.962
7934,2380200,661.1666666666666,30.943
7935,2380500,661.25,30.925
7936,2380800,661.3333333333333,30.907
7937,2381100,661.4166666666666,30.888
7938,2381400,661.5,30.87
7939,2381700,661.5833333333333,30.852
7940,2382000,661.6666666666666,30.833
7941,2382300,661.75,30.815
7942,2382600,661.8333333333333,30.797
7943,2382900,661.9166666666666,30.778
7944,2383200,662.0,30.76
7945,2383500,662.0833333333333,30.741
7946,2383800,662.1666666666666,30.722
7947,2384100,662.25,30.702
7948,2384400,662.3333333333333,30.683
7949,2384700,662.4166666666666,30.664
7950,2385000,662.5,30.645
7951,2385300,662.5833333333333,30.626
7952,2385600,662.6666666666666,30.607
7953,2385900,662.75,30.588
7954,2386200,662.8333333333333,30.568
7955,2386500,662.9166666666666,30.549
7956,2386800,663.0,30.53
7957,2387100,663.0833333333333,30.488
7958,2387400,663.1666666666666,30.447
7959,2387700,663.25,30.405
7960,2388000,663.3333333333333,30.363
7961,2388300,663.4166666666666,30.322
7962,2388600,663.5,30.28
7963,2388900,663.5833333333333,30.238
7964,2389200,663.6666666666666,30.197
7965,2389500,663.75,30.155
7966,2389800,663.8333333333333,30.113
7967,2390100,663.9166666666666,30.072
7968,2390400,664.0,30.03
7969,2390700,664.0833333333333,29.941
7970,2391000,664.1666666666666,29.852
7971,2391300,664.25,29.763
7972,2391600,664.3333333333333,29.673
7973,2391900,664.4166666666666,29.584
7974,2392200,664.5,29.495
7975,2392500,664.5833333333333,29.406
7976,2392800,664.6666666666666,29.317
7977,2393100,664.75,29.228
7978,2393400,664.8333333333333,29.138
7979,2393700,664.9166666666666,29.049
7980,2394000,665.0,28.96
7981,2394300,665.0833333333333,28.818
7982,2394600,665.1666666666666,28.675
7983,2394900,665.25,28.532
7984,2395200,665.3333333333333,28.39
7985,2395500,665.4166666666666,28.248
7986,2395800,665.5,28.105
7987,2396100,665.5833333333333,27.963
7988,2396400,665.6666666666666,27.82
7989,2396700,665.75,27.678
7990,2397000,665.8333333333333,27.535
7991,2397300,665.9166666666666,27.393
7992,2397600,666.0,27.25
7993,2397900,666.0833333333333,27.112
7994,2398200,666.1666666666666,26.973
7995,2398500,666.25,26.835
7996,2398800,666.3333333333333,26.697
7997,2399100,666.4166666666666,26.558
7998,2399400,666.5,26.42
7999,2399700,666.5833333333333,26.282
8000,2400000,666.6666666666666,26.143
8001,2400300,666.75,26.005
8002,2400600,666.8333333333333,25.867
8003,2400900,666.9166666666666,25.728
8004,2401200,667.0,25.59
8005,2401500,667.0833333333333,25.477
8006,2401800,667.1666666666666,25.363
8007,2402100,667.25,25.25
8008,2402400,667.3333333333333,25.137
8009,2402700,667.4166666666666,25.023
8010,2403000,667.5,24.91
8011,2403300,667.5833333333333,24.797
8012,2403600,667.6666666666666,24.683
8013,2403900,667.75,24.57
8014,2404200,667.8333333333333,24.457
8015,2404500,667.9166666666666,24.343
8016,2404800,668.0,24.23
8017,2405100,668.0833333333333,24.169
8018,2405400,668.1666666666666,24.108
8019,2405700,668.25,24.048
8020,2406000,668.3333333333333,23.987
8021,2406300,668.4166666666666,23.926
8022,2406600,668.5,23.865
8023,2406900,668.5833333333333,23.804
8024,2407200,668.6666666666666,23.743
8025,2407500,668.75,23.682
8026,2407800,668.8333333333333,23.622
8027,2408100,668.9166666666666,23.561
8028,2408400,669.0,23.5
8029,2408700,669.0833333333333,23.452
8030,2409000,669.1666666666666,23.403
8031,2409300,669.25,23.355
8032,2409600,669.3333333333333,23.307
8033,2409900,669.4166666666666,23.258
8034,2410200,669.5,23.21
8035,2410500,669.5833333333333,23.162
8036,2410800,669.6666666666666,23.113
8037,2411100,669.75,23.065
8038,2411400,669.8333333333333,23.017
8039,2411700,669.9166666666666,22.968
8040,2412000,670.0,22.92
8041,2412300,670.0833333333333,22.879
8042,2412600,670.1666666666666,22.838
8043,2412900,670.25,22.798
8044,2413200,670.3333333333333,22.757
8045,2413500,670.4166666666666,22.716
8046,2413800,670.5,22.675
8047,2414100,670.5833333333333,22.634
8048,2414400,670.6666666666666,22.593
8049,2414700,670.75,22.553
8050,2415000,670.8333333333333,22.512
8051,2415300,670.9166666666666,22.471
8052,2415600,671.0,22.43
8053,2415900,671.0833333333333,22.398
8054,2416200,671.1666666666666,22.365
8055,2416500,671.25,22.332
8056,2416800,671.3333333333333,22.3
8057,2417100,671.4166666666666,22.268
8058,2417400,671.5,22.235
8059,2417700,671.5833333333333,22.203
8060,2418000,671.6666666666666,22.17
8061,2418300,671.75,22.138
8062,2418600,671.8333333333333,22.105
8063,2418900,671.9166666666666,22.073
