step,elapsed_seconds,elapsed_hours,workload,avg_cpu,avg_mem,avg_assigned_mem,avg_cycles_per_instruction
0,0,0.0,0.4416155843647663,0.4416155843647663,0.332384265123427,0.6240159650328806,148.61760667191493
1,300,0.08333333333333333,0.4331291456739953,0.4331291456739953,0.3267033332066497,0.6157454793807767,148.20622256465344
2,600,0.16666666666666666,0.4113634119105891,0.4113634119105891,0.3234448889340802,0.607362785727712,146.5902436980596
3,900,0.25,0.4080454185167151,0.4080454185167151,0.3270512411916694,0.6095300177182588,147.0946616598521
4,1200,0.3333333333333333,0.4168118711883127,0.4168118711883127,0.3336677940626482,0.6135335735269808,149.08209455966127
5,1500,0.4166666666666667,0.4114690532612257,0.4114690532612257,0.3344932817592017,0.6162740895970356,150.7852895985633
6,1800,0.5,0.4212163233336636,0.4212163233336636,0.3355708625714983,0.6145865271613935,150.4608626709421
7,2100,0.5833333333333334,0.4193632940000891,0.4193632940000891,0.3331218649618382,0.6136407494845278,149.15359951799095
8,2400,0.6666666666666666,0.4371932534787153,0.4371932534787153,0.3325772107298093,0.6138037186926125,148.82803195963567
9,2700,0.75,0.4365900130546631,0.4365900130546631,0.3333073378935337,0.616398864883808,148.81083254269245
10,3000,0.8333333333333334,0.4297287562972089,0.4297287562972089,0.3374339920461867,0.6185237487399059,148.33500287953262
11,3300,0.9166666666666666,0.4248711232737619,0.4248711232737619,0.3420230003197573,0.617342978543846,147.35678166294795
12,3600,1.0,0.4204086362564914,0.4204086362564914,0.3385442203078127,0.6136731700072479,147.13487762005255
13,3900,1.0833333333333333,0.4066144932627573,0.4066144932627573,0.3372353548567211,0.6125900159855038,147.19446732886914
14,4200,1.1666666666666667,0.4090215927607657,0.4090215927607657,0.3377864138605619,0.6117080715301177,146.97900385628105
15,4500,1.25,0.4094430933071726,0.4094430933071726,0.337838181521392,0.6109178866821571,147.33202678604846
16,4800,1.3333333333333333,0.4076724734054104,0.4076724734054104,0.336434689917352,0.6113277608661672,146.88526145364872
17,5100,1.4166666666666667,0.4123568741040113,0.4123568741040113,0.3372427169061524,0.6128145647489371,147.16133935349794
18,5400,1.5,0.4179233141449899,0.4179233141449899,0.3353248573370473,0.6118979687254329,147.24121951453247
19,5700,1.5833333333333333,0.4074140840173267,0.4074140840173267,0.335076265531264,0.6089981224835175,146.1048788608952
20,6000,1.6666666666666667,0.4131184470042971,0.4131184470042971,0.3362759610968008,0.6082009592544713,145.9058898330634
21,6300,1.75,0.4124137136015191,0.4124137136015191,0.3367193561121204,0.6070377894495738,145.72472197602718
22,6600,1.8333333333333333,0.4149978218154676,0.4149978218154676,0.3363325128226028,0.6019587906601148,144.76093771487012
23,6900,1.9166666666666667,0.411967675950347,0.411967675950347,0.3357138471095984,0.6006806642114221,144.3667143647661
24,7200,2.0,0.4262260137168271,0.4262260137168271,0.3349115861301618,0.5994480967534178,144.0774867727972
25,7500,2.0833333333333335,0.4071672871726078,0.4071672871726078,0.3325258703969408,0.5999587070330186,143.5461210433205
26,7800,2.1666666666666665,0.3873571449317443,0.3873571449317443,0.3276830514689071,0.5973392663315744,141.63324564588083
27,8100,2.25,0.3736667522967253,0.3736667522967253,0.3235786423776737,0.5967388641472736,141.82030547678303
28,8400,2.3333333333333335,0.3836557404316985,0.3836557404316985,0.3262066897165109,0.5990774635002725,144.96323416028835
29,8700,2.4166666666666665,0.3927341252033752,0.3927341252033752,0.3239484115512519,0.6012977210822424,149.54027945995315
30,9000,2.5,0.3946014258193562,0.3946014258193562,0.3260747650362639,0.6006106746909754,150.56791276751457
31,9300,2.5833333333333335,0.390859413647326,0.390859413647326,0.3280455447193955,0.6042692440629347,149.41122447353422
32,9600,2.6666666666666665,0.4061683886797851,0.4061683886797851,0.3300350089717764,0.6053117052233586,149.64645809009974
33,9900,2.75,0.4057880687073027,0.4057880687073027,0.3329759056482072,0.6054665172530472,149.37103584116414
34,10200,2.8333333333333335,0.4141178057035604,0.4141178057035604,0.3335666590433584,0.6051378346210156,148.13172160179076
35,10500,2.9166666666666665,0.4211188486701395,0.4211188486701395,0.3306847504464434,0.6044724018607783,147.45984650954983
36,10800,3.0,0.4015305976775593,0.4015305976775593,0.3258882751368768,0.6041919610372483,146.6610602086642
37,11100,3.0833333333333335,0.396507672015537,0.396507672015537,0.3254317615800067,0.6034410578567331,146.69737786345823
38,11400,3.1666666666666665,0.3997065243584404,0.3997065243584404,0.3200735930243555,0.5986142727470238,146.4013363782856
39,11700,3.25,0.3774909407685418,0.3774909407685418,0.3209400913600017,0.601010524935107,147.56785138589547
40,12000,3.3333333333333335,0.3967945382307079,0.3967945382307079,0.325457910411018,0.6052322538817984,148.7511684026548
41,12300,3.4166666666666665,0.4022157774953364,0.4022157774953364,0.3315228640263787,0.6080196327372014,150.35946174163354
42,12600,3.5,0.407621427502583,0.407621427502583,0.333387086243577,0.6076943661436265,150.34417308037646
43,12900,3.5833333333333335,0.412837460454132,0.412837460454132,0.3338892145364032,0.6061750419593499,150.32707637387963
44,13200,3.6666666666666665,0.4133428304790136,0.4133428304790136,0.3321405965817249,0.6041804093580996,149.29666822731556
45,13500,3.75,0.393604860998421,0.393604860998421,0.3308555259112058,0.602210273270244,148.70856015961195
46,13800,3.8333333333333335,0.4045843880883193,0.4045843880883193,0.3289218824716496,0.6024807159085894,149.3719823257728
47,14100,3.9166666666666665,0.3966877369396235,0.3966877369396235,0.3285675990691613,0.6026803242069242,150.35142884459896
48,14400,4.0,0.3985013102914524,0.3985013102914524,0.3278568793759589,0.6016057190545238,149.39328347081815
49,14700,4.083333333333333,0.3947518371617275,0.3947518371617275,0.3265249735412876,0.6012222887249219,149.00861484806234
50,15000,4.166666666666667,0.4153548830402283,0.4153548830402283,0.3292659896447033,0.6018164781439136,147.4132576086772
51,15300,4.25,0.3894931596378375,0.3894931596378375,0.3251897510718775,0.5987116807439611,148.12088483376493
52,15600,4.333333333333333,0.4057720215379327,0.4057720215379327,0.3238856104592568,0.5990801448360256,149.1225127742511
53,15900,4.416666666666667,0.4030690176009324,0.4030690176009324,0.3247842022242666,0.5997044988629759,148.93210491943043
54,16200,4.5,0.4141774101193022,0.4141774101193022,0.3270068153569428,0.5987014184759686,147.3416803406545
55,16500,4.583333333333333,0.4045644045301728,0.4045644045301728,0.3278929164501517,0.6020649205257614,146.85955093640476
56,16800,4.666666666666667,0.4149059531094826,0.4149059531094826,0.3300330637634227,0.6024670150931425,145.95959699096542
57,17100,4.75,0.3991846094805171,0.3991846094805171,0.3288023023624363,0.6008592327106326,145.79298771670662
58,17400,4.833333333333333,0.3942880007857055,0.3942880007857055,0.326231396109432,0.5965774028013685,143.9021938718952
59,17700,4.916666666666667,0.3858027634352419,0.3858027634352419,0.3216696872519013,0.5954567559319911,144.8272743575848
60,18000,5.0,0.3976605271812642,0.3976605271812642,0.3250450909788313,0.5979552190910357,145.97413899378054
61,18300,5.083333333333333,0.3840610053289773,0.3840610053289773,0.3256136095510068,0.6009029354593164,147.45033304956206
62,18600,5.166666666666667,0.4062575826516779,0.4062575826516779,0.3270494313324134,0.5982766776000814,144.9118536201584
63,18900,5.25,0.4121951994827875,0.4121951994827875,0.3304797589128307,0.6002634400384548,144.52195677891865
64,19200,5.333333333333333,0.4196624849955503,0.4196624849955503,0.3281255022130835,0.6007553715013662,144.4737343554233
65,19500,5.416666666666667,0.408168014629673,0.408168014629673,0.3279147322810785,0.6004340095836332,145.0000226763841
66,19800,5.5,0.4205408085302218,0.4205408085302218,0.3268758065680266,0.6011673926406197,144.9770085347405
67,20100,5.583333333333333,0.4057379076138113,0.4057379076138113,0.3292710488390454,0.5991685769240234,144.6849030830784
68,20400,5.666666666666667,0.409701653499646,0.409701653499646,0.3280574990940167,0.5986121699396952,144.11773630323296
69,20700,5.75,0.409460097673318,0.409460097673318,0.3281827303729998,0.5997994685425739,144.2063922346036
70,21000,5.833333333333333,0.4185935327796319,0.4185935327796319,0.3269122232106262,0.6004001996939801,144.48513635633844
71,21300,5.916666666666667,0.4061440904088688,0.4061440904088688,0.3299692192762195,0.6020494082352071,144.9400151077255
72,21600,6.0,0.4210000074676628,0.4210000074676628,0.3331819493868926,0.604037696785536,145.93849582176813
73,21900,6.083333333333333,0.4127907436700745,0.4127907436700745,0.3339512604409961,0.6028868184181718,146.9250450593791
74,22200,6.166666666666667,0.4113212917318659,0.4113212917318659,0.3335702660727048,0.6020380260937087,147.41347225448382
75,22500,6.25,0.4022628210914245,0.4022628210914245,0.3301373646984631,0.600424546962245,146.4456121843521
76,22800,6.333333333333333,0.4031354447003604,0.4031354447003604,0.3280596175140249,0.6008521828725016,145.68327168955994
77,23100,6.416666666666667,0.4149585864591201,0.4149585864591201,0.3300402454444682,0.6022002282904757,146.06849099675998
78,23400,6.5,0.3954171411812719,0.3954171411812719,0.3296463278110805,0.6008867056025251,145.3994178813488
79,23700,6.583333333333333,0.4064172152670245,0.4064172152670245,0.3278218153353955,0.6017629277332113,146.49832389434653
80,24000,6.666666666666667,0.4230417571014704,0.4230417571014704,0.3319132922702176,0.6007169387650638,146.59721741733244
81,24300,6.75,0.4178838377205444,0.4178838377205444,0.3330390680295976,0.6040491571643026,146.6244585554727
82,24600,6.833333333333333,0.4232952407248179,0.4232952407248179,0.3341871267645347,0.6032304534952444,146.1391761615678
83,24900,6.916666666666667,0.4284103395977477,0.4284103395977477,0.3324575594799771,0.6008657613128197,145.66145119503935
84,25200,7.0,0.4319216736820356,0.4319216736820356,0.3326920595943959,0.5998015073025635,145.32472892156093
85,25500,7.083333333333333,0.4187145902806986,0.4187145902806986,0.3296747565193738,0.5972031964207313,144.49666906129804
86,25800,7.166666666666667,0.395521574054653,0.395521574054653,0.3240687795230628,0.5984632515851841,144.33254895710604
87,26100,7.25,0.4030307168907193,0.4030307168907193,0.3263060501981706,0.6027055518379659,144.90543075013275
88,26400,7.333333333333333,0.3943518555945618,0.3943518555945618,0.3247741496588151,0.6048833761356341,146.76811655952935
89,26700,7.416666666666667,0.4047301511938356,0.4047301511938356,0.3294910520454143,0.6078944770195268,147.2931873521171
90,27000,7.5,0.4313520841870946,0.4313520841870946,0.336538748261629,0.6101338284352624,147.89763108042635
91,27300,7.583333333333333,0.4227299657767258,0.4227299657767258,0.334116921621772,0.6064483048612372,147.3213315771048
92,27600,7.666666666666667,0.4098113812040793,0.4098113812040793,0.3328012123250479,0.6049071328753267,146.17849895542457
93,27900,7.75,0.405473045871158,0.405473045871158,0.3313461796632693,0.6011839306934775,145.34565240515812
94,28200,7.833333333333333,0.4034969571467947,0.4034969571467947,0.3300095794433056,0.5991081031401502,145.73006288479985
95,28500,7.916666666666667,0.3945844424970467,0.3945844424970467,0.3244134634780594,0.5920125213815571,144.73934309917834
96,28800,8.0,0.3736170470765033,0.3736170470765033,0.3179077711476795,0.5902591792331922,145.72686069617987
97,29100,8.083333333333334,0.3855032255506712,0.3855032255506712,0.3204645268522836,0.5946006872834174,146.39303112696638
98,29400,8.166666666666666,0.3873676223503788,0.3873676223503788,0.3205076595921595,0.5968639879219578,146.1992904127827
99,29700,8.25,0.3958686509774737,0.3958686509774737,0.3258153813320106,0.5993701430883124,147.0238946511154
100,30000,8.333333333333334,0.4027209298681028,0.4027209298681028,0.3275626803475427,0.601435211446545,148.62328199010744
101,30300,8.416666666666666,0.4048631191761479,0.4048631191761479,0.3298810904018416,0.6016009323640129,149.08253842509066
102,30600,8.5,0.4112221547202551,0.4112221547202551,0.3318612472179132,0.603803970030506,148.73162955715722
103,30900,8.583333333333334,0.4217030119031619,0.4217030119031619,0.3302669527168267,0.6029835421578575,147.8418165738752
104,31200,8.666666666666666,0.4246972146923921,0.4246972146923921,0.3298614539094859,0.6042416919058681,147.3057122373058
105,31500,8.75,0.4238120036320607,0.4238120036320607,0.3313496094897271,0.6036838074805035,146.24046073591697
106,31800,8.833333333333334,0.4185155050229222,0.4185155050229222,0.3337449191990544,0.604396521641035,146.04989616872737
107,32100,8.916666666666666,0.4181797207412087,0.4181797207412087,0.3306901547868378,0.6058211349834814,146.7093824741566
108,32400,9.0,0.4077249569520643,0.4077249569520643,0.327517805236233,0.6060265739104643,147.77461304074444
109,32700,9.083333333333334,0.4115558492761339,0.4115558492761339,0.3292815017578251,0.6113834419722048,149.31868712031402
110,33000,9.166666666666666,0.4061477778120661,0.4061477778120661,0.3299950184424499,0.6139812161780029,150.42293201417286
111,33300,9.25,0.4216801445477345,0.4216801445477345,0.3323227271916387,0.61768923573296,151.28960946086727
112,33600,9.333333333333334,0.423409569374491,0.423409569374491,0.3312581388956396,0.6163848360951519,152.84933606450903
113,33900,9.416666666666666,0.4234313600915165,0.4234313600915165,0.3335211763926347,0.6174107071713212,152.24894302534358
114,34200,9.5,0.4227725986490373,0.4227725986490373,0.3347571224238407,0.6132250247800715,151.72207997175232
115,34500,9.583333333333334,0.4307040657226129,0.4307040657226129,0.3395890218901519,0.6137591941285507,152.0973728140116
116,34800,9.666666666666666,0.4193624173143067,0.4193624173143067,0.3365524809821661,0.6125207701866722,152.34221166711043
117,35100,9.75,0.4016954557876791,0.4016954557876791,0.3322321143439716,0.611292302878991,150.9391695381957
118,35400,9.833333333333334,0.4153924100313781,0.4153924100313781,0.3351674446072062,0.6127819044534041,150.55534469377872
119,35700,9.916666666666666,0.4061733222416812,0.4061733222416812,0.3310962903047601,0.6108971054183812,150.78464014115576
120,36000,10.0,0.3973174142756493,0.3973174142756493,0.3304855436618392,0.612357460247223,149.50788780604333
121,36300,10.083333333333334,0.4280498828612206,0.4280498828612206,0.3384509807338508,0.6151123636839312,148.81035508065895
122,36600,10.166666666666666,0.4145211383459833,0.4145211383459833,0.3373438778223384,0.6113080584405324,148.86774692207595
123,36900,10.25,0.4128141469966582,0.4128141469966582,0.3348216986218661,0.6097923164290788,149.061345303492
124,37200,10.333333333333334,0.4128738474396617,0.4128738474396617,0.3371861049135993,0.6093294850199378,149.8490904210312
125,37500,10.416666666666666,0.4185272240152992,0.4185272240152992,0.3332033990920184,0.6105173934063467,149.58516228371184
126,37800,10.5,0.4323700589774181,0.4323700589774181,0.337374196008749,0.6116326091131205,149.5624057955859
127,38100,10.583333333333334,0.4211919853534658,0.4211919853534658,0.3364648543416886,0.6093048815559791,149.126740284234
128,38400,10.666666666666666,0.4118792499545058,0.4118792499545058,0.3294724724454593,0.6056210606374768,149.97084275745283
129,38700,10.75,0.4082076301040284,0.4082076301040284,0.3344250877200606,0.6091757614226444,149.9155360377916
130,39000,10.833333333333334,0.4072792707379202,0.4072792707379202,0.3335029834693814,0.6095979469054534,149.92130800549847
131,39300,10.916666666666666,0.40533719010116,0.40533719010116,0.3322384374677705,0.6101633890405707,149.83421672169774
132,39600,11.0,0.419295758862983,0.419295758862983,0.3339720962660449,0.6119757352475534,150.40646138308014
133,39900,11.083333333333334,0.4201437736447494,0.4201437736447494,0.3349348054925994,0.6136974945019954,150.9137251341048
134,40200,11.166666666666666,0.4256500887762755,0.4256500887762755,0.3364400168165714,0.6134269486012337,150.54978653182351
135,40500,11.25,0.4330996695042919,0.4330996695042919,0.3367568499683398,0.6076718588554774,149.37783344457034
136,40800,11.333333333333334,0.4279576837733019,0.4279576837733019,0.3344074620616923,0.6069397012573275,149.56517380017326
137,41100,11.416666666666666,0.4172555431027277,0.4172555431027277,0.3336044418275004,0.6065515487398649,150.27728657027308
138,41400,11.5,0.4347312279747153,0.4347312279747153,0.3356949941726974,0.6076209491295801,150.36074059146245
139,41700,11.583333333333334,0.426034356078125,0.426034356078125,0.3346217973980419,0.6091451218106625,150.85273085700186
140,42000,11.666666666666666,0.4205719942437271,0.4205719942437271,0.3294029066392436,0.6089880695012233,150.96425077114532
141,42300,11.75,0.4192920348652603,0.4192920348652603,0.3313028663222689,0.6100043257605209,151.13293865876358
142,42600,11.833333333333334,0.4237604438405731,0.4237604438405731,0.3258960439846778,0.6075778955116923,152.14127208360782
143,42900,11.916666666666666,0.4222404323723061,0.4222404323723061,0.3276705266053273,0.6080369771913018,153.42174055079138
144,43200,12.0,0.432347715859893,0.432347715859893,0.3358317521746938,0.6114241694313909,153.28798200166875
145,43500,12.083333333333334,0.4293341485385252,0.4293341485385252,0.3386625889947621,0.6083343886317242,152.05730938209055
146,43800,12.166666666666666,0.4265168644388876,0.4265168644388876,0.3339637691884186,0.6044204521158927,149.70213687784323
147,44100,12.25,0.4332181963179154,0.4332181963179154,0.3357246401763795,0.6032160585549204,149.26011547194364
148,44400,12.333333333333334,0.4211145583908526,0.4211145583908526,0.3297197451217351,0.601325315742728,150.55587796263256
149,44700,12.416666666666666,0.416444570760517,0.416444570760517,0.3311050241514728,0.6025152210475211,152.12378617451907
150,45000,12.5,0.432655762271219,0.432655762271219,0.3361885713459176,0.604876960911319,152.39340764772766
151,45300,12.583333333333334,0.4293228407131155,0.4293228407131155,0.3324450172074766,0.6038485802414431,153.08077060635415
152,45600,12.666666666666666,0.4318649766308534,0.4318649766308534,0.3328753790207056,0.6040406167620614,153.7123903385223
153,45900,12.75,0.4341142401343582,0.4341142401343582,0.3282825080266954,0.6025268540358655,153.08997662094967
154,46200,12.833333333333334,0.4361302147833152,0.4361302147833152,0.3303126711844389,0.6041379527637398,154.41352145674506
155,46500,12.916666666666666,0.4544149500669102,0.4544149500669102,0.2891975915999167,0.5255892399800723,155.2733636013652
156,46800,13.0,0.4616327765233757,0.4616327765233757,0.2977448353385034,0.5319912541858398,162.3207598012737
157,47100,13.083333333333334,0.4798630085203714,0.4798630085203714,0.3019860149882866,0.5437093790334301,167.55583498854386
158,47400,13.166666666666666,0.4948070963484596,0.4948070963484596,0.3121959576030275,0.5535139211678468,171.33290690955187
159,47700,13.25,0.5143791562400141,0.5143791562400141,0.317840024612905,0.5595289933064733,169.9400868738789
160,48000,13.333333333333334,0.5068027791251255,0.5068027791251255,0.3179595108347122,0.5596391309668918,168.56607257845675
161,48300,13.416666666666666,0.4698717903768152,0.4698717903768152,0.3092641932306761,0.5425548994198262,157.88951771942382
162,48600,13.5,0.4782178820698487,0.4782178820698487,0.3123185773020345,0.5464238642486545,156.2534324759074
163,48900,13.583333333333334,0.465249799248731,0.465249799248731,0.3135615119885634,0.5545333423016916,158.21477667406342
164,49200,13.666666666666666,0.4668645936537273,0.4668645936537273,0.3170949135561959,0.5576855778264874,159.46933613144944
165,49500,13.75,0.4774760098780612,0.4774760098780612,0.3200635419053552,0.559964528225236,160.93089389814682
166,49800,13.833333333333334,0.4691501769510578,0.4691501769510578,0.3221416558213579,0.5439723295359631,154.4634032731858
167,50100,13.916666666666666,0.4620043716793408,0.4620043716793408,0.3258711451647841,0.5453375201217759,154.12537580792446
168,50400,14.0,0.4607465989738235,0.4607465989738235,0.3245470452837351,0.5464522773637981,154.38346017298016
169,50700,14.083333333333334,0.4561962572350913,0.4561962572350913,0.3237115109612525,0.5481359836053565,155.04937075411073
170,51000,14.166666666666666,0.4508764097694362,0.4508764097694362,0.3227377766096837,0.5500141818877327,155.447610778259
171,51300,14.25,0.4529764441519151,0.4529764441519151,0.3236684476154451,0.5525728940231859,156.89373842342712
172,51600,14.333333333333334,0.4607861637879875,0.4607861637879875,0.3256502027320797,0.5535602972370431,158.4459605734361
173,51900,14.416666666666666,0.4644005208816559,0.4644005208816559,0.3292868841617632,0.556031191898917,159.57190379104196
174,52200,14.5,0.4629766960224689,0.4629766960224689,0.3310851194893836,0.5550290283138608,159.89080072893086
175,52500,14.583333333333334,0.4596997030342482,0.4596997030342482,0.3312530460103565,0.5546853058835791,159.60642037247234
176,52800,14.666666666666666,0.4538706262553861,0.4538706262553861,0.3283773140409695,0.5529365263561415,158.52405089020277
177,53100,14.75,0.4553884255857147,0.4553884255857147,0.3249145274148713,0.5526166533296759,157.16746265617863
178,53400,14.833333333333334,0.4600229732391825,0.4600229732391825,0.3263213224292239,0.5535758699775856,157.88585630804877
179,53700,14.916666666666666,0.4631189952556295,0.4631189952556295,0.329284361624794,0.5552696329739194,158.97470922557366
180,54000,15.0,0.4586402875538223,0.4586402875538223,0.3283884967785017,0.5557302990948945,160.1378778250633
181,54300,15.083333333333334,0.4526317714195522,0.4526317714195522,0.3299956614603911,0.5565211797872104,161.46855279382407
182,54600,15.166666666666666,0.4406201211658459,0.4406201211658459,0.3299094797289185,0.5572282792346908,162.75434265543333
183,54900,15.25,0.4441904845359646,0.4441904845359646,0.329792982424235,0.5586702661939421,163.8869363857703
184,55200,15.333333333333334,0.4560573407560287,0.4560573407560287,0.3292754263673535,0.5605182868155463,164.47594085195283
185,55500,15.416666666666666,0.4570035394177005,0.4570035394177005,0.3318093144223336,0.5616192035451691,164.71965351288665
186,55800,15.5,0.4252583950367997,0.4252583950367997,0.3283075494271087,0.5578412977438422,162.3905281058175
187,56100,15.583333333333334,0.3767241366633826,0.3767241366633826,0.3210968531358323,0.557131719559035,157.45285661635637
188,56400,15.666666666666666,0.3369026052172701,0.3369026052172701,0.3173474758004406,0.5607624264405842,151.6949119426852
189,56700,15.75,0.3346951385593207,0.3346951385593207,0.3174666863467571,0.5658197385818019,147.41857712746423
190,57000,15.833333333333334,0.3422315116161467,0.3422315116161467,0.3213999757704221,0.5733401307190883,146.61053996872687
191,57300,15.916666666666666,0.3390639464916363,0.3390639464916363,0.317756112809292,0.579472789416004,148.08131154389352
192,57600,16.0,0.3417695202940215,0.3417695202940215,0.3147973445420342,0.5866803889339018,151.12061609858193
193,57900,16.083333333333332,0.3438946873691828,0.3438946873691828,0.3226796387116479,0.5984093094234368,152.9064233811397
194,58200,16.166666666666668,0.3371851638399589,0.3371851638399589,0.325785582880431,0.6066785694677621,152.99523966004804
195,58500,16.25,0.3505767201899726,0.3505767201899726,0.332728944455692,0.614140008635816,152.89591989678266
196,58800,16.333333333333332,0.3652314472077821,0.3652314472077821,0.3354885000963342,0.6186518965768977,154.40880879621085
197,59100,16.416666666666668,0.3716197278373385,0.3716197278373385,0.3398057290507483,0.6218575591453644,155.03772625978132
198,59400,16.5,0.3629898393774021,0.3629898393774021,0.3376765400532775,0.6233306328916639,153.9476098351426
199,59700,16.583333333333332,0.3678388323045214,0.3678388323045214,0.3369291442916156,0.6286924046000789,153.7203575091052
200,60000,16.666666666666668,0.3898496423700205,0.3898496423700205,0.339812803293569,0.6339285104979818,153.01355318307037
201,60300,16.75,0.3942561256096837,0.3942561256096837,0.342560103408806,0.6349688323800978,152.7477170563134
202,60600,16.833333333333332,0.4754470900974696,0.4754470900974696,0.3446587841859276,0.5642819533748605,138.06874018530456
203,60900,16.916666666666668,0.4980686879389104,0.4980686879389104,0.3611337633209288,0.5868312629325151,144.42666192533014
204,61200,17.0,0.4948244057682052,0.4948244057682052,0.3576250743283357,0.5926685565291941,148.80024425364397
205,61500,17.083333333333332,0.4745114320453834,0.4745114320453834,0.341116603750931,0.6038359898015067,151.95995151231696
206,61800,17.166666666666668,0.4725155140296903,0.4725155140296903,0.3592198884508475,0.6102219213122936,154.0860607179848
207,62100,17.25,0.4804667157758462,0.4804667157758462,0.3552720220750682,0.613538253534444,154.5669945990663
208,62400,17.333333333333332,0.4829492337051871,0.4829492337051871,0.3599985830281119,0.6136487971256759,156.28193109668044
209,62700,17.416666666666668,0.4724922137004925,0.4724922137004925,0.3598171989721219,0.6157802524962209,156.85037621103098
210,63000,17.5,0.4737117377349677,0.4737117377349677,0.3587898799408661,0.6154195854201479,157.00511530796547
211,63300,17.583333333333332,0.4700913735375455,0.4700913735375455,0.3540342924495027,0.6222454805520679,156.83371257649475
212,63600,17.666666666666668,0.4451693799727138,0.4451693799727138,0.3476306897611419,0.6298021242025648,157.49106213650668
213,63900,17.75,0.4724336011570778,0.4724336011570778,0.3557196671702406,0.6299980443677171,158.37093001581653
214,64200,17.833333333333332,0.390511402015479,0.390511402015479,0.3079714106631521,0.6376367360917237,159.78545646494743
215,64500,17.916666666666668,0.3731769500628187,0.3731769500628187,0.3249331745422328,0.6581723866184566,161.20318236641248
216,64800,18.0,0.4854168173920351,0.4854168173920351,0.3808287743498971,0.6645260608733631,163.1267434111513
217,65100,18.083333333333332,0.5066714836673157,0.5066714836673157,0.3743192421504031,0.6466687277741039,165.09892889606164
218,65400,18.166666666666668,0.3892479424069109,0.3892479424069109,0.312538703458111,0.6405121009206723,165.5753888354282
219,65700,18.25,0.3634623983065457,0.3634623983065457,0.3229997387323262,0.654756306975501,164.947775290594
220,66000,18.333333333333332,0.4845216577138497,0.4845216577138497,0.3745734502478309,0.6586162361312555,165.65913340701113
221,66300,18.416666666666668,0.4750302372635625,0.4750302372635625,0.3635739455048842,0.6482862231612238,168.38842096518377
222,66600,18.5,0.4511143846369673,0.4511143846369673,0.3468007066283375,0.6510967843902513,167.2915071411498
223,66900,18.583333333333332,0.4780081878448997,0.4780081878448997,0.3592045189239489,0.6481441764987744,165.4978856510732
224,67200,18.666666666666668,0.4930670353024725,0.4930670353024725,0.3631633560438654,0.6414144917011153,163.9493125142946
225,67500,18.75,0.4765050821530767,0.4765050821530767,0.3589003084587139,0.63887558736879,162.0838176507475
226,67800,18.833333333333332,0.4955533514258374,0.4955533514258374,0.360167248976961,0.6395652809082915,161.30854729251064
227,68100,18.916666666666668,0.4764880676085157,0.4764880676085157,0.3485037453024025,0.6350379140985595,159.8417002458835
228,68400,19.0,0.452789184639226,0.452789184639226,0.3354564252464164,0.6311164947508148,158.87778904807246
229,68700,19.083333333333332,0.4768889673640225,0.4768889673640225,0.3546337909612357,0.6247533853096859,159.30405046596454
230,69000,19.166666666666668,0.4870742001503975,0.4870742001503975,0.3564555285220573,0.627339609252871,160.41065372159647
231,69300,19.25,0.4690033794012594,0.4690033794012594,0.3514557357347545,0.6281956657149351,161.05436087070316
232,69600,19.333333333333332,0.46634687990864,0.46634687990864,0.3508547401788707,0.6318032992882461,161.03108626996325
233,69900,19.416666666666668,0.4704359104432071,0.4704359104432071,0.3499797917573904,0.6327671105498162,162.04791448268583
234,70200,19.5,0.4748558409444783,0.4748558409444783,0.3487918119132224,0.6353149521183187,162.6538372308754
235,70500,19.583333333333332,0.4705374386273786,0.4705374386273786,0.357707415520989,0.6310551732362505,162.92214738314905
236,70800,19.666666666666668,0.4456958334351871,0.4456958334351871,0.3478529903690514,0.6297177986173846,162.6182929727819
237,71100,19.75,0.4496214328988899,0.4496214328988899,0.3406399948794403,0.6388626778327253,161.89524731499458
238,71400,19.833333333333332,0.4975810180164097,0.4975810180164097,0.3654718656445776,0.6337123327810131,162.6292251046115
239,71700,19.916666666666668,0.479184716880553,0.479184716880553,0.3576898612828073,0.6284825401110175,163.16383658474493
240,72000,20.0,0.4692197756292884,0.4692197756292884,0.3485527270519341,0.6258754442292729,162.7551357268656
241,72300,20.083333333333332,0.5039889550209046,0.5039889550209046,0.3608445971210796,0.6406575508912417,161.41867883377435
242,72600,20.166666666666668,0.4929256974490095,0.4929256974490095,0.3530134659663576,0.6318234343659338,162.07905190466712
243,72900,20.25,0.4669775023612392,0.4669775023612392,0.35179322234518,0.6207307060613215,160.68707330507388
244,73200,20.333333333333332,0.4740654195444563,0.4740654195444563,0.3605789995603143,0.6195617334626259,159.88931424547457
245,73500,20.416666666666668,0.480030839385007,0.480030839385007,0.3616256062827626,0.6192669779691133,160.38677658991406
246,73800,20.5,0.4820304069317841,0.4820304069317841,0.3587656754941409,0.6180518010567816,159.93047355631464
247,74100,20.583333333333332,0.470941641224936,0.470941641224936,0.3509690368270434,0.6119130406116833,159.3857255253976
248,74400,20.666666666666668,0.48060354510902,0.48060354510902,0.3605076012714949,0.6200602543267756,159.292776611566
249,74700,20.75,0.4924362525675432,0.4924362525675432,0.3586595143070759,0.624217049473252,159.90780344279688
250,75000,20.833333333333332,0.4759381551920262,0.4759381551920262,0.3525296827280742,0.6300470550608211,160.1947248365621
251,75300,20.916666666666668,0.493383615943654,0.493383615943654,0.356460262416288,0.6366074790765,162.15619611584728
252,75600,21.0,0.5010366303551924,0.5010366303551924,0.3462071482946117,0.6463879518909806,164.88353362360553
253,75900,21.083333333333332,0.5415191591143926,0.5415191591143926,0.3625258650930794,0.6471481657986041,166.7935461381407
254,76200,21.166666666666668,0.5282075649734981,0.5282075649734981,0.3771332916431949,0.6432044045724453,166.17410101183006
255,76500,21.25,0.522641535023322,0.522641535023322,0.3795035296047794,0.6416504075537779,165.20879182726256
256,76800,21.333333333333332,0.5194536014664157,0.5194536014664157,0.3783942692727469,0.640982975044757,165.1185776032431
257,77100,21.416666666666668,0.5075222482208941,0.5075222482208941,0.3749648136481698,0.6413204544961977,165.4853103802898
258,77400,21.5,0.5003853543467943,0.5003853543467943,0.3724216235337353,0.6428520767740505,165.3135399897272
259,77700,21.583333333333332,0.4836110047213399,0.4836110047213399,0.3676688055838318,0.6441165802397941,164.77597262279068
260,78000,21.666666666666668,0.4762042748648311,0.4762042748648311,0.3657634287108238,0.6487271263448278,164.38337587773765
261,78300,21.75,0.4732880280304508,0.4732880280304508,0.3656999736294109,0.6484172112764534,163.46148492211498
262,78600,21.833333333333332,0.4929739913238387,0.4929739913238387,0.369220889827453,0.6493003891952006,162.81977703825237
263,78900,21.916666666666668,0.5084627215369875,0.5084627215369875,0.370856870174507,0.6476346385215259,163.32630339595053
264,79200,22.0,0.4692916080237003,0.4692916080237003,0.3688421421960222,0.6459470692100978,163.8830197753327
265,79500,22.083333333333332,0.4439034818000363,0.4439034818000363,0.3541431717936726,0.6423815065480563,164.2118210535152
266,79800,22.166666666666668,0.4810430814177233,0.4810430814177233,0.358886622179131,0.6467987993900851,163.69146578855572
267,80100,22.25,0.5035831801004518,0.5035831801004518,0.3684806644201383,0.6500689612472657,164.7062069062749
268,80400,22.333333333333332,0.4914554480338416,0.4914554480338416,0.3626954403602236,0.646082889555307,165.0117944748202
269,80700,22.416666666666668,0.4568331083319432,0.4568331083319432,0.3633746668865896,0.6456880046761649,165.14509810844004
270,81000,22.5,0.4727605499707639,0.4727605499707639,0.3684731321392027,0.6446890004883351,164.9175105711873
271,81300,22.583333333333332,0.4789328676211329,0.4789328676211329,0.3588649705183351,0.6438809810879416,163.9189045043488
272,81600,22.666666666666668,0.4744073516060198,0.4744073516060198,0.3529999429144003,0.6462945345637482,162.03639144491402
273,81900,22.75,0.4927003387086817,0.4927003387086817,0.3692759368349159,0.648341502930376,161.31903564480504
274,82200,22.833333333333332,0.4921660963066565,0.4921660963066565,0.3657358050851648,0.6471899743042169,162.33701933732632
275,82500,22.916666666666668,0.4964144168515796,0.4964144168515796,0.3607744758974295,0.6478297155595738,162.10286148056184
276,82800,23.0,0.5027516100119841,0.5027516100119841,0.3644678374862499,0.6467207416417725,160.6402331207389
277,83100,23.083333333333332,0.5183324047946198,0.5183324047946198,0.3708641169545573,0.6467976937306344,160.46896481370266
278,83400,23.166666666666668,0.5250926261724436,0.5250926261724436,0.3686233900991825,0.6471086336475906,160.4467825994559
279,83700,23.25,0.51850688489528,0.51850688489528,0.3634526649240082,0.6445230946748826,160.46932691906835
280,84000,23.333333333333332,0.5132728771694052,0.5132728771694052,0.362356501438087,0.6428110067069379,160.9640126791809
281,84300,23.416666666666668,0.5047665429174446,0.5047665429174446,0.3577357437908402,0.6432585904576531,162.25999359892717
282,84600,23.5,0.5070669750362309,0.5070669750362309,0.3539571870535472,0.6427571380395967,163.4227108956464
283,84900,23.583333333333332,0.5155223422930795,0.5155223422930795,0.3650401681076279,0.636859266526793,162.46969831632472
284,85200,23.666666666666668,0.5218688019547992,0.5218688019547992,0.3691283120049359,0.6309998630060398,160.24340407598402
285,85500,23.75,0.5083042803555782,0.5083042803555782,0.3657806812608081,0.6252750668362109,159.3179685286829
286,85800,23.833333333333332,0.5096968050027689,0.5096968050027689,0.3615192257587907,0.6219176599468055,158.34046995192182
287,86100,23.916666666666668,0.5208727050505245,0.5208727050505245,0.3647264336677187,0.6143089916416501,157.06633516597287
288,86400,24.0,0.4981621318743783,0.4981621318743783,0.3536324194450139,0.603184541493672,154.910733518335
289,86700,24.083333333333332,0.496154387874104,0.496154387874104,0.3577726931766183,0.6007618636958765,154.69186752222046
290,87000,24.166666666666668,0.4980147939243907,0.4980147939243907,0.3537795089704331,0.5970797621565529,155.36373726290424
291,87300,24.25,0.49714103021605,0.49714103021605,0.3481028486922459,0.5948996313673448,156.46535953846143
292,87600,24.333333333333332,0.4873911101684515,0.4873911101684515,0.3392472636830291,0.5954545018888324,156.5442056652425
293,87900,24.416666666666668,0.4925811201013545,0.4925811201013545,0.3425958761999287,0.5940694915449627,158.2903096329343
294,88200,24.5,0.5121758893267789,0.5121758893267789,0.3528823242195378,0.598453296621147,160.96646442754252
295,88500,24.583333333333332,0.5015676519903784,0.5015676519903784,0.3510539196038842,0.6013979992640778,162.7493318685482
296,88800,24.666666666666668,0.4998223062756761,0.4998223062756761,0.3480922439732906,0.6033932584816778,161.90334596877565
297,89100,24.75,0.5015378927383617,0.5015378927383617,0.3587931335804082,0.6056492282561862,161.32919763874028
298,89400,24.833333333333332,0.5002628531204206,0.5002628531204206,0.350781705836022,0.6010422935734188,160.61846634027955
299,89700,24.916666666666668,0.4994130268625204,0.4994130268625204,0.360935892631023,0.6011254872207383,160.68241641408608
300,90000,25.0,0.4962180358956083,0.4962180358956083,0.3563064471530789,0.6021507503228085,160.98799760965014
301,90300,25.083333333333332,0.4872877977967836,0.4872877977967836,0.352199168519144,0.6023628187164792,162.26388764188357
302,90600,25.166666666666668,0.4892139722582251,0.4892139722582251,0.3520720059977349,0.6037347681625629,162.81743460867543
303,90900,25.25,0.50596941277497,0.50596941277497,0.3602282938120036,0.6049544342394206,163.12826839882294
304,91200,25.333333333333332,0.4953259862043275,0.4953259862043275,0.3564853606132414,0.6034812604033462,162.4934302792239
305,91500,25.416666666666668,0.4896514174809609,0.4896514174809609,0.3543032466638536,0.6046407677511919,162.66902989338595
306,91800,25.5,0.4838483547913097,0.4838483547913097,0.3518538952957712,0.603592599564088,162.7008987170637
307,92100,25.583333333333332,0.4947813337987716,0.4947813337987716,0.3569121261735444,0.6040463388933176,162.90898815200902
308,92400,25.666666666666668,0.4928452542119617,0.4928452542119617,0.359874773927252,0.6042075732208385,163.0936726984676
309,92700,25.75,0.4902079084435189,0.4902079084435189,0.3560091638363034,0.6053130393359841,163.33196445051718
310,93000,25.833333333333332,0.4970153827119347,0.4970153827119347,0.3475634569371879,0.6043250128660694,162.27510167086734
311,93300,25.916666666666668,0.502631513247303,0.502631513247303,0.3511265063564231,0.6038558473515084,161.8939108182858
312,93600,26.0,0.5000921950551174,0.5000921950551174,0.3531341877985013,0.6057569968794054,162.60960199781957
313,93900,26.083333333333332,0.4819286086432149,0.4819286086432149,0.3512600505090843,0.6065201270476797,164.1223069415784
314,94200,26.166666666666668,0.4682161815898784,0.4682161815898784,0.3490409904297049,0.6065759887474526,163.70462516851296
315,94500,26.25,0.4572652568990608,0.4572652568990608,0.3472200785357396,0.6063325844702017,163.74956558867743
316,94800,26.333333333333332,0.4579139524572605,0.4579139524572605,0.3475883142077851,0.6088260454104524,164.30895502201946
317,95100,26.416666666666668,0.4744546331870988,0.4744546331870988,0.3500378887503304,0.6112294910096211,165.3273804936466
318,95400,26.5,0.5026163848407069,0.5026163848407069,0.3551739368160799,0.6121111000891245,165.86199995742044
319,95700,26.583333333333332,0.5118739213950383,0.5118739213950383,0.3549033047012934,0.6054748944338406,164.4070821702613
320,96000,26.666666666666668,0.5245905806484398,0.5245905806484398,0.3602713133242421,0.6066490641258169,162.9195150896039
321,96300,26.75,0.4939336347860943,0.4939336347860943,0.347201783124927,0.5989827087348742,160.85141493876722
322,96600,26.833333333333332,0.4507538197551315,0.4507538197551315,0.3247170033190645,0.5968090952478063,159.93491154979216
323,96900,26.916666666666668,0.4536909817934366,0.4536909817934366,0.3269733077502769,0.6025064668762887,163.06896494781407
324,97200,27.0,0.4733954391069255,0.4733954391069255,0.3298182591523202,0.6127078521092667,164.50939498961014
325,97500,27.083333333333332,0.4625408426381597,0.4625408426381597,0.3257533225946142,0.6155256799614874,166.21259814286515
326,97800,27.166666666666668,0.4487590640952725,0.4487590640952725,0.3186736861433483,0.616292026233919,164.70915963684627
327,98100,27.25,0.4415272648248758,0.4415272648248758,0.3067643816878156,0.6167383005718607,163.8012929171457
328,98400,27.333333333333332,0.4490886115002798,0.4490886115002798,0.3066805429131395,0.6196503877738326,166.10651590861582
329,98700,27.416666666666668,0.4488324173820455,0.4488324173820455,0.3064642745929102,0.6268523789082912,167.98449566353338
330,99000,27.5,0.4427262834893519,0.4427262834893519,0.3049204016382311,0.6328433914192454,169.29384983605328
331,99300,27.583333333333332,0.4409847600541853,0.4409847600541853,0.304762424245852,0.6384245199130167,171.61862252025475
332,99600,27.666666666666668,0.44690649141798,0.44690649141798,0.3053591439624419,0.646451493342488,173.0962947118013
333,99900,27.75,0.4434960792906529,0.4434960792906529,0.307270615433715,0.6537639909235552,175.62960611090617
334,100200,27.833333333333332,0.4511000231900151,0.4511000231900151,0.3104769096437598,0.6596414475166968,176.70333367808308
335,100500,27.916666666666668,0.4561558693290097,0.4561558693290097,0.311227975181433,0.6640283590311269,176.3830854409468
336,100800,28.0,0.4455142619443264,0.4455142619443264,0.3075230549366435,0.6650597728841217,176.15067929528135
337,101100,28.083333333333332,0.4433548743195555,0.4433548743195555,0.3125540302429576,0.6691562681959021,176.79027044229878
338,101400,28.166666666666668,0.447296716497674,0.447296716497674,0.3069461772835123,0.6715467839558388,178.3941876051722
339,101700,28.25,0.4618430439230328,0.4618430439230328,0.3126154882250466,0.6770832947632064,180.94933227194176
340,102000,28.333333333333332,0.4716850018984228,0.4716850018984228,0.3165242633527838,0.680769682620467,182.9653319328301
341,102300,28.416666666666668,0.4683472934231562,0.4683472934231562,0.3143307267079193,0.6816474663365935,184.2883476801705
342,102600,28.5,0.4676990130520618,0.4676990130520618,0.3187682215372731,0.6832288105296829,183.9419759768957
343,102900,28.583333333333332,0.4562751648592624,0.4562751648592624,0.3183143295597179,0.6841266611579445,183.4733641889513
344,103200,28.666666666666668,0.4637289229654086,0.4637289229654086,0.3202594895319471,0.6859091660323681,183.04449609621264
345,103500,28.75,0.4649944629852609,0.4649944629852609,0.3243130260953099,0.686109684551777,182.2959509722365
346,103800,28.833333333333332,0.4719296182270864,0.4719296182270864,0.3265629508081323,0.6849755576063982,180.42998294497352
347,104100,28.916666666666668,0.4673923106110711,0.4673923106110711,0.325562888378936,0.6827548068845647,180.4953138315397
348,104400,29.0,0.4579866661472415,0.4579866661472415,0.3227957608607636,0.6773657738632548,178.55873938774826
349,104700,29.083333333333332,0.4609336313788291,0.4609336313788291,0.3227646522884758,0.6787157496416261,180.2282082084295
350,105000,29.166666666666668,0.4523845437022759,0.4523845437022759,0.3217947916035823,0.6793828763148589,179.72868150503368
351,105300,29.25,0.4614407647018322,0.4614407647018322,0.3282972386683319,0.6790388773511392,179.09822774373927
352,105600,29.333333333333332,0.4446322332002614,0.4446322332002614,0.3227519306408545,0.6800421103989251,180.9544382124806
353,105900,29.416666666666668,0.4520716593679143,0.4520716593679143,0.3259658715810536,0.6839889624230536,180.02576265507858
354,106200,29.5,0.4592046693300197,0.4592046693300197,0.3281212870595462,0.6847860259000077,181.21471281989545
355,106500,29.583333333333332,0.4767156338196085,0.4767156338196085,0.3289141460169751,0.6885166021250955,181.3805250790477
356,106800,29.666666666666668,0.424476510786941,0.424476510786941,0.3077123793482434,0.6914330000319043,180.89365287999303
357,107100,29.75,0.4102377944308736,0.4102377944308736,0.2973103950824782,0.6977829124875996,180.4011694239404
358,107400,29.833333333333332,0.4801383213211629,0.4801383213211629,0.3416442257855431,0.7050551658306201,180.77636845394355
359,107700,29.916666666666668,0.5310218771988923,0.5310218771988923,0.3500654913355634,0.6932416918654394,181.5761232303633
360,108000,30.0,0.521292110727878,0.521292110727878,0.3380140066146845,0.6870045203429007,181.93751408777152
361,108300,30.083333333333332,0.5057274557395092,0.5057274557395092,0.3364773844873847,0.6832055247763082,180.1421687869105
362,108600,30.166666666666668,0.5008771949015524,0.5008771949015524,0.3367912263491608,0.6812130683113274,178.75018690722573
363,108900,30.25,0.4740192904219415,0.4740192904219415,0.3297282267154262,0.6790457307312435,178.50651153827627
364,109200,30.333333333333332,0.4959506220021936,0.4959506220021936,0.3336066993523178,0.6812325289469666,179.27886665240484
365,109500,30.416666666666668,0.5012628774898457,0.5012628774898457,0.3342550956834195,0.682140403416874,180.10228539606936
366,109800,30.5,0.4911861191955213,0.4911861191955213,0.3297296567029234,0.6785644957515018,176.98651226218306
367,110100,30.583333333333332,0.4829042845888052,0.4829042845888052,0.3337612139286701,0.6762856020815068,176.30104168879654
368,110400,30.666666666666668,0.4867833934526256,0.4867833934526256,0.3352447407956169,0.6767668848855559,175.74174733052644
369,110700,30.75,0.4812703574566377,0.4812703574566377,0.336451072008709,0.6775503669713473,175.58277120610165
370,111000,30.833333333333332,0.4690739740148775,0.4690739740148775,0.3370398919241768,0.6802331790676361,175.52063586926258
371,111300,30.916666666666668,0.453817416030503,0.453817416030503,0.3311356792330992,0.6821142636812643,175.91487398838342
372,111600,31.0,0.4603171315830154,0.4603171315830154,0.3301986069466929,0.6876096828649607,177.27666424005216
373,111900,31.083333333333332,0.4666256488063772,0.4666256488063772,0.3375451772066202,0.6907801543813404,178.72209239790783
374,112200,31.166666666666668,0.4755263437622924,0.4755263437622924,0.3332698364519587,0.6941501368948785,180.597890254858
375,112500,31.25,0.4845958679048857,0.4845958679048857,0.3386858537483999,0.694952315215745,180.38236661483623
376,112800,31.333333333333332,0.482068360815194,0.482068360815194,0.3410892357136572,0.6951872758039374,180.06066986430142
377,113100,31.416666666666668,0.4696835578259957,0.4696835578259957,0.3359530409090681,0.6960182080255534,178.5424058083587
378,113400,31.5,0.4755915874342315,0.4755915874342315,0.3392982387948294,0.6972492908667337,178.0217355893703
379,113700,31.583333333333332,0.4671218959641527,0.4671218959641527,0.3346048831394848,0.6925989147830978,177.38976627916614
380,114000,31.666666666666668,0.4720100456794887,0.4720100456794887,0.3341995524546701,0.6912590752576414,177.14341252765325
381,114300,31.75,0.468778667297109,0.468778667297109,0.3385986968671775,0.6952939499477794,177.36279250262538
382,114600,31.833333333333332,0.4603369329951713,0.4603369329951713,0.3388968336119839,0.6952621610295782,176.8881584297806
383,114900,31.916666666666668,0.4654139619114147,0.4654139619114147,0.3386513562724126,0.6925462695456952,177.04194959698506
384,115200,32.0,0.4695286522368471,0.4695286522368471,0.3390205678874852,0.6888905928298865,177.3110911287962
385,115500,32.083333333333336,0.468680152104498,0.468680152104498,0.3396270471025806,0.6877133210253626,177.8580990266981
386,115800,32.166666666666664,0.4532770854360211,0.4532770854360211,0.3313383630440047,0.6829049386179752,176.0663859349396
387,116100,32.25,0.4568185125218666,0.4568185125218666,0.3290449595053916,0.6892661070916927,177.13576969789534
388,116400,32.333333333333336,0.4728716662521859,0.4728716662521859,0.3353788584954088,0.6863957272738906,177.2374376801764
389,116700,32.416666666666664,0.4743445534480927,0.4743445534480927,0.3337024090471207,0.6825742462087716,176.30501566838478
390,117000,32.5,0.4745714177435955,0.4745714177435955,0.3278561078193338,0.6763586999454996,175.77704302381628
391,117300,32.583333333333336,0.4464281656703021,0.4464281656703021,0.322208945966158,0.6735418536623964,173.1219921265392
392,117600,32.666666666666664,0.4699035351799963,0.4699035351799963,0.3308740721048086,0.6781615576393076,173.3354654953441
393,117900,32.75,0.4884362960994747,0.4884362960994747,0.3432592720417709,0.6875510524229331,172.71274764411248
394,118200,32.833333333333336,0.4785560823234002,0.4785560823234002,0.3440002822214041,0.6910833275243918,173.1332728138252
395,118500,32.916666666666664,0.4821459287134856,0.4821459287134856,0.347047931274719,0.69539119409707,173.8248351135268
396,118800,33.0,0.4847095083998032,0.4847095083998032,0.3491039805888015,0.6977170800865687,174.15285355161046
397,119100,33.083333333333336,0.474541379581444,0.474541379581444,0.3476317748945439,0.7011689643430803,175.10170730392892
398,119400,33.166666666666664,0.494036595790657,0.494036595790657,0.3504526902376489,0.7025986117657329,175.6405034764712
399,119700,33.25,0.4911135530032549,0.4911135530032549,0.3482659963648787,0.6998389431495635,175.46734269301817
400,120000,33.333333333333336,0.4816515585380916,0.4816515585380916,0.3453477985885292,0.6984521619905392,174.72510428523066
401,120300,33.416666666666664,0.4775024429307212,0.4775024429307212,0.3473611421816693,0.6914522035381601,172.8863882986876
402,120600,33.5,0.4934589856238009,0.4934589856238009,0.350520594077342,0.6925451882598967,172.32220418282913
403,120900,33.583333333333336,0.4987901433243941,0.4987901433243941,0.3542815308334509,0.696013502667738,170.97540173681202
404,121200,33.666666666666664,0.4763521709426582,0.4763521709426582,0.3483625436889445,0.6881486816048297,168.901028396152
405,121500,33.75,0.4765969789945162,0.4765969789945162,0.3425885556610163,0.6909618528291281,169.42149197227545
406,121800,33.833333333333336,0.4946933244250689,0.4946933244250689,0.3535703973711873,0.6945115084560727,170.07544500969607
407,122100,33.916666666666664,0.4894707550721431,0.4894707550721431,0.3598662271259824,0.6960695792540582,170.85617544319288
408,122400,34.0,0.4780899838703435,0.4780899838703435,0.359520587206787,0.6927013192837175,170.31676302225114
409,122700,34.083333333333336,0.4888298875708201,0.4888298875708201,0.3607606350067876,0.6899837674189213,169.93257375692565
410,123000,34.166666666666664,0.5033517795630488,0.5033517795630488,0.3600700486676596,0.690801317241784,170.94631986421174
411,123300,34.25,0.5115218778710258,0.5115218778710258,0.3640345374037564,0.6912730107448889,170.71596851291704
412,123600,34.333333333333336,0.5083893766831217,0.5083893766831217,0.3617038193015426,0.6882458879091384,171.3698488467971
413,123900,34.416666666666664,0.5071877719168402,0.5071877719168402,0.3630146263784439,0.6861653674226363,170.25564193471294
414,124200,34.5,0.4963774751257412,0.4963774751257412,0.3579813970662858,0.6830647339149417,168.85892079433643
415,124500,34.583333333333336,0.5017152116221075,0.5017152116221075,0.3585912104881903,0.6831988712291732,168.58164638047307
416,124800,34.666666666666664,0.4982423336497638,0.4982423336497638,0.358650956529783,0.6836736978836654,168.91372197034505
417,125100,34.75,0.4870670627256745,0.4870670627256745,0.3588541908415865,0.6845436276093253,168.70202380470306
418,125400,34.833333333333336,0.5184627989826451,0.5184627989826451,0.3614508488570346,0.6842260133745246,167.92626176276525
419,125700,34.916666666666664,0.5192418899434733,0.5192418899434733,0.3658929800843429,0.6847192931791934,169.33485939105884
420,126000,35.0,0.5204458210368577,0.5204458210368577,0.36427942096011,0.6844897014257929,169.33935193975424
421,126300,35.083333333333336,0.5091072817856989,0.5091072817856989,0.355703233733122,0.6862814362248468,169.00404557405992
422,126600,35.166666666666664,0.47325624412283,0.47325624412283,0.3545943028481726,0.6847376653178566,168.58671322997668
423,126900,35.25,0.4607695905478016,0.4607695905478016,0.3414026638180716,0.688057766717083,168.78743069745568
424,127200,35.333333333333336,0.4745216951185156,0.4745216951185156,0.336220129809901,0.6953276097470071,169.3392238782154
425,127500,35.416666666666664,0.5070067941381996,0.5070067941381996,0.3651227637603708,0.6894384885279622,168.44598008128975
426,127800,35.5,0.50534760239862,0.50534760239862,0.3614354637952959,0.691489289708301,168.42577037626768
427,128100,35.583333333333336,0.4967272341105166,0.4967272341105166,0.3599274604903423,0.6912678005455565,168.5415870382788
428,128400,35.666666666666664,0.5086015748680291,0.5086015748680291,0.3613612644268489,0.6938726021314543,168.93236902933847
429,128700,35.75,0.5037625001739605,0.5037625001739605,0.3626410666662735,0.6955637521295216,169.39104374657924
430,129000,35.833333333333336,0.4982322393094784,0.4982322393094784,0.3610692143050678,0.6950381738103267,169.24170378849888
431,129300,35.916666666666664,0.5021330891711896,0.5021330891711896,0.36544115266112,0.6944267171403267,168.49387542918444
432,129600,36.0,0.5098571797798451,0.5098571797798451,0.3616171721819903,0.6016547260824011,153.081395010886
433,129900,36.083333333333336,0.5272752956237655,0.5272752956237655,0.3782841643087218,0.600789998968442,151.42195546830538
434,130200,36.166666666666664,0.528508911109455,0.528508911109455,0.3688633323433525,0.6029195232724177,151.96356796968328
435,130500,36.25,0.5189910254382049,0.5189910254382049,0.361460892258797,0.6049089402550687,154.80748582550208
436,130800,36.333333333333336,0.5299013696555347,0.5299013696555347,0.3651427702310802,0.6090234941806256,158.047581341611
437,131100,36.416666666666664,0.5475905593075538,0.5475905593075538,0.3704799237467064,0.6154504647012836,160.77272273828098
438,131400,36.5,0.5513716320939883,0.5513716320939883,0.3718329660979705,0.6175999127841554,161.61759770574113
439,131700,36.583333333333336,0.5441380262496703,0.5441380262496703,0.36689676870542,0.6178538562694732,161.85178369757975
440,132000,36.666666666666664,0.5335894926311153,0.5335894926311153,0.3677411417361173,0.6201295694884122,161.6985967563987
441,132300,36.75,0.5201032348406934,0.5201032348406934,0.3498834800817576,0.6219550289993303,161.64828989833984
442,132600,36.833333333333336,0.5505676723151963,0.5505676723151963,0.3666707704027562,0.6219047625429648,160.85219283094625
443,132900,36.916666666666664,0.5469192279115009,0.5469192279115009,0.3728876046745152,0.6232142177893164,160.73061134734652
444,133200,37.0,0.5310923028337907,0.5310923028337907,0.3700949511334243,0.623176523878161,161.21947227418613
445,133500,37.083333333333336,0.5317352998008414,0.5317352998008414,0.3724571661639573,0.6258507653030366,160.92550224608468
446,133800,37.166666666666664,0.5360460594946195,0.5360460594946195,0.3755185393991061,0.6252412626573646,161.37100894613232
447,134100,37.25,0.5517541147958752,0.5517541147958752,0.3775039878393216,0.6250541735718264,162.23590275295865
448,134400,37.333333333333336,0.5414772435966442,0.5414772435966442,0.3747786392462824,0.6256651952870367,162.70050726695294
449,134700,37.416666666666664,0.5446495523635915,0.5446495523635915,0.3790539125544608,0.6270064183240236,162.72706062663346
450,135000,37.5,0.5295748790478446,0.5295748790478446,0.3748841477531019,0.6247095695582854,163.51178756392684
451,135300,37.583333333333336,0.5343866280133103,0.5343866280133103,0.3756705936448234,0.6267888895904163,163.69088093737594
452,135600,37.666666666666664,0.5361662738514981,0.5361662738514981,0.3768851762890763,0.6280814841018507,163.7885635585729
453,135900,37.75,0.5415054123231721,0.5415054123231721,0.3737943836054032,0.6289510847671617,163.44713720818197
454,136200,37.833333333333336,0.5458255499516165,0.5458255499516165,0.3775281697791569,0.6275067659434911,163.5926237894821
455,136500,37.916666666666664,0.5404096580809886,0.5404096580809886,0.3715362726966733,0.6283647343128508,162.21492763290823
456,136800,38.0,0.5380335641876152,0.5380335641876152,0.3731885843430826,0.6268063754190172,160.51490979826733
457,137100,38.083333333333336,0.5453921278435401,0.5453921278435401,0.3783564219562891,0.6293711104027475,160.17212871563262
458,137400,38.166666666666664,0.5414710475693804,0.5414710475693804,0.3737213259390743,0.6270012359463366,160.10766049406513
459,137700,38.25,0.5206308042595387,0.5206308042595387,0.3689376506834617,0.6246434049620926,159.470591909518
460,138000,38.333333333333336,0.5245328067796271,0.5245328067796271,0.3703453356579417,0.6238053731557173,159.53877239949816
461,138300,38.416666666666664,0.5388284822832371,0.5388284822832371,0.3809173593914434,0.6236475009536576,159.25700306806365
462,138600,38.5,0.5311722934130438,0.5311722934130438,0.3777144627905623,0.6217563102891214,158.91296165254585
463,138900,38.583333333333336,0.5280212659940926,0.5280212659940926,0.3743764875177566,0.6218488324462461,158.7552263518231
464,139200,38.666666666666664,0.5178190287971379,0.5178190287971379,0.3715870731289131,0.6195634457256682,159.16791358735605
465,139500,38.75,0.5238246775574064,0.5238246775574064,0.3713135851226704,0.6173092561208704,158.7937649918262
466,139800,38.833333333333336,0.525932403935649,0.525932403935649,0.3743796640393787,0.6185547362926392,160.36586807047655
467,140100,38.916666666666664,0.5257343590283869,0.5257343590283869,0.3742190704983818,0.6202064871739389,161.67074590633547
468,140400,39.0,0.5443495367420443,0.5443495367420443,0.3814934233700786,0.6215988791719768,161.67073472426816
469,140700,39.083333333333336,0.5449575549390877,0.5449575549390877,0.3816021443776279,0.6200004707506201,160.68216731590238
470,141000,39.166666666666664,0.5088295733664692,0.5088295733664692,0.3673627432760799,0.6192992584402891,159.90494840292203
471,141300,39.25,0.5015995025245633,0.5015995025245633,0.3516744811348565,0.6285119449768801,158.55217776505216
472,141600,39.333333333333336,0.519786518220331,0.519786518220331,0.3583821851339295,0.6282520277644414,158.87089745907784
473,141900,39.416666666666664,0.5404077081829209,0.5404077081829209,0.3783748795857476,0.6251576796686541,160.25779882625918
474,142200,39.5,0.5405298849686497,0.5405298849686497,0.3771001110631308,0.6264560277336769,160.61937809337738
475,142500,39.583333333333336,0.526932093617484,0.526932093617484,0.3766478061724637,0.6255280816665615,159.99335810761713
476,142800,39.666666666666664,0.5284186956044803,0.5284186956044803,0.381798814912646,0.6261041778377713,160.0091894582196
477,143100,39.75,0.507430710533792,0.507430710533792,0.3783434581289674,0.6280255722347832,159.99225215743576
478,143400,39.833333333333336,0.5738593687360563,0.5738593687360563,0.3828716083567853,0.6329494060459568,158.7169112415778
479,143700,39.916666666666664,0.5531458540025972,0.5531458540025972,0.3687003486318169,0.6133155648651212,157.56635658879512
480,144000,40.0,0.5027515939272568,0.5027515939272568,0.3248578153676739,0.5745964508360082,154.6625596858801
481,144300,40.083333333333336,0.4984374824835326,0.4984374824835326,0.3096647733571583,0.551403215855968,152.7662653077726
482,144600,40.166666666666664,0.4728837244341097,0.4728837244341097,0.288344859249822,0.5349633540198366,152.18602822477027
483,144900,40.25,0.4786642209782047,0.4786642209782047,0.2899892129076187,0.5274202720295829,152.55527455090836
484,145200,40.333333333333336,0.4906734504279656,0.4906734504279656,0.2924028715729524,0.5285992579592373,153.40653969461533
485,145500,40.416666666666664,0.4940274453712632,0.4940274453712632,0.2913161960884244,0.525344842700307,154.16799475997337
486,145800,40.5,0.4860134333916301,0.4860134333916301,0.2862212912569148,0.5230129719218306,153.06281536126343
487,146100,40.583333333333336,0.4534305807595691,0.4534305807595691,0.2697529928524411,0.5156465148380857,151.6712843057547
488,146400,40.666666666666664,0.4356361780436097,0.4356361780436097,0.276508078360623,0.5192141078095587,151.52541733091428
489,146700,40.75,0.4094522066978369,0.4094522066978369,0.2759152647671082,0.5210809574349021,150.1633241755074
490,147000,40.833333333333336,0.3908601866882106,0.3908601866882106,0.276405866701709,0.5357385941757855,150.0790524965173
491,147300,40.916666666666664,0.4052153670184951,0.4052153670184951,0.2917437669114618,0.5396506379906932,150.61627117836562
492,147600,41.0,0.4228380539758009,0.4228380539758009,0.3101946625870309,0.5558287144630156,151.17177567819954
493,147900,41.083333333333336,0.4400625773866348,0.4400625773866348,0.318252310413347,0.5679476728164435,151.75019582972894
494,148200,41.166666666666664,0.4836716339658347,0.4836716339658347,0.3351380142979586,0.5799148932337604,153.13900443726254
495,148500,41.25,0.4989426115373493,0.4989426115373493,0.3465237953129294,0.5869752862150619,153.73475481084
496,148800,41.333333333333336,0.5317487350288165,0.5317487350288165,0.3726753548575769,0.6062954157533166,153.24505244700896
497,149100,41.416666666666664,0.520301482622556,0.520301482622556,0.372650353078179,0.6066387837108548,154.43982062751928
498,149400,41.5,0.5078930235414654,0.5078930235414654,0.3628319245178191,0.6075558548650386,154.71812631529124
499,149700,41.583333333333336,0.4282152618948108,0.4282152618948108,0.3172836216191119,0.5838319520356146,153.36039513520046
500,150000,41.666666666666664,0.4881272859949622,0.4881272859949622,0.3357077119352624,0.5936944146612794,152.76201962633775
501,150300,41.75,0.4756758473092027,0.4756758473092027,0.3287842630003323,0.5863848267223725,152.56958991321548
502,150600,41.833333333333336,0.475884623437649,0.475884623437649,0.309823002866258,0.5763121874552256,151.62343977766116
503,150900,41.916666666666664,0.4718320944509899,0.4718320944509899,0.31435835062668,0.5746740763314212,151.85030956899024
504,151200,42.0,0.4720723867149335,0.4720723867149335,0.3134234595136113,0.571427965780803,150.8256589836623
505,151500,42.083333333333336,0.4715992943089753,0.4715992943089753,0.3127345639673601,0.5699001162697982,148.40912646004426
506,151800,42.166666666666664,0.4722109435349838,0.4722109435349838,0.3139017712913305,0.5685485362375283,149.68088022466156
507,152100,42.25,0.4763850395410133,0.4763850395410133,0.3132200036112516,0.5684754118191275,149.78382813060222
508,152400,42.333333333333336,0.4729832793603404,0.4729832793603404,0.3160339395690963,0.5685499297377521,150.56980801717106
509,152700,42.416666666666664,0.4674664720249255,0.4674664720249255,0.3094235589665525,0.5646526375337663,148.80917917516706
510,153000,42.5,0.4659591324217684,0.4659591324217684,0.3142613926633063,0.5664525371947747,148.78433782642935
511,153300,42.583333333333336,0.4599158634006722,0.4599158634006722,0.3096685051226147,0.5660746444960079,148.8408480974742
512,153600,42.666666666666664,0.443154658609115,0.443154658609115,0.3062288291486104,0.5661841494165991,148.79570399027486
513,153900,42.75,0.4245265125985738,0.4245265125985738,0.3039390209199555,0.5646542111304809,147.89497810138388
514,154200,42.833333333333336,0.3967308086935553,0.3967308086935553,0.30462593104619,0.567528348557097,147.81375225852722
515,154500,42.916666666666664,0.3981629926885678,0.3981629926885678,0.3109435667388079,0.5760485270084472,148.32468317476386
516,154800,43.0,0.4046679407597688,0.4046679407597688,0.3219830527263391,0.5933763736115936,148.47878950699518
517,155100,43.083333333333336,0.4424958599221369,0.4424958599221369,0.3462944197647444,0.6120843006327663,148.3345424498198
518,155400,43.166666666666664,0.478826273806258,0.478826273806258,0.3648548284406233,0.6221439388357038,150.69700408589674
519,155700,43.25,0.4805242705954131,0.4805242705954131,0.3751426826625343,0.6293084925912322,152.9178170955964
520,156000,43.333333333333336,0.4889576369104333,0.4889576369104333,0.3768505234033241,0.6297448372326584,154.0025007599751
521,156300,43.416666666666664,0.4522719607393953,0.4522719607393953,0.3612345094645851,0.6244213919742433,153.27812733618467
522,156600,43.5,0.4677327292500156,0.4677327292500156,0.357802145841114,0.5935996168747555,149.37305476201456
523,156900,43.583333333333336,0.5010899859842122,0.5010899859842122,0.3822833221635858,0.6134764743237033,151.56001652623894
524,157200,43.666666666666664,0.5131652233898546,0.5131652233898546,0.3870449011821675,0.6144742298087429,153.05016140320373
525,157500,43.75,0.5272300586124127,0.5272300586124127,0.3914907743419242,0.6165276370318741,152.75983303169502
526,157800,43.833333333333336,0.5382329656846484,0.5382329656846484,0.3920484530821503,0.617916813947967,152.29070250421248
527,158100,43.916666666666664,0.5334038287370887,0.5334038287370887,0.3875354550004569,0.6176712752988677,152.9460241615542
528,158400,44.0,0.5290851457263201,0.5290851457263201,0.3869451110715714,0.6171912952068191,152.09653108169388
529,158700,44.083333333333336,0.5149009771871558,0.5149009771871558,0.3807928092695175,0.6083317396298313,151.73205739970567
530,159000,44.166666666666664,0.5171944666509962,0.5171944666509962,0.375771733598526,0.6120950851851552,154.01650782127504
531,159300,44.25,0.5103162899151182,0.5103162899151182,0.3774973066173416,0.6122690468684061,155.62249058296086
532,159600,44.333333333333336,0.5148140027308479,0.5148140027308479,0.3864824594673203,0.6137690163531385,158.18078468023674
533,159900,44.416666666666664,0.5234597482957629,0.5234597482957629,0.3901311928691393,0.6150473385700764,159.51197548820352
534,160200,44.5,0.5309584279483289,0.5309584279483289,0.3916822380899315,0.6176093401610109,159.87334344342105
535,160500,44.583333333333336,0.5243315358196846,0.5243315358196846,0.3898480631065528,0.6205827424543651,159.22638169822517
536,160800,44.666666666666664,0.5274054905435482,0.5274054905435482,0.3897862697707219,0.6211638592708689,158.014017984103
537,161100,44.75,0.5154699076355336,0.5154699076355336,0.3782767441773325,0.6171323809214013,157.31438516332037
538,161400,44.833333333333336,0.5153901740402503,0.5153901740402503,0.3798627382084106,0.6181430933023083,156.75858964789023
539,161700,44.916666666666664,0.5102615132450671,0.5102615132450671,0.3799823662079578,0.6179887414766438,156.6284140817359
540,162000,45.0,0.5149319940778788,0.5149319940778788,0.3874664181565411,0.6205435917114706,156.1688076735211
541,162300,45.083333333333336,0.5350308350389849,0.5350308350389849,0.3906503270645551,0.6154433463389289,155.98669630633032
542,162600,45.166666666666664,0.5233887889071477,0.5233887889071477,0.392458775093431,0.6127342755944359,155.11551960439536
543,162900,45.25,0.4991958545237173,0.4991958545237173,0.3899285639595486,0.6126156326520494,154.81990407341067
544,163200,45.333333333333336,0.5078855740095441,0.5078855740095441,0.3892179113445868,0.6162399982858158,154.35819299688
545,163500,45.416666666666664,0.501772931278463,0.501772931278463,0.3874093724645244,0.6157461502151235,156.1694828174849
546,163800,45.5,0.5062005634554227,0.5062005634554227,0.3767600906691731,0.620959561826208,158.21952578793648
547,164100,45.583333333333336,0.5078871535052238,0.5078871535052238,0.3809053991692713,0.6170242926990321,157.872823091669
548,164400,45.666666666666664,0.5195539126885477,0.5195539126885477,0.3801092406588777,0.6181240656920698,157.67678811102036
549,164700,45.75,0.5224086227463536,0.5224086227463536,0.3785395884603563,0.6209794358441921,157.42362740381083
550,165000,45.833333333333336,0.5216634223585768,0.5216634223585768,0.3833279631984956,0.6180995958036162,157.1890820669483
551,165300,45.916666666666664,0.5376489331895598,0.5376489331895598,0.3914754205266408,0.6197098986534042,158.57030222499682
552,165600,46.0,0.5004793321292423,0.5004793321292423,0.3873180893634744,0.6208831612568085,160.57713272877317
553,165900,46.083333333333336,0.4943938566090565,0.4943938566090565,0.3819748879933512,0.6198044349775128,161.2838651837663
554,166200,46.166666666666664,0.515239951448838,0.515239951448838,0.3910112116206623,0.6201304539797184,161.15255551465847
555,166500,46.25,0.5009870690173412,0.5009870690173412,0.3867497707472843,0.6181885877291341,160.67166405060945
556,166800,46.333333333333336,0.4995872705498973,0.4995872705498973,0.3710517170445477,0.6144630262789418,160.07552341695265
557,167100,46.416666666666664,0.5136740571821702,0.5136740571821702,0.3849174979743071,0.6162985023357314,160.10212349617575
558,167400,46.5,0.505153844122603,0.505153844122603,0.3764947387974572,0.6179997808265401,161.14313578735982
559,167700,46.583333333333336,0.5024928006170739,0.5024928006170739,0.3777201438713763,0.6188977025763669,160.7927614453107
560,168000,46.666666666666664,0.5122885154720265,0.5122885154720265,0.3730341909861404,0.6196788928444505,161.4441357095333
561,168300,46.75,0.5233013734880549,0.5233013734880549,0.38064349755819,0.6226765733960309,161.30355735560272
562,168600,46.833333333333336,0.5221501063864197,0.5221501063864197,0.3767021853122599,0.6238152452089735,160.96229067307627
563,168900,46.916666666666664,0.5214979474291194,0.5214979474291194,0.3733665954054582,0.6233688406854598,161.1685983572209
564,169200,47.0,0.5197711057328402,0.5197711057328402,0.3687241526624543,0.6226319979700151,161.28790719265328
565,169500,47.083333333333336,0.5043281009249357,0.5043281009249357,0.3668621059353721,0.6225856889609322,159.5818054837155
566,169800,47.166666666666664,0.5088357143937297,0.5088357143937297,0.3653379129461755,0.621059512839949,158.08945049990675
567,170100,47.25,0.5023271465640884,0.5023271465640884,0.3684111351280821,0.6211456057379277,157.75257476568046
568,170400,47.333333333333336,0.5079628227929018,0.5079628227929018,0.368034448423883,0.626328926637254,158.1982283732375
569,170700,47.416666666666664,0.4967548622696157,0.4967548622696157,0.3683103750894915,0.6260475188172497,157.4436933898975
570,171000,47.5,0.5171075087431695,0.5171075087431695,0.3768548664763453,0.6261462440715723,158.0318953724132
571,171300,47.583333333333336,0.502617096752974,0.502617096752974,0.3715393331482872,0.6266029254867925,159.60823090109477
572,171600,47.666666666666664,0.4929643878981412,0.4929643878981412,0.3694455505496833,0.6281819843738936,160.32925635989832
573,171900,47.75,0.4990997417290839,0.4990997417290839,0.375926935151295,0.6281598994351112,160.19669879955208
574,172200,47.833333333333336,0.488692870230776,0.488692870230776,0.3687767028420582,0.6332318328571847,160.6534066713332
575,172500,47.916666666666664,0.5062941891016806,0.5062941891016806,0.3751870329505627,0.6397323035262857,160.7627946989164
576,172800,48.0,0.5066094536206237,0.5066094536206237,0.3732454907198311,0.6375889609396765,161.39093758664302
577,173100,48.083333333333336,0.4878892838433682,0.4878892838433682,0.373130549593188,0.6323736342856225,160.65603050091224
578,173400,48.166666666666664,0.5035271914243891,0.5035271914243891,0.3797446730856588,0.6275965287687333,158.64856017442895
579,173700,48.25,0.5079321581858935,0.5079321581858935,0.3840544577411331,0.6244729848262145,158.68020072937918
580,174000,48.333333333333336,0.4962066035949246,0.4962066035949246,0.3789936222242878,0.6206558073492177,158.97586605988832
581,174300,48.416666666666664,0.4900816326587632,0.4900816326587632,0.3817436599537426,0.6232728531256345,159.69606724002745
582,174600,48.5,0.4944881281443744,0.4944881281443744,0.3829434647396635,0.6228878076739444,160.53789039806978
583,174900,48.583333333333336,0.4933077225594425,0.4933077225594425,0.3841292733712482,0.6189928481639704,160.39347482013298
584,175200,48.666666666666664,0.4973091885673296,0.4973091885673296,0.38221553450233,0.6182598134186988,160.76849728187435
585,175500,48.75,0.5063623356380297,0.5063623356380297,0.377137839194052,0.6138361144572607,160.33971818034996
586,175800,48.833333333333336,0.5105132196277415,0.5105132196277415,0.3777803246619918,0.6119019970649424,159.68372533862376
587,176100,48.916666666666664,0.5000616457871332,0.5000616457871332,0.362589689864034,0.6120655855496755,159.13636985744182
588,176400,49.0,0.527138247925355,0.527138247925355,0.3800082720705531,0.6163227120283685,158.52016086299372
589,176700,49.083333333333336,0.5134561083679015,0.5134561083679015,0.3850797083359884,0.6129172612962756,158.2791130211579
590,177000,49.166666666666664,0.5063633085157966,0.5063633085157966,0.370413034575451,0.6122280736911787,158.41886631932326
591,177300,49.25,0.5070872247667607,0.5070872247667607,0.3747611439565059,0.6131866883523628,159.0713643412595
592,177600,49.333333333333336,0.5119418133074823,0.5119418133074823,0.3795760521745714,0.6142496748993607,160.19377956382064
593,177900,49.416666666666664,0.517113185496212,0.517113185496212,0.3801745247351149,0.6099976696133094,158.65059106666865
594,178200,49.5,0.517800606337172,0.517800606337172,0.3751874661479549,0.6039968085817534,158.20602184603692
595,178500,49.583333333333336,0.5091463798159055,0.5091463798159055,0.3751728696424512,0.6042896689930295,158.59589128313405
596,178800,49.666666666666664,0.496795648768609,0.496795648768609,0.3621096946113434,0.597825627233371,157.06918486984137
597,179100,49.75,0.5157644652195377,0.5157644652195377,0.3710977228671667,0.5977623718212044,157.3012293029559
598,179400,49.833333333333336,0.5220538150788917,0.5220538150788917,0.3652134139524232,0.5980303042103756,158.53406626747147
599,179700,49.916666666666664,0.5166515204070371,0.5166515204070371,0.3529795477116754,0.5962028319123721,159.95774034648207
600,180000,50.0,0.5043222698350155,0.5043222698350155,0.342237115136655,0.5906006366811611,160.40593496623129
601,180300,50.083333333333336,0.4860918143184936,0.4860918143184936,0.3392419112948153,0.589820432886014,160.7039823017275
602,180600,50.166666666666664,0.4826900191439932,0.4826900191439932,0.3401876386161843,0.5941389123429015,159.5088812714355
603,180900,50.25,0.4855331780102174,0.4855331780102174,0.3464103251277417,0.6010743565546796,160.60165019636725
604,181200,50.333333333333336,0.4880804217037482,0.4880804217037482,0.3425007946671844,0.5988229909643769,160.88006619482897
605,181500,50.416666666666664,0.459577096388643,0.459577096388643,0.3391317284541171,0.5987097893591339,159.94421312125084
606,181800,50.5,0.4356315651199864,0.4356315651199864,0.3273520862948282,0.5729042506346442,157.3804420481031
607,182100,50.583333333333336,0.4492690831128799,0.4492690831128799,0.3090485882494809,0.5533772122031918,151.6304555816277
608,182400,50.666666666666664,0.4601017709739223,0.4601017709739223,0.3207633751186373,0.5628271910972295,158.3018884248194
609,182700,50.75,0.4672642528265028,0.4672642528265028,0.3289996210113212,0.5723086410373448,159.88453475064733
610,183000,50.833333333333336,0.4688938452617447,0.4688938452617447,0.3320094527414504,0.5722822675479932,159.13360146152
611,183300,50.916666666666664,0.4569771852407919,0.4569771852407919,0.3332893379923775,0.5733305015051812,160.06048884654055
612,183600,51.0,0.4531113649403979,0.4531113649403979,0.3330182182391144,0.5747811093962804,161.65262469929317
613,183900,51.083333333333336,0.4479815501423831,0.4479815501423831,0.3297787014276406,0.5658399863559779,155.87142405182811
614,184200,51.166666666666664,0.4448001029313475,0.4448001029313475,0.3289716167616759,0.5688898707396229,158.0134972325449
615,184500,51.25,0.447230909431526,0.447230909431526,0.3288052631736266,0.5705518428663227,159.51269114922135
616,184800,51.333333333333336,0.4348506478394204,0.4348506478394204,0.3297629424282155,0.573235228645598,160.62186747686945
617,185100,51.416666666666664,0.4423517440760207,0.4423517440760207,0.3297793125116901,0.5753721324673892,160.5479834411892
618,185400,51.5,0.4478548510756152,0.4478548510756152,0.3328794741315254,0.57820783044654,161.0685844054264
619,185700,51.583333333333336,0.4522816018679861,0.4522816018679861,0.3336076113602876,0.578394836957432,159.59485727255776
620,186000,51.666666666666664,0.4503400675313425,0.4503400675313425,0.3330753077833899,0.576819555504009,157.6352104767007
621,186300,51.75,0.4390817686456025,0.4390817686456025,0.3331067622502323,0.5756845160847276,156.74151152325203
622,186600,51.833333333333336,0.4380078805134398,0.4380078805134398,0.3316193537847415,0.5760453571175631,157.1669198142228
623,186900,51.916666666666664,0.437989263832356,0.437989263832356,0.3304766206893625,0.5765469860247242,157.30725474403565
624,187200,52.0,0.4460647335834371,0.4460647335834371,0.3308738449099784,0.5783394937803362,158.08354810679066
625,187500,52.083333333333336,0.4268765234653761,0.4268765234653761,0.3308177766983267,0.579784559289265,158.6339291820689
626,187800,52.166666666666664,0.4149700944456663,0.4149700944456663,0.3298150044907585,0.579730491603262,159.19475692555483
627,188100,52.25,0.4255968282822193,0.4255968282822193,0.3315372843389305,0.5808725617977516,160.21909918433332
628,188400,52.333333333333336,0.4215797042963065,0.4215797042963065,0.3305062252592844,0.5817651857282794,163.13138525715345
629,188700,52.416666666666664,0.3832775982255725,0.3832775982255725,0.3240296468479671,0.5759983978302512,163.28389579224668
630,189000,52.5,0.3852752325882066,0.3852752325882066,0.3218319463574669,0.5803614863542341,163.47040065368392
631,189300,52.583333333333336,0.3865403737080772,0.3865403737080772,0.3205523231871139,0.5830231774253503,163.57546296185515
632,189600,52.666666666666664,0.3940378771187217,0.3940378771187217,0.3235670704807671,0.5915374348389182,163.1824019083447
633,189900,52.75,0.4135997620870724,0.4135997620870724,0.3316897533917349,0.5970710603048447,164.07508774318956
634,190200,52.833333333333336,0.4187492465284166,0.4187492465284166,0.3322495600297118,0.602752196535356,163.82908104353683
635,190500,52.916666666666664,0.3999728056436484,0.3999728056436484,0.3238469439985644,0.598884544104819,163.91751736645062
636,190800,53.0,0.3877058934064604,0.3877058934064604,0.3222199345633968,0.5996996469225135,165.0557414816471
637,191100,53.083333333333336,0.3935378784688669,0.3935378784688669,0.321332461518987,0.6040941248295985,163.55667886474976
638,191400,53.166666666666664,0.4303567168962868,0.4303567168962868,0.3330135828503937,0.6076326803815753,161.83948301282
639,191700,53.25,0.4286154085683871,0.4286154085683871,0.328640743520224,0.6047140137755455,161.7718155883626
640,192000,53.333333333333336,0.4401305323213558,0.4401305323213558,0.3422680355068924,0.6142476819413174,159.92683521000745
641,192300,53.416666666666664,0.4508578087664688,0.4508578087664688,0.3419423601897005,0.6187160649466449,161.57201300416676
642,192600,53.5,0.419586741467141,0.419586741467141,0.3355264942105951,0.6233844292417293,162.42939620146535
643,192900,53.583333333333336,0.4569903720905769,0.4569903720905769,0.3373238770453194,0.6299120232988842,161.79659897586265
644,193200,53.666666666666664,0.4479488748375042,0.4479488748375042,0.3355733348258252,0.6333800231275601,160.69709444659938
645,193500,53.75,0.4559291149175101,0.4559291149175101,0.3371623852468298,0.6335911244469232,161.3607028054546
646,193800,53.833333333333336,0.4474421354500227,0.4474421354500227,0.3375623089400029,0.6296535855488047,162.06372207359888
647,194100,53.916666666666664,0.4392370385208016,0.4392370385208016,0.331706898788595,0.6281767491890813,161.6889352220393
648,194400,54.0,0.4500505914283673,0.4500505914283673,0.3357582670328363,0.6341684244055595,162.62050372435652
649,194700,54.083333333333336,0.4402631347600386,0.4402631347600386,0.3334157875245719,0.6391564829743337,163.2290042479735
650,195000,54.166666666666664,0.4591663663614269,0.4591663663614269,0.3453368380168667,0.6387165683958953,163.48822747099027
651,195300,54.25,0.4912307286669905,0.4912307286669905,0.3544254306858399,0.6372640353087184,164.3389689876122
652,195600,54.333333333333336,0.4624249285270371,0.4624249285270371,0.3420282764295133,0.6361759949545228,163.9715901042682
653,195900,54.416666666666664,0.4503653269652145,0.4503653269652145,0.3322153160298522,0.6329659951033895,161.42359641800948
654,196200,54.5,0.4651015961044093,0.4651015961044093,0.3442249465900473,0.6369933336124481,161.06819311171247
655,196500,54.583333333333336,0.4851177438135903,0.4851177438135903,0.3469616587977869,0.6276314234458316,160.10044063985373
656,196800,54.666666666666664,0.4978235577278909,0.4978235577278909,0.3481230043587872,0.6232887276946969,159.9304844130626
657,197100,54.75,0.4765915370248686,0.4765915370248686,0.3490051506997825,0.6329340038883449,159.30608913400735
658,197400,54.833333333333336,0.4764982883423244,0.4764982883423244,0.348351637245214,0.6341696642450037,159.08552481694684
659,197700,54.916666666666664,0.4814711013207069,0.4814711013207069,0.3511685789059361,0.6395556024404693,159.6590374512337
660,198000,55.0,0.4850889106751269,0.4850889106751269,0.3497627892401523,0.6406033095622484,161.10359595596228
661,198300,55.083333333333336,0.4517598263145191,0.4517598263145191,0.3409005196413583,0.6232584721826061,159.20543913985534
662,198600,55.166666666666664,0.4690723657384719,0.4690723657384719,0.3385998525112347,0.6208593856036599,154.80046644961283
663,198900,55.25,0.4813887148789818,0.4813887148789818,0.343427130995902,0.630236829726661,153.7437338935782
664,199200,55.333333333333336,0.4828609044839267,0.4828609044839267,0.3487240828791145,0.6333126497106393,154.74570713565404
665,199500,55.416666666666664,0.4614624132096419,0.4614624132096419,0.3393444015133759,0.6280905784310346,155.2989601507086
666,199800,55.5,0.476655376148203,0.476655376148203,0.3440802842843014,0.6312280969364152,156.48496585649357
667,200100,55.583333333333336,0.5204137261204641,0.5204137261204641,0.359058519457675,0.6320552454379144,159.6285204310049
668,200400,55.666666666666664,0.5246362743831249,0.5246362743831249,0.3610267334172054,0.6243405048844263,164.11976503162475
669,200700,55.75,0.4982301626467679,0.4982301626467679,0.3431743146073409,0.5907437872832422,166.6994786935904
670,201000,55.833333333333336,0.4882141836130564,0.4882141836130564,0.3378909848416313,0.5786887900143428,167.52625363174468
671,201300,55.916666666666664,0.4680247289437236,0.4680247289437236,0.3252227590262665,0.5590858253815219,164.09208503577844
672,201600,56.0,0.4780923948357286,0.4780923948357286,0.3255557011716207,0.5609416336780502,161.87843362038734
673,201900,56.083333333333336,0.478455219028068,0.478455219028068,0.3260577952785936,0.5603678874306952,161.32053883963863
674,202200,56.166666666666664,0.474475378197762,0.474475378197762,0.3270434673901944,0.5588880149288427,160.1022367319905
675,202500,56.25,0.4564689664017033,0.4564689664017033,0.3267044743191566,0.5555376488509932,160.0993088945328
676,202800,56.333333333333336,0.4608592435751854,0.4608592435751854,0.3307862213010339,0.5590850422129646,162.16618940780296
677,203100,56.416666666666664,0.4608736593939131,0.4608736593939131,0.3321712554431469,0.5574041007336666,163.03371467902312
678,203400,56.5,0.4668838361814629,0.4668838361814629,0.3313177984259218,0.5546260086140231,164.2490405904865
679,203700,56.583333333333336,0.4725666235607724,0.4725666235607724,0.3332484018934076,0.5542116697845856,165.06290027000222
680,204000,56.666666666666664,0.4743562271197646,0.4743562271197646,0.3326040618618323,0.5510448983311633,164.84057399578734
681,204300,56.75,0.4745489698949738,0.4745489698949738,0.3341931820661236,0.5499723243614009,163.1299032642518
682,204600,56.833333333333336,0.4733674795632294,0.4733674795632294,0.334785022341737,0.5495084882512352,161.67377421174928
683,204900,56.916666666666664,0.4724627143943173,0.4724627143943173,0.334563343027268,0.5488222112980068,162.44945620839897
684,205200,57.0,0.472481449990783,0.472481449990783,0.3344951006357154,0.5513019184742787,162.31987815952832
685,205500,57.083333333333336,0.4630852989142308,0.4630852989142308,0.3298549280025491,0.5444506677080624,161.9955957751243
686,205800,57.166666666666664,0.4587239510284256,0.4587239510284256,0.3299692784397293,0.5501601265546662,164.08857576385623
687,206100,57.25,0.4612837899039899,0.4612837899039899,0.3288891512427463,0.5453213021630793,163.37355614561528
688,206400,57.333333333333336,0.4644787911184343,0.4644787911184343,0.3299566028080062,0.5455767798418819,164.1089015222005
689,206700,57.416666666666664,0.4518850520976527,0.4518850520976527,0.3243090573038789,0.5404534020765683,164.01723027421744
690,207000,57.5,0.4531839156279051,0.4531839156279051,0.3255806831372478,0.5429523555414694,163.69670986976783
691,207300,57.583333333333336,0.4606016239658101,0.4606016239658101,0.328873408127539,0.5485691843811396,165.76718628543628
692,207600,57.666666666666664,0.4655799916341288,0.4655799916341288,0.3284412864715429,0.5506693632782516,168.69661323749128
693,207900,57.75,0.4606435634065842,0.4606435634065842,0.3259221094970264,0.5472788514235705,168.77251735395342
694,208200,57.833333333333336,0.4623453196956934,0.4623453196956934,0.3285107902411125,0.5526489149853031,171.94833959606143
695,208500,57.916666666666664,0.4579409144947003,0.4579409144947003,0.328573079231059,0.5509172859459894,174.66665689279515
696,208800,58.0,0.4610946830369771,0.4610946830369771,0.3250718688925464,0.5445478282551917,173.01855857332757
697,209100,58.083333333333336,0.4709459980882017,0.4709459980882017,0.3270354178797413,0.5472684745701386,170.51166118259155
698,209400,58.166666666666664,0.4641851416109853,0.4641851416109853,0.3260289835041,0.5460790766919186,168.28319385804926
699,209700,58.25,0.459085135156147,0.459085135156147,0.321503237157727,0.5424586026222344,167.5715536484361
700,210000,58.333333333333336,0.459440788279381,0.459440788279381,0.3223691357407238,0.5468521354743665,169.70198470800565
701,210300,58.416666666666664,0.4663708399653864,0.4663708399653864,0.3238697106616775,0.5471140589628642,170.4477428840546
702,210600,58.5,0.4595756091648404,0.4595756091648404,0.325852116464621,0.5489381601142785,171.85215887292017
703,210900,58.583333333333336,0.4688870306218342,0.4688870306218342,0.3277102301417365,0.5514225149421159,172.85336911714097
704,211200,58.666666666666664,0.47548989442945,0.47548989442945,0.3286320933295946,0.5508462133838162,174.08223662980012
705,211500,58.75,0.4641692619013596,0.4641692619013596,0.3254051610890325,0.5483018827619915,171.58554045159946
706,211800,58.833333333333336,0.464766890724138,0.464766890724138,0.3258564162076555,0.5500451841923258,174.91265026687137
707,212100,58.916666666666664,0.456801965497196,0.456801965497196,0.3252966476358467,0.5529358438705758,175.21202265002862
708,212400,59.0,0.4581816025753926,0.4581816025753926,0.3252970559341234,0.5548622647269822,175.61409586982842
709,212700,59.083333333333336,0.4685166635769663,0.4685166635769663,0.3265119497168438,0.5557337885326247,175.5462280123912
710,213000,59.166666666666664,0.4841021158985812,0.4841021158985812,0.3292294833851396,0.554995264803464,174.9334429581019
711,213300,59.25,0.4818324769093216,0.4818324769093216,0.3290933240295389,0.5538571925955136,174.02670557077843
712,213600,59.333333333333336,0.4834036675240994,0.4834036675240994,0.3284358104661648,0.5519268994887477,172.6596822564363
713,213900,59.416666666666664,0.480554872959403,0.480554872959403,0.3280070846448832,0.5512285448347496,172.83695685411476
714,214200,59.5,0.4754064014144373,0.4754064014144373,0.3290833860620544,0.5526903592998073,173.51297834008025
715,214500,59.583333333333336,0.4634221156681227,0.4634221156681227,0.328687293279183,0.552549923499184,174.7572740370295
716,214800,59.666666666666664,0.4601992667542338,0.4601992667542338,0.3260593522313822,0.5529114568784468,176.13152769927294
717,215100,59.75,0.459908256250154,0.459908256250154,0.3258783426584891,0.5553833912185722,177.28484911696322
718,215400,59.833333333333336,0.4809233545952632,0.4809233545952632,0.3284339804459897,0.5580892007668222,179.37593296988064
719,215700,59.916666666666664,0.479003370824842,0.479003370824842,0.328401370063621,0.5587016575037665,180.6110876931268
720,216000,60.0,0.4663542957239692,0.4663542957239692,0.3266759747409177,0.5585951383488296,181.3938829943623
721,216300,60.083333333333336,0.4622067668190279,0.4622067668190279,0.3233854279434028,0.5588855054087077,180.3878731846464
722,216600,60.166666666666664,0.4742493286117278,0.4742493286117278,0.3244302952431626,0.5592395709820912,180.0236020752315
723,216900,60.25,0.4749654906900075,0.4749654906900075,0.3265746310482327,0.5596024238753546,180.4357970172368
724,217200,60.333333333333336,0.4776556601218121,0.4776556601218121,0.3270150740698342,0.5576992714441514,179.5935846412989
725,217500,60.416666666666664,0.4778224563481931,0.4778224563481931,0.3278744763599646,0.5589585560498832,179.4067240826708
726,217800,60.5,0.478922460907154,0.478922460907154,0.3277875051153124,0.5592864209203792,180.30161060961748
727,218100,60.583333333333336,0.4755382642031252,0.4755382642031252,0.3287095531824277,0.5578513223345429,180.58752333643355
728,218400,60.666666666666664,0.4727810470288311,0.4727810470288311,0.3259336718954295,0.5585194430140533,180.6252258400487
729,218700,60.75,0.4800998799186043,0.4800998799186043,0.3278181895429805,0.559090813669553,181.42264713884387
730,219000,60.833333333333336,0.4821733230847335,0.4821733230847335,0.3294044050584926,0.5634724652469648,182.58151149475265
731,219300,60.916666666666664,0.4725218752493929,0.4725218752493929,0.3301640073539281,0.5638255189246886,182.27766584228303
732,219600,61.0,0.4843410449415427,0.4843410449415427,0.3325033203401544,0.5667418664595497,181.1413932431496
733,219900,61.083333333333336,0.4869535111977582,0.4869535111977582,0.330840046818182,0.5656267640884979,179.57090971299394
734,220200,61.166666666666664,0.4761825586612466,0.4761825586612466,0.3293203599131827,0.5656145537703043,179.3599685354176
735,220500,61.25,0.4818378518343307,0.4818378518343307,0.3299571646157397,0.5658655062521563,178.7002880291425
736,220800,61.333333333333336,0.4832064807080664,0.4832064807080664,0.3295403155181435,0.5674501291651436,178.86311959744953
737,221100,61.416666666666664,0.4868147898808473,0.4868147898808473,0.3286180434036567,0.5653447991186978,178.78147354376495
738,221400,61.5,0.484290630174686,0.484290630174686,0.3282475628354102,0.5639553577062949,178.11856541435782
739,221700,61.583333333333336,0.4769909169491157,0.4769909169491157,0.327204089245801,0.5635007905654276,178.19495212980192
740,222000,61.666666666666664,0.4733296196510935,0.4733296196510935,0.3266393286200201,0.5629299178178282,179.32965897659355
741,222300,61.75,0.460008508624546,0.460008508624546,0.3271040131024019,0.5633597185015013,179.94964227526648
742,222600,61.833333333333336,0.4546225437508264,0.4546225437508264,0.3275660630943703,0.564415930924341,179.9912004902935
743,222900,61.916666666666664,0.4481182138250684,0.4481182138250684,0.3280505628466235,0.5650732514082633,181.1925890118952
744,223200,62.0,0.4518683141702732,0.4518683141702732,0.3296409109821023,0.5668568474516845,182.0278216706513
745,223500,62.083333333333336,0.4528383220410614,0.4528383220410614,0.3298405130696151,0.567443049364574,180.8382692380081
746,223800,62.166666666666664,0.4494837872179197,0.4494837872179197,0.3296492295306483,0.5678909714708974,180.46460119071537
747,224100,62.25,0.4449411592637929,0.4449411592637929,0.3280669763804149,0.5677092879139676,179.91823339497935
748,224400,62.333333333333336,0.4497336654771857,0.4497336654771857,0.3281835789666408,0.5653145958772592,181.35177497166265
749,224700,62.416666666666664,0.4482468880992537,0.4482468880992537,0.329568162244453,0.5659801235595702,180.86318667289456
750,225000,62.5,0.4485036083692635,0.4485036083692635,0.3298001756874144,0.5671305716693817,182.59997751279928
751,225300,62.583333333333336,0.4541496101780116,0.4541496101780116,0.3308310962464964,0.5704501646626431,183.3535115420232
752,225600,62.666666666666664,0.4570064605941619,0.4570064605941619,0.3338626924003083,0.570908271246539,181.4591243662823
753,225900,62.75,0.456212334644533,0.456212334644533,0.3372788954869253,0.5711421058152693,178.91109374234765
754,226200,62.833333333333336,0.4609850216941495,0.4609850216941495,0.3392839900926152,0.5719979286776635,179.78468828234728
755,226500,62.916666666666664,0.4684918412168177,0.4684918412168177,0.3383088984590401,0.5727023892954044,179.2453060728662
756,226800,63.0,0.4601983410215323,0.4601983410215323,0.337362138884338,0.5722145702557446,179.48496534310271
757,227100,63.083333333333336,0.4594281850284217,0.4594281850284217,0.3380297938371445,0.5730439189302005,180.2102036726064
758,227400,63.166666666666664,0.4695809056791667,0.4695809056791667,0.3376989567698843,0.5704187703144773,179.5794354714274
759,227700,63.25,0.4627984617703035,0.4627984617703035,0.3354097302417992,0.5680014474689692,179.7171771179867
760,228000,63.333333333333336,0.4570052303687988,0.4570052303687988,0.3369271078671186,0.5683399369649139,177.70389590659667
761,228300,63.416666666666664,0.4576992327917204,0.4576992327917204,0.3341585893464958,0.5682046740358232,179.0256467873961
762,228600,63.5,0.4649171338940078,0.4649171338940078,0.3387423495611396,0.5717244603101621,180.28617099247603
763,228900,63.583333333333336,0.4679471827528679,0.4679471827528679,0.3425922781984173,0.5744180439616854,180.88947560935304
764,229200,63.666666666666664,0.4678782250984327,0.4678782250984327,0.3406369194244306,0.574457850080107,181.49586003953564
765,229500,63.75,0.4717912436843477,0.4717912436843477,0.3421847773152164,0.5757419138399769,182.03228032357032
766,229800,63.833333333333336,0.4767460844428848,0.4767460844428848,0.341180273461279,0.5768896094357356,182.7001336305417
767,230100,63.916666666666664,0.4787526008709367,0.4787526008709367,0.3458815275025293,0.5767700977066949,182.49329707112423
768,230400,64.0,0.4703391759773683,0.4703391759773683,0.3468426448007137,0.5760007016375939,181.73033262945984
769,230700,64.08333333333333,0.4474298205444187,0.4474298205444187,0.3433904226045162,0.5743753755297916,180.91472841429808
770,231000,64.16666666666667,0.4168883428661992,0.4168883428661992,0.337363289528969,0.5740190003454619,177.85981833845526
771,231300,64.25,0.3902292148560542,0.3902292148560542,0.335911181426952,0.5752964977143096,174.0965897556179
772,231600,64.33333333333333,0.3758387039464397,0.3758387039464397,0.3365930377495752,0.5774902074603003,170.0638606262646
773,231900,64.41666666666667,0.376796542954129,0.376796542954129,0.3376815732709011,0.5834479540009248,167.47975660072214
774,232200,64.5,0.391258335667478,0.391258335667478,0.3430808219999073,0.5901327096248489,167.2618060779904
775,232500,64.58333333333333,0.3694289727211494,0.3694289727211494,0.3422280166652423,0.594219843190132,166.21833931997224
776,232800,64.66666666666667,0.363326682597475,0.363326682597475,0.3315598665180105,0.594700908903801,164.91918022406412
777,233100,64.75,0.3780745432060133,0.3780745432060133,0.3363509833958437,0.6026655447220733,164.12291300741336
778,233400,64.83333333333333,0.3986545724327905,0.3986545724327905,0.3451843720057291,0.6109626838187677,164.4585582964407
779,233700,64.91666666666667,0.3854806656388534,0.3854806656388534,0.3459810963599135,0.6154448356337231,165.4978075657573
780,234000,65.0,0.394847292718088,0.394847292718088,0.3472119493945556,0.6183403957648459,166.00227276941806
781,234300,65.08333333333333,0.4143209004654782,0.4143209004654782,0.3496532537340631,0.6227734585360195,166.4503506483033
782,234600,65.16666666666667,0.4100274285672571,0.4100274285672571,0.3489506073891958,0.6262641243101434,165.8459384335834
783,234900,65.25,0.4086840750183962,0.4086840750183962,0.3492440427101607,0.6341572092612742,167.7150825146347
784,235200,65.33333333333333,0.4423797806087808,0.4423797806087808,0.3535356259180765,0.6348967017614254,167.5133838975905
785,235500,65.41666666666667,0.4333468189766038,0.4333468189766038,0.3509917009067443,0.6314892275848026,166.8785800094766
786,235800,65.5,0.4273630619485771,0.4273630619485771,0.3141408731824096,0.5397782335934516,147.6637811852431
787,236100,65.58333333333333,0.4710521832892447,0.4710521832892447,0.3382409122840096,0.5820074321125335,150.51495834505204
788,236400,65.66666666666667,0.4836730427158276,0.4836730427158276,0.3534803956283038,0.598785255306358,155.0764238985167
789,236700,65.75,0.4983940642295565,0.4983940642295565,0.361325414649239,0.6100142975257635,157.857931188158
790,237000,65.83333333333333,0.4951186285970653,0.4951186285970653,0.359422373334647,0.6144243515193352,160.2803820826492
791,237300,65.91666666666667,0.5132376694145109,0.5132376694145109,0.3636056847582042,0.6160514980129688,159.96411302831794
792,237600,66.0,0.4978339514502659,0.4978339514502659,0.353433334823782,0.6161309762937813,160.14049031603506
793,237900,66.08333333333333,0.5170941663487323,0.5170941663487323,0.3591807409878272,0.6139340322064236,160.50374131566926
794,238200,66.16666666666667,0.515755130752302,0.515755130752302,0.3511315990925324,0.6136326768512268,161.88240164982597
795,238500,66.25,0.525844002429533,0.525844002429533,0.3614585134125462,0.6202638278496827,163.54405505327642
796,238800,66.33333333333333,0.5154239242067906,0.5154239242067906,0.3591513829196822,0.6235974534653334,163.61948208102794
797,239100,66.41666666666667,0.517179700632183,0.517179700632183,0.3607374503678006,0.6256808352737202,163.06741157869624
798,239400,66.5,0.5194770089243571,0.5194770089243571,0.3626134490190669,0.6297722918334834,163.15239422850678
799,239700,66.58333333333333,0.4798663185698387,0.4798663185698387,0.3359502169182571,0.6200020628923886,162.56954255454025
800,240000,66.66666666666667,0.498727372440837,0.498727372440837,0.338220113657683,0.624406000063239,164.21365986903453
801,240300,66.75,0.4923931400373168,0.4923931400373168,0.3322551526143639,0.6308759049022086,164.9193914176279
802,240600,66.83333333333333,0.4880096974934368,0.4880096974934368,0.3396572365565886,0.6299587192151355,164.04534941967626
803,240900,66.91666666666667,0.4929183349392159,0.4929183349392159,0.3412604748002635,0.6371360494277345,165.367686960792
804,241200,67.0,0.4959944391953625,0.4959944391953625,0.3448628906071584,0.6351451976564731,164.82756431246042
805,241500,67.08333333333333,0.4704014409817599,0.4704014409817599,0.3392692003061996,0.6357344645224183,163.0879656760657
806,241800,67.16666666666667,0.488101821035928,0.488101821035928,0.3375086423607406,0.6438527467994158,163.35122088947335
807,242100,67.25,0.4986025157676635,0.4986025157676635,0.3348073880775036,0.6458683618268644,162.7961884822955
808,242400,67.33333333333333,0.4946596732536238,0.4946596732536238,0.3322691549875645,0.6351172428003092,162.2157574561188
809,242700,67.41666666666667,0.4817736459224572,0.4817736459224572,0.3487472450762285,0.6390613592961057,162.17619254340204
810,243000,67.5,0.4468026041911833,0.4468026041911833,0.3346338970330949,0.6344541613105759,161.8659786357184
811,243300,67.58333333333333,0.4547715019267971,0.4547715019267971,0.3388924892594693,0.6348836224092702,162.5923455705875
812,243600,67.66666666666667,0.4493393133266836,0.4493393133266836,0.336472213735029,0.6382541679771053,164.76038648841288
813,243900,67.75,0.4623755045052559,0.4623755045052559,0.3373503033729069,0.6436628499569856,165.70928365835928
814,244200,67.83333333333333,0.4639467196039871,0.4639467196039871,0.3338545545045872,0.645082780535996,164.97039468624652
815,244500,67.91666666666667,0.4602672085257327,0.4602672085257327,0.3223941113737391,0.6438017325056382,164.82952385822057
816,244800,68.0,0.4767477653406922,0.4767477653406922,0.3286724676165655,0.6462469817861546,163.71683979575457
817,245100,68.08333333333333,0.4720514569880455,0.4720514569880455,0.3367186644733752,0.6441676824802267,165.026764183963
818,245400,68.16666666666667,0.463457929375675,0.463457929375675,0.336244894290036,0.6453371108166854,165.42318732695588
819,245700,68.25,0.4706928325936349,0.4706928325936349,0.3440726575143216,0.6473717081219332,165.37683276076683
820,246000,68.33333333333333,0.4743655659106789,0.4743655659106789,0.3499228769050963,0.6481860084587997,167.01605257532327
821,246300,68.41666666666667,0.5043472661187248,0.5043472661187248,0.3662881646511839,0.6465632510735774,163.09264524321372
822,246600,68.5,0.4894354951585379,0.4894354951585379,0.3632595638029948,0.6467064787839071,163.0228291949225
823,246900,68.58333333333333,0.4752856558442542,0.4752856558442542,0.3618827869660387,0.6495844124293307,162.9952602081331
824,247200,68.66666666666667,0.4706670122093286,0.4706670122093286,0.3622407194679621,0.6531332034414999,165.0681496123656
825,247500,68.75,0.4716127578722937,0.4716127578722937,0.3536691062450889,0.6539453513646036,165.07415520334123
826,247800,68.83333333333333,0.4888384956904372,0.4888384956904372,0.364646467846455,0.658304673668426,165.36670074773969
827,248100,68.91666666666667,0.4694262879920889,0.4694262879920889,0.3525857833324106,0.6532471484831617,165.71752008147695
828,248400,69.0,0.4697779879263229,0.4697779879263229,0.3548015990336267,0.6448443743595931,165.1017113446619
829,248700,69.08333333333333,0.4851276138131979,0.4851276138131979,0.3688251205740545,0.6491892268253261,166.22814981136636
830,249000,69.16666666666667,0.4942225083398174,0.4942225083398174,0.3742996005401075,0.6486488143502002,165.42165493424932
831,249300,69.25,0.4874487689260187,0.4874487689260187,0.3796165515761967,0.6504958516883571,164.96628641691777
832,249600,69.33333333333333,0.490337452494841,0.490337452494841,0.3727593429692643,0.6492151828159306,163.6502689047465
833,249900,69.41666666666667,0.5049993102751215,0.5049993102751215,0.3720669142353482,0.6463087764684121,161.74394790051517
834,250200,69.5,0.5050554143650449,0.5050554143650449,0.3703127367896933,0.6353812813031667,159.67082506061027
835,250500,69.58333333333333,0.5031947384646671,0.5031947384646671,0.3723730575995929,0.6400271648917037,160.29125726787868
836,250800,69.66666666666667,0.4858242265212965,0.4858242265212965,0.3592903537713405,0.6359436420154153,159.3533954982459
837,251100,69.75,0.4987662145488449,0.4987662145488449,0.3608324870553495,0.6385158660535155,160.4285895451653
838,251400,69.83333333333333,0.4640211771174178,0.4640211771174178,0.3344516914065288,0.6263399146436679,161.14590458758627
839,251700,69.91666666666667,0.4782366944057258,0.4782366944057258,0.3359805157616174,0.620954614354896,164.37223390863386
840,252000,70.0,0.4513413445345401,0.4513413445345401,0.3274058362522469,0.6157928618733616,165.32615684188897
841,252300,70.08333333333333,0.4482563564724558,0.4482563564724558,0.3335180385305114,0.6162791646512824,165.80326179263852
842,252600,70.16666666666667,0.4360431130006782,0.4360431130006782,0.32018100661774,0.6107147357507692,167.43528327727586
843,252900,70.25,0.4658523769646079,0.4658523769646079,0.3350046274502629,0.6268045642079914,169.0653930574767
844,253200,70.33333333333333,0.4465111752930543,0.4465111752930543,0.3158386694853196,0.6104000411543864,171.77162898831335
845,253500,70.41666666666667,0.4780606864950121,0.4780606864950121,0.3289306594302839,0.613073714440118,175.0427472790397
846,253800,70.5,0.4705160254385421,0.4705160254385421,0.3172279355002611,0.6055816436201565,177.4639608671782
847,254100,70.58333333333333,0.4849438068343382,0.4849438068343382,0.3236635333154266,0.5965442278520846,177.1386111697896
848,254400,70.66666666666667,0.4741381021049939,0.4741381021049939,0.3211564854877754,0.5977177208032066,176.59758267763058
849,254700,70.75,0.446899062611906,0.446899062611906,0.3174302429233332,0.5845384332276644,175.15870352949386
850,255000,70.83333333333333,0.4704678334300291,0.4704678334300291,0.3324629564252331,0.6062475637409934,175.45883590425967
851,255300,70.91666666666667,0.4458253225918255,0.4458253225918255,0.3189261987579747,0.5834915411931438,173.75891604386976
852,255600,71.0,0.4784160657424164,0.4784160657424164,0.3305352652273963,0.5973413598607675,172.92268576135373
853,255900,71.08333333333333,0.4614603159256392,0.4614603159256392,0.3220184016709756,0.607269950117945,169.8709824539456
854,256200,71.16666666666667,0.4687169312146738,0.4687169312146738,0.3257576244025922,0.6091346386038365,171.8830168227573
855,256500,71.25,0.4494875613393713,0.4494875613393713,0.3263169806997592,0.6087128197610224,173.87570920002014
856,256800,71.33333333333333,0.4424447999738505,0.4424447999738505,0.3187699400788709,0.5941489348262815,171.52683573861393
857,257100,71.41666666666667,0.4713096444199711,0.4713096444199711,0.3296702564247258,0.605507597109169,172.04661759163227
858,257400,71.5,0.4631889588464567,0.4631889588464567,0.3218044581452033,0.6112836610980142,174.05049474345802
859,257700,71.58333333333333,0.4530873510518776,0.4530873510518776,0.3120418479737142,0.589165524170977,169.59002748251487
860,258000,71.66666666666667,0.4590759170636213,0.4590759170636213,0.3236827200395942,0.6059904174176087,170.42159265451687
861,258300,71.75,0.4556860470352317,0.4556860470352317,0.3204392471282439,0.5973035443244967,171.63267996213096
862,258600,71.83333333333333,0.4780620425621391,0.4780620425621391,0.3324762466539268,0.6061223240024748,171.09660394378577
863,258900,71.91666666666667,0.4381092800237695,0.4381092800237695,0.3325887014740118,0.6098789940496825,166.4971911319884
864,259200,72.0,0.439890457392224,0.439890457392224,0.3253585210220765,0.5942588729943737,166.2750338069786
865,259500,72.08333333333333,0.4503346989130087,0.4503346989130087,0.3296834459438594,0.6006827517286719,167.02698092627907
866,259800,72.16666666666667,0.4268812069238971,0.4268812069238971,0.3187948960628739,0.6040981992105187,165.1015371198094
867,260100,72.25,0.4447143156385953,0.4447143156385953,0.3273454520119649,0.5952975749969501,167.08432174124417
868,260400,72.33333333333333,0.4326793929557239,0.4326793929557239,0.3255360182009201,0.5938576180012498,167.91932792315362
869,260700,72.41666666666667,0.4585761600264413,0.4585761600264413,0.3381135020906074,0.6055468599692285,169.00801123542666
870,261000,72.5,0.4553208207167946,0.4553208207167946,0.3358000279975587,0.6033405700664981,169.75878524717743
871,261300,72.58333333333333,0.4400854999818372,0.4400854999818372,0.3313264229182257,0.5936521014919025,168.79166407686142
872,261600,72.66666666666667,0.4560382277697668,0.4560382277697668,0.3365751765861569,0.5963782580540035,167.06774883991608
873,261900,72.75,0.4372956164244862,0.4372956164244862,0.3234664273000245,0.5845161423832487,165.75299761751208
874,262200,72.83333333333333,0.4454158691431059,0.4454158691431059,0.3269184416219833,0.5939952773551427,166.96645226096695
875,262500,72.91666666666667,0.4318394341054897,0.4318394341054897,0.3144340380393143,0.5854276687930736,166.38279594063334
876,262800,73.0,0.4453540426928832,0.4453540426928832,0.313630761751315,0.5895914666051798,168.39755777440234
877,263100,73.08333333333333,0.4669723177309964,0.4669723177309964,0.3276626843967044,0.5937798264816867,166.30272266931797
878,263400,73.16666666666667,0.4581233973812353,0.4581233973812353,0.3213165721943726,0.5921423487072882,168.57540482831908
879,263700,73.25,0.4341892213356189,0.4341892213356189,0.3096004756485552,0.5759587907209643,168.0754337158111
880,264000,73.33333333333333,0.4434572126982202,0.4434572126982202,0.3164828179885425,0.5823780681379782,165.36271143812942
881,264300,73.41666666666667,0.4251559133452132,0.4251559133452132,0.3165125755759764,0.5909142310057216,163.28393146638615
882,264600,73.5,0.4542152046345518,0.4542152046345518,0.3133125058009463,0.5951399030161048,166.86124981623146
883,264900,73.58333333333333,0.4729828115812778,0.4729828115812778,0.3139267075363488,0.5836120374392479,169.2035307324521
884,265200,73.66666666666667,0.4854525884897176,0.4854525884897176,0.3186505418783869,0.5947247131142949,169.1041960106057
885,265500,73.75,0.4877642127260201,0.4877642127260201,0.3127438419595638,0.5784056624350304,169.1592744794759
886,265800,73.83333333333333,0.4858708285684379,0.4858708285684379,0.3095117112586461,0.5843180668841148,169.1519468773208
887,266100,73.91666666666667,0.493663172736886,0.493663172736886,0.3118785243049385,0.590191785391903,170.44151633203947
888,266400,74.0,0.489918530798859,0.489918530798859,0.3103529996587056,0.5898726473395333,174.14158959022689
889,266700,74.08333333333333,0.4974607255637603,0.4974607255637603,0.3129347554311313,0.5930055037089386,174.8700352609523
890,267000,74.16666666666667,0.5007100712838752,0.5007100712838752,0.3177971160646817,0.5988425252108637,173.91284498545988
891,267300,74.25,0.4763105615710022,0.4763105615710022,0.3096651586181064,0.583239655939454,170.31003558982044
892,267600,74.33333333333333,0.4675932679566836,0.4675932679566836,0.3073418876354939,0.5940859737834218,171.7137149323225
893,267900,74.41666666666667,0.4766611943422256,0.4766611943422256,0.3198909400997298,0.6063918253436046,171.1448244990595
894,268200,74.5,0.4865841433372558,0.4865841433372558,0.3230665557100075,0.6064386166249126,169.59104484236843
895,268500,74.58333333333333,0.4623138430253733,0.4623138430253733,0.3098780142294401,0.5771727310983777,166.32262143540095
896,268800,74.66666666666667,0.4682392540555593,0.4682392540555593,0.3212580919726056,0.5875270469633752,172.00520227433043
897,269100,74.75,0.4721412205114588,0.4721412205114588,0.3262713306318461,0.5921073936834556,174.8789781955351
898,269400,74.83333333333333,0.4810114582379658,0.4810114582379658,0.3316546520566552,0.5934030790639122,176.66979665184448
899,269700,74.91666666666667,0.4910201876159369,0.4910201876159369,0.3357491768929126,0.5924496059070784,176.11011940417197
900,270000,75.0,0.482929528213809,0.482929528213809,0.3371790949012572,0.5900129339169479,174.16762712344385
901,270300,75.08333333333333,0.478290097209497,0.478290097209497,0.3352446789663993,0.5855111516588126,172.72786878714172
902,270600,75.16666666666667,0.4636792111202958,0.4636792111202958,0.3288627523716869,0.5738430727788125,168.6865742094198
903,270900,75.25,0.4732155824100174,0.4732155824100174,0.3288999367690852,0.570425545691863,166.14364707992831
904,271200,75.33333333333333,0.4766674491493852,0.4766674491493852,0.3307125776058069,0.5677755714274616,166.586762209425
905,271500,75.41666666666667,0.4742867903258324,0.4742867903258324,0.3313268476985668,0.5678461041105034,167.6508699909143
906,271800,75.5,0.4754809623883386,0.4754809623883386,0.330588503080636,0.5687716388809001,168.21992201039563
907,272100,75.58333333333333,0.4618772694735022,0.4618772694735022,0.3286274824685208,0.568804964495868,168.14132130195097
908,272400,75.66666666666667,0.4605076026141148,0.4605076026141148,0.3290087015648193,0.5702805044205191,169.1957094066811
909,272700,75.75,0.4582156451737001,0.4582156451737001,0.328167102395035,0.5702427709974898,170.2079210977012
910,273000,75.83333333333333,0.4548531389982866,0.4548531389982866,0.327831099832608,0.570916524721515,170.93111559406904
911,273300,75.91666666666667,0.4534974496620018,0.4534974496620018,0.3280828832295593,0.57265761519477,172.50690390601758
912,273600,76.0,0.4584599035642671,0.4584599035642671,0.3288441163830985,0.5710563509414329,173.56582770794043
913,273900,76.08333333333333,0.4476795152915626,0.4476795152915626,0.3286294741339288,0.5692037425761842,173.83275524118318
914,274200,76.16666666666667,0.454615490794461,0.454615490794461,0.3294429050154379,0.5700318519389881,173.82163942293792
915,274500,76.25,0.4563239796258789,0.4563239796258789,0.3290434569638151,0.5696178776552003,174.1747037994413
916,274800,76.33333333333333,0.4300250181673223,0.4300250181673223,0.3274128541671273,0.5699404174358281,172.57305528389415
917,275100,76.41666666666667,0.4127571602169929,0.4127571602169929,0.318810689938549,0.5701307664310834,171.20184611611836
918,275400,76.5,0.4333608442630937,0.4333608442630937,0.3171029743976744,0.5772685101545328,172.2908057113376
919,275700,76.58333333333333,0.4319962637377471,0.4319962637377471,0.3158496842348477,0.5886165694089658,174.88734800193353
920,276000,76.66666666666667,0.4489948734522967,0.4489948734522967,0.3167038928975523,0.598813248029497,176.94920303372322
921,276300,76.75,0.4789691182613083,0.4789691182613083,0.3227783495564458,0.6093767100634349,177.97869731296635
922,276600,76.83333333333333,0.5083173460360569,0.5083173460360569,0.3404330912704171,0.6142267921159382,180.57870221192505
923,276900,76.91666666666667,0.5091356404997122,0.5091356404997122,0.3450215139738866,0.6087483695919549,184.33039595592567
924,277200,77.0,0.4976791361483137,0.4976791361483137,0.3404459239021549,0.5898249379018456,182.64077052389536
925,277500,77.08333333333333,0.4920720782761547,0.4920720782761547,0.3380879853901101,0.5754280897495943,181.247367274802
926,277800,77.16666666666667,0.4877925191412997,0.4877925191412997,0.3371749744985048,0.5695427395759182,180.4210606172607
927,278100,77.25,0.4908889200959056,0.4908889200959056,0.3364751577159252,0.5685012673735548,180.89218742988416
928,278400,77.33333333333333,0.4937566753712744,0.4937566753712744,0.3372342264474152,0.5692900706990139,181.86926795542988
929,278700,77.41666666666667,0.4784867340671018,0.4784867340671018,0.3366427697329915,0.5695279039300966,183.6888556637571
930,279000,77.5,0.4774955322102812,0.4774955322102812,0.3352790227750457,0.5684796439922949,184.57291373258565
931,279300,77.58333333333333,0.4642312278324971,0.4642312278324971,0.3328910843726773,0.5609540455660493,180.17306217118315
932,279600,77.66666666666667,0.4776018567050871,0.4776018567050871,0.3348938840859684,0.5634410129062103,181.3939965861373
933,279900,77.75,0.4876921959361462,0.4876921959361462,0.3364782078453464,0.5644455633581239,181.89591570963483
934,280200,77.83333333333333,0.4912702244310023,0.4912702244310023,0.3381007453942491,0.5644200285958162,181.8644738507368
935,280500,77.91666666666667,0.4938723399694603,0.4938723399694603,0.3401168834483546,0.5645015225421608,181.4340380991257
936,280800,78.0,0.4860292340109916,0.4860292340109916,0.3409805715526232,0.5638850469582456,181.09883849075183
937,281100,78.08333333333333,0.4852024558452723,0.4852024558452723,0.3384423837854587,0.5615215695930341,180.0170952834793
938,281400,78.16666666666667,0.4733048372062269,0.4733048372062269,0.3364715457943787,0.5607684692368871,180.1818632711129
939,281700,78.25,0.4605358466059314,0.4605358466059314,0.3354435165702983,0.5609278634800773,179.81350833124887
940,282000,78.33333333333333,0.4610246144659155,0.4610246144659155,0.3342388043558686,0.5607670080371022,180.6068385098048
941,282300,78.41666666666667,0.4731046995270149,0.4731046995270149,0.3349766988553677,0.5602391358980163,179.79271838427877
942,282600,78.5,0.4734007849925909,0.4734007849925909,0.3354132557302952,0.5605448604599214,179.68095551198883
943,282900,78.58333333333333,0.4855217545013121,0.4855217545013121,0.3372521783278241,0.5607582977147582,180.1044483500399
944,283200,78.66666666666667,0.4793015648450988,0.4793015648450988,0.3378868328800672,0.5602109342589418,179.96310219794003
945,283500,78.75,0.4755162722743895,0.4755162722743895,0.3375250101452877,0.5598675352130861,179.6333364407806
946,283800,78.83333333333333,0.4790816606484019,0.4790816606484019,0.3361658330032479,0.5598201972637377,179.24398877149957
947,284100,78.91666666666667,0.4694981371989369,0.4694981371989369,0.335539898825375,0.5603406901476329,179.3602755571689
948,284400,79.0,0.4633165024160374,0.4633165024160374,0.336376706177626,0.5608219281444707,178.0319520248487
949,284700,79.08333333333333,0.4531544004666368,0.4531544004666368,0.3362598447301415,0.5603264853052303,178.33915757714286
950,285000,79.16666666666667,0.4536317303967665,0.4536317303967665,0.3368576558741318,0.5587920465676904,176.57125828188936
951,285300,79.25,0.4577172075033803,0.4577172075033803,0.3375658929256992,0.5586352684661647,175.26779086231002
952,285600,79.33333333333333,0.4476363754777307,0.4476363754777307,0.3364758667726947,0.5582848607820261,174.3255500539154
953,285900,79.41666666666667,0.447680452257862,0.447680452257862,0.3354543816215564,0.5578645380129276,173.43415151048657
954,286200,79.5,0.4473314537778642,0.4473314537778642,0.3350600216393563,0.5577592949760436,172.99540416611103
955,286500,79.58333333333333,0.4211429421598832,0.4211429421598832,0.3334631266539577,0.5578859890128575,172.64962203998775
956,286800,79.66666666666667,0.4225459307908206,0.4225459307908206,0.33172285594391,0.5578433901408089,172.80125528637717
957,287100,79.75,0.4242653995646225,0.4242653995646225,0.3304075624847947,0.559127092870735,173.67553763860943
958,287400,79.83333333333333,0.4308307672929428,0.4308307672929428,0.3302974652419377,0.5612454018539443,174.4964273336032
959,287700,79.91666666666667,0.4390876730598647,0.4390876730598647,0.3324207619721626,0.5633112292405302,175.87065080368205
960,288000,80.0,0.4402579825403734,0.4402579825403734,0.3345404568155298,0.5643048717896768,177.00094026345755
961,288300,80.08333333333333,0.438095177123868,0.438095177123868,0.3333469273419161,0.5621592531859413,177.42729050290967
962,288600,80.16666666666667,0.4365286743602073,0.4365286743602073,0.3339405951942611,0.5614536231814482,177.47458905465524
963,288900,80.25,0.4341831482056313,0.4341831482056313,0.3336289554767606,0.5614939773915331,177.93360731989364
964,289200,80.33333333333333,0.4419869444752459,0.4419869444752459,0.3335094180119254,0.56221618895009,179.15843947305072
965,289500,80.41666666666667,0.43372033638929,0.43372033638929,0.3330025003361029,0.5631170115628077,180.19958586399937
966,289800,80.5,0.4346500399444429,0.4346500399444429,0.3327563871107413,0.5626190028799762,181.1149913279829
967,290100,80.58333333333333,0.4254918620399645,0.4254918620399645,0.3321663284107711,0.5632271571658994,181.8319219690524
968,290400,80.66666666666667,0.421228331168508,0.421228331168508,0.3306766772449751,0.5645320964349688,182.4839998161937
969,290700,80.75,0.4240406761580953,0.4240406761580953,0.3315662474877815,0.5667021285728135,182.82745922969283
970,291000,80.83333333333333,0.4161755102558618,0.4161755102558618,0.3320534129795947,0.5682281224906707,182.3568701076146
971,291300,80.91666666666667,0.4130480848688727,0.4130480848688727,0.3326645642776779,0.5694152531769894,183.39884650007085
972,291600,81.0,0.3987624151995165,0.3987624151995165,0.3332086065068574,0.5695675060636725,181.8979488688002
973,291900,81.08333333333333,0.4001902094207484,0.4001902094207484,0.3330121173257151,0.5692502846431643,180.78618633923887
974,292200,81.16666666666667,0.4026628579469385,0.4026628579469385,0.3312549291191289,0.5698246765175539,180.75442869079475
975,292500,81.25,0.4177627665395964,0.4177627665395964,0.3312457225886919,0.5704441997537777,181.3261728459519
976,292800,81.33333333333333,0.4364319347394007,0.4364319347394007,0.3330660161323839,0.5700463332633059,183.74311336835845
977,293100,81.41666666666667,0.4200873164833662,0.4200873164833662,0.3334939989078511,0.5702409830633938,185.5246312087693
978,293400,81.5,0.4070287483120661,0.4070287483120661,0.3316543164342487,0.5699667779287726,186.1553446202778
979,293700,81.58333333333333,0.4072026634255091,0.4072026634255091,0.331268260312657,0.570416531476493,186.02170189637133
980,294000,81.66666666666667,0.4142982123501239,0.4142982123501239,0.3313483660729242,0.5716066430261785,186.6431189582493
981,294300,81.75,0.3748776314341416,0.3748776314341416,0.3293017566846024,0.5730382082690512,186.5019965887004
982,294600,81.83333333333333,0.4120838843890823,0.4120838843890823,0.3296004461706814,0.5748057840655969,184.8835601637324
983,294900,81.91666666666667,0.408712864261228,0.408712864261228,0.3290714289882153,0.5763157167582912,184.91239732832867
984,295200,82.0,0.4266622085648853,0.4266622085648853,0.3322850020330572,0.5740436516137807,186.08104115020777
985,295500,82.08333333333333,0.4380342782180089,0.4380342782180089,0.3321273257784515,0.571803664870231,185.86274755549013
986,295800,82.16666666666667,0.445008535684823,0.445008535684823,0.335323486203981,0.5711488847898393,186.9795303357684
987,296100,82.25,0.4387563567084418,0.4387563567084418,0.3350822794339172,0.5688417706172761,186.0572033100368
988,296400,82.33333333333333,0.4318138429901124,0.4318138429901124,0.3346446344829155,0.5633734814118869,185.68654870508425
989,296700,82.41666666666667,0.4127756741930981,0.4127756741930981,0.3348041412628587,0.5636680892266799,185.75758005896472
990,297000,82.5,0.3604666736514967,0.3604666736514967,0.3310887897590138,0.5641091523138402,184.024079443812
991,297300,82.58333333333333,0.3296539966054941,0.3296539966054941,0.3258035529655247,0.5661719404752789,180.19829500035505
992,297600,82.66666666666667,0.3863404913167003,0.3863404913167003,0.3301076923981877,0.5715667423704498,178.50843629625697
993,297900,82.75,0.4275002382021657,0.4275002382021657,0.3353261523539351,0.57390553829713,179.72525581606808
994,298200,82.83333333333333,0.4591330815157435,0.4591330815157435,0.3359521205474276,0.5616687506394854,175.45077755997195
995,298500,82.91666666666667,0.4624634115975575,0.4624634115975575,0.3432692179613416,0.5621765827601501,180.60258247481696
996,298800,83.0,0.4305635843869811,0.4305635843869811,0.339876440682577,0.5602346437364752,181.08863172134264
997,299100,83.08333333333333,0.4216895210756319,0.4216895210756319,0.3369140061787373,0.5589151583454913,178.8146362617369
998,299400,83.16666666666667,0.4137384262993874,0.4137384262993874,0.3328699977732217,0.5575680871102553,177.30506498054083
999,299700,83.25,0.3943924004763114,0.3943924004763114,0.3279925815152727,0.557306775054432,175.91210766766685
1000,300000,83.33333333333333,0.457065539822944,0.457065539822944,0.3365591281759926,0.5619675371182283,176.44910591505334
1001,300300,83.41666666666667,0.4699688219031006,0.4699688219031006,0.3420737500904132,0.564113502723887,179.9374701878975
1002,300600,83.5,0.4633865156509525,0.4633865156509525,0.339695805278446,0.5617210509309722,181.74927279663683
1003,300900,83.58333333333333,0.4546178124379454,0.4546178124379454,0.3376876815331583,0.5601559439429484,181.79069882622144
1004,301200,83.66666666666667,0.4512725135084929,0.4512725135084929,0.3389932182059639,0.5582605828826365,179.68498472661503
1005,301500,83.75,0.4559011192337306,0.4559011192337306,0.3392891839186073,0.5582303544504541,178.26950416196564
1006,301800,83.83333333333333,0.446342883409983,0.446342883409983,0.3398320224017997,0.5599182473858483,178.90752767392598
1007,302100,83.91666666666667,0.4631098216613518,0.4631098216613518,0.3442775257597794,0.5600697092902537,179.67924961835877
1008,302400,84.0,0.4657546328449011,0.4657546328449011,0.3392379519020335,0.5590738343726143,179.32509513367188
1009,302700,84.08333333333333,0.4562720816920413,0.4562720816920413,0.3409392375343294,0.5559275939194829,178.0112548609228
1010,303000,84.16666666666667,0.4427531636682917,0.4427531636682917,0.336573232005907,0.5532552011510649,177.0510690785628
1011,303300,84.25,0.4380557675211591,0.4380557675211591,0.3338402508354135,0.552416659290006,176.67969342119434
1012,303600,84.33333333333333,0.4330600281344121,0.4330600281344121,0.3311283155252009,0.5528827550757012,177.41519850383042
1013,303900,84.41666666666667,0.4344137819718969,0.4344137819718969,0.3327528546611047,0.5561223189894163,176.94135533518406
1014,304200,84.5,0.4426781504186757,0.4426781504186757,0.3317332230849816,0.5571559178268253,176.001611251255
1015,304500,84.58333333333333,0.457677356282205,0.457677356282205,0.3373406111246407,0.557030359968769,177.6037606392297
1016,304800,84.66666666666667,0.4566657254087088,0.4566657254087088,0.3366082155318221,0.556220825514823,178.11218695260652
1017,305100,84.75,0.4616681231371151,0.4616681231371151,0.3366506448772179,0.5564204663475776,177.50028468537698
1018,305400,84.83333333333333,0.4556855976593716,0.4556855976593716,0.337362708058113,0.5576154991835568,177.34220110033297
1019,305700,84.91666666666667,0.4358299078955431,0.4358299078955431,0.3367807507405668,0.5577216475270056,177.30674192544632
1020,306000,85.0,0.4506440540361104,0.4506440540361104,0.3363932688399821,0.5596694187971353,177.356575421193
1021,306300,85.08333333333333,0.4384579697338687,0.4384579697338687,0.3357730993230498,0.5604768493470614,176.5918899903478
1022,306600,85.16666666666667,0.3828899049637575,0.3828899049637575,0.3323531282342405,0.5578791826553938,173.565929242517
1023,306900,85.25,0.3603333729661515,0.3603333729661515,0.3314488790341371,0.5605904261918516,169.9394184672053
1024,307200,85.33333333333333,0.3527731869708544,0.3527731869708544,0.3256671154543978,0.5631035559895413,165.45200681238643
1025,307500,85.41666666666667,0.3567021847742407,0.3567021847742407,0.3252602783094357,0.5677757349616427,164.50286305204443
1026,307800,85.5,0.334370949506274,0.334370949506274,0.3233990979048984,0.5743983709642219,164.49490043910166
1027,308100,85.58333333333333,0.3202867061157718,0.3202867061157718,0.3255409688859264,0.585914632504116,163.54584739109865
1028,308400,85.66666666666667,0.3257692409685929,0.3257692409685929,0.320312295842407,0.5864564331525565,162.81884546451062
1029,308700,85.75,0.3554200972687368,0.3554200972687368,0.3349648355054072,0.5950983678996029,163.93990530648313
1030,309000,85.83333333333333,0.3488368944366269,0.3488368944366269,0.3202382280150413,0.5959686224174551,163.2421696564283
1031,309300,85.91666666666667,0.3242421483765329,0.3242421483765329,0.3100227027351609,0.5734680381839377,162.81295752750998
1032,309600,86.0,0.3600705350108013,0.3600705350108013,0.3220782847007356,0.5866853301914955,162.82192735125005
1033,309900,86.08333333333333,0.3574433074783408,0.3574433074783408,0.3191369241261859,0.6052936653759332,163.27107379897956
1034,310200,86.16666666666667,0.3762338244719611,0.3762338244719611,0.3181218729113347,0.6089355312830119,164.7338495521214
1035,310500,86.25,0.392109096335567,0.392109096335567,0.3240906479086958,0.6136881220982996,164.8025780239743
1036,310800,86.33333333333333,0.3843323317485235,0.3843323317485235,0.3311811678519829,0.6172981297175739,166.07146376877313
1037,311100,86.41666666666667,0.4074468185493164,0.4074468185493164,0.3447045995445678,0.6253627992436035,166.27995117393488
1038,311400,86.5,0.3991064767973495,0.3991064767973495,0.3404239844887413,0.62919257391252,164.93637009462557
1039,311700,86.58333333333333,0.4037420126362042,0.4037420126362042,0.3403195643306004,0.637357252680219,164.88051770091872
1040,312000,86.66666666666667,0.4212113306803574,0.4212113306803574,0.336933016607051,0.6397241601926483,165.41722691559133
1041,312300,86.75,0.4081536957959182,0.4081536957959182,0.3345714736587168,0.6466607843459651,166.42516810804656
1042,312600,86.83333333333333,0.4240385108572463,0.4240385108572463,0.2999908257094097,0.5611389627135204,148.79455926530778
1043,312900,86.91666666666667,0.4522135184619194,0.4522135184619194,0.3146906077794994,0.5848558351490125,154.9170607783287
1044,313200,87.0,0.48090121415041,0.48090121415041,0.3225884152439912,0.5734676109672235,157.56812938119742
1045,313500,87.08333333333333,0.4398341085644157,0.4398341085644157,0.305848048208785,0.5574641427820903,157.2426483307473
1046,313800,87.16666666666667,0.4613146332184979,0.4613146332184979,0.3191166721553032,0.5748562658360081,158.09136790281917
1047,314100,87.25,0.450855386896097,0.450855386896097,0.3043477797134113,0.5594730818371274,159.98181974817868
1048,314400,87.33333333333333,0.4575910505080059,0.4575910505080059,0.3023619976811295,0.553358131152174,161.7653760067393
1049,314700,87.41666666666667,0.4754801350067202,0.4754801350067202,0.3012671037506914,0.5666500213918274,169.90430191090658
1050,315000,87.5,0.5010377602276154,0.5010377602276154,0.3085909534617505,0.5848458281359697,175.04196079154892
1051,315300,87.58333333333333,0.4729717938207252,0.4729717938207252,0.2949836095562661,0.573588986177773,175.21843388054796
1052,315600,87.66666666666667,0.4645198391862593,0.4645198391862593,0.2934811389942907,0.561494940056071,169.58844931805467
1053,315900,87.75,0.4515318240686195,0.4515318240686195,0.2906218922202566,0.5638197833693579,165.43732996115605
1054,316200,87.83333333333333,0.4618066654892763,0.4618066654892763,0.2939578397918264,0.5730908773892573,166.80243843751109
1055,316500,87.91666666666667,0.4345674065034099,0.4345674065034099,0.2931190743468683,0.5688058588358608,165.5720874360129
1056,316800,88.0,0.4401510032872983,0.4401510032872983,0.2896998590245501,0.5886627204455118,168.1802826722663
1057,317100,88.08333333333333,0.4395857237253612,0.4395857237253612,0.2899078624127527,0.5733290572795187,170.27324194098276
1058,317400,88.16666666666667,0.4200365443063067,0.4200365443063067,0.2817661463758966,0.5702955769195643,167.66069007090667
1059,317700,88.25,0.4249905162678791,0.4249905162678791,0.2864322722571275,0.5718932160050111,166.94700352357555
1060,318000,88.33333333333333,0.4559041493583481,0.4559041493583481,0.2931302740462665,0.574049806177167,166.29463579707468
1061,318300,88.41666666666667,0.4446784239309779,0.4446784239309779,0.2945223097477237,0.5882853283298795,168.1141019223361
1062,318600,88.5,0.4427527391438182,0.4427527391438182,0.2945216992873578,0.5806601809862734,169.96058737301112
1063,318900,88.58333333333333,0.4621393344070185,0.4621393344070185,0.3000755950506337,0.5849951683144731,169.74722155365797
1064,319200,88.66666666666667,0.4429329363323657,0.4429329363323657,0.2889954778991163,0.5772849441133378,169.32527170737728
1065,319500,88.75,0.4403667166142683,0.4403667166142683,0.2928870563063874,0.583206838945247,170.05722555116373
1066,319800,88.83333333333333,0.4383846656964162,0.4383846656964162,0.2946265852796367,0.585336873349589,171.42676480223432
1067,320100,88.91666666666667,0.4447101051532758,0.4447101051532758,0.3081114530806397,0.5991983825885796,167.70311425706447
1068,320400,89.0,0.4719044869644899,0.4719044869644899,0.3212315014708158,0.6094505015169909,168.54012883870993
1069,320700,89.08333333333333,0.4615655539354172,0.4615655539354172,0.3226664003611342,0.620459195524908,170.01280956257628
1070,321000,89.16666666666667,0.443186454430894,0.443186454430894,0.3083469132578296,0.6004058578628012,167.2596159598001
1071,321300,89.25,0.4491246163693231,0.4491246163693231,0.3132283195693816,0.6006313225837977,166.3353228684037
1072,321600,89.33333333333333,0.4476863782753046,0.4476863782753046,0.3050712208177877,0.6004398876187469,166.41244505369582
1073,321900,89.41666666666667,0.4465295244032965,0.4465295244032965,0.3065218244141373,0.6058906104902411,168.51428169956876
1074,322200,89.5,0.4643057553200038,0.4643057553200038,0.3142549279750973,0.6022670709916863,170.57339768647628
1075,322500,89.58333333333333,0.4754213479041952,0.4754213479041952,0.313230234553932,0.608245165027228,170.22843902357553
1076,322800,89.66666666666667,0.4554692107240549,0.4554692107240549,0.303268882016419,0.5948974992243328,169.92923814604788
1077,323100,89.75,0.4589671746741632,0.4589671746741632,0.3029432606582956,0.6015840606736071,171.5109902747757
1078,323400,89.83333333333333,0.454402407848103,0.454402407848103,0.3003083917781149,0.5973187597235773,168.08460184569284
1079,323700,89.91666666666667,0.4464072707910661,0.4464072707910661,0.2964724866634993,0.5895872262822942,166.84966192627746
1080,324000,90.0,0.4425641816927938,0.4425641816927938,0.3081054045370306,0.5891764283216677,167.238389040747
1081,324300,90.08333333333333,0.441247244398797,0.441247244398797,0.3075088065554948,0.6000886196978965,168.73559366487677
1082,324600,90.16666666666667,0.4267021662495223,0.4267021662495223,0.2997064292279118,0.5949991546515869,170.64183616964587
1083,324900,90.25,0.4160396836947652,0.4160396836947652,0.2954823582614957,0.5823887936780772,169.76620256102328
1084,325200,90.33333333333333,0.4366996941092093,0.4366996941092093,0.3079748528514218,0.589362998805477,170.7621429189151
1085,325500,90.41666666666667,0.4117399611581392,0.4117399611581392,0.2904648802675959,0.5836206081261016,170.3065307249527
1086,325800,90.5,0.4314971812145304,0.4314971812145304,0.3036296676472582,0.5898207824730349,171.70268650778672
1087,326100,90.58333333333333,0.4175329671473521,0.4175329671473521,0.2919022069738999,0.5895733885253926,173.26325020978695
1088,326400,90.66666666666667,0.4387940587748917,0.4387940587748917,0.3058928165839623,0.6009602726282439,173.827941427179
1089,326700,90.75,0.4103549229565857,0.4103549229565857,0.2941744901196622,0.5939779095173406,173.42412606914286
1090,327000,90.83333333333333,0.4109366652896809,0.4109366652896809,0.2964246571519361,0.5887044213193873,173.24101596546734
1091,327300,90.91666666666667,0.3900460492381511,0.3900460492381511,0.283739627440107,0.5667682431588127,173.37179307649842
1092,327600,91.0,0.4015855608402441,0.4015855608402441,0.292670757198062,0.5737234527511699,174.5267568358184
1093,327900,91.08333333333333,0.385253009451968,0.385253009451968,0.2883985908112395,0.5742689819678171,175.06472641108468
1094,328200,91.16666666666667,0.4332339122464715,0.4332339122464715,0.2938879028222338,0.5651815486928565,175.15753118933304
1095,328500,91.25,0.4547822546592211,0.4547822546592211,0.3043729406735481,0.5728971003951786,177.13818738950852
1096,328800,91.33333333333333,0.464453220658777,0.464453220658777,0.3050129754480178,0.5885693298580683,178.4357669902044
1097,329100,91.41666666666667,0.4777729610996389,0.4777729610996389,0.3198242802899002,0.5885883003215453,178.83463466135584
1098,329400,91.5,0.4439335415700022,0.4439335415700022,0.3141983599501703,0.5904139796068003,176.6199828963174
1099,329700,91.58333333333333,0.4129389683874664,0.4129389683874664,0.3072267332801063,0.5778268114893956,173.77424603517284
1100,330000,91.66666666666667,0.3931975398661643,0.3931975398661643,0.3003607894193848,0.5731724160890254,172.91106090217892
1101,330300,91.75,0.397261463535023,0.397261463535023,0.2942980930582355,0.5632793684399929,172.28228999289158
1102,330600,91.83333333333333,0.4077670726143062,0.4077670726143062,0.3023478325067242,0.5767119597378875,173.74953617295745
1103,330900,91.91666666666667,0.4013527138840019,0.4013527138840019,0.2996256106104372,0.5667625502653781,174.2250010533478
1104,331200,92.0,0.4081346060156685,0.4081346060156685,0.2897337369682374,0.5605203021169887,173.2736732842512
1105,331500,92.08333333333333,0.4064615593119833,0.4064615593119833,0.2983998275512673,0.5637687092356133,174.96914291455064
1106,331800,92.16666666666667,0.4024043043341099,0.4024043043341099,0.2967714443043491,0.5647330470732459,173.30907483839437
1107,332100,92.25,0.3920839256051853,0.3920839256051853,0.2994568862471923,0.5738815794852082,174.18237212376002
1108,332400,92.33333333333333,0.3918036876201917,0.3918036876201917,0.303663500608386,0.5682925457912628,174.11734064032433
1109,332700,92.41666666666667,0.4294703346509683,0.4294703346509683,0.3291461028889523,0.596321535338765,174.33798404210063
1110,333000,92.5,0.4454811823466403,0.4454811823466403,0.3432473311757879,0.6101392995972442,171.45341854489078
1111,333300,92.58333333333333,0.4273756228874544,0.4273756228874544,0.3544479213923641,0.617017526543049,170.15510865775462
1112,333600,92.66666666666667,0.4385762065573158,0.4385762065573158,0.3622234539510226,0.6162705385025727,168.84793752629847
1113,333900,92.75,0.4579005288009491,0.4579005288009491,0.3661438995369099,0.6187902966244876,167.81217368237117
1114,334200,92.83333333333333,0.4491901665880438,0.4491901665880438,0.3645857958179067,0.6217118350207282,168.00962332470786
1115,334500,92.91666666666667,0.4381872433886232,0.4381872433886232,0.3651380982103041,0.6236530407165322,167.18618682643697
1116,334800,93.0,0.4469208968466511,0.4469208968466511,0.3644305620002097,0.628580013724735,168.22051384425
1117,335100,93.08333333333333,0.4501188881592802,0.4501188881592802,0.3646369263643627,0.6240655024562987,167.95435172474342
1118,335400,93.16666666666667,0.4538906083228912,0.4538906083228912,0.3672737092632757,0.6108589873751521,165.30063960862392
1119,335700,93.25,0.4611740068624942,0.4611740068624942,0.3724270528934083,0.6142768264848155,165.98290538579408
1120,336000,93.33333333333333,0.4512306746939656,0.4512306746939656,0.3736309178838461,0.6177636573840423,167.01248146350918
1121,336300,93.41666666666667,0.447997815540082,0.447997815540082,0.377982686387848,0.6189674694556573,167.40308552511013
1122,336600,93.5,0.4396081149311232,0.4396081149311232,0.3664858995242777,0.6200561101328926,167.7201235311396
1123,336900,93.58333333333333,0.4318008554807711,0.4318008554807711,0.346329894043055,0.6163786008964657,166.13314693789434
1124,337200,93.66666666666667,0.4165853001700277,0.4165853001700277,0.340079577844722,0.6067742130399844,166.8484974146454
1125,337500,93.75,0.4012916273667593,0.4012916273667593,0.3131942883890398,0.5971244943385694,168.14234120817082
1126,337800,93.83333333333333,0.3950045779044309,0.3950045779044309,0.3053078588380183,0.5782731377661399,166.257488173248
1127,338100,93.91666666666667,0.3698871634874022,0.3698871634874022,0.2872269012606481,0.5662463949654845,164.84079627009476
1128,338400,94.0,0.3605499527609382,0.3605499527609382,0.277142781548613,0.5504983114509789,165.4504214040861
1129,338700,94.08333333333333,0.3701773148848489,0.3701773148848489,0.2752252630946276,0.5557786954726605,168.70506207041944
1130,339000,94.16666666666667,0.4069095852416765,0.4069095852416765,0.2810790707631286,0.5392070501666755,170.12167344565802
1131,339300,94.25,0.3983951348524824,0.3983951348524824,0.2829611857441031,0.5437664854657555,173.77371731857818
1132,339600,94.33333333333333,0.396435960308536,0.396435960308536,0.2772192197162337,0.5469266474610884,173.88761927592688
1133,339900,94.41666666666667,0.3752279308789183,0.3752279308789183,0.2718088789171565,0.535236605334356,173.68121286615894
1134,340200,94.5,0.390559874146713,0.390559874146713,0.2691827950478097,0.5296716025296079,172.75588530586825
1135,340500,94.58333333333333,0.3779006609841002,0.3779006609841002,0.2681563799100824,0.5319780664905875,172.3702302031664
1136,340800,94.66666666666667,0.3988037277230992,0.3988037277230992,0.2689764456730049,0.5390484726723712,173.30252910857243
1137,341100,94.75,0.3822186915674854,0.3822186915674854,0.2652122526860619,0.5283595843018689,173.33027667550093
1138,341400,94.83333333333333,0.3887746264958536,0.3887746264958536,0.2641939056112443,0.5240314236469134,171.16975273546623
1139,341700,94.91666666666667,0.3994765653251267,0.3994765653251267,0.2691990431303406,0.5422569678491874,173.11796733755747
1140,342000,95.0,0.397351987096136,0.397351987096136,0.2703821669757796,0.5391723890436462,172.71433073045216
1141,342300,95.08333333333333,0.3904721683559624,0.3904721683559624,0.2688037735160716,0.5350236267069668,172.2703153919942
1142,342600,95.16666666666667,0.4026995464763816,0.4026995464763816,0.271573580847717,0.5415616634478717,172.12315257521936
1143,342900,95.25,0.4018259036823465,0.4018259036823465,0.275270632733458,0.5399361162041157,171.8786898520334
1144,343200,95.33333333333333,0.401367449294853,0.401367449294853,0.2706436875198226,0.5339241948333375,173.950082032669
1145,343500,95.41666666666667,0.3955995058370952,0.3955995058370952,0.2786759881241155,0.5564444028488814,176.6046747837989
1146,343800,95.5,0.4037065435180857,0.4037065435180857,0.2838762191769365,0.5561844949791168,176.39882743845905
1147,344100,95.58333333333333,0.3954671233983403,0.3954671233983403,0.2824410911979165,0.5507588595121581,175.54378010429642
1148,344400,95.66666666666667,0.4228825602131805,0.4228825602131805,0.2971399004038411,0.5610554046607595,177.82394022138763
1149,344700,95.75,0.4279022720262405,0.4279022720262405,0.2923407558021708,0.5493203741210781,177.8227648364756
1150,345000,95.83333333333333,0.4275928482960364,0.4275928482960364,0.2925128092979651,0.5521063305627785,178.31348888854575
1151,345300,95.91666666666667,0.4344417627692097,0.4344417627692097,0.2942678627472723,0.5612864882757113,179.21598265414542
1152,345600,96.0,0.4379690637524508,0.4379690637524508,0.2941444553881858,0.5529062562243895,178.6062004304567
1153,345900,96.08333333333333,0.4255824653457907,0.4255824653457907,0.2937541248499201,0.5544222204671165,179.90101395576784
1154,346200,96.16666666666667,0.4101793746389823,0.4101793746389823,0.2916236380875405,0.5559137620079547,178.6471898887747
1155,346500,96.25,0.420046196604477,0.420046196604477,0.2921636909170697,0.5603856898832891,178.76135946051045
1156,346800,96.33333333333333,0.4272727973097693,0.4272727973097693,0.2951011807075011,0.5614453571489882,179.73387023330264
1157,347100,96.41666666666667,0.4297521234116275,0.4297521234116275,0.2960603356919006,0.5629481656390849,180.31102863624443
1158,347400,96.5,0.4398054450419907,0.4398054450419907,0.2960607287915528,0.5608833215205351,182.08423128044805
1159,347700,96.58333333333333,0.4480894240448408,0.4480894240448408,0.29685388162332,0.5682092243525138,182.7590098556435
1160,348000,96.66666666666667,0.4515245773129249,0.4515245773129249,0.2947172830113299,0.5624565118693702,182.82054763522936
1161,348300,96.75,0.4570156142197389,0.4570156142197389,0.3021098664437496,0.5735392515241033,182.3936067350839
1162,348600,96.83333333333333,0.4600498400726256,0.4600498400726256,0.3018411132418511,0.5692217433138755,184.2705789036435
1163,348900,96.91666666666667,0.4497126770950229,0.4497126770950229,0.3040590038068824,0.574535893584407,183.1141860413444
1164,349200,97.0,0.4395251756761139,0.4395251756761139,0.3014395369746824,0.5704544403688696,180.4810722826552
1165,349500,97.08333333333333,0.4166990124113198,0.4166990124113198,0.2964243329637415,0.5682373605123376,179.08089918934513
1166,349800,97.16666666666667,0.4151287103089415,0.4151287103089415,0.2952511830353644,0.5607504832549547,178.39752680777084
1167,350100,97.25,0.4292067702144421,0.4292067702144421,0.2970145416763786,0.5634337519348991,180.05188658686362
1168,350400,97.33333333333333,0.4352238386184796,0.4352238386184796,0.2984812107966378,0.5627367414578024,179.6424542899929
1169,350700,97.41666666666667,0.4246568567338825,0.4246568567338825,0.293683063697892,0.5623394892243834,179.96717208314067
1170,351000,97.5,0.42407584667836,0.42407584667836,0.2965765552960903,0.5745572338044139,182.0101164910089
1171,351300,97.58333333333333,0.4350852964369825,0.4350852964369825,0.2916584689579821,0.5652836587133873,181.06396715932524
1172,351600,97.66666666666667,0.4563703234510553,0.4563703234510553,0.2940301374532567,0.5733386239736958,184.5919133328277
1173,351900,97.75,0.4644003819920033,0.4644003819920033,0.3043005005717343,0.5792090609946892,185.735407542836
1174,352200,97.83333333333333,0.4641396783143821,0.4641396783143821,0.3057657884068002,0.5821308184077268,185.98312961119228
1175,352500,97.91666666666667,0.4710738887505646,0.4710738887505646,0.3087999580472516,0.5816366757119908,186.5519758242822
1176,352800,98.0,0.460605352350339,0.460605352350339,0.3084490738729553,0.5816983939065649,187.0961499661775
1177,353100,98.08333333333333,0.4448040735070812,0.4448040735070812,0.3079944551263729,0.580216274860608,183.4677501730831
1178,353400,98.16666666666667,0.4400480127290964,0.4400480127290964,0.3061031095499523,0.5794242649673647,181.1570027174736
1179,353700,98.25,0.4199982033617397,0.4199982033617397,0.3034933947615234,0.5761467971561318,173.00598991371095
1180,354000,98.33333333333333,0.4402803151948459,0.4402803151948459,0.3065947472461532,0.5821779754930213,176.0243008670559
1181,354300,98.41666666666667,0.46163710138519,0.46163710138519,0.3132098214705556,0.5913583685898903,174.208648478718
1182,354600,98.5,0.4532720090073405,0.4532720090073405,0.3107593290955333,0.5796623436437052,167.59572969076473
1183,354900,98.58333333333333,0.4506193587731041,0.4506193587731041,0.3206562672138318,0.5874515879709159,169.97624187369274
1184,355200,98.66666666666667,0.4475621446361386,0.4475621446361386,0.323142803587566,0.5856885718136302,170.41977020690302
1185,355500,98.75,0.4498894322209242,0.4498894322209242,0.320819341070283,0.5793976023914377,169.02969613083027
1186,355800,98.83333333333333,0.4539619701057172,0.4539619701057172,0.3265289009713685,0.5791406059710922,170.85441555143356
1187,356100,98.91666666666667,0.4427799102142704,0.4427799102142704,0.3289132041167361,0.5788843604846862,171.498451659707
1188,356400,99.0,0.4351715427948515,0.4351715427948515,0.3278854653757256,0.577439207157292,171.6954117239311
1189,356700,99.08333333333333,0.4324844792456464,0.4324844792456464,0.3256823826349884,0.5747989614218957,171.50101391002667
1190,357000,99.16666666666667,0.4335877607236826,0.4335877607236826,0.3193159645220925,0.5584846828657274,162.94938850391424
1191,357300,99.25,0.4346998943545958,0.4346998943545958,0.3247689786965296,0.5628634955824867,160.4898913396467
1192,357600,99.33333333333333,0.4471019052877654,0.4471019052877654,0.3259049063775601,0.5636603483339613,160.39158050443223
1193,357900,99.41666666666667,0.4466926220798021,0.4466926220798021,0.3264213377304559,0.5632588186226248,160.22152224766407
1194,358200,99.5,0.4497704084412258,0.4497704084412258,0.3271989689636849,0.563666589035785,160.42504627631206
1195,358500,99.58333333333333,0.4405372126559611,0.4405372126559611,0.3266904445431509,0.562628784408388,159.96184151437828
1196,358800,99.66666666666667,0.439437578587182,0.439437578587182,0.321385812425065,0.5559940843026879,159.40958189923236
1197,359100,99.75,0.4395839049435518,0.4395839049435518,0.32158046596819,0.5581037552179142,160.96095432076092
1198,359400,99.83333333333333,0.442398817773489,0.442398817773489,0.3235463270410846,0.5600487009658387,162.526405978981
1199,359700,99.91666666666667,0.4450539744966407,0.4450539744966407,0.3246603085742733,0.5603989733913051,163.90214019933995
1200,360000,100.0,0.4379975484638683,0.4379975484638683,0.3240609296938263,0.5596761977769491,164.8489675176474
1201,360300,100.08333333333333,0.4428272820100549,0.4428272820100549,0.3246095601136122,0.5596134089842094,164.92531085295724
1202,360600,100.16666666666667,0.4469670617296408,0.4469670617296408,0.3253772360223578,0.5590387983056095,165.32139390349985
1203,360900,100.25,0.435070948680599,0.435070948680599,0.3246942458224814,0.5575886470729251,164.9883422296456
1204,361200,100.33333333333333,0.4391203160707959,0.4391203160707959,0.3243821958306233,0.5571417517642124,164.60817717249424
1205,361500,100.41666666666667,0.4409563020114396,0.4409563020114396,0.3246002406949724,0.5583147138648401,164.05826744353118
1206,361800,100.5,0.4354542548716806,0.4354542548716806,0.3164128825784978,0.5497747148647777,163.01177191764586
1207,362100,100.58333333333333,0.4334324877250962,0.4334324877250962,0.3201897815612059,0.5549019304420123,164.3363582761407
1208,362400,100.66666666666667,0.4403970222399461,0.4403970222399461,0.3233575121930093,0.5588182414633542,167.1061695025677
1209,362700,100.75,0.4360164679945867,0.4360164679945867,0.3255707845864293,0.5621713770916618,169.30697388002417
1210,363000,100.83333333333333,0.4276952356787672,0.4276952356787672,0.3250019240396299,0.5640995981538451,170.1108643465645
1211,363300,100.91666666666667,0.4283864315671514,0.4283864315671514,0.3243744001360443,0.5664904619913471,170.78733274430513
1212,363600,101.0,0.4309644544965545,0.4309644544965545,0.3234880722303342,0.5689216782635237,171.5274462650049
1213,363900,101.08333333333333,0.4180912216350938,0.4180912216350938,0.3239666901363742,0.5708016814146388,172.318682707342
1214,364200,101.16666666666667,0.4311766696662025,0.4311766696662025,0.3255860787822126,0.571030704383138,172.6510424698877
1215,364500,101.25,0.438605900227751,0.438605900227751,0.3245170557383777,0.5705053463282774,172.61147976790693
1216,364800,101.33333333333333,0.477117270422228,0.477117270422228,0.325620899097612,0.5699476340624406,175.19052911575062
1217,365100,101.41666666666667,0.4988268581904831,0.4988268581904831,0.3285877740292152,0.5689136311965453,180.9837711300672
1218,365400,101.5,0.4936210818265004,0.4936210818265004,0.3295615794906847,0.5640206269527889,183.5487887106704
1219,365700,101.58333333333333,0.4791336856158579,0.4791336856158579,0.3303205203107652,0.5595779734281697,184.5095259645736
1220,366000,101.66666666666667,0.4794559878468624,0.4794559878468624,0.3314761710918815,0.5546818697319137,181.87010920568977
1221,366300,101.75,0.4896197182708406,0.4896197182708406,0.3327890154133867,0.5514188764150841,179.29945907626208
1222,366600,101.83333333333333,0.4888018132420536,0.4888018132420536,0.333741675172339,0.5498360622011654,178.11560110702658
1223,366900,101.91666666666667,0.4785706360310295,0.4785706360310295,0.3331670993924827,0.548742486967125,177.83231430569785
1224,367200,102.0,0.4717095294820045,0.4717095294820045,0.331922215791524,0.5477051007710039,175.76351089839443
1225,367500,102.08333333333333,0.4643965016839754,0.4643965016839754,0.3298692560603476,0.5472622163226836,175.99395034857076
1226,367800,102.16666666666667,0.4660414868350053,0.4660414868350053,0.3296137772980346,0.5474235368946548,175.59904077139353
1227,368100,102.25,0.4660092288819588,0.4660092288819588,0.329367675470797,0.5471284821705313,175.73574611396012
1228,368400,102.33333333333333,0.4666491840989536,0.4666491840989536,0.3303266419347845,0.5476816289302704,176.6337144530435
1229,368700,102.41666666666667,0.4679288387832119,0.4679288387832119,0.3306783174234031,0.5482526901791442,177.18332033068936
1230,369000,102.5,0.4605005007187943,0.4605005007187943,0.3291428542694993,0.5488051765690283,177.98863328187642
1231,369300,102.58333333333333,0.452991883420783,0.452991883420783,0.3279618119771506,0.549782974263341,178.18086034704365
1232,369600,102.66666666666667,0.4628198338651116,0.4628198338651116,0.3281843553856817,0.5508207223772106,179.2836761753112
1233,369900,102.75,0.4711922384593887,0.4711922384593887,0.3287978817463411,0.5526215335966254,180.2916064418804
1234,370200,102.83333333333333,0.466517970860307,0.466517970860307,0.3293675157812833,0.5530400260661374,180.8836196842621
1235,370500,102.91666666666667,0.4775130252508264,0.4775130252508264,0.331542308648265,0.553456296173747,181.16092016501435
1236,370800,103.0,0.478318684123658,0.478318684123658,0.331735335074441,0.5537086302891412,181.8146013228676
1237,371100,103.08333333333333,0.4767554995487923,0.4767554995487923,0.3313926485517915,0.55256730749706,180.9995928580632
1238,371400,103.16666666666667,0.4763505772132035,0.4763505772132035,0.3301285134766334,0.5499606530194942,179.87789612859214
1239,371700,103.25,0.4758079287892599,0.4758079287892599,0.3298044349222713,0.5501997810068141,179.97974433651652
1240,372000,103.33333333333333,0.474711720716213,0.474711720716213,0.3301555584847493,0.5506643738221331,179.5886419778815
1241,372300,103.41666666666667,0.4781065234600417,0.4781065234600417,0.3310675983427015,0.550731126356614,179.82110384582512
1242,372600,103.5,0.4624502918901677,0.4624502918901677,0.3301019213478105,0.5499836571778399,180.1496391970948
1243,372900,103.58333333333333,0.4609611134846496,0.4609611134846496,0.3297251916431533,0.5501788359854963,179.81075686424742
1244,373200,103.66666666666667,0.4656845527568148,0.4656845527568148,0.3288272562689176,0.5504588612809088,179.83536804686867
1245,373500,103.75,0.4785714142193663,0.4785714142193663,0.3299933004122002,0.5515503087743254,180.7999758175761
1246,373800,103.83333333333333,0.477564403072196,0.477564403072196,0.3299324420492833,0.5526729467431387,182.2059714861736
1247,374100,103.91666666666667,0.4823962694512692,0.4823962694512692,0.332017751989778,0.55376598018423,183.0332963465221
1248,374400,104.0,0.4733710872853995,0.4733710872853995,0.3331655406223909,0.55403685494537,183.0223790778221
1249,374700,104.08333333333333,0.4761114779495052,0.4761114779495052,0.332763652269645,0.5535164339440984,182.2911044977188
1250,375000,104.16666666666667,0.4734772241024571,0.4734772241024571,0.3313783869852534,0.5519424630667402,181.49487516362
1251,375300,104.25,0.4714804378192234,0.4714804378192234,0.3318806388743905,0.5512215902566723,181.2726078625337
1252,375600,104.33333333333333,0.4670246978020207,0.4670246978020207,0.3317709648855566,0.5520314038036545,181.54217018175063
1253,375900,104.41666666666667,0.4740218175161627,0.4740218175161627,0.3312013383309849,0.5522191062235756,181.6271067581299
1254,376200,104.5,0.4726380771737165,0.4726380771737165,0.3302509302618152,0.5526790521800754,182.05418458926675
1255,376500,104.58333333333333,0.4679248999539516,0.4679248999539516,0.3300874057988052,0.5545163418702458,182.1944499656164
1256,376800,104.66666666666667,0.4912318604835716,0.4912318604835716,0.3321258597337568,0.5552118990560821,182.4201055310059
1257,377100,104.75,0.4960402142800161,0.4960402142800161,0.334221645889423,0.5556020006831645,183.2988889617705
1258,377400,104.83333333333333,0.4772913595952484,0.4772913595952484,0.3350286997139753,0.5548795820604788,183.39804384870004
1259,377700,104.91666666666667,0.4722108118697177,0.4722108118697177,0.3329944647484586,0.553458558911223,183.6207634451968
1260,378000,105.0,0.4632392573371199,0.4632392573371199,0.331959285456449,0.5533264413964545,183.67048433327275
1261,378300,105.08333333333333,0.464927116884182,0.464927116884182,0.3309356793928136,0.5523955370981277,184.00613382038983
1262,378600,105.16666666666667,0.4598887521979868,0.4598887521979868,0.3297144742470221,0.5523975850704848,184.1411135035509
1263,378900,105.25,0.4586804375879037,0.4586804375879037,0.3295480661173809,0.5534873360592599,184.7614634698262
1264,379200,105.33333333333333,0.4643611319918049,0.4643611319918049,0.3284789333025231,0.5544924934947691,184.70828040413585
1265,379500,105.41666666666667,0.4667753423748426,0.4667753423748426,0.3283879623273382,0.555928901806647,185.1506295150949
1266,379800,105.5,0.4586367979660887,0.4586367979660887,0.3276996293363838,0.5569426070879824,186.133805901828
1267,380100,105.58333333333333,0.4623882731978111,0.4623882731978111,0.3281022506332043,0.5589934648714203,187.4404733430581
1268,380400,105.66666666666667,0.4459355150033436,0.4459355150033436,0.3264636635489339,0.5580874373992345,189.18849940665623
1269,380700,105.75,0.4347154494098347,0.4347154494098347,0.3250401350391966,0.5586896202692777,187.5548373964532
1270,381000,105.83333333333333,0.4075978283285916,0.4075978283285916,0.3227777933222994,0.5612739642938198,185.47849272293715
1271,381300,105.91666666666667,0.4694619076883699,0.4694619076883699,0.3263363476249808,0.5649304128925564,186.1530468234499
1272,381600,106.0,0.4788842619987831,0.4788842619987831,0.3313161848616914,0.5654760937949369,189.53691650057863
1273,381900,106.08333333333333,0.4736885958490299,0.4736885958490299,0.3319562870067565,0.5638715019544355,192.5113488152643
1274,382200,106.16666666666667,0.4653866243716784,0.4653866243716784,0.3297195658838634,0.5593577733195688,192.73056669623483
1275,382500,106.25,0.4651478748467137,0.4651478748467137,0.3275006672322901,0.5580521584042456,191.81884504584687
1276,382800,106.33333333333333,0.4663697644942387,0.4663697644942387,0.3296739048115493,0.5581918969761036,190.5798179098241
1277,383100,106.41666666666667,0.4609245013482378,0.4609245013482378,0.3284521597740861,0.5583864478471124,190.5448207468698
1278,383400,106.5,0.4599822064746069,0.4599822064746069,0.3298766611551334,0.5588106558014893,191.299343535802
1279,383700,106.58333333333333,0.4626735588084594,0.4626735588084594,0.3319435530093126,0.5586036928407462,190.42501785259765
1280,384000,106.66666666666667,0.4643311499578555,0.4643311499578555,0.3313816502350543,0.5574089252793455,188.4106023926144
1281,384300,106.75,0.4567079122929154,0.4567079122929154,0.3300628326363229,0.5568529556182826,188.05804328981367
1282,384600,106.83333333333333,0.4497033057201673,0.4497033057201673,0.3294727820469098,0.5568882467448638,188.30691598693588
1283,384900,106.91666666666667,0.4525979488963766,0.4525979488963766,0.3287803348987111,0.5591224785460269,188.8777791761748
1284,385200,107.0,0.438120610886162,0.438120610886162,0.3276218665579926,0.5612552933872441,189.87396012975725
1285,385500,107.08333333333333,0.4207379465441838,0.4207379465441838,0.3286458493200987,0.563147550974758,189.7431709159516
1286,385800,107.16666666666667,0.4346081180636574,0.4346081180636574,0.3270894865108018,0.5613273391770196,188.4190298713145
1287,386100,107.25,0.4380301225579731,0.4380301225579731,0.326488932544039,0.5625299478972535,190.9605187636768
1288,386400,107.33333333333333,0.4293606369368003,0.4293606369368003,0.3239008332269478,0.5623474141477635,192.2480505279792
1289,386700,107.41666666666667,0.4445913151876099,0.4445913151876099,0.3259350542939135,0.5639977065260073,193.4848433637121
1290,387000,107.5,0.4551986100619308,0.4551986100619308,0.3272562994824933,0.5637813803621528,193.26135085053912
1291,387300,107.58333333333333,0.4554305495354057,0.4554305495354057,0.3292203571105686,0.5645482614613642,192.1906157061865
1292,387600,107.66666666666667,0.4427898836315398,0.4427898836315398,0.3293147519438593,0.5631803957239537,191.2650599384349
1293,387900,107.75,0.4296186964647256,0.4296186964647256,0.327201608482749,0.5634619406908421,191.02596157561547
1294,388200,107.83333333333333,0.4311242724736395,0.4311242724736395,0.327670569529534,0.5626479261838175,189.88600387177053
1295,388500,107.91666666666667,0.4324092877610104,0.4324092877610104,0.3284292291934799,0.5640960281368977,190.32707810557687
1296,388800,108.0,0.4295068907140353,0.4295068907140353,0.3285810943047126,0.5626840278655011,190.3410625594864
1297,389100,108.08333333333333,0.4311471196239138,0.4311471196239138,0.328562789266442,0.5633643134979098,190.521267918475
1298,389400,108.16666666666667,0.4352349251775888,0.4352349251775888,0.3259124346836474,0.5606893761525249,187.25691089470817
1299,389700,108.25,0.4362129731876677,0.4362129731876677,0.3261621991590949,0.5602007226949796,185.94136415156208
1300,390000,108.33333333333333,0.429667287059907,0.429667287059907,0.3240493198225714,0.5592599711367161,185.03048291754587
1301,390300,108.41666666666667,0.4233313692120858,0.4233313692120858,0.3234814600563979,0.5607193550185977,185.76577687379825
1302,390600,108.5,0.4319428715694228,0.4319428715694228,0.3272342782761622,0.5616773876162253,186.5880952141852
1303,390900,108.58333333333333,0.4354069534205585,0.4354069534205585,0.332063323685317,0.5618893382049297,187.9944562589276
1304,391200,108.66666666666667,0.4396070672089696,0.4396070672089696,0.3305079637928014,0.5593401305339639,188.47264494578064
1305,391500,108.75,0.4269318961147076,0.4269318961147076,0.3288296813631339,0.5588170016964397,189.13800460785723
1306,391800,108.83333333333333,0.4268534565640727,0.4268534565640727,0.3291681642296824,0.5588662844143296,189.3183423355781
1307,392100,108.91666666666667,0.4277852157567965,0.4277852157567965,0.3285138923737298,0.5581774865239724,188.91475322609065
1308,392400,109.0,0.4348028937858456,0.4348028937858456,0.3288230532516207,0.5587272880547216,189.9775520540801
1309,392700,109.08333333333333,0.4393997204984721,0.4393997204984721,0.3307950683278901,0.5597267434906749,190.1272115702909
1310,393000,109.16666666666667,0.4394229673520171,0.4394229673520171,0.3269071354083733,0.5516710277494569,184.99262524541592
1311,393300,109.25,0.4388108604914345,0.4388108604914345,0.3238095640954399,0.5519141362694275,183.1309994275148
1312,393600,109.33333333333333,0.4388943601016247,0.4388943601016247,0.3240388581700107,0.5484008606541111,181.9388822084326
1313,393900,109.41666666666667,0.4372563725856209,0.4372563725856209,0.3218562741643347,0.5479991121075511,181.62713121520187
1314,394200,109.5,0.4399804003286994,0.4399804003286994,0.3207382537493632,0.5479428139871475,181.23452370416183
1315,394500,109.58333333333333,0.4354948374479586,0.4354948374479586,0.3205046976433938,0.5509901566744548,183.2927761337911
1316,394800,109.66666666666667,0.4415326512107739,0.4415326512107739,0.322582627042577,0.5537713019156808,185.5380328828749
1317,395100,109.75,0.4277874121422335,0.4277874121422335,0.322320450111729,0.5561069556076528,187.10806846418143
1318,395400,109.83333333333333,0.4093060499774685,0.4093060499774685,0.3214463379555042,0.5591062909164033,187.99875287155805
1319,395700,109.91666666666667,0.357174315926795,0.357174315926795,0.3221548294570123,0.5554118678170729,183.77676039307764
1320,396000,110.0,0.3313786985915399,0.3313786985915399,0.3199270853797402,0.5564567957865477,178.86036089878206
1321,396300,110.08333333333333,0.3383957640145464,0.3383957640145464,0.3157466495458367,0.5628061751045074,174.5398941174435
1322,396600,110.16666666666667,0.3753360560529991,0.3753360560529991,0.3206615236135207,0.5705442857173774,171.9500394611807
1323,396900,110.25,0.3629191537221927,0.3629191537221927,0.319628348148702,0.5727658419144636,173.5214463144463
1324,397200,110.33333333333333,0.3780556473516433,0.3780556473516433,0.328545048621519,0.5796478925304563,173.8128382938974
1325,397500,110.41666666666667,0.3686377115666987,0.3686377115666987,0.3235651899767944,0.584107644434161,172.9462851896514
1326,397800,110.5,0.3317298931956365,0.3317298931956365,0.3114838441131912,0.5814910878945476,171.85089632510866
1327,398100,110.58333333333333,0.3607987744655217,0.3607987744655217,0.3253738823976004,0.5901347257331442,171.02278039365748
1328,398400,110.66666666666667,0.3471856671054519,0.3471856671054519,0.3165101725913908,0.5931352834350485,170.49154731134718
1329,398700,110.75,0.3682826269027703,0.3682826269027703,0.3269689356216448,0.5975925277992986,170.58997312358127
1330,399000,110.83333333333333,0.3504656443702394,0.3504656443702394,0.3130581089273871,0.5974654054977364,170.53075706435706
1331,399300,110.91666666666667,0.3370812326173554,0.3370812326173554,0.3085858659936153,0.5925551504003254,172.26650559809025
1332,399600,111.0,0.3611545065166457,0.3611545065166457,0.3137813945534231,0.6011370569680567,171.8667912135008
1333,399900,111.08333333333333,0.3370389207681559,0.3370389207681559,0.2998676250363081,0.6050711543217387,171.457390131968
1334,400200,111.16666666666667,0.3437162205185606,0.3437162205185606,0.297471083670968,0.6116813052793161,172.73094450635384
1335,400500,111.25,0.3403519325143322,0.3403519325143322,0.2936969273568082,0.6219553692635331,173.60735463843824
1336,400800,111.33333333333333,0.3513575012403465,0.3513575012403465,0.300119141897995,0.6295524377726405,178.1090072396223
1337,401100,111.41666666666667,0.3388398803396036,0.3388398803396036,0.2933633183283289,0.6169844985154399,178.81168783653533
1338,401400,111.5,0.3671025453815925,0.3671025453815925,0.2994279000589002,0.6164172097866921,179.6307527958712
1339,401700,111.58333333333333,0.3560488883526684,0.3560488883526684,0.2971969350543114,0.6399970298920773,180.1368512885726
1340,402000,111.66666666666667,0.3570223881528106,0.3570223881528106,0.2574302552606765,0.5030179883405129,160.95517328128255
1341,402300,111.75,0.3604779031823371,0.3604779031823371,0.255793917420501,0.4988705428691695,161.12486838800038
1342,402600,111.83333333333333,0.3988161181662176,0.3988161181662176,0.2649241464422888,0.5064358548329817,164.18800560182558
1343,402900,111.91666666666667,0.3979425575532402,0.3979425575532402,0.2653965046438928,0.5113985252887259,168.68190499337604
1344,403200,112.0,0.396941504545189,0.396941504545189,0.2671618871272844,0.5132652800615799,170.08085456516375
1345,403500,112.08333333333333,0.3854096837076896,0.3854096837076896,0.2610086972829419,0.5037827350482397,169.48157257173602
1346,403800,112.16666666666667,0.4006872842455534,0.4006872842455534,0.2676772475120857,0.5100442621388906,171.36632634389275
1347,404100,112.25,0.3978042336628449,0.3978042336628449,0.2710837201630913,0.5205839133922523,172.61487966880804
1348,404400,112.33333333333333,0.4006381709367922,0.4006381709367922,0.2744032547430329,0.5516261128139328,172.40313994044013
1349,404700,112.41666666666667,0.3830775955507214,0.3830775955507214,0.2675849189676489,0.5370725432621808,173.90340471751114
1350,405000,112.5,0.3804386680114257,0.3804386680114257,0.2716013392035946,0.541379051504723,176.14535207712603
1351,405300,112.58333333333333,0.3875255452248508,0.3875255452248508,0.2732540385227075,0.5449383583415611,175.91962951246413
1352,405600,112.66666666666667,0.3758230903835103,0.3758230903835103,0.2705906311906333,0.543170109697119,174.5851454378433
1353,405900,112.75,0.3746837774425852,0.3746837774425852,0.2666842684888868,0.5386076763859322,174.2186969451841
1354,406200,112.83333333333333,0.3858512445247937,0.3858512445247937,0.271754168841685,0.5445339466245134,175.00633534232182
1355,406500,112.91666666666667,0.4089340749776595,0.4089340749776595,0.2901607240115659,0.5645892247808372,174.8316506257575
1356,406800,113.0,0.4298040927635661,0.4298040927635661,0.2965953256216871,0.5678452787996419,177.3202501745302
1357,407100,113.08333333333333,0.4335802595003001,0.4335802595003001,0.2989203733224652,0.5739358565706956,180.38291123399765
1358,407400,113.16666666666667,0.4144990685641427,0.4144990685641427,0.2961546518071942,0.5801616543230516,181.93989773266048
1359,407700,113.25,0.4204791395690287,0.4204791395690287,0.2994546004683182,0.5821617111656532,179.1986735665889
1360,408000,113.33333333333333,0.4052403967437465,0.4052403967437465,0.2879551642036941,0.5711143842690539,176.8218317064757
1361,408300,113.41666666666667,0.410807365176019,0.410807365176019,0.2877985595500594,0.563409763334235,176.56465404371295
1362,408600,113.5,0.4200195722510833,0.4200195722510833,0.2991790340252652,0.5718890136877625,176.41570775712316
1363,408900,113.58333333333333,0.4719035655384771,0.4719035655384771,0.3272214253613723,0.5892770929547713,178.73303065242615
1364,409200,113.66666666666667,0.5117940585887518,0.5117940585887518,0.3385742753698574,0.6140166734271518,179.72660521544947
1365,409500,113.75,0.4607319196616095,0.4607319196616095,0.3224011407497764,0.6082150850343636,180.0791502599113
1366,409800,113.83333333333333,0.420797615529517,0.420797615529517,0.3077748263359757,0.6061120729735116,181.4159572202149
1367,410100,113.91666666666667,0.4472498970552918,0.4472498970552918,0.3140954206079301,0.6046863002839341,179.9303234798389
1368,410400,114.0,0.4852754439676834,0.4852754439676834,0.3327917052468834,0.6163948536454605,180.1733643809739
1369,410700,114.08333333333333,0.4403928403904994,0.4403928403904994,0.3172406021942169,0.6062439806172192,179.90447337843165
1370,411000,114.16666666666667,0.417768023905856,0.417768023905856,0.3046014264376593,0.6014631468660789,177.90865031144358
1371,411300,114.25,0.4555994379188236,0.4555994379188236,0.3138022041690714,0.5925869656981669,174.50374377147747
1372,411600,114.33333333333333,0.4479992438564119,0.4479992438564119,0.3139419254083898,0.6032851466375715,176.07565346184174
1373,411900,114.41666666666667,0.4634369897837544,0.4634369897837544,0.3168046020245229,0.5915576151948907,176.70349189911988
1374,412200,114.5,0.4757272507545596,0.4757272507545596,0.3192748483200179,0.5893142596228792,174.39465540226257
1375,412500,114.58333333333333,0.4439946710729105,0.4439946710729105,0.3029884390112833,0.5881031370313716,169.62311480701194
1376,412800,114.66666666666667,0.4548551205609425,0.4548551205609425,0.3084818280219244,0.5961979251619057,174.19560605531404
1377,413100,114.75,0.4386415338720315,0.4386415338720315,0.3007262668955565,0.5867994461813666,177.61302757772862
1378,413400,114.83333333333333,0.4440496620128493,0.4440496620128493,0.31298660935732,0.5971135930923694,176.50646570393857
1379,413700,114.91666666666667,0.4477856889142347,0.4477856889142347,0.313275970442655,0.5923666703278228,174.48113038798124
1380,414000,115.0,0.4334612618364247,0.4334612618364247,0.3141160181521018,0.6070668231414701,177.05402642815443
1381,414300,115.08333333333333,0.402563217802498,0.402563217802498,0.3008952883678403,0.5956926285539909,178.26081179618896
1382,414600,115.16666666666667,0.4222514984683038,0.4222514984683038,0.3035352278193208,0.5961964294208062,178.6754076616878
1383,414900,115.25,0.4252372040528217,0.4252372040528217,0.3009297682574637,0.5940193670183497,178.6959736629479
1384,415200,115.33333333333333,0.416112434279006,0.416112434279006,0.301538178220402,0.611950916558451,180.26945136609925
1385,415500,115.41666666666667,0.4177652366409164,0.4177652366409164,0.3009054699259586,0.5996819546399427,180.1508496132219
1386,415800,115.5,0.4216192446400389,0.4216192446400389,0.3060255593835937,0.6097911077579002,183.89105461800887
1387,416100,115.58333333333333,0.4245114174009969,0.4245114174009969,0.3135939571876683,0.6233673573076097,185.51777019918828
1388,416400,115.66666666666667,0.4290387131605619,0.4290387131605619,0.3185909515407362,0.6254515947007553,185.62085787279588
1389,416700,115.75,0.4164358734536298,0.4164358734536298,0.31776724763226,0.6237577026086482,185.16457817610035
1390,417000,115.83333333333333,0.4325204705402655,0.4325204705402655,0.3178680129707065,0.6189666478492076,184.0578470586912
1391,417300,115.91666666666667,0.434568689440297,0.434568689440297,0.3136634491285019,0.6145882943831363,183.90652370880693
1392,417600,116.0,0.4461975176649623,0.4461975176649623,0.3211769890426819,0.6289962564147142,184.44550893609625
1393,417900,116.08333333333333,0.4342590400882272,0.4342590400882272,0.3223057114062523,0.634051709321881,183.55538144130148
1394,418200,116.16666666666667,0.4370512937842901,0.4370512937842901,0.3223499973468015,0.6280263154241117,183.4946290576553
1395,418500,116.25,0.4289630436676901,0.4289630436676901,0.3179453277231334,0.6269168253565949,183.77498519351613
1396,418800,116.33333333333333,0.4379890730802899,0.4379890730802899,0.3261116167543536,0.6291737657239503,181.6190289857523
1397,419100,116.41666666666667,0.4333968568534789,0.4333968568534789,0.3331332913133136,0.6340973459765893,178.43371751990972
1398,419400,116.5,0.4162001362692749,0.4162001362692749,0.3391352569416858,0.6400344462171379,175.17735797795646
1399,419700,116.58333333333333,0.4314103895081513,0.4314103895081513,0.3445425469948477,0.6426662635079174,174.19761323355684
1400,420000,116.66666666666667,0.4525820632213548,0.4525820632213548,0.3557587209516205,0.6453048435084503,175.78946811913897
1401,420300,116.75,0.4504383238457616,0.4504383238457616,0.3453967339428814,0.6381115127610354,174.35225280337005
1402,420600,116.83333333333333,0.4440348199031831,0.4440348199031831,0.3444015802366268,0.6413501984548696,174.91533139358106
1403,420900,116.91666666666667,0.4500001563834927,0.4500001563834927,0.3542253817902098,0.6410461263669294,175.25930320684367
1404,421200,117.0,0.4529124218010796,0.4529124218010796,0.3557589130734386,0.6411491065545388,176.25841508138794
1405,421500,117.08333333333333,0.4468857267979607,0.4468857267979607,0.3560869532508005,0.6433969351949355,177.6804200467419
1406,421800,117.16666666666667,0.4321605211175482,0.4321605211175482,0.3453623080720332,0.6424026150882328,177.983824842332
1407,422100,117.25,0.4300080394647647,0.4300080394647647,0.3471452515667242,0.6389247086434537,177.04877009368084
1408,422400,117.33333333333333,0.4237804958159595,0.4237804958159595,0.3549148682825752,0.6419567812498798,178.9969820688239
1409,422700,117.41666666666667,0.4277887507597521,0.4277887507597521,0.3486733823786934,0.6435079590131366,179.8815397569688
1410,423000,117.5,0.4282070120280913,0.4282070120280913,0.3495081353512966,0.6467309987916547,179.778108842325
1411,423300,117.58333333333333,0.4159029634193867,0.4159029634193867,0.3518897238301216,0.6410525633053138,178.032238084051
1412,423600,117.66666666666667,0.4269365471637296,0.4269365471637296,0.3479993276121325,0.6393262293653559,177.35282852286616
1413,423900,117.75,0.454915020489385,0.454915020489385,0.3446313952749452,0.634423344717803,175.55025502818742
1414,424200,117.83333333333333,0.4369830874635973,0.4369830874635973,0.3421642727904262,0.6359869033571244,175.55141137036793
1415,424500,117.91666666666667,0.4236639179638071,0.4236639179638071,0.3339013526436754,0.6267108710548661,174.03420758604253
1416,424800,118.0,0.4042512469950968,0.4042512469950968,0.317510604761302,0.6125902148910694,174.57387409331147
1417,425100,118.08333333333333,0.4190279390641295,0.4190279390641295,0.3236647787155284,0.6198503661638721,176.7292661209379
1418,425400,118.16666666666667,0.4289157992284059,0.4289157992284059,0.321976721487013,0.6254143912474486,177.58610579936675
1419,425700,118.25,0.4229551604564557,0.4229551604564557,0.3082918964997499,0.6099519773293971,175.09274212358324
1420,426000,118.33333333333333,0.425158651399682,0.425158651399682,0.3053109476480408,0.6107782409119802,178.58946518279748
1421,426300,118.41666666666667,0.4241764065303943,0.4241764065303943,0.2978068777099684,0.5953550974398583,179.6354173204168
1422,426600,118.5,0.4105290213666702,0.4105290213666702,0.2955266273772585,0.5932395625868975,180.8974313936001
1423,426900,118.58333333333333,0.4452274682126891,0.4452274682126891,0.3027457567943905,0.6058976725926459,183.25510850473265
1424,427200,118.66666666666667,0.4425294188428318,0.4425294188428318,0.3010073186568303,0.5977705182725428,185.28481980502747
1425,427500,118.75,0.4338294624263413,0.4338294624263413,0.2995748844969588,0.5888783003093266,185.33262983043988
1426,427800,118.83333333333333,0.4504995797151178,0.4504995797151178,0.3021896943569711,0.5885022816926251,186.44714170606417
1427,428100,118.91666666666667,0.4724773098825993,0.4724773098825993,0.3083150788742922,0.6069043970918199,188.39329881297363
1428,428400,119.0,0.4656709360309778,0.4656709360309778,0.3069396135425699,0.6023701027150951,189.0520938566156
1429,428700,119.08333333333333,0.4604547565236634,0.4604547565236634,0.3080587062012833,0.602667972330255,190.2226432102743
1430,429000,119.16666666666667,0.4519273866593291,0.4519273866593291,0.3040711542597141,0.5997053300618884,190.34936999693184
1431,429300,119.25,0.4781638494001728,0.4781638494001728,0.3121816696652951,0.6117374097422752,189.09925507855613
1432,429600,119.33333333333333,0.4782307485250054,0.4782307485250054,0.311195766418693,0.605838228917135,191.06782021965765
1433,429900,119.41666666666667,0.4620031945032013,0.4620031945032013,0.3102924580853098,0.5942109917987707,190.3445609488952
1434,430200,119.5,0.4671791541313034,0.4671791541313034,0.3120558546575608,0.6036829139214733,188.1695527242749
1435,430500,119.58333333333333,0.4397032134184847,0.4397032134184847,0.3083229714511883,0.6092843454982771,182.2804303704212
1436,430800,119.66666666666667,0.4292961603994575,0.4292961603994575,0.303811827021398,0.6073136471852704,184.94068729140287
1437,431100,119.75,0.4519289036136837,0.4519289036136837,0.310008741868969,0.608650586562603,186.4918452723689
1438,431400,119.83333333333333,0.4533818345765217,0.4533818345765217,0.3136582875817052,0.6028344326226971,186.4500572154431
1439,431700,119.91666666666667,0.4683588497515012,0.4683588497515012,0.3190601031632292,0.610740790362274,185.8215742234508
1440,432000,120.0,0.4713681088510433,0.4713681088510433,0.3182130851233455,0.6042412707629087,186.2876573197936
1441,432300,120.08333333333333,0.4706030434511985,0.4706030434511985,0.315108696118213,0.6026467786843684,183.8628391884335
1442,432600,120.16666666666667,0.4577429629361958,0.4577429629361958,0.3150352816490507,0.5976732562216105,185.00762445987945
1443,432900,120.25,0.4601281613660294,0.4601281613660294,0.3162209083595164,0.6046143264102926,184.28836221572809
1444,433200,120.33333333333333,0.4401349954420777,0.4401349954420777,0.3119239657723155,0.5989597555337093,185.06773630589936
1445,433500,120.41666666666667,0.4529086052037189,0.4529086052037189,0.3149798429735212,0.6003222507240803,187.8108611424321
1446,433800,120.5,0.4544443656323758,0.4544443656323758,0.314999350841751,0.5889510796974765,186.9281322864261
1447,434100,120.58333333333333,0.4664716603250496,0.4664716603250496,0.3181430253269834,0.5942844748678818,183.83983358611536
1448,434400,120.66666666666667,0.4563944974468324,0.4563944974468324,0.3134609126016717,0.5906373400840451,182.8627490231758
1449,434700,120.75,0.466524042174722,0.466524042174722,0.3135539382656746,0.5865740727073543,185.3323512963797
1450,435000,120.83333333333333,0.4675602449600886,0.4675602449600886,0.3167195410849261,0.5897576138718305,186.4671044526484
1451,435300,120.91666666666667,0.4651760445304644,0.4651760445304644,0.3197480960217727,0.5959336766147995,184.704435608112
1452,435600,121.0,0.4643419165258202,0.4643419165258202,0.3172856812752595,0.58886505327543,183.71989860495972
1453,435900,121.08333333333333,0.4555167862804469,0.4555167862804469,0.3148159167939228,0.585812860334474,186.38924048087333
1454,436200,121.16666666666667,0.4714827074328919,0.4714827074328919,0.3181446251215871,0.5917142230318974,190.4710813285752
1455,436500,121.25,0.478188691164928,0.478188691164928,0.3151112384658394,0.5555303574772483,177.65225948228357
1456,436800,121.33333333333333,0.4643215980832419,0.4643215980832419,0.3112007049742136,0.5540252517548081,180.43782908090344
1457,437100,121.41666666666667,0.4524842028311348,0.4524842028311348,0.3078986080416445,0.5440285689856021,179.61240445159024
1458,437400,121.5,0.4630842734532472,0.4630842734532472,0.3061884533142998,0.5382031822185193,177.62453169768648
1459,437700,121.58333333333333,0.4783289134320584,0.4783289134320584,0.3095987446792524,0.5471156587536687,175.4112496996038
1460,438000,121.66666666666667,0.4827052970977747,0.4827052970977747,0.3114970485676403,0.5568461104009444,178.4406551627883
1461,438300,121.75,0.4924485702344053,0.4924485702344053,0.3118938668808041,0.550742528670735,180.51694276565152
1462,438600,121.83333333333333,0.4905763495994857,0.4905763495994857,0.3111196459581837,0.5445851944224116,179.59478688733114
1463,438900,121.91666666666667,0.4957703982740331,0.4957703982740331,0.3134987995829832,0.5469515333091323,178.20533684152227
1464,439200,122.0,0.4962656400997774,0.4962656400997774,0.3151148786967528,0.5546773942130604,178.47534671307113
1465,439500,122.08333333333333,0.4846746046982335,0.4846746046982335,0.3124422020619363,0.5468597969615214,179.04702496822588
1466,439800,122.16666666666667,0.4847607797295187,0.4847607797295187,0.3134627058652173,0.551859792345024,178.88253556634962
1467,440100,122.25,0.4436786942677855,0.4436786942677855,0.310337557934221,0.5551432716793147,168.95963946310047
1468,440400,122.33333333333333,0.4482851411463595,0.4482851411463595,0.3103760755662094,0.5559716238730668,170.13849354465864
1469,440700,122.41666666666667,0.4624577116580716,0.4624577116580716,0.3142015256777942,0.5607687619311218,169.5723162919584
1470,441000,122.5,0.4260883369127661,0.4260883369127661,0.3051056920075637,0.5368122833351262,157.81089087894085
1471,441300,122.58333333333333,0.4347696484717328,0.4347696484717328,0.3161067696901785,0.5509905103724008,161.53606786037463
1472,441600,122.66666666666667,0.4411529240161587,0.4411529240161587,0.3208295506353497,0.5555365262845778,163.0125877769868
1473,441900,122.75,0.4116794500251052,0.4116794500251052,0.3225905614212974,0.5582735612920274,166.0739506481182
1474,442200,122.83333333333333,0.4415190183751444,0.4415190183751444,0.3228273137617379,0.5609540229385386,168.94086597002797
1475,442500,122.91666666666667,0.4734532472549764,0.4734532472549764,0.3285663119412804,0.5604094033273751,173.6634657349105
1476,442800,123.0,0.4842863594977716,0.4842863594977716,0.331131745606804,0.5564702886610338,176.4543932429309
1477,443100,123.08333333333333,0.4813459840324169,0.4813459840324169,0.3348850739397407,0.5528956305236356,176.2343719109299
1478,443400,123.16666666666667,0.4601569343490866,0.4601569343490866,0.3332411830251192,0.545538859709699,170.3906638470105
1479,443700,123.25,0.445499099010009,0.445499099010009,0.3315469531402049,0.5418119217213702,164.60610569718392
1480,444000,123.33333333333333,0.4385569937530974,0.4385569937530974,0.3315163175527608,0.5409956470018223,161.31264435940554
1481,444300,123.41666666666667,0.4483428558821565,0.4483428558821565,0.3311081077186802,0.5408639278134357,160.2023690083097
1482,444600,123.5,0.4751118829513081,0.4751118829513081,0.3295896422818143,0.5407632926940127,160.3234340653818
1483,444900,123.58333333333333,0.4769151806406773,0.4769151806406773,0.3304712760966436,0.5413002026970254,163.34636199857357
1484,445200,123.66666666666667,0.4735638743756059,0.4735638743756059,0.3285849460498149,0.5383370799208929,164.78341585190748
1485,445500,123.75,0.4675517623247655,0.4675517623247655,0.3296384478532445,0.5387262371727437,165.76245456616672
1486,445800,123.83333333333333,0.4646430847736267,0.4646430847736267,0.3311392476578818,0.5390755598161981,165.70565766192215
1487,446100,123.91666666666667,0.4841546371823301,0.4841546371823301,0.3330953640140563,0.5388582866626391,166.1052988706274
1488,446400,124.0,0.4840046744505686,0.4840046744505686,0.3322281252571587,0.5382094235804316,167.47032907265248
1489,446700,124.08333333333333,0.4649333379868805,0.4649333379868805,0.3324560698283876,0.5380229572786352,168.04943245537874
1490,447000,124.16666666666667,0.4575096241883583,0.4575096241883583,0.3327479022617073,0.5373012838475136,166.3881941229192
1491,447300,124.25,0.4675231877352677,0.4675231877352677,0.3314303390859761,0.5368414328555253,164.7774730004862
1492,447600,124.33333333333333,0.4784549258699354,0.4784549258699354,0.3305261143344387,0.5365667170520149,165.4513107644793
1493,447900,124.41666666666667,0.4654786061629645,0.4654786061629645,0.3301876353034404,0.5364774758674684,165.83362039027978
1494,448200,124.5,0.4515497807869771,0.4515497807869771,0.3281393041450731,0.5360503783853866,165.58087408667674
1495,448500,124.58333333333333,0.4614155757806686,0.4614155757806686,0.3268494982813009,0.5366105867477228,166.07828898850912
1496,448800,124.66666666666667,0.4658847846472726,0.4658847846472726,0.327819702002554,0.5368809673823012,165.97827005499911
1497,449100,124.75,0.4649766237392368,0.4649766237392368,0.330617204538878,0.5376569273221563,167.09531674022966
1498,449400,124.83333333333333,0.474695598372196,0.474695598372196,0.3309755929670036,0.5387258985595268,168.42879827370064
1499,449700,124.91666666666667,0.4731243189221197,0.4731243189221197,0.3315026700933168,0.5386774383782386,168.5715594420983
1500,450000,125.0,0.4628103020158939,0.4628103020158939,0.3330443310589688,0.5379920914082675,167.1784477078407
1501,450300,125.08333333333333,0.4543405207575196,0.4543405207575196,0.3318958746021967,0.5367699884558556,166.06441762280213
1502,450600,125.16666666666667,0.4406833676807904,0.4406833676807904,0.3301766247275541,0.533450212190585,164.26490977415585
1503,450900,125.25,0.4616430109567764,0.4616430109567764,0.3298288136038713,0.5340082304749021,165.93446777826438
1504,451200,125.33333333333333,0.4696003895647661,0.4696003895647661,0.3301098277371467,0.5354519472244378,168.89127063937704
1505,451500,125.41666666666667,0.4763769484739701,0.4763769484739701,0.3313920143442431,0.5352304189797199,170.42959627168068
1506,451800,125.5,0.4762997814424404,0.4762997814424404,0.3323388634015078,0.5351188929070791,170.97365325594455
1507,452100,125.58333333333333,0.4777012892404538,0.4777012892404538,0.3319445039393287,0.5343810991520913,170.67389224788576
1508,452400,125.66666666666667,0.4793163566829869,0.4793163566829869,0.3321468833502846,0.5337871640150897,169.9138990089656
1509,452700,125.75,0.4814194909484255,0.4814194909484255,0.333191747512182,0.5340758101203602,169.87584481431267
1510,453000,125.83333333333333,0.4645997823824201,0.4645997823824201,0.3317010711551985,0.5344722993931008,169.670190223402
1511,453300,125.91666666666667,0.4604908923681864,0.4604908923681864,0.3293620594202731,0.5350149059227749,170.54811433873493
1512,453600,126.0,0.4573314918694937,0.4573314918694937,0.328800194433653,0.5357236287107487,170.2575482048603
1513,453900,126.08333333333333,0.4612690316774934,0.4612690316774934,0.3291802242419466,0.536742401821282,170.18485192852302
1514,454200,126.16666666666667,0.4658657275534342,0.4658657275534342,0.3302058056178761,0.5372062443328947,170.02023870652852
1515,454500,126.25,0.4630744891989621,0.4630744891989621,0.3298665708822944,0.5367314225112148,169.36471636301647
1516,454800,126.33333333333333,0.4493934757055752,0.4493934757055752,0.3293384078850686,0.5362670085020799,168.3735026154847
1517,455100,126.41666666666667,0.4764751293278229,0.4764751293278229,0.3305166091430043,0.5369853256508078,168.2701336828515
1518,455400,126.5,0.4765301564537085,0.4765301564537085,0.3300057463378226,0.5368315714757748,169.37945289526053
1519,455700,126.58333333333333,0.4586305734682503,0.4586305734682503,0.3276638083578225,0.536692829225196,169.56725288665336
1520,456000,126.66666666666667,0.4635023352962077,0.4635023352962077,0.327869344281413,0.5377014294400061,170.02312870211813
1521,456300,126.75,0.4815500678814361,0.4815500678814361,0.3291526356783215,0.538273355842511,169.7093098328439
1522,456600,126.83333333333333,0.4761422764876666,0.4761422764876666,0.3295293967834428,0.539219113362331,171.09914948641455
1523,456900,126.91666666666667,0.4721068797713736,0.4721068797713736,0.3309807476775296,0.5395536466369292,171.76134642126087
1524,457200,127.0,0.4775211580744691,0.4775211580744691,0.3317297821440608,0.5391774790447569,172.58440298309952
1525,457500,127.08333333333333,0.4822209136480237,0.4822209136480237,0.3328050548609336,0.5389717675690938,172.76469536945183
1526,457800,127.16666666666667,0.483147978297669,0.483147978297669,0.3328582018347082,0.5372861900205418,171.50218930407704
1527,458100,127.25,0.4779031604552686,0.4779031604552686,0.3325088210373594,0.53540898766141,170.96219166285684
1528,458400,127.33333333333333,0.474086991869137,0.474086991869137,0.3313051765802618,0.5344561925441017,169.13810626706723
1529,458700,127.41666666666667,0.476456564569076,0.476456564569076,0.3308149619584462,0.5345248695018217,168.5809128807732
1530,459000,127.5,0.4691564992649026,0.4691564992649026,0.3288522324281788,0.5351335922343592,169.2502586991814
1531,459300,127.58333333333333,0.4605519836328,0.4605519836328,0.327405902403513,0.535883361429156,170.034468245591
1532,459600,127.66666666666667,0.4594031063246691,0.4594031063246691,0.3275844232475766,0.5371498291271749,171.3540045350665
1533,459900,127.75,0.466413020311513,0.466413020311513,0.328183250194407,0.5388928881011684,172.62187114939147
1534,460200,127.83333333333333,0.4727312897490834,0.4727312897490834,0.32838359876624,0.5388363870994127,173.77484755543264
1535,460500,127.91666666666667,0.4692411391674651,0.4692411391674651,0.3278357596148476,0.5393764599301007,175.39352206894014
1536,460800,128.0,0.4672004047039808,0.4672004047039808,0.3280906715090314,0.5408491121834748,176.32471656449118
1537,461100,128.08333333333334,0.4797439376290811,0.4797439376290811,0.329006649152782,0.5415754599614372,175.81647630923212
1538,461400,128.16666666666666,0.4816277150366432,0.4816277150366432,0.3292057634515887,0.5417728579330585,175.13773982239533
1539,461700,128.25,0.4736094391817878,0.4736094391817878,0.3288928220482422,0.541187454461202,174.54272766324453
1540,462000,128.33333333333334,0.4754925329387954,0.4754925329387954,0.3296988452785199,0.5411099210161606,174.00888159520642
1541,462300,128.41666666666666,0.4754195024485892,0.4754195024485892,0.3311012705535245,0.541896685216112,174.55444457985794
1542,462600,128.5,0.4722841364369176,0.4722841364369176,0.3302845431116853,0.5415754418235768,175.2927735711592
1543,462900,128.58333333333334,0.4708535358374989,0.4708535358374989,0.3297685562781547,0.5415177521486697,175.90474206865997
1544,463200,128.66666666666666,0.489091240557539,0.489091240557539,0.3321141204437863,0.5420592696484916,175.6550409869548
1545,463500,128.75,0.4862559545848119,0.4862559545848119,0.3336756276472896,0.5417614885777041,174.7742881162918
1546,463800,128.83333333333334,0.4777717135138409,0.4777717135138409,0.3330626859457224,0.540511759046187,173.9889975468301
1547,464100,128.91666666666666,0.471986248758642,0.471986248758642,0.3324401571288177,0.5406098058115529,173.7687661926605
1548,464400,129.0,0.4762641652722684,0.4762641652722684,0.3327084330870141,0.5403541426581507,173.81329222362783
1549,464700,129.08333333333334,0.4757935542811892,0.4757935542811892,0.3320851214396826,0.5404378777846709,174.07082508646295
1550,465000,129.16666666666666,0.4672547867344452,0.4672547867344452,0.3299634494717458,0.5392758416697736,174.1260430355181
1551,465300,129.25,0.4622197042503252,0.4622197042503252,0.3302898802891167,0.5395387447506236,173.96803671048485
1552,465600,129.33333333333334,0.4592943634939824,0.4592943634939824,0.3292889479084965,0.5402263343873895,173.93864593221144
1553,465900,129.41666666666666,0.4770410814217364,0.4770410814217364,0.3286497133551876,0.5408903161725107,174.2251277419842
1554,466200,129.5,0.4784880497282934,0.4784880497282934,0.3296012875508072,0.5425640387298438,175.5104224084415
1555,466500,129.58333333333334,0.4721571705580132,0.4721571705580132,0.3301348468526467,0.5432706731070003,176.88801484242487
1556,466800,129.66666666666666,0.4603605892136384,0.4603605892136384,0.326822234810223,0.5426418811349569,177.46031350251698
1557,467100,129.75,0.4516577879717132,0.4516577879717132,0.3244640764130919,0.5446648347465072,177.8770535082782
1558,467400,129.83333333333334,0.4608419850879478,0.4608419850879478,0.3276469897903689,0.5475308443209737,178.66865135951167
1559,467700,129.91666666666666,0.4644927713659996,0.4644927713659996,0.3300793807843692,0.5492177586831969,181.4616233367977
1560,468000,130.0,0.4287496547949306,0.4287496547949306,0.3284370397330434,0.549513533127756,182.2788851918557
1561,468300,130.08333333333334,0.4751058153126664,0.4751058153126664,0.3310248045727749,0.5509688134522844,181.9856878553892
1562,468600,130.16666666666666,0.4805502213947702,0.4805502213947702,0.3291201421244663,0.5500858323569945,182.3389192402897
1563,468900,130.25,0.4510024724887378,0.4510024724887378,0.3272766084376157,0.5475429851316278,181.6650056015024
1564,469200,130.33333333333334,0.4198852867239801,0.4198852867239801,0.324571774750161,0.546827341901808,180.5465532434237
1565,469500,130.41666666666666,0.4219437308334267,0.4219437308334267,0.3224036295440416,0.548335512572151,179.4421793761712
1566,469800,130.5,0.4344281897922406,0.4344281897922406,0.3227500388512118,0.5533270431152041,180.46543340571617
1567,470100,130.58333333333334,0.4269778296099688,0.4269778296099688,0.3226298396853778,0.5554844650308937,182.12389723345768
1568,470400,130.66666666666666,0.4547208121108027,0.4547208121108027,0.3272411198895087,0.5581352726982421,185.2040170290689
1569,470700,130.75,0.4809182270126921,0.4809182270126921,0.3307470264003879,0.557782890596241,187.8474735483913
1570,471000,130.83333333333334,0.4609898944418817,0.4609898944418817,0.3303422593046577,0.5563187467684338,188.0320193962065
1571,471300,130.91666666666666,0.4463116729087215,0.4463116729087215,0.3308242843079759,0.5556805382768717,188.18467686692125
1572,471600,131.0,0.3915005938929938,0.3915005938929938,0.3269713009595752,0.5555988107471191,186.188917733846
1573,471900,131.08333333333334,0.4436297381768094,0.4436297381768094,0.3270666188006483,0.5575007113913784,183.23932860244943
1574,472200,131.16666666666666,0.47729730688535,0.47729730688535,0.3283803838156156,0.5590560164387111,184.32966723093884
1575,472500,131.25,0.4332348557069548,0.4332348557069548,0.3248128976357239,0.5565569905465474,184.16821995171225
1576,472800,131.33333333333334,0.4447381755949157,0.4447381755949157,0.3257718155124544,0.5562673097224367,183.84888979235328
1577,473100,131.41666666666666,0.4635196570740894,0.4635196570740894,0.3279802849910925,0.5562771115319046,183.92463214888528
1578,473400,131.5,0.4816692731785711,0.4816692731785711,0.3293597680507916,0.5546483124348922,183.77689010930723
1579,473700,131.58333333333334,0.4848234351901432,0.4848234351901432,0.3309711718518016,0.5535831292260027,184.8220328941372
1580,474000,131.66666666666666,0.4701293551150391,0.4701293551150391,0.3307838312823645,0.5527527456512603,185.55582362440248
1581,474300,131.75,0.4699942267679831,0.4699942267679831,0.3319836445035235,0.5526524329580945,185.2757755898684
1582,474600,131.83333333333334,0.4695934776664878,0.4695934776664878,0.3310894451727574,0.55254324113864,185.24229912146453
1583,474900,131.91666666666666,0.4514605812868688,0.4514605812868688,0.3300722230906396,0.5519728362105247,186.0138122636375
1584,475200,132.0,0.442093964702531,0.442093964702531,0.3292938159226594,0.5524535225734643,186.9052591418702
1585,475500,132.08333333333334,0.4601377672171756,0.4601377672171756,0.327493843856616,0.5538112803241151,187.7153994501854
1586,475800,132.16666666666666,0.4637741606759104,0.4637741606759104,0.3265729441604912,0.5533134102117729,187.48251465435573
1587,476100,132.25,0.4657143180927915,0.4657143180927915,0.3274747400887514,0.5518774006969922,187.34961718738288
1588,476400,132.33333333333334,0.4667224860739714,0.4667224860739714,0.3273816214494883,0.5518969560674043,187.35610554306533
1589,476700,132.41666666666666,0.4593255989328587,0.4593255989328587,0.3276193764732105,0.5528892008761148,187.77517530495587
1590,477000,132.5,0.4691212705828946,0.4691212705828946,0.3275964155555166,0.5536496402749419,187.8180393438677
1591,477300,132.58333333333334,0.4659664830178151,0.4659664830178151,0.3274560289846503,0.5539856737698142,188.7885925966662
1592,477600,132.66666666666666,0.4683979354416222,0.4683979354416222,0.3274278638807708,0.5532475172352169,189.1467867711852
1593,477900,132.75,0.4819233082454567,0.4819233082454567,0.3292037155270845,0.5534841375717547,189.2432874143885
1594,478200,132.83333333333334,0.4779517827587739,0.4779517827587739,0.3306787600235072,0.5532136625794594,188.54117143296003
1595,478500,132.91666666666666,0.4712285413738179,0.4712285413738179,0.3311649841620415,0.552088829985282,187.36643120920075
1596,478800,133.0,0.4579140621261319,0.4579140621261319,0.3291865443252556,0.5509850460128497,186.46759553128643
1597,479100,133.08333333333334,0.4548631263196142,0.4548631263196142,0.3288004291692655,0.5503933883479281,185.4666195347774
1598,479400,133.16666666666666,0.4628177609274951,0.4628177609274951,0.3282606659889617,0.5486755505864717,184.864819688692
1599,479700,133.25,0.4540683971735954,0.4540683971735954,0.3279074903884066,0.5478984426775627,184.33611273098848
1600,480000,133.33333333333334,0.4104521755671683,0.4104521755671683,0.3252349426534902,0.5482197057143576,182.67688083317623
1601,480300,133.41666666666666,0.3801893281398238,0.3801893281398238,0.3206185118832684,0.5498352963615689,178.61470349997154
1602,480600,133.5,0.3589480318591402,0.3589480318591402,0.3169000434487417,0.5559707661975085,176.0700860342748
1603,480900,133.58333333333334,0.3419540329600403,0.3419540329600403,0.3155578534697707,0.5615899065625034,174.249688599306
1604,481200,133.66666666666666,0.3379702590368059,0.3379702590368059,0.3138530523585391,0.5686631355014004,172.00502298174644
1605,481500,133.75,0.3523200622665684,0.3523200622665684,0.3136858364388871,0.577384970654017,172.9354112532917
1606,481800,133.83333333333334,0.3600970487149439,0.3600970487149439,0.3167405443202198,0.5867092394821516,174.0137959007105
1607,482100,133.91666666666666,0.373663751580063,0.373663751580063,0.3196037179792908,0.5930482175065553,173.30371202032703
1608,482400,134.0,0.3834261747350349,0.3834261747350349,0.3238387443772842,0.5996890835395076,173.7822752677925
1609,482700,134.08333333333334,0.3648085015340777,0.3648085015340777,0.3178171799307958,0.6035766567627376,175.02238010827477
1610,483000,134.16666666666666,0.3461411574924945,0.3461411574924945,0.3116099094004239,0.608423698671928,175.0178217140719
1611,483300,134.25,0.3630917238871518,0.3630917238871518,0.3152147996441397,0.6124364251973112,175.1478031204148
1612,483600,134.33333333333334,0.3433853044463335,0.3433853044463335,0.3058987557160558,0.6156176536232592,175.18119017802556
1613,483900,134.41666666666666,0.3662022703347692,0.3662022703347692,0.309889691937154,0.6160955651200227,176.193194418439
1614,484200,134.5,0.3805202835877688,0.3805202835877688,0.3134581490482614,0.620235645180496,179.0608304396882
1615,484500,134.58333333333334,0.3741954781935659,0.3741954781935659,0.3086027780457378,0.6238994540196388,179.0955108572841
1616,484800,134.66666666666666,0.3956225751230692,0.3956225751230692,0.3134953835089071,0.6318360651930754,178.3423785154667
1617,485100,134.75,0.3934753973866739,0.3934753973866739,0.3142656421496572,0.6362247115120933,178.79858010921072
1618,485400,134.83333333333334,0.3796583193885333,0.3796583193885333,0.3091363418244056,0.6445568183991216,179.00289583686532
1619,485700,134.91666666666666,0.3925093177956784,0.3925093177956784,0.3135597377573066,0.6515136377971943,180.00822298596262
1620,486000,135.0,0.4059175975104753,0.4059175975104753,0.3195743123379118,0.6606630792601321,180.87106055917533
1621,486300,135.08333333333334,0.4141816219041587,0.4141816219041587,0.3180935931547619,0.6635166860894863,181.31615467555807
1622,486600,135.16666666666666,0.3872973988517213,0.3872973988517213,0.3075700824300251,0.6641103106007764,180.2002593641802
1623,486900,135.25,0.398492823879206,0.398492823879206,0.3018159854691003,0.64455513260493,173.10063050567257
1624,487200,135.33333333333334,0.4263549450152368,0.4263549450152368,0.322190447054482,0.6673859043103871,173.84782519971142
1625,487500,135.41666666666666,0.4702633031506779,0.4702633031506779,0.3133436379343443,0.5916496040958825,158.66045089767525
1626,487800,135.5,0.4987828767425742,0.4987828767425742,0.3363176504706253,0.6134717640981526,163.3534523354935
1627,488100,135.58333333333334,0.5057559455592766,0.5057559455592766,0.3556737046395647,0.6292691273977136,163.57320907397175
1628,488400,135.66666666666666,0.5394480023150187,0.5394480023150187,0.36960674851144,0.6297546571513769,164.08146698365263
1629,488700,135.75,0.5092256931021997,0.5092256931021997,0.3582757853190608,0.6302054151293822,163.68205387910464
1630,489000,135.83333333333334,0.5184654210416304,0.5184654210416304,0.3623144144346217,0.6289429263851245,161.30712779818418
1631,489300,135.91666666666666,0.4790993901135431,0.4790993901135431,0.354029967785123,0.6357234364330195,161.2728730869915
1632,489600,136.0,0.4826318192978954,0.4826318192978954,0.3481162353887983,0.6443515306326355,161.43936791323026
1633,489900,136.08333333333334,0.4992212721542959,0.4992212721542959,0.3591445440970555,0.646260767665893,161.5163182504946
1634,490200,136.16666666666666,0.4883877662946551,0.4883877662946551,0.352884501997723,0.6478555505326404,162.70969551338948
1635,490500,136.25,0.536312731972862,0.536312731972862,0.3645092048718735,0.6525046043291242,163.64200149717402
1636,490800,136.33333333333334,0.5018027022314216,0.5018027022314216,0.3520062637717164,0.6456215032847219,163.1958730750539
1637,491100,136.41666666666666,0.5201826325487295,0.5201826325487295,0.367300638892063,0.6524770209171111,162.76930370472405
1638,491400,136.5,0.5321923780329731,0.5321923780329731,0.3682081510003998,0.6428506352294564,162.22073378005103
1639,491700,136.58333333333334,0.527172141486401,0.527172141486401,0.3739337705809277,0.6479671053812684,162.33310137658174
1640,492000,136.66666666666666,0.5048315160551697,0.5048315160551697,0.3759199829652558,0.6439608211204984,161.70321570619382
1641,492300,136.75,0.5167142351771576,0.5167142351771576,0.3822428690988238,0.6456495806348963,161.26869977723703
1642,492600,136.83333333333334,0.4971618163478956,0.4971618163478956,0.3691173797705185,0.6375283622664114,160.22410948293847
1643,492900,136.91666666666666,0.498101534672229,0.498101534672229,0.3756593419605549,0.644070357372263,160.17430304984526
1644,493200,137.0,0.4854241023649938,0.4854241023649938,0.3738763564408618,0.6407605849822472,159.16301971457997
1645,493500,137.08333333333334,0.4927711958030019,0.4927711958030019,0.3733476601562251,0.6402205604515976,158.22011827881525
1646,493800,137.16666666666666,0.4685638544277332,0.4685638544277332,0.3583148652433925,0.6286413623046552,156.7826239643173
1647,494100,137.25,0.4690925661774557,0.4690925661774557,0.3710780839206165,0.635654868489849,158.2491112183229
1648,494400,137.33333333333334,0.4802656582229552,0.4802656582229552,0.3795597732770623,0.6447371348744743,159.54165756930482
1649,494700,137.41666666666666,0.4711315511590192,0.4711315511590192,0.3764497999062469,0.6507047659212039,160.82482399529428
1650,495000,137.5,0.4867554538153474,0.4867554538153474,0.3736170835070229,0.6502990171825419,161.3411717547828
1651,495300,137.58333333333334,0.4902170466503573,0.4902170466503573,0.3765409690802623,0.6527353064574873,161.8677056173385
1652,495600,137.66666666666666,0.4979063901686861,0.4979063901686861,0.3886300406030605,0.6521208336971477,161.27757359530634
1653,495900,137.75,0.4752721788438566,0.4752721788438566,0.3812476029744211,0.6499641749925293,161.51273502396148
1654,496200,137.83333333333334,0.4824558798468848,0.4824558798468848,0.3739183093819427,0.6488951879249373,160.50593398881506
1655,496500,137.91666666666666,0.4955069802641589,0.4955069802641589,0.3770995479183592,0.6484921374172027,160.878623322224
1656,496800,138.0,0.4894705270128826,0.4894705270128826,0.3699234696863528,0.6442767844720442,160.21671268471275
1657,497100,138.08333333333334,0.4915926348189664,0.4915926348189664,0.3703151009423113,0.6453118266022334,160.05943713055282
1658,497400,138.16666666666666,0.497387215514826,0.497387215514826,0.363477328642633,0.6355370002727186,160.63539023359954
1659,497700,138.25,0.5090615145184229,0.5090615145184229,0.3621585666587394,0.6348578943003733,158.28141121404664
1660,498000,138.33333333333334,0.5042739985178131,0.5042739985178131,0.3630886556221926,0.6351807495623272,159.58229690458387
1661,498300,138.41666666666666,0.4978171013675264,0.4978171013675264,0.3517294992062637,0.6292315667077808,158.62900333350595
1662,498600,138.5,0.5076557079514583,0.5076557079514583,0.3608099682582749,0.6361184844598294,160.51793136626304
1663,498900,138.58333333333334,0.4984395922084653,0.4984395922084653,0.3524098525726418,0.6343133888969801,162.20419655731408
1664,499200,138.66666666666666,0.5197843157252575,0.5197843157252575,0.3507337340424437,0.6362967801867205,163.6556126673319
1665,499500,138.75,0.5151301675948908,0.5151301675948908,0.3422464714662941,0.6350836341859468,164.2002774260544
1666,499800,138.83333333333334,0.5262965793421546,0.5262965793421546,0.3479007539848983,0.6444344811896594,165.9192051905964
1667,500100,138.91666666666666,0.5231460033756493,0.5231460033756493,0.345144995347713,0.6453692272166107,164.97108402697583
1668,500400,139.0,0.514513499659253,0.514513499659253,0.3492844817115031,0.6482070955803756,165.19923823992255
1669,500700,139.08333333333334,0.4878005957215775,0.4878005957215775,0.3431799786846812,0.645631977019274,165.37605123168126
1670,501000,139.16666666666666,0.4927596214171904,0.4927596214171904,0.3347157328854398,0.6484917633706526,164.7110443696501
1671,501300,139.25,0.5176387700740662,0.5176387700740662,0.3498827695579839,0.6430126981794381,165.398968526818
1672,501600,139.33333333333334,0.4977376241110772,0.4977376241110772,0.3454713834019453,0.6369959393728926,165.47531946191037
1673,501900,139.41666666666666,0.4981981395390169,0.4981981395390169,0.3613760255569602,0.6459699323901269,166.7707320819573
1674,502200,139.5,0.4733184861782837,0.4733184861782837,0.3566282649230793,0.6430316290947041,166.09654982712723
1675,502500,139.58333333333334,0.4931906915586491,0.4931906915586491,0.3667576575179793,0.6426166651414076,166.23293814837896
1676,502800,139.66666666666666,0.4795262107088833,0.4795262107088833,0.3676783224419646,0.6409272170052259,165.82377939400178
1677,503100,139.75,0.5006344823538647,0.5006344823538647,0.3740576186185915,0.6415335081029878,166.7234700531249
1678,503400,139.83333333333334,0.4594105030597016,0.4594105030597016,0.3653189936930226,0.6418177190139721,166.7713602320306
1679,503700,139.91666666666666,0.4539335664297673,0.4539335664297673,0.3617621277176753,0.6416167831653707,166.64186723188652
1680,504000,140.0,0.4618684132247095,0.4618684132247095,0.3522859385151832,0.6385336771137476,165.6589143777645
1681,504300,140.08333333333334,0.5052805088572636,0.5052805088572636,0.3667558135178979,0.642290825469249,166.3377751821927
1682,504600,140.16666666666666,0.5083661794977807,0.5083661794977807,0.362957941987335,0.6426508599131013,166.43760114002757
1683,504900,140.25,0.5260678145154128,0.5260678145154128,0.3697744612535589,0.6442474559929146,166.7183464046727
1684,505200,140.33333333333334,0.5053739205225641,0.5053739205225641,0.3689613955493182,0.6446912848751742,165.95831800868703
1685,505500,140.41666666666666,0.5153327166730978,0.5153327166730978,0.3749579870082346,0.6475963185059103,166.60465433019075
1686,505800,140.5,0.4865081295728586,0.4865081295728586,0.3610058683067277,0.6488317134371613,166.62932359204007
1687,506100,140.58333333333334,0.482911242298269,0.482911242298269,0.3708262863453997,0.6541725584033652,165.65323167219003
1688,506400,140.66666666666666,0.488272745280805,0.488272745280805,0.3748625142960957,0.6516914976631011,164.99998466358244
1689,506700,140.75,0.4900846187512045,0.4900846187512045,0.3732685722308407,0.6477616661626446,165.00482162641768
1690,507000,140.83333333333334,0.4788995799597642,0.4788995799597642,0.3658229883323662,0.6455524649873526,164.61801109140683
1691,507300,140.91666666666666,0.4946349506469307,0.4946349506469307,0.3733364496699329,0.6462022926405776,163.78447885790595
1692,507600,141.0,0.4851567924580175,0.4851567924580175,0.3664375627462629,0.6448117229404261,164.53906048865545
1693,507900,141.08333333333334,0.4689895916906295,0.4689895916906295,0.352249140853377,0.6376736266151195,161.54780064287212
1694,508200,141.16666666666666,0.4861519522411888,0.4861519522411888,0.3668523752182642,0.6363083582620733,162.74150442660104
1695,508500,141.25,0.474772350716602,0.474772350716602,0.3726126000307881,0.6339638816201264,163.41634059632696
1696,508800,141.33333333333334,0.4736278739160293,0.4736278739160293,0.3792495224175921,0.6380284775992245,164.3357230352643
1697,509100,141.41666666666666,0.4782939526470829,0.4782939526470829,0.3764588655871743,0.6385861375066623,165.32819813890845
1698,509400,141.5,0.492999882075591,0.492999882075591,0.3771072488918999,0.6374265454367147,165.38614532070315
1699,509700,141.58333333333334,0.4940964395446648,0.4940964395446648,0.3796150872977435,0.6370951083464291,165.5367032215265
1700,510000,141.66666666666666,0.4907670093790058,0.4907670093790058,0.3760857938968591,0.6357893007956132,165.4256410435631
1701,510300,141.75,0.4975084986033217,0.4975084986033217,0.3784270473688103,0.6368607830933407,164.47361470241745
1702,510600,141.83333333333334,0.4968677926492429,0.4968677926492429,0.3741327572285688,0.6096455020286132,162.5190899965699
1703,510900,141.91666666666666,0.4980487925281391,0.4980487925281391,0.3721887096588459,0.6116717798966521,162.54649963689175
1704,511200,142.0,0.5086594345342502,0.5086594345342502,0.3712647436013401,0.6114247956023383,161.45569337086692
1705,511500,142.08333333333334,0.5247048594787784,0.5247048594787784,0.3800383782474049,0.6114577206715968,162.32750580194747
1706,511800,142.16666666666666,0.5192277362897573,0.5192277362897573,0.3699163541787042,0.60837431449382,162.2618824556077
1707,512100,142.25,0.5233013771471363,0.5233013771471363,0.3711017028448699,0.6080629250633885,162.32676467803012
1708,512400,142.33333333333334,0.5119861365818997,0.5119861365818997,0.3609555700340124,0.6029190871714601,162.89980663461958
1709,512700,142.41666666666666,0.5093316761376357,0.5093316761376357,0.3615077186360327,0.6089905654195257,164.12246997182925
1710,513000,142.5,0.5081018137224058,0.5081018137224058,0.3619103808866465,0.6148137581838024,166.2301289174442
1711,513300,142.58333333333334,0.497200449776387,0.497200449776387,0.3542447591419375,0.6145844682536006,166.98850627504962
1712,513600,142.66666666666666,0.4908312481917528,0.4908312481917528,0.3429225735453463,0.6130757470026678,167.15028552723933
1713,513900,142.75,0.5015276230255667,0.5015276230255667,0.3393007234992167,0.6060636280439611,166.99635483218364
1714,514200,142.83333333333334,0.4930171387657394,0.4930171387657394,0.3229368390198212,0.5962125302088328,168.79850230596244
1715,514500,142.91666666666666,0.5003084552422516,0.5003084552422516,0.3271041200926485,0.598660973274488,172.27876541749575
1716,514800,143.0,0.4792076041668421,0.4792076041668421,0.312207677024305,0.5974334304480958,171.51801011672282
1717,515100,143.08333333333334,0.4812471102728214,0.4812471102728214,0.312822652122329,0.5910924330630881,172.0503675832693
1718,515400,143.16666666666666,0.4690387541685645,0.4690387541685645,0.3066495489298815,0.5774002608244988,169.4814915880768
1719,515700,143.25,0.4777670113114771,0.4777670113114771,0.3023474800813324,0.572520676698458,170.66427228824338
1720,516000,143.33333333333334,0.4747366529616506,0.4747366529616506,0.3043415330510184,0.5676097900889995,173.23510608615652
1721,516300,143.41666666666666,0.4980134498687684,0.4980134498687684,0.3121784821495006,0.5717364166005411,177.89180616300055
1722,516600,143.5,0.5055672591375086,0.5055672591375086,0.3158138865945631,0.5825121957038867,178.0932416960879
1723,516900,143.58333333333334,0.5014233458306303,0.5014233458306303,0.3068616616578103,0.5717651691347599,176.53022381062877
1724,517200,143.66666666666666,0.4885836126309886,0.4885836126309886,0.3049597059392726,0.5681904323846498,178.30233068665444
1725,517500,143.75,0.4949706331501157,0.4949706331501157,0.3115751722963844,0.575889906844474,179.45338342888658
1726,517800,143.83333333333334,0.483788063264042,0.483788063264042,0.3058282717096449,0.5711952057148308,178.58447580463292
1727,518100,143.91666666666666,0.4864419257751036,0.4864419257751036,0.3085695476196746,0.5825846609177422,177.59452250557752
1728,518400,144.0,0.4912113683541814,0.4912113683541814,0.3004096466985482,0.5729682857628555,177.6117694862032
1729,518700,144.08333333333334,0.514726887658638,0.514726887658638,0.3245000163508079,0.5817263775680397,174.6346779731539
1730,519000,144.16666666666666,0.5009392549972939,0.5009392549972939,0.3225823797272672,0.580095582950209,173.78503820028135
1731,519300,144.25,0.5054278612694312,0.5054278612694312,0.3258461132516842,0.5787579579191898,172.9599467649143
1732,519600,144.33333333333334,0.4911309127885156,0.4911309127885156,0.3217478582529521,0.5791273501830371,172.43493137085954
1733,519900,144.41666666666666,0.4951920056822729,0.4951920056822729,0.3167764887144066,0.5660078022155863,171.53754098319874
1734,520200,144.5,0.4892772127915177,0.4892772127915177,0.3160356555323668,0.5768068845129406,170.74700831915942
1735,520500,144.58333333333334,0.4841645785740451,0.4841645785740451,0.3173778662229058,0.5724477110972983,170.87551081409703
1736,520800,144.66666666666666,0.4815869381747043,0.4815869381747043,0.3199359812985541,0.5804263929651161,170.7156850980035
1737,521100,144.75,0.4901230290909061,0.4901230290909061,0.3243094798596437,0.5710739312854513,168.38846765814995
1738,521400,144.83333333333334,0.4906645419151795,0.4906645419151795,0.3201593803196431,0.5708607203592146,167.7180118419652
1739,521700,144.91666666666666,0.5002549347178151,0.5002549347178151,0.3232768628034843,0.5714191205497405,167.8781822913583
1740,522000,145.0,0.494943096482657,0.494943096482657,0.3166883066417724,0.566674204667409,168.77643892444306
1741,522300,145.08333333333334,0.5052528979150217,0.5052528979150217,0.3221021199945775,0.5787423934246687,171.71357653891732
1742,522600,145.16666666666666,0.4864962027090119,0.4864962027090119,0.315481532166345,0.5752229086813209,174.15326557369104
1743,522900,145.25,0.4702481466657126,0.4702481466657126,0.3106563339605522,0.577536776763323,175.21983102569658
1744,523200,145.33333333333334,0.4985106182292227,0.4985106182292227,0.3200674917639755,0.5756753899217619,172.9728585803041
1745,523500,145.41666666666666,0.5018459699716403,0.5018459699716403,0.3151598704391765,0.5752675978542936,171.69998271825784
1746,523800,145.5,0.5054678981853119,0.5054678981853119,0.3145661564334527,0.5730686223596572,173.11107220778698
1747,524100,145.58333333333334,0.4975153063749012,0.4975153063749012,0.3169934484316872,0.5785889783994341,171.85645501078957
1748,524400,145.66666666666666,0.5019488815805337,0.5019488815805337,0.3143235864514267,0.5725685297358668,174.21408268994657
1749,524700,145.75,0.4954129558137226,0.4954129558137226,0.3098285764398262,0.5636874325766498,173.82202380691712
1750,525000,145.83333333333334,0.4930766907761631,0.4930766907761631,0.3108134147125395,0.5594581742195097,172.2282117900607
1751,525300,145.91666666666666,0.5060490801159699,0.5060490801159699,0.3220919695415095,0.5655557942358935,172.1787852334078
1752,525600,146.0,0.4866087506927389,0.4866087506927389,0.3165630440575347,0.5612589557634545,171.8804972265888
1753,525900,146.08333333333334,0.4883031994301193,0.4883031994301193,0.3213378052080254,0.5683301851830087,171.43440994723167
1754,526200,146.16666666666666,0.5005266490093054,0.5005266490093054,0.3232097391285883,0.571369531434611,168.60830698887577
1755,526500,146.25,0.4781531597891083,0.4781531597891083,0.3155841006913005,0.5715623359622063,166.44901959046294
1756,526800,146.33333333333334,0.4786948038765394,0.4786948038765394,0.3172869358737009,0.5752172223051999,167.02729802756662
1757,527100,146.41666666666666,0.4729907165147611,0.4729907165147611,0.322494743971004,0.5809618429219797,167.01009699824573
1758,527400,146.5,0.4202762458620684,0.4202762458620684,0.311787472063843,0.5494168021021779,160.63221324718376
1759,527700,146.58333333333334,0.4271095933237833,0.4271095933237833,0.3203136485370522,0.5641231225821286,162.41196314933944
1760,528000,146.66666666666666,0.418768733609632,0.418768733609632,0.3216015781138606,0.5670432056938304,164.34759368824936
1761,528300,146.75,0.4337819097197381,0.4337819097197381,0.3270530314019583,0.5719597605885636,165.86067284445963
1762,528600,146.83333333333334,0.438430945660042,0.438430945660042,0.3271032092047911,0.5702572297274576,163.49783605751765
1763,528900,146.91666666666666,0.4441856519962706,0.4441856519962706,0.3268459682542137,0.5703760464986175,163.70714342918023
1764,529200,147.0,0.4446174008533352,0.4446174008533352,0.3278410325249919,0.5721508150709101,163.30409793831635
1765,529500,147.08333333333334,0.435961829980294,0.435961829980294,0.32406627253992,0.5598693303253033,153.69594976623503
1766,529800,147.16666666666666,0.4343224558971709,0.4343224558971709,0.3267429713939369,0.5597540861414206,155.1869553189996
1767,530100,147.25,0.4259933095208909,0.4259933095208909,0.3278614647356492,0.5599694520368278,155.09212888038056
1768,530400,147.33333333333334,0.4437461821247879,0.4437461821247879,0.3314597410701774,0.5605531049358474,156.56653386080606
1769,530700,147.41666666666666,0.4348178823025955,0.4348178823025955,0.3307427954022182,0.5591265778104106,157.37108239307636
1770,531000,147.5,0.4333007906094369,0.4333007906094369,0.3289289256488013,0.558322826561061,157.05535638475035
1771,531300,147.58333333333334,0.429707589750668,0.429707589750668,0.3294796396728497,0.5589149385572612,157.22025299634487
1772,531600,147.66666666666666,0.4321105052958843,0.4321105052958843,0.3296302446065409,0.5586451613191004,156.77090146832026
1773,531900,147.75,0.4440328799723993,0.4440328799723993,0.3312808749444217,0.5586067043344733,155.9779825856122
1774,532200,147.83333333333334,0.4372117728636738,0.4372117728636738,0.3298128100731957,0.5567322173577803,155.60457686986874
1775,532500,147.91666666666666,0.4081128824537057,0.4081128824537057,0.3301907508947742,0.5563539266101928,155.92675760080476
1776,532800,148.0,0.4042943341612863,0.4042943341612863,0.3292724705478701,0.5559288685227811,155.5678867572964
1777,533100,148.08333333333334,0.3869420121043818,0.3869420121043818,0.327820611632259,0.5566071028100452,155.70963538516435
1778,533400,148.16666666666666,0.390552901524082,0.390552901524082,0.3284508201221651,0.5592353319499254,155.96398343076652
1779,533700,148.25,0.396284389699316,0.396284389699316,0.327356861989987,0.5584096779707548,156.51263121486835
1780,534000,148.33333333333334,0.3966519901159765,0.3966519901159765,0.3267870880440097,0.5592907175329357,156.96490792703463
1781,534300,148.41666666666666,0.4237107821679465,0.4237107821679465,0.3270736484841537,0.5620877560113806,157.46346461007948
1782,534600,148.5,0.4756195747229763,0.4756195747229763,0.3276726348301752,0.5641306936438066,161.8792360629664
1783,534900,148.58333333333334,0.4854563503116181,0.4854563503116181,0.3336213949091683,0.5658435773088915,167.23484814798044
1784,535200,148.66666666666666,0.4806548960444845,0.4806548960444845,0.3359856943705301,0.5629628209945661,169.50298062796637
1785,535500,148.75,0.4787698464528314,0.4787698464528314,0.3362412332543701,0.5601833430133053,169.48084746859524
1786,535800,148.83333333333334,0.468221983805926,0.468221983805926,0.3362717052902335,0.5574506631931397,168.38617607208334
1787,536100,148.91666666666666,0.4743474124590198,0.4743474124590198,0.3346059511570587,0.5556377887289754,167.53006396356264
1788,536400,149.0,0.4829085226672379,0.4829085226672379,0.3281044324788242,0.5498229854294183,166.070436679291
1789,536700,149.08333333333334,0.4680748846385308,0.4680748846385308,0.3302326857492511,0.5500081898344561,167.2501414188999
1790,537000,149.16666666666666,0.4751219334114323,0.4751219334114323,0.330218583227281,0.5507730365175093,168.53777396687104
1791,537300,149.25,0.4745858587231492,0.4745858587231492,0.3321638810996878,0.5508674550243051,169.91899456160402
1792,537600,149.33333333333334,0.480194913441873,0.480194913441873,0.3339882709311617,0.5504457948168587,170.49632701022978
1793,537900,149.41666666666666,0.4885221952974746,0.4885221952974746,0.3344704051947784,0.5491996771533965,170.08732112541963
1794,538200,149.5,0.479828027899109,0.479828027899109,0.3337786170764849,0.5481151976664415,169.88713835526377
1795,538500,149.58333333333334,0.4791072629697309,0.4791072629697309,0.333947423730805,0.5483490553967468,170.04047485838967
1796,538800,149.66666666666666,0.4811523357825196,0.4811523357825196,0.3341399034914381,0.5477431394521013,170.45394040335705
1797,539100,149.75,0.476439022824047,0.476439022824047,0.3332752949823209,0.5473935742688384,170.15764320732666
1798,539400,149.83333333333334,0.4752364460560995,0.4752364460560995,0.3324896524272104,0.5477879222106474,170.29709892321085
1799,539700,149.91666666666666,0.4685787927259741,0.4685787927259741,0.3319300490326308,0.5493284921354314,171.5907884706077
1800,540000,150.0,0.4719351384561954,0.4719351384561954,0.331094116248158,0.549203527617084,172.50926122971035
1801,540300,150.08333333333334,0.4715628253212912,0.4715628253212912,0.3360125535580559,0.550190299152661,173.43878774369014
1802,540600,150.16666666666666,0.4729581431757041,0.4729581431757041,0.3346751191359657,0.5487990774839826,173.14997042394802
1803,540900,150.25,0.4839235015301358,0.4839235015301358,0.3328506257195652,0.5487209599693873,172.4125036667694
1804,541200,150.33333333333334,0.4852610025178012,0.4852610025178012,0.3328751026341686,0.5495531912194211,172.4792280459655
1805,541500,150.41666666666666,0.479444355811936,0.479444355811936,0.3333938890504662,0.5491686766197282,171.70003924247635
1806,541800,150.5,0.4822957296592515,0.4822957296592515,0.332108454958313,0.5484322336157322,170.87679098942218
1807,542100,150.58333333333334,0.4871869860376985,0.4871869860376985,0.332622374704943,0.5495175329349744,170.82363464987904
1808,542400,150.66666666666666,0.4748413425836051,0.4748413425836051,0.3318468846961647,0.5501494772661818,170.8455317034774
1809,542700,150.75,0.4769269255118644,0.4769269255118644,0.3320622775612816,0.5496928916714069,171.19965275361264
1810,543000,150.83333333333334,0.4861737153394439,0.4861737153394439,0.3339895010963682,0.5513556875833671,171.19099463961226
1811,543300,150.91666666666666,0.4860520519829454,0.4860520519829454,0.3334966465555254,0.5518445901768002,171.28367752035686
1812,543600,151.0,0.4721286210120402,0.4721286210120402,0.3325304813536169,0.5516800961826817,171.6805527146221
1813,543900,151.08333333333334,0.4727761288576791,0.4727761288576791,0.3319857028944917,0.5521593262475355,170.95640713491258
1814,544200,151.16666666666666,0.4744325629871709,0.4744325629871709,0.3313991450313818,0.5510419579304197,170.04787337211843
1815,544500,151.25,0.463278185374077,0.463278185374077,0.3304307914754039,0.5508495018603823,170.04643002043488
1816,544800,151.33333333333334,0.4614802353557964,0.4614802353557964,0.3290866062278264,0.548934992336931,168.3884903706539
1817,545100,151.41666666666666,0.491902955108165,0.491902955108165,0.3321797876344469,0.551009252319059,169.9328838332804
1818,545400,151.5,0.4896207379776127,0.4896207379776127,0.3323022625826114,0.5510900381487112,171.2952296798719
1819,545700,151.58333333333334,0.4909681286837035,0.4909681286837035,0.3314839985953352,0.5493575882843789,171.19685952954745
1820,546000,151.66666666666666,0.4899670776340817,0.4899670776340817,0.3301289127884842,0.5485236283225393,170.38231862047047
1821,546300,151.75,0.4944085042781233,0.4944085042781233,0.3325398595862694,0.5484600098177725,170.56466936357697
1822,546600,151.83333333333334,0.4881170670086375,0.4881170670086375,0.3340325631458147,0.5492153432499441,170.14704731194956
1823,546900,151.91666666666666,0.4928250486429759,0.4928250486429759,0.3333544256824896,0.5494582202009688,170.6908446429844
1824,547200,152.0,0.4877059587951741,0.4877059587951741,0.3352919749928482,0.5504487102737057,171.59177078669865
1825,547500,152.08333333333334,0.4916733100645252,0.4916733100645252,0.3349815003935188,0.5510573369210678,172.0814305151967
1826,547800,152.16666666666666,0.4947708555202756,0.4947708555202756,0.3349631788624242,0.5507211536880889,172.01587755960398
1827,548100,152.25,0.4927460085973643,0.4927460085973643,0.3333491466631194,0.5485331212600533,169.75695974952535
1828,548400,152.33333333333334,0.4867811436718105,0.4867811436718105,0.329522709888197,0.5463623780410913,169.25033189791856
1829,548700,152.41666666666666,0.4793583492557215,0.4793583492557215,0.3288995620982027,0.5472435761623102,169.39576242638103
1830,549000,152.5,0.4743561980853573,0.4743561980853573,0.3283349485929807,0.5479165160327403,169.87796202000897
1831,549300,152.58333333333334,0.4773690918244934,0.4773690918244934,0.3301898685926245,0.5496351651503376,171.53327143763022
1832,549600,152.66666666666666,0.4863250868965846,0.4863250868965846,0.332490519340722,0.5511593617921637,173.5654793992986
1833,549900,152.75,0.4808888816406875,0.4808888816406875,0.3331635608184427,0.5517185408199355,174.14445795814154
1834,550200,152.83333333333334,0.4776543121555058,0.4776543121555058,0.3324874661930264,0.5509540363578164,174.0573580097264
1835,550500,152.91666666666666,0.476684714197483,0.476684714197483,0.3323600273783873,0.5500612557540349,172.3292641252341
1836,550800,153.0,0.4764852895113314,0.4764852895113314,0.3312317707728384,0.5500519928850262,171.33557057945325
1837,551100,153.08333333333334,0.477566278472763,0.477566278472763,0.332099384688633,0.5513608050942538,170.6984216954536
1838,551400,153.16666666666666,0.4724155578783877,0.4724155578783877,0.3307373800199215,0.5483898564511327,169.3395831981553
1839,551700,153.25,0.4759360280463366,0.4759360280463366,0.3328181286168298,0.5491847930884937,168.8965777370831
1840,552000,153.33333333333334,0.4756000915040386,0.4756000915040386,0.3333338382634479,0.548449908079251,168.3888060461373
1841,552300,153.41666666666666,0.4778124563136862,0.4778124563136862,0.3327283194958726,0.5475408689069495,167.26982374178385
1842,552600,153.5,0.4736795618419402,0.4736795618419402,0.3338502408480295,0.547661522549407,166.46993796302164
1843,552900,153.58333333333334,0.4722302640217033,0.4722302640217033,0.3327489233036369,0.5481654226561622,166.01459028167076
1844,553200,153.66666666666666,0.4692386220350555,0.4692386220350555,0.331328614077482,0.548825497472531,166.5703640543644
1845,553500,153.75,0.4650936729060235,0.4650936729060235,0.3308600541340619,0.549906819792081,167.5527162212968
1846,553800,153.83333333333334,0.4662384284619299,0.4662384284619299,0.3313713082460197,0.5498182871557036,168.81081906403
1847,554100,153.91666666666666,0.4636463930783373,0.4636463930783373,0.3312919789741823,0.5513038048422165,170.48462949362957
1848,554400,154.0,0.4561055905944113,0.4561055905944113,0.3295486656494821,0.5522849421992165,171.9844901122277
1849,554700,154.08333333333334,0.4292747451748067,0.4292747451748067,0.3267396907080414,0.5551533338957075,173.21748903475475
1850,555000,154.16666666666666,0.4644241060307613,0.4644241060307613,0.3255310504036431,0.5573950903673079,172.81441188165778
1851,555300,154.25,0.4795196924996489,0.4795196924996489,0.3266893267110009,0.5594048741172108,175.01260663311356
1852,555600,154.33333333333334,0.4697698161133328,0.4697698161133328,0.3282195527135324,0.5606820156383088,176.52459878445956
1853,555900,154.41666666666666,0.4709654123024431,0.4709654123024431,0.32772993054599,0.560712594752222,176.62025452817838
1854,556200,154.5,0.4644080074468981,0.4644080074468981,0.3276710401628343,0.5608660753122651,176.62658867581618
1855,556500,154.58333333333334,0.4573713869189919,0.4573713869189919,0.327355119874009,0.5616028738167388,176.68338032137896
1856,556800,154.66666666666666,0.4582512210143246,0.4582512210143246,0.3259358856663706,0.5622527165471605,177.00789915606242
1857,557100,154.75,0.4636752013756645,0.4636752013756645,0.3274809456725153,0.5638782122544506,177.53498053467888
1858,557400,154.83333333333334,0.4606790278743911,0.4606790278743911,0.3273854214448348,0.5633139584583704,178.60107145529622
1859,557700,154.91666666666666,0.4561834240260436,0.4561834240260436,0.3282876635068262,0.5642242183303112,179.77874714178577
1860,558000,155.0,0.4581539829208385,0.4581539829208385,0.329993646465377,0.5638197464794554,179.62107853065956
1861,558300,155.08333333333334,0.4470651021817826,0.4470651021817826,0.3294399222707361,0.5628492987252832,179.7100117124388
1862,558600,155.16666666666666,0.453969746285668,0.453969746285668,0.327581070326402,0.5616109452395489,179.57801761313425
1863,558900,155.25,0.4579547020502716,0.4579547020502716,0.3275678385622657,0.5626983144730419,180.15211491924583
1864,559200,155.33333333333334,0.4616498581390531,0.4616498581390531,0.3276479054564487,0.5635285238768538,180.6531438381067
1865,559500,155.41666666666666,0.460907534738039,0.460907534738039,0.3291375915007312,0.5641224754426613,180.62267504015355
1866,559800,155.5,0.4234310653663239,0.4234310653663239,0.3241660275270106,0.5611354433022839,179.11425231041335
1867,560100,155.58333333333334,0.45038232804315,0.45038232804315,0.3240494335615823,0.5634505096972672,179.44812713748084
1868,560400,155.66666666666666,0.4534451549163498,0.4534451549163498,0.3202811002125285,0.5600589608685517,178.24547315935524
1869,560700,155.75,0.4563164389682311,0.4563164389682311,0.3235950940071369,0.5644141733313218,180.85418398574348
1870,561000,155.83333333333334,0.46603751754373,0.46603751754373,0.3274913963263612,0.5669899401625959,183.0126703832493
1871,561300,155.91666666666666,0.4728173649464907,0.4728173649464907,0.3299492486256567,0.5676857838118518,183.60081856373048
1872,561600,156.0,0.4748203594284134,0.4748203594284134,0.3306333739369185,0.5675598818431375,182.57616885194167
1873,561900,156.08333333333334,0.4443367513356778,0.4443367513356778,0.3325793344113732,0.566682845690234,179.38991149767685
1874,562200,156.16666666666666,0.4410081265939304,0.4410081265939304,0.3275933562770275,0.5611526894610601,176.54611831551296
1875,562500,156.25,0.4543533538545277,0.4543533538545277,0.3245319819726767,0.5588658267655998,173.3921801732203
1876,562800,156.33333333333334,0.4523782186004815,0.4523782186004815,0.3249225150916917,0.5629293413064276,176.42581240265983
1877,563100,156.41666666666666,0.4456729880187172,0.4456729880187172,0.3230258087581841,0.5666453429305228,177.47318455082635
1878,563400,156.5,0.4521900865470439,0.4521900865470439,0.3267541298723256,0.5682889760904183,177.2972407783896
1879,563700,156.58333333333334,0.438172165357105,0.438172165357105,0.3276219001705593,0.5694182403988234,178.91624460742975
1880,564000,156.66666666666666,0.425994452273972,0.425994452273972,0.3276819783172732,0.5702125147360918,179.15361558208437
1881,564300,156.75,0.457192709534436,0.457192709534436,0.3281641855904096,0.5725470382426672,178.36732176453168
1882,564600,156.83333333333334,0.4764580331926103,0.4764580331926103,0.3298917102794334,0.5718429533233219,180.0562504011658
1883,564900,156.91666666666666,0.4775313754834013,0.4775313754834013,0.3318621254491123,0.5712736818703358,183.05479849997863
1884,565200,157.0,0.4773274422467879,0.4773274422467879,0.3343108198912379,0.5710552870693784,184.43184333745387
1885,565500,157.08333333333334,0.4680318102980143,0.4680318102980143,0.3317262883880844,0.5616968947760564,181.23972995620773
1886,565800,157.16666666666666,0.4627104095474502,0.4627104095474502,0.3289810303812644,0.5590315164741558,178.72861263767751
1887,566100,157.25,0.4431134311041282,0.4431134311041282,0.3262078887180555,0.5594390145737141,177.69916004843046
1888,566400,157.33333333333334,0.4060165396932542,0.4060165396932542,0.3219440602388208,0.5614351929961681,176.52180061390516
1889,566700,157.41666666666666,0.3619773636974014,0.3619773636974014,0.3187649491820082,0.5680808972492657,173.87009603910323
1890,567000,157.5,0.3442833057992445,0.3442833057992445,0.3140167550952337,0.5718705896517492,169.00412637447295
1891,567300,157.58333333333334,0.3436795092230649,0.3436795092230649,0.3155116454634092,0.576277489966866,165.7179195575415
1892,567600,157.66666666666666,0.3457871707500337,0.3457871707500337,0.3120516618157516,0.5831558121424364,167.9656571383921
1893,567900,157.75,0.3325742318244178,0.3325742318244178,0.3138219713679768,0.5906747543685691,169.03128337490529
1894,568200,157.83333333333334,0.3482369438912211,0.3482369438912211,0.3079189364535585,0.5997220361784243,172.95137467132605
1895,568500,157.91666666666666,0.3510518165194259,0.3510518165194259,0.3061076705960541,0.609283885796767,174.37227703308403
1896,568800,158.0,0.3706740778241512,0.3706740778241512,0.3119849318782973,0.6195848104755663,175.24167253833633
1897,569100,158.08333333333334,0.3744778797477394,0.3744778797477394,0.31296054634517,0.6206274182892253,176.46992000755566
1898,569400,158.16666666666666,0.4004778235526446,0.4004778235526446,0.3187924126723407,0.6297309682309585,177.5899116867221
1899,569700,158.25,0.4024916504868153,0.4024916504868153,0.3302267160885946,0.6344333590501178,176.60415112264985
1900,570000,158.33333333333334,0.4078866047124677,0.4078866047124677,0.3338510331976634,0.6336250008455555,174.83658623723625
1901,570300,158.41666666666666,0.4119181032526831,0.4119181032526831,0.340593735223525,0.6362661017987765,173.77646371228764
1902,570600,158.5,0.4051503670705235,0.4051503670705235,0.3352251926443821,0.6395832571182474,173.44923857791454
1903,570900,158.58333333333334,0.4156595660012251,0.4156595660012251,0.3412768961017137,0.6461905947348237,173.60691808987
1904,571200,158.66666666666666,0.4357810097043229,0.4357810097043229,0.342012428762274,0.6493673578613708,174.5596366519045
1905,571500,158.75,0.4322214190578888,0.4322214190578888,0.3364566200484393,0.6522733497154227,175.21358943023714
1906,571800,158.83333333333334,0.45826430066711,0.45826430066711,0.3464581784119969,0.6541945555191692,175.7629243807379
1907,572100,158.91666666666666,0.4756983549993648,0.4756983549993648,0.3137239186607398,0.6138140991125596,167.2004677920021
1908,572400,159.0,0.4784391107223656,0.4784391107223656,0.3285202661956118,0.5863611837312986,158.1102516811903
1909,572700,159.08333333333334,0.4627771393075109,0.4627771393075109,0.3182448846387166,0.5890852007255625,162.7742991005459
1910,573000,159.16666666666666,0.4752688638797725,0.4752688638797725,0.3268794735959934,0.6030878377470089,164.58221424119665
1911,573300,159.25,0.4799950777562874,0.4799950777562874,0.3217328365883078,0.6157236599747626,166.16563204007417
1912,573600,159.33333333333334,0.4918247894245209,0.4918247894245209,0.3228436510475371,0.6121761338897259,166.01148308030133
1913,573900,159.41666666666666,0.4933195934646743,0.4933195934646743,0.3236876598976159,0.6209079884420795,165.03650403459233
1914,574200,159.5,0.492489049588597,0.492489049588597,0.3278685127107024,0.6361711089963775,166.63680403177727
1915,574500,159.58333333333334,0.4895367618980936,0.4895367618980936,0.3262705205961783,0.6336231736992326,168.0080757812908
1916,574800,159.66666666666666,0.5025759382431219,0.5025759382431219,0.3277431574549619,0.6381648087033545,169.3289442202817
1917,575100,159.75,0.5032639626665161,0.5032639626665161,0.3257193923287506,0.6353680281448971,171.5459449366098
1918,575400,159.83333333333334,0.5113010642196788,0.5113010642196788,0.3257241509036385,0.6435112563258177,176.1075233416662
1919,575700,159.91666666666666,0.534916661465311,0.534916661465311,0.3290198774288311,0.6337838745621521,176.99739613404677
1920,576000,160.0,0.5245644802069083,0.5245644802069083,0.3269818531076338,0.6270372946871181,178.4645058201838
1921,576300,160.08333333333334,0.5009178661349558,0.5009178661349558,0.3238665006139398,0.6305032093608373,178.75958460458156
1922,576600,160.16666666666666,0.5074320320582577,0.5074320320582577,0.3291010504529376,0.6253160011293056,176.73755007542994
1923,576900,160.25,0.5176631110942364,0.5176631110942364,0.3377119023377509,0.6229200562104164,174.55710718104834
1924,577200,160.33333333333334,0.5246858224181755,0.5246858224181755,0.3409322391062855,0.6306967449032966,170.72129084045432
1925,577500,160.41666666666666,0.5002981860830011,0.5002981860830011,0.3311578646985947,0.6325509068148213,169.93892927329966
1926,577800,160.5,0.4988332783723579,0.4988332783723579,0.3325172133683908,0.6347955999218207,172.39096074875917
1927,578100,160.58333333333334,0.4814653320948805,0.4814653320948805,0.3279524672991664,0.6218279838756005,171.57769204720245
1928,578400,160.66666666666666,0.4782206992785011,0.4782206992785011,0.3268723253216781,0.6160068926941127,170.4147744587619
1929,578700,160.75,0.4812147723023808,0.4812147723023808,0.3303355083760318,0.627451146991816,170.78474640476853
1930,579000,160.83333333333334,0.4633884692766725,0.4633884692766725,0.3187515077811096,0.6221570713551822,172.21056880471323
1931,579300,160.91666666666666,0.4775407011820158,0.4775407011820158,0.3357450474750617,0.6407693321894792,171.966170570956
1932,579600,161.0,0.4956738234633673,0.4956738234633673,0.3473859460168518,0.6475678072453128,169.45819150746595
1933,579900,161.08333333333334,0.5047519757197455,0.5047519757197455,0.3466857249143892,0.646846733007871,169.73966476800905
1934,580200,161.16666666666666,0.5068655742707756,0.5068655742707756,0.3536638416488613,0.648668405034315,170.2853109959797
1935,580500,161.25,0.4833550943120455,0.4833550943120455,0.3460599627645181,0.6438950046760502,167.83086012636556
1936,580800,161.33333333333334,0.4837509293411192,0.4837509293411192,0.343451280218455,0.6476704465834865,166.37410572483145
1937,581100,161.41666666666666,0.4621049939931624,0.4621049939931624,0.3321372834392169,0.6530774308685946,165.35189263742944
1938,581400,161.5,0.4543593243433955,0.4543593243433955,0.3304161538823773,0.6519407006535347,165.59184981657523
1939,581700,161.58333333333334,0.4573310839445008,0.4573310839445008,0.3290989072418603,0.6583812350964992,168.50137421606632
1940,582000,161.66666666666666,0.4395498444565927,0.4395498444565927,0.323473982844931,0.6577930547456163,167.66848261974516
1941,582300,161.75,0.4882590826269147,0.4882590826269147,0.3452251665055402,0.6312960837086012,166.45837344323115
1942,582600,161.83333333333334,0.500109775006463,0.500109775006463,0.3431021776431238,0.6336963210929178,167.5914695100056
1943,582900,161.91666666666666,0.4944399063366479,0.4944399063366479,0.3450848020590441,0.6341691454696253,166.81007477089625
1944,583200,162.0,0.497422100204458,0.497422100204458,0.3477579288083118,0.6376387555593901,167.48614380392988
1945,583500,162.08333333333334,0.4892250056382134,0.4892250056382134,0.3438559292922974,0.6341968716875177,169.38442598369753
1946,583800,162.16666666666666,0.5198684751532944,0.5198684751532944,0.3589004130671345,0.6379176192678768,170.03030471560248
1947,584100,162.25,0.490818148141425,0.490818148141425,0.3592649708564434,0.6394709107010285,169.89897965542002
1948,584400,162.33333333333334,0.4888839310245097,0.4888839310245097,0.3508662482709189,0.6394497558359299,168.76952352440352
1949,584700,162.41666666666666,0.5164642858898231,0.5164642858898231,0.35351402085945,0.6422820109197505,168.63914219937536
1950,585000,162.5,0.4734484088505738,0.4734484088505738,0.3352734492972325,0.6314621509152306,169.00648716462496
1951,585300,162.58333333333334,0.5111090891262529,0.5111090891262529,0.3567674211174768,0.6344345948567847,169.61172628338605
1952,585600,162.66666666666666,0.5037220051454947,0.5037220051454947,0.3491389451289726,0.6329669886448048,169.87092324584543
1953,585900,162.75,0.4982572480877096,0.4982572480877096,0.3408319334603234,0.6338346591866049,169.16332787505647
1954,586200,162.83333333333334,0.4909115299117437,0.4909115299117437,0.3427691598775686,0.6308419867551711,170.2768331225683
1955,586500,162.91666666666666,0.482157718367873,0.482157718367873,0.3396813999681525,0.6390462733958997,172.10385538199037
1956,586800,163.0,0.4716171524794341,0.4716171524794341,0.3470569886843104,0.6407041177214184,170.8384360453776
1957,587100,163.08333333333334,0.4715609290982762,0.4715609290982762,0.3576463990943408,0.6332634086830042,169.4831410775253
1958,587400,163.16666666666666,0.4777596458562312,0.4777596458562312,0.3587633640034786,0.635457132093494,168.89282563739812
1959,587700,163.25,0.4631618797597167,0.4631618797597167,0.3443019892167706,0.6328752094707296,166.86061241022162
1960,588000,163.33333333333334,0.4422917246697259,0.4422917246697259,0.3320598037657635,0.6167983249148227,165.20183308933696
1961,588300,163.41666666666666,0.4448648583135995,0.4448648583135995,0.3295781171742636,0.6214345483447169,166.37386069368438
1962,588600,163.5,0.453476244190572,0.453476244190572,0.3368253289573484,0.6230937794515147,167.76932630042094
1963,588900,163.58333333333334,0.4522154876628278,0.4522154876628278,0.3382314087936892,0.6218646181137788,170.10285531727254
1964,589200,163.66666666666666,0.4520677636165073,0.4520677636165073,0.3421486788892933,0.621429385943003,169.49176306618824
1965,589500,163.75,0.4663613670587327,0.4663613670587327,0.3445246428884709,0.6239752411102818,170.11844453091317
1966,589800,163.83333333333334,0.4599558781966558,0.4599558781966558,0.3466681190833639,0.6244354002694441,171.90887020396303
1967,590100,163.91666666666666,0.4509602029503989,0.4509602029503989,0.3393674634936581,0.6220450863981769,171.58221929096302
1968,590400,164.0,0.4467384633085706,0.4467384633085706,0.3496073375651847,0.6255073940240996,171.13520543090783
1969,590700,164.08333333333334,0.4404046615999448,0.4404046615999448,0.3556236400169719,0.624724210424089,172.58876935307168
1970,591000,164.16666666666666,0.4464366286886934,0.4464366286886934,0.3577613000356689,0.6278206214140531,173.30609392934798
1971,591300,164.25,0.4379448547836585,0.4379448547836585,0.353469760665498,0.6248634050909109,171.65471013714276
1972,591600,164.33333333333334,0.461312539286764,0.461312539286764,0.3689931171975489,0.6265082623603848,169.71979540932628
1973,591900,164.41666666666666,0.4426262581416316,0.4426262581416316,0.3540232411431919,0.6249853215438745,169.7260357698983
1974,592200,164.5,0.4379251097585347,0.4379251097585347,0.3609407900745544,0.6305050421716457,167.94445195215727
1975,592500,164.58333333333334,0.4494849090025457,0.4494849090025457,0.3765813356107116,0.6307812403158809,168.5816472502342
1976,592800,164.66666666666666,0.4807428144955402,0.4807428144955402,0.3764657659163204,0.6356565965631342,169.0025130194989
1977,593100,164.75,0.457005861318226,0.457005861318226,0.3468553930960387,0.6257141525392688,166.75179565573802
1978,593400,164.83333333333334,0.4706871656927454,0.4706871656927454,0.3548681282231163,0.6268197995659391,165.85326731015545
1979,593700,164.91666666666666,0.4755799835788263,0.4755799835788263,0.3591600811852267,0.6302323770804162,166.7178976222499
1980,594000,165.0,0.470928860873711,0.470928860873711,0.3659359565595303,0.6331919472392,167.69089878801066
1981,594300,165.08333333333334,0.4704718093461057,0.4704718093461057,0.3614179310117178,0.6324171320067414,167.87925754035848
1982,594600,165.16666666666666,0.5023028170883094,0.5023028170883094,0.3697610143822045,0.6343642925527724,168.92626669440455
1983,594900,165.25,0.50255903810387,0.50255903810387,0.3703702256921174,0.6334848955562958,169.73564714349763
1984,595200,165.33333333333334,0.4974050201923227,0.4974050201923227,0.3716065633753834,0.6317123174788539,170.34338418400245
1985,595500,165.41666666666666,0.5144087536586642,0.5144087536586642,0.371868118901356,0.6284265164221501,169.24495717106925
1986,595800,165.5,0.505080980786711,0.505080980786711,0.3664827525221756,0.6299741323186939,169.70969663861885
1987,596100,165.58333333333334,0.4915013268203622,0.4915013268203622,0.35727406614737,0.6262152162250314,167.97937111307087
1988,596400,165.66666666666666,0.4747170305387808,0.4747170305387808,0.3432824399326817,0.6167235222227354,165.49237301062857
1989,596700,165.75,0.4668631119280149,0.4668631119280149,0.3393868097884722,0.6203533004289142,166.43144409173524
1990,597000,165.83333333333334,0.4778143182769649,0.4778143182769649,0.3441967789613294,0.6263868592002179,168.21634698264242
1991,597300,165.91666666666666,0.4952170153660915,0.4952170153660915,0.3435864896491163,0.6172308814191111,170.337677929741
1992,597600,166.0,0.4654906010327168,0.4654906010327168,0.3302226406910308,0.6072673162535555,170.94367188447137
1993,597900,166.08333333333334,0.4529689668797135,0.4529689668797135,0.3250284938534989,0.5994879282549702,171.3283713352103
1994,598200,166.16666666666666,0.4747058232302101,0.4747058232302101,0.3378258711442041,0.6174648401272996,172.48477346711783
1995,598500,166.25,0.4833008400450485,0.4833008400450485,0.3398732617406553,0.6166363603072995,175.2507537252715
1996,598800,166.33333333333334,0.4850869213676679,0.4850869213676679,0.3380818497897073,0.6135357651782261,174.5758298779772
1997,599100,166.41666666666666,0.4861479154589117,0.4861479154589117,0.3467827156434545,0.6200723172979378,174.952911624361
1998,599400,166.5,0.4734456921573765,0.4734456921573765,0.3386624926206269,0.6152937088974311,174.6104691447009
1999,599700,166.58333333333334,0.4895722765010941,0.4895722765010941,0.3493071587205185,0.6167737822402288,173.59433222695736
2000,600000,166.66666666666666,0.4830473305733224,0.4830473305733224,0.3432343372484538,0.6167437823807314,171.959132929882
2001,600300,166.75,0.485351696384744,0.485351696384744,0.3409863323945754,0.6111048302587903,170.49367364444282
2002,600600,166.83333333333334,0.4868460612061905,0.4868460612061905,0.346937933486915,0.616361520589764,169.82998938314458
2003,600900,166.91666666666666,0.4877438986473552,0.4877438986473552,0.3448364907754066,0.6160188596957059,171.54714617531428
2004,601200,167.0,0.4946973794452004,0.4946973794452004,0.3456000682357906,0.6142595034703765,172.87102489746752
2005,601500,167.08333333333334,0.4781112389664403,0.4781112389664403,0.3386612299231956,0.6144897436887107,172.39726365885656
2006,601800,167.16666666666666,0.4898419258966414,0.4898419258966414,0.3481749919024757,0.61631048154802,172.20816814269713
2007,602100,167.25,0.4749861271555639,0.4749861271555639,0.3328576070016337,0.6067014206373169,172.95532829307044
2008,602400,167.33333333333334,0.4947346418605243,0.4947346418605243,0.3452403561374379,0.6094133641133841,175.1717329395546
2009,602700,167.41666666666666,0.496384692012743,0.496384692012743,0.3414000247304687,0.6108766652917822,177.43458304001527
2010,603000,167.5,0.472141701455061,0.472141701455061,0.3346471353142903,0.609003494071125,174.18954165348308
2011,603300,167.58333333333334,0.4818424603452703,0.4818424603452703,0.3409470892156172,0.6096224326148666,173.78504267512224
2012,603600,167.66666666666666,0.484179593451459,0.484179593451459,0.3369098970360085,0.6141562391059647,175.15549940289796
2013,603900,167.75,0.4875211812685361,0.4875211812685361,0.3304219527658223,0.6050635501446829,175.44745064741252
2014,604200,167.83333333333334,0.4732048529445904,0.4732048529445904,0.3254781796337259,0.6022885324316378,173.62104995623704
2015,604500,167.91666666666666,0.4880758528060894,0.4880758528060894,0.3347032312019796,0.6169444414919335,171.629179059405
2016,604800,168.0,0.4899477496723515,0.4899477496723515,0.3407173475696136,0.6177286422627117,170.0430251617162
2017,605100,168.08333333333334,0.4777775556242896,0.4777775556242896,0.3390826628348242,0.61776070993202,169.349788982145
2018,605400,168.16666666666666,0.4784249698186467,0.4784249698186467,0.3339978223021949,0.6164016826376438,167.50736826452115
2019,605700,168.25,0.4798384679042227,0.4798384679042227,0.3399288274408356,0.6126262440914046,168.2161883080438
2020,606000,168.33333333333334,0.4678392251348753,0.4678392251348753,0.3389061598404187,0.6110047435460036,169.83867739944793
2021,606300,168.41666666666666,0.468144665475712,0.468144665475712,0.3361008170900904,0.6109979150014473,167.58537181473255
2022,606600,168.5,0.4652484251878422,0.4652484251878422,0.3295094140503116,0.6092334605246935,168.34522696987594
2023,606900,168.58333333333334,0.464454780735992,0.464454780735992,0.3318676793009594,0.6101447316570845,168.52857017863224
2024,607200,168.66666666666666,0.4662223583167947,0.4662223583167947,0.333209925757946,0.6116789244365176,169.78061572096436
2025,607500,168.75,0.4822909255939587,0.4822909255939587,0.3368302272408257,0.6144216668676059,170.05835412801497
2026,607800,168.83333333333334,0.4951756045347993,0.4951756045347993,0.3467902557577758,0.6141919423826522,171.3283169788886
2027,608100,168.91666666666666,0.4992466518771323,0.4992466518771323,0.3497780635619666,0.6122104220877058,169.62384953490448
2028,608400,169.0,0.4724898930424213,0.4724898930424213,0.3392821985720193,0.6060741194313117,168.63165715079765
2029,608700,169.08333333333334,0.4565613722781804,0.4565613722781804,0.3407921888073628,0.6074010688566005,167.8623824774143
2030,609000,169.16666666666666,0.4526581940252817,0.4526581940252817,0.3324281830614536,0.6009159394614049,167.8746307771364
2031,609300,169.25,0.467026710122306,0.467026710122306,0.3382169987703654,0.602692493596617,167.42382528245906
2032,609600,169.33333333333334,0.4639309170261398,0.4639309170261398,0.3330045927706384,0.596792970862684,167.3739200566251
2033,609900,169.41666666666666,0.4697418517244464,0.4697418517244464,0.3330819099605385,0.5946195776693486,168.9856637702303
2034,610200,169.5,0.4789075481213206,0.4789075481213206,0.3365526888428667,0.6047332455472254,169.8625963902024
2035,610500,169.58333333333334,0.4951231651449612,0.4951231651449612,0.3430646944244718,0.6089537137164664,169.59123916951023
2036,610800,169.66666666666666,0.4923881456686166,0.4923881456686166,0.3417415316388971,0.6050666491643029,169.6241350548035
2037,611100,169.75,0.4946707024599023,0.4946707024599023,0.3429443613869189,0.605089431641654,169.13351305609928
2038,611400,169.83333333333334,0.4918950033731038,0.4918950033731038,0.3392005189828886,0.6016927725711999,168.73753844809275
2039,611700,169.91666666666666,0.5061231596666348,0.5061231596666348,0.3452774099270417,0.6044783515580927,168.97856002264749
2040,612000,170.0,0.4832633461187884,0.4832633461187884,0.3349968234730312,0.6013279331710081,167.19874915998946
2041,612300,170.08333333333334,0.491263413918797,0.491263413918797,0.3400139961816548,0.5989650722246956,164.54861044206103
2042,612600,170.16666666666666,0.4793782915249335,0.4793782915249335,0.341070378567129,0.6004181332833964,163.7820562035876
2043,612900,170.25,0.4682344113744096,0.4682344113744096,0.3304711480036443,0.5949192960551993,163.2946856956526
2044,613200,170.33333333333334,0.4583447890324356,0.4583447890324356,0.3205944884589672,0.5962923620656978,164.67268349563588
2045,613500,170.41666666666666,0.4536701558529269,0.4536701558529269,0.3226419659508546,0.5975223758704883,168.07620890773703
2046,613800,170.5,0.4498068372970272,0.4498068372970272,0.3183516520129011,0.5944787330670096,167.5063222210404
2047,614100,170.58333333333334,0.4327159552156552,0.4327159552156552,0.3062642840254577,0.5766020971668192,161.09214101390725
2048,614400,170.66666666666666,0.4340702552345346,0.4340702552345346,0.3126144076480045,0.5871166631009538,165.07993925142054
2049,614700,170.75,0.4286396112912303,0.4286396112912303,0.3161909374902272,0.5933977697243454,166.65116763108918
2050,615000,170.83333333333334,0.419349575100899,0.419349575100899,0.3164993965223389,0.594914105327306,167.10374008202209
2051,615300,170.91666666666666,0.4337729356481419,0.4337729356481419,0.3136702718496185,0.5947332354078729,167.5307879569007
2052,615600,171.0,0.4597856772221161,0.4597856772221161,0.3177061435905459,0.6000571943888494,167.68095136341128
2053,615900,171.08333333333334,0.4625818997542743,0.4625818997542743,0.3191073191512606,0.5956603622979603,166.0612791842668
2054,616200,171.16666666666666,0.4459575400353436,0.4459575400353436,0.3182446334525432,0.5922466362058463,165.7534116436888
2055,616500,171.25,0.4575757116103595,0.4575757116103595,0.3189903317281546,0.5930740362847133,166.0185849418379
2056,616800,171.33333333333334,0.4471401382193353,0.4471401382193353,0.3180325608111408,0.5902187237234735,166.44614393526922
2057,617100,171.41666666666666,0.4407146451918076,0.4407146451918076,0.319167714489857,0.5864522357003956,165.20222560941713
2058,617400,171.5,0.4408132503269466,0.4408132503269466,0.3184452519325193,0.5874347237899825,166.15677707190653
2059,617700,171.58333333333334,0.4274861429046523,0.4274861429046523,0.3156361659416361,0.587895805040023,165.82571320346682
2060,618000,171.66666666666666,0.4172436941560904,0.4172436941560904,0.3144251430222514,0.5898011953744647,165.57831993398804
2061,618300,171.75,0.4235633929214989,0.4235633929214989,0.3139993470584832,0.5937643213066572,164.9276576851368
2062,618600,171.83333333333334,0.4207570622400016,0.4207570622400016,0.3139923901502168,0.5962184635466822,165.20672757673915
2063,618900,171.91666666666666,0.4090341006882786,0.4090341006882786,0.3146310225962521,0.6003395436085005,166.80767740785754
2064,619200,172.0,0.4204263562058569,0.4204263562058569,0.3157086365588452,0.5995035657266035,168.27271033061945
2065,619500,172.08333333333334,0.4353546411317088,0.4353546411317088,0.3172771573684754,0.601410186762149,169.73505826899378
2066,619800,172.16666666666666,0.4441315658792713,0.4441315658792713,0.32066199231029,0.6018482772293561,169.83230694572626
2067,620100,172.25,0.4342623367666297,0.4342623367666297,0.3201683488990459,0.6002117464469219,169.04645140322222
2068,620400,172.33333333333334,0.438357026142231,0.438357026142231,0.3201372496939731,0.5998004340233661,168.19571029597697
2069,620700,172.41666666666666,0.4460765664522711,0.4460765664522711,0.320188099593015,0.5999067874186443,168.1184647142383
2070,621000,172.5,0.4897952816500399,0.4897952816500399,0.3262069233551008,0.6001577722418001,171.19581564280568
2071,621300,172.58333333333334,0.4994848883829445,0.4994848883829445,0.329097499713625,0.5932007743367735,175.13275854135335
2072,621600,172.66666666666666,0.4979495591222635,0.4979495591222635,0.3281901237719639,0.582018314768282,177.48679715664957
2073,621900,172.75,0.5041177426896428,0.5041177426896428,0.3274224051615086,0.5752917739433993,177.61074681362453
2074,622200,172.83333333333334,0.4961305243756444,0.4961305243756444,0.3272861262043387,0.5709600307093549,175.6712579123787
2075,622500,172.91666666666666,0.4902084173771355,0.4902084173771355,0.326316112278681,0.5702106410300108,174.63724634870346
2076,622800,173.0,0.4958964164742412,0.4958964164742412,0.3269359652789367,0.574139462143488,174.61235733725388
2077,623100,173.08333333333334,0.490038960172432,0.490038960172432,0.3270073334456806,0.5752791676925544,174.35064023685013
2078,623400,173.16666666666666,0.4924613448947789,0.4924613448947789,0.3284458080717486,0.5751778281154277,173.90397920883453
2079,623700,173.25,0.483249038285146,0.483249038285146,0.3258408890197163,0.5642231614927851,168.71527862102477
2080,624000,173.33333333333334,0.4946612702812339,0.4946612702812339,0.3275228096012182,0.5644188095969354,169.66822878416164
2081,624300,173.41666666666666,0.4922928083496778,0.4922928083496778,0.3265733102284832,0.5648215077594002,169.27881657382284
2082,624600,173.5,0.4979208031720577,0.4979208031720577,0.327599858466936,0.5651757295652531,168.70070748460867
2083,624900,173.58333333333334,0.481791451002288,0.481791451002288,0.3278074007615014,0.5649220093462137,167.74159472373952
2084,625200,173.66666666666666,0.4622188189282203,0.4622188189282203,0.3252281332238949,0.56405560140034,167.54171593827124
2085,625500,173.75,0.4701852952608716,0.4701852952608716,0.3243990949805446,0.5648647426431878,168.41330507466142
2086,625800,173.83333333333334,0.4668245451264723,0.4668245451264723,0.3230820334183042,0.5649904875184368,168.18617478010125
2087,626100,173.91666666666666,0.4670943724281411,0.4670943724281411,0.3183930738192566,0.5611447174035046,167.43570042669904
2088,626400,174.0,0.4436931359956983,0.4436931359956983,0.314539895013078,0.5640760322274491,168.39288125581356
2089,626700,174.08333333333334,0.4110708551806309,0.4110708551806309,0.309429441927505,0.5699311871507283,167.73729208183087
2090,627000,174.16666666666666,0.4689098136919706,0.4689098136919706,0.3165979142037297,0.5810025211174045,168.40203345166842
2091,627300,174.25,0.5083194367948852,0.5083194367948852,0.3246575097939799,0.5759395266059086,172.38919487838234
2092,627600,174.33333333333334,0.5092746603713149,0.5092746603713149,0.3280554607063601,0.5699586200180775,173.02932196707386
2093,627900,174.41666666666666,0.4961748734001412,0.4961748734001412,0.3261669463576111,0.5647880958318214,173.70985575338324
2094,628200,174.5,0.4890483101172635,0.4890483101172635,0.3247510715751041,0.5622197071977818,174.41520576666682
2095,628500,174.58333333333334,0.4841485240683406,0.4841485240683406,0.3220997185375496,0.5542966365426368,171.7923148042418
2096,628800,174.66666666666666,0.4802717183265509,0.4802717183265509,0.3185422855841053,0.5474019571260108,169.07235755054427
2097,629100,174.75,0.482713818307716,0.482713818307716,0.3198915284161838,0.5506522764079491,170.7737676283604
2098,629400,174.83333333333334,0.487246359623309,0.487246359623309,0.3220537133904145,0.5534976087563601,172.00099162663824
2099,629700,174.91666666666666,0.4920469388944347,0.4920469388944347,0.3240014634788657,0.5559900422046834,172.79231644990213
2100,630000,175.0,0.4936737442288025,0.4936737442288025,0.3240899050907038,0.5575039752689561,173.2769367680027
2101,630300,175.08333333333334,0.4928627400902762,0.4928627400902762,0.3263904845063956,0.5586620714257615,174.16412604517762
2102,630600,175.16666666666666,0.4914456264845955,0.4914456264845955,0.3262991804891947,0.5579809299728354,174.054132073704
2103,630900,175.25,0.4809206309193986,0.4809206309193986,0.3232523548565504,0.5548088324967785,173.51693362047772
2104,631200,175.33333333333334,0.4856481256493699,0.4856481256493699,0.3227288638422291,0.5553948183056772,173.68962430717892
2105,631500,175.41666666666666,0.4872257531173831,0.4872257531173831,0.3225722329403321,0.5564794440579595,173.02399492474905
2106,631800,175.5,0.4867058373195514,0.4867058373195514,0.3209501275397775,0.5570425002355349,173.22628146720947
2107,632100,175.58333333333334,0.4729757999016981,0.4729757999016981,0.3173150015071138,0.552808381580725,172.10544880400354
2108,632400,175.66666666666666,0.4613122775285929,0.4613122775285929,0.3153265183358952,0.5580941497922146,172.94602419787216
2109,632700,175.75,0.4876283649313513,0.4876283649313513,0.3187978427132399,0.5613698500834677,175.2560744788193
2110,633000,175.83333333333334,0.4754352122696696,0.4754352122696696,0.3167887098495008,0.5634287404539045,176.18897963272164
2111,633300,175.91666666666666,0.4639016894165849,0.4639016894165849,0.3146774343756998,0.5648072545764449,175.09221703361052
2112,633600,176.0,0.4882831167275547,0.4882831167275547,0.3190745581234945,0.5672722194354041,174.86755207320573
2113,633900,176.08333333333334,0.4958362207180107,0.4958362207180107,0.3213698051809301,0.5679466153548047,176.2733436819694
2114,634200,176.16666666666666,0.4718808634544499,0.4718808634544499,0.3189170131134852,0.568111744223543,176.4118141177603
2115,634500,176.25,0.4693424809269783,0.4693424809269783,0.3161333412658873,0.5685525583057877,176.11282154887598
2116,634800,176.33333333333334,0.5008922957792524,0.5008922957792524,0.3212345120383476,0.5692765936618904,176.5806627274784
2117,635100,176.41666666666666,0.5019817201087281,0.5019817201087281,0.3230908330178189,0.5670970201807324,177.95131429774355
2118,635400,176.5,0.4976352060391272,0.4976352060391272,0.323728607737648,0.565816721651558,179.0153184375898
2119,635700,176.58333333333334,0.4711839193830466,0.4711839193830466,0.3200670731363376,0.5649613222973051,178.84292947138886
2120,636000,176.66666666666666,0.4500408598207723,0.4500408598207723,0.3147780061725486,0.5658975168615727,176.50268018130868
2121,636300,176.75,0.4958376285808533,0.4958376285808533,0.3209330468712468,0.569105294900317,175.34149653798357
2122,636600,176.83333333333334,0.4953911398270756,0.4953911398270756,0.3214789188234165,0.5700088476545742,176.1573889984255
2123,636900,176.91666666666666,0.4614572807170853,0.4614572807170853,0.3176076816513844,0.5695644348993094,176.80975024594514
2124,637200,177.0,0.4739577075360665,0.4739577075360665,0.3192092079790046,0.5722216420679241,176.35588878231374
2125,637500,177.08333333333334,0.5040947249517814,0.5040947249517814,0.3240693755982535,0.5738923575340605,176.28594894318525
2126,637800,177.16666666666666,0.5011174396228726,0.5011174396228726,0.3246374533510374,0.5727929580403089,177.21920364125185
2127,638100,177.25,0.4760135645981277,0.4760135645981277,0.3187307722505242,0.5648926243108747,174.36893424100757
2128,638400,177.33333333333334,0.4750207938426591,0.4750207938426591,0.3200874742621972,0.5640625096569695,176.35248886615224
2129,638700,177.41666666666666,0.4749164999185797,0.4749164999185797,0.3196651039689772,0.564491619565421,178.2369760702244
2130,639000,177.5,0.4812478486061178,0.4812478486061178,0.3221001680794623,0.5661566616352628,179.1019041573319
2131,639300,177.58333333333334,0.4728191139034308,0.4728191139034308,0.3229621149003603,0.5662473123579296,179.2178509753808
2132,639600,177.66666666666666,0.4794021240878236,0.4794021240878236,0.3223785938559653,0.5660188082455975,179.35500572009386
2133,639900,177.75,0.4911017221588669,0.4911017221588669,0.3231875324704925,0.5666177654043362,177.812901265528
2134,640200,177.83333333333334,0.4849813249376081,0.4849813249376081,0.3237162035776989,0.5671864181220726,177.79771079497593
2135,640500,177.91666666666666,0.4771852464201817,0.4771852464201817,0.3239440345007964,0.5675549102384564,177.65626183117325
2136,640800,178.0,0.4570999534386608,0.4570999534386608,0.3211834968433463,0.5676592209486068,177.38894104124853
2137,641100,178.08333333333334,0.4399580444435239,0.4399580444435239,0.3172030134707265,0.5694205042839264,177.25062661839672
2138,641400,178.16666666666666,0.4073693091079156,0.4073693091079156,0.3107979351708264,0.5707801356025112,176.1996922450605
2139,641700,178.25,0.4187991100471491,0.4187991100471491,0.3104508079033014,0.5772431090490812,173.38006424898398
2140,642000,178.33333333333334,0.4304186525397203,0.4304186525397203,0.3144613500288278,0.5752607289916104,171.3359574252916
2141,642300,178.41666666666666,0.4452779359489714,0.4452779359489714,0.3187538764329859,0.5789925675336864,172.50387931941123
2142,642600,178.5,0.4466214040402209,0.4466214040402209,0.3216188425551483,0.5820536208264263,174.44421108742674
2143,642900,178.58333333333334,0.4682659282750254,0.4682659282750254,0.3257354730317964,0.5851430436367185,175.23698093358811
2144,643200,178.66666666666666,0.4985348939895646,0.4985348939895646,0.3316717702198805,0.5884911001213176,177.16278274508497
2145,643500,178.75,0.5050082731484365,0.5050082731484365,0.3345168891591208,0.5856825848224625,179.47970232003613
2146,643800,178.83333333333334,0.4900585614911733,0.4900585614911733,0.3294038535157733,0.5809311611406953,180.7666723886627
2147,644100,178.91666666666666,0.4638391092000211,0.4638391092000211,0.3266380583533751,0.5787823120518782,180.16858130694644
2148,644400,179.0,0.4156415848431088,0.4156415848431088,0.3205782653185263,0.5791277302533725,177.24546485111154
2149,644700,179.08333333333334,0.4180914651401513,0.4180914651401513,0.3164527086014294,0.5840452676041801,172.8355201404556
2150,645000,179.16666666666666,0.4546492250696592,0.4546492250696592,0.3262441550046366,0.5930537602824163,170.51424240510906
2151,645300,179.25,0.465836418568906,0.465836418568906,0.3327395748835317,0.5974061480868856,171.17984462568353
2152,645600,179.33333333333334,0.4585601661368702,0.4585601661368702,0.3319919349363198,0.5976524102826041,172.5398161342321
2153,645900,179.41666666666666,0.4814420365365577,0.4814420365365577,0.3332632596470941,0.6000851327502235,172.9646722248091
2154,646200,179.5,0.5165839117638072,0.5165839117638072,0.3355608019435875,0.5963879910272133,176.8805577131404
2155,646500,179.58333333333334,0.4948969107557051,0.4948969107557051,0.3317214790220051,0.589616528993221,180.33097771787092
2156,646800,179.66666666666666,0.4748322603018255,0.4748322603018255,0.3279299561860224,0.5847181691220098,181.8223376476176
2157,647100,179.75,0.4673430692408669,0.4673430692408669,0.325711850292526,0.5829639177746314,181.9446326315229
2158,647400,179.83333333333334,0.4471737460979516,0.4471737460979516,0.32188570241192,0.5832183231333218,180.1313480677858
2159,647700,179.91666666666666,0.4137953876854989,0.4137953876854989,0.319802635043123,0.5862044218318034,177.40569202340885
2160,648000,180.0,0.4172975538414653,0.4172975538414653,0.3201591788794632,0.5926138711662108,175.0452124028032
2161,648300,180.08333333333334,0.5156998092224284,0.5156998092224284,0.3380565628750643,0.599645205490463,176.9607461437227
2162,648600,180.16666666666666,0.5072163388318027,0.5072163388318027,0.3355642754896193,0.5937537533577392,180.4385847720937
2163,648900,180.25,0.504784528631951,0.504784528631951,0.3343751077020217,0.5887219896876509,180.42737049461755
2164,649200,180.33333333333334,0.5076507281907737,0.5076507281907737,0.3352372715227668,0.5844600513110471,180.06115414748498
2165,649500,180.41666666666666,0.4843111882167596,0.4843111882167596,0.3298355580200783,0.5796173295731278,179.59454100984837
2166,649800,180.5,0.4453393790885285,0.4453393790885285,0.3188966997808774,0.5757482890217724,178.71375776893188
2167,650100,180.58333333333334,0.4080408764758642,0.4080408764758642,0.3159190387473584,0.579931223550139,176.15815840684095
2168,650400,180.66666666666666,0.4036264696137711,0.4036264696137711,0.3178785758281972,0.5871138917692602,172.27235678505252
2169,650700,180.75,0.4151481379684018,0.4151481379684018,0.3208705120946856,0.5970188602221105,169.42515641050085
2170,651000,180.83333333333334,0.4668884532705528,0.4668884532705528,0.3329062395827929,0.6100544137203214,169.84925140753617
2171,651300,180.91666666666666,0.5046671083825344,0.5046671083825344,0.3390019711718852,0.6124150790164136,173.89828825814408
2172,651600,181.0,0.5174926611616097,0.5174926611616097,0.3438125369214864,0.6087969899760005,178.6607688200358
2173,651900,181.08333333333334,0.518233411503712,0.518233411503712,0.3446540569604225,0.6045020345026225,182.702623323821
2174,652200,181.16666666666666,0.5126139504319464,0.5126139504319464,0.339410084284112,0.5964472839274747,184.50748323857871
2175,652500,181.25,0.502618316713995,0.502618316713995,0.3293405772709871,0.5867969102615176,183.44723348691025
2176,652800,181.33333333333334,0.4818180197315496,0.4818180197315496,0.3218507354528393,0.5799448313383806,181.3515784840103
2177,653100,181.41666666666666,0.4395474680393321,0.4395474680393321,0.3058737111763371,0.5628456596488607,163.509783879886
2178,653400,181.5,0.439762278885189,0.439762278885189,0.3137185543030062,0.5731457660225857,160.40215360761937
2179,653700,181.58333333333334,0.4170657035572307,0.4170657035572307,0.3102229263566414,0.5769295519286617,157.9525721183464
2180,654000,181.66666666666666,0.4245785735604375,0.4245785735604375,0.317331139862615,0.5864462157423957,157.307435286586
2181,654300,181.75,0.4362046690702255,0.4362046690702255,0.3223574556185177,0.5958032773947698,158.03793722506293
2182,654600,181.83333333333334,0.4596184634376438,0.4596184634376438,0.2992531354071488,0.5512022073155624,119.71908041274574
2183,654900,181.91666666666666,0.4972993768842544,0.4972993768842544,0.3243153379446502,0.5824489708932266,127.20449649123374
2184,655200,182.0,0.4686121321772051,0.4686121321772051,0.3178255668590466,0.6070592852507883,132.24291545987475
2185,655500,182.08333333333334,0.4734686361037614,0.4734686361037614,0.3269174759693246,0.6215745667335657,139.06147652560298
2186,655800,182.16666666666666,0.4537513783144382,0.4537513783144382,0.3148423849093815,0.608056201764132,141.08802723050053
2187,656100,182.25,0.4661012830495691,0.4661012830495691,0.3220633089190853,0.6248973690690078,149.01594410311952
2188,656400,182.33333333333334,0.4667558897940493,0.4667558897940493,0.3269239081002032,0.6337547938416863,150.56743776007548
2189,656700,182.41666666666666,0.4862188256811126,0.4862188256811126,0.3384351802102553,0.6390233662871433,151.79420033504857
2190,657000,182.5,0.4742502659544099,0.4742502659544099,0.3358064364465774,0.6405596194439392,153.9685955290784
2191,657300,182.58333333333334,0.4514958496691254,0.4514958496691254,0.3286949069253607,0.6340886343776757,154.8261134134476
2192,657600,182.66666666666666,0.4495924683944237,0.4495924683944237,0.3268582472395223,0.6330101263267259,156.48754234061147
2193,657900,182.75,0.4560535974201819,0.4560535974201819,0.3301726665283396,0.6426195532720195,157.15947414267524
2194,658200,182.83333333333334,0.4476075591451277,0.4476075591451277,0.3252019623220206,0.6464509062887298,158.21811089960045
2195,658500,182.91666666666666,0.4501686957612206,0.4501686957612206,0.3203028306484753,0.6442901453012975,158.78212680223274
2196,658800,183.0,0.4315359706894188,0.4315359706894188,0.3197322593072846,0.650531957748946,161.3873376305928
2197,659100,183.08333333333334,0.4349280729500398,0.4349280729500398,0.3202101200118897,0.6550385778631403,162.38294889907806
2198,659400,183.16666666666666,0.4298279551202639,0.4298279551202639,0.3217547816702564,0.6428197549551453,164.4817629439017
2199,659700,183.25,0.4324475505470351,0.4324475505470351,0.3239819405038149,0.6502975514499615,166.48361532063154
2200,660000,183.33333333333334,0.4479967162117622,0.4479967162117622,0.3266298950088244,0.6514300130384193,169.7947538773687
2201,660300,183.41666666666666,0.4542871557852746,0.4542871557852746,0.3239337548130133,0.6563749230915449,172.748861395311
2202,660600,183.5,0.4448349239502577,0.4448349239502577,0.3202181031150012,0.6501408057704934,174.1633551330227
2203,660900,183.58333333333334,0.4517057518515874,0.4517057518515874,0.3281899335448856,0.6535478969742307,173.1914837217064
2204,661200,183.66666666666666,0.4361508857387984,0.4361508857387984,0.3233219266216639,0.6500336173639559,170.72066831597763
2205,661500,183.75,0.4369521787997736,0.4369521787997736,0.3186240554887206,0.6478525456824081,170.15303347952275
2206,661800,183.83333333333334,0.4459825948097536,0.4459825948097536,0.3254124520814416,0.6536872987769494,172.7961788193166
2207,662100,183.91666666666666,0.4616721593080806,0.4616721593080806,0.2918471757363093,0.5458566442682327,153.02135178507987
2208,662400,184.0,0.4522915602530821,0.4522915602530821,0.2892042784497293,0.543480508287945,154.9158273334067
2209,662700,184.08333333333334,0.4486579535050912,0.4486579535050912,0.2885120366424744,0.5518356251054406,156.69071319807924
2210,663000,184.16666666666666,0.4754285969481093,0.4754285969481093,0.2976416079086925,0.5656222869449464,156.899949878537
2211,663300,184.25,0.4965468183988419,0.4965468183988419,0.3042384174110757,0.5749484891388329,162.37392081467178
2212,663600,184.33333333333334,0.484043021695936,0.484043021695936,0.2940620761029615,0.5647373527079429,164.50930502169845
2213,663900,184.41666666666666,0.4746570515424209,0.4746570515424209,0.2966479185902748,0.5636310748003116,163.39710627724446
2214,664200,184.5,0.4710765714504792,0.4710765714504792,0.2950202911834643,0.5600010471896705,161.23301796352047
2215,664500,184.58333333333334,0.4538957852919497,0.4538957852919497,0.291161282210481,0.5557828127064502,161.2826521577471
2216,664800,184.66666666666666,0.4338838362863555,0.4338838362863555,0.2887013447005762,0.5536106491864998,159.32525794045884
2217,665100,184.75,0.4697154514958353,0.4697154514958353,0.3018650975626991,0.5660529075549624,159.59078640114316
2218,665400,184.83333333333334,0.4845276050590912,0.4845276050590912,0.3017371570899118,0.562178834072454,160.171270223803
2219,665700,184.91666666666666,0.4813535938206688,0.4813535938206688,0.2987077349892912,0.5733348175672633,161.9587033196866
2220,666000,185.0,0.4630621295966183,0.4630621295966183,0.296829007029679,0.5763622888368806,163.52872334191196
2221,666300,185.08333333333334,0.4858044656030507,0.4858044656030507,0.3059156910728669,0.5988219385165495,159.9579939254093
2222,666600,185.16666666666666,0.4797164806266676,0.4797164806266676,0.3069849289641633,0.6137849338270873,159.53915055886966
2223,666900,185.25,0.4802375255098771,0.4802375255098771,0.306837476362384,0.6081516615588557,163.54308130672015
2224,667200,185.33333333333334,0.4742398870989667,0.4742398870989667,0.3046628147124084,0.5984990729482114,161.49213667972134
2225,667500,185.41666666666666,0.4737367510674312,0.4737367510674312,0.2960198260760371,0.5892225543940901,158.97850379692662
2226,667800,185.5,0.4633853799460515,0.4633853799460515,0.3021810096725985,0.5851179049408592,160.35538783516847
2227,668100,185.58333333333334,0.4725459961340882,0.4725459961340882,0.3077245448528974,0.5913105495823301,163.74100659612793
2228,668400,185.66666666666666,0.4613117381083572,0.4613117381083572,0.3085026395409359,0.5941975964779567,167.93827194984758
2229,668700,185.75,0.4784516117437087,0.4784516117437087,0.3243821629663789,0.6040736370939536,167.59612012431631
2230,669000,185.83333333333334,0.5179782678093536,0.5179782678093536,0.3320502666460978,0.6064678657530178,168.5332696241668
2231,669300,185.91666666666666,0.526236903999867,0.526236903999867,0.3452410800816596,0.6187105864049876,168.92646425157164
2232,669600,186.0,0.5244207481199478,0.5244207481199478,0.351063532084863,0.6267073044290675,170.74315135242696
2233,669900,186.08333333333334,0.5417990493308532,0.5417990493308532,0.3560897965744706,0.6276114272799527,169.6566954783261
2234,670200,186.16666666666666,0.5270420860035872,0.5270420860035872,0.3522941284404845,0.6207388713455458,166.7002568151662
2235,670500,186.25,0.5252617279939181,0.5252617279939181,0.3524585049154074,0.6198284361852218,165.50699987087768
2236,670800,186.33333333333334,0.529253438253024,0.529253438253024,0.3507112205107335,0.61830439568051,161.95593751137562
2237,671100,186.41666666666666,0.5358242007561724,0.5358242007561724,0.349735473187448,0.6209221094752778,162.14072678418856
2238,671400,186.5,0.5348620509277083,0.5348620509277083,0.3455685058461866,0.6142528593085673,162.23623648513143
2239,671700,186.58333333333334,0.5435052407964198,0.5435052407964198,0.3603998996234017,0.6229690978631359,160.0322248043922
2240,672000,186.66666666666666,0.5337875945670896,0.5337875945670896,0.3617742481611911,0.6211542999773512,158.64878305115815
2241,672300,186.75,0.5289977231192537,0.5289977231192537,0.3643717229414798,0.6259485922565902,158.53795683292415
2242,672600,186.83333333333334,0.5267850259535636,0.5267850259535636,0.3640464537506476,0.6312880058226497,157.19329610433033
2243,672900,186.91666666666666,0.5172894445828721,0.5172894445828721,0.3592094547508459,0.6294181625816374,156.08979784991496
2244,673200,187.0,0.4873060911378455,0.4873060911378455,0.3399564719757982,0.6180987857729349,153.66879734772525
2245,673500,187.08333333333334,0.4928472607436163,0.4928472607436163,0.3436404841993919,0.6130253143279473,153.14934650539692
2246,673800,187.16666666666666,0.5129097683985042,0.5129097683985042,0.3526976446514872,0.6214066078719406,155.25578114851086
2247,674100,187.25,0.5301701866840673,0.5301701866840673,0.359547880391987,0.6245380774155533,154.5829186010428
2248,674400,187.33333333333334,0.529734034825835,0.529734034825835,0.3636673644395717,0.6268993817231181,154.4387463405307
2249,674700,187.41666666666666,0.4931598814823953,0.4931598814823953,0.3641933889048621,0.6276701469696851,155.2483312447941
2250,675000,187.5,0.4945364344621887,0.4945364344621887,0.3604953423345473,0.6216952467633854,155.01336145337956
2251,675300,187.58333333333334,0.4777181486702845,0.4777181486702845,0.3633795283927971,0.6209267736026701,156.0183385144468
2252,675600,187.66666666666666,0.505740528793287,0.505740528793287,0.3643058925618565,0.620288090029942,156.99620521014293
2253,675900,187.75,0.4941508309729905,0.4941508309729905,0.365822465048702,0.6196585251231415,157.14119152945776
2254,676200,187.83333333333334,0.4901316140464951,0.4901316140464951,0.3652913585194593,0.6176465467144381,157.0227331543838
2255,676500,187.91666666666666,0.4889215015664034,0.4889215015664034,0.3610481313048965,0.6194914291828911,157.18696508106515
2256,676800,188.0,0.5001049427835286,0.5001049427835286,0.3698629106295188,0.6212794476857245,155.45048154326295
2257,677100,188.08333333333334,0.4909362319671632,0.4909362319671632,0.3604227751932917,0.6178017693570707,155.30963447544394
2258,677400,188.16666666666666,0.4885962607294699,0.4885962607294699,0.356699971471931,0.6193413833352845,155.41494307889758
2259,677700,188.25,0.4977634305463481,0.4977634305463481,0.3526463733501708,0.6195817608299201,155.6248818462767
2260,678000,188.33333333333334,0.5035992562467906,0.5035992562467906,0.3464511356404156,0.6164949272289144,155.22043586820038
2261,678300,188.41666666666666,0.5007291170390052,0.5007291170390052,0.3448416434359498,0.6153760098445984,156.00281404464153
2262,678600,188.5,0.5020737555368713,0.5020737555368713,0.3476298130149092,0.6140029003316774,159.1590636486065
2263,678900,188.58333333333334,0.5035562487121077,0.5035562487121077,0.3527626606561561,0.6225653633919531,160.15056271538995
2264,679200,188.66666666666666,0.5154363803797526,0.5154363803797526,0.3580873640981684,0.6269682835299965,161.19469316486513
2265,679500,188.75,0.5207374949681883,0.5207374949681883,0.3528292794624029,0.626432634460195,161.42355591356008
2266,679800,188.83333333333334,0.5204358753394929,0.5204358753394929,0.3455477739862513,0.6168865517641412,159.7190118087908
2267,680100,188.91666666666666,0.5186422249677547,0.5186422249677547,0.3377205352022834,0.6110605727519396,158.05925612732605
2268,680400,189.0,0.511759706786408,0.511759706786408,0.3459255643697372,0.6128179635907514,159.08888247050092
2269,680700,189.08333333333334,0.5142139389036514,0.5142139389036514,0.3426661882737063,0.614763020911439,159.19918184002992
2270,681000,189.16666666666666,0.5004498630043795,0.5004498630043795,0.3342468591862887,0.6103552483983751,157.62949396116332
2271,681300,189.25,0.4915689464697904,0.4915689464697904,0.3379473356428522,0.6165607197678525,158.99549307067724
2272,681600,189.33333333333334,0.4846917950495936,0.4846917950495936,0.3458316401799006,0.621186812007398,158.29732161972802
2273,681900,189.41666666666666,0.51293147871221,0.51293147871221,0.3557710106339855,0.6221222244112173,157.14719657604817
2274,682200,189.5,0.5069306675318171,0.5069306675318171,0.3483721455625462,0.6244964037882585,156.32921806313522
2275,682500,189.58333333333334,0.5183946521211876,0.5183946521211876,0.3646933655530248,0.6290306289222656,156.4864417955173
2276,682800,189.66666666666666,0.5126573326531435,0.5126573326531435,0.3631581755747545,0.62646859695118,157.06944025167277
2277,683100,189.75,0.5251743134878056,0.5251743134878056,0.3616315169097744,0.6213180103177862,152.6749771430727
2278,683400,189.83333333333334,0.5196208210041907,0.5196208210041907,0.3548865393940588,0.6209010619178453,153.54811067542337
2279,683700,189.91666666666666,0.5247448249869631,0.5247448249869631,0.3593018080171117,0.6227477230934525,153.23457239449257
2280,684000,190.0,0.5051521803652397,0.5051521803652397,0.3317696044051686,0.6071394389754511,152.765354635982
2281,684300,190.08333333333334,0.5080562366177598,0.5080562366177598,0.3486610534401083,0.6169717309434691,153.58315726573647
2282,684600,190.16666666666666,0.5091859452408247,0.5091859452408247,0.3551442062495888,0.6244818698690613,154.51291498458522
2283,684900,190.25,0.4954706646738451,0.4954706646738451,0.3500027301546227,0.6234680420019648,153.64242720795806
2284,685200,190.33333333333334,0.5070112896246839,0.5070112896246839,0.359754365203122,0.6278872174236139,154.38566182371497
2285,685500,190.41666666666666,0.503152731475644,0.503152731475644,0.3644495703904388,0.6323547471917886,155.46421105071187
2286,685800,190.5,0.4898526855229794,0.4898526855229794,0.3671753970447395,0.632721559580009,154.97184982494232
2287,686100,190.58333333333334,0.5035231709419695,0.5035231709419695,0.3684717011400821,0.6320703190808095,154.37407042054812
2288,686400,190.66666666666666,0.4944584479430362,0.4944584479430362,0.3665989038238855,0.6326193113081799,154.48619194033276
2289,686700,190.75,0.4660901962225961,0.4660901962225961,0.3451515925009359,0.6288078657188081,153.92534209605552
2290,687000,190.83333333333334,0.4954897049653081,0.4954897049653081,0.3608048603693251,0.626611677398279,154.31067811423586
2291,687300,190.91666666666666,0.49908154277945,0.49908154277945,0.356068423203101,0.6261370042875023,154.72577740468157
2292,687600,191.0,0.4854672247495068,0.4854672247495068,0.3487218741796512,0.6167367357584135,155.94577432432615
2293,687900,191.08333333333334,0.4767758689923033,0.4767758689923033,0.3340014497944095,0.6226720527761427,157.57107682034822
2294,688200,191.16666666666666,0.4947924858235951,0.4947924858235951,0.324563488336955,0.6242854188530146,158.4144247129186
2295,688500,191.25,0.5026907722114861,0.5026907722114861,0.3252982851886549,0.6195496302063966,160.40329807001643
2296,688800,191.33333333333334,0.5023905133721145,0.5023905133721145,0.3271606036581079,0.6279803494485116,163.2317399933581
2297,689100,191.41666666666666,0.500349874246257,0.500349874246257,0.3217277816817468,0.6260267327126152,164.1842128820762
2298,689400,191.5,0.5016021552017,0.5016021552017,0.3184393789071445,0.6250929480431063,164.01938784324042
2299,689700,191.58333333333334,0.5183492995675841,0.5183492995675841,0.3155748270526271,0.6194355087792307,162.74628063577913
2300,690000,191.66666666666666,0.5020828495357321,0.5020828495357321,0.3099632097335619,0.6134302980548473,163.37614965207868
2301,690300,191.75,0.4984150355682159,0.4984150355682159,0.3162872527997045,0.6145159851518016,165.1307091561521
2302,690600,191.83333333333334,0.5109946649217092,0.5109946649217092,0.319549792469299,0.6141962077182319,163.1549410682291
2303,690900,191.91666666666666,0.5043836469341,0.5043836469341,0.3148130038968068,0.6189879596481809,162.8550189612193
2304,691200,192.0,0.5045642288318184,0.5045642288318184,0.3165543523334737,0.6212084724715687,164.29530753819012
2305,691500,192.08333333333334,0.4896756986041729,0.4896756986041729,0.308024609074353,0.6178265920059627,164.39222191370317
2306,691800,192.16666666666666,0.5000994431651291,0.5000994431651291,0.3099340754956474,0.6070037439382178,164.30123419724845
2307,692100,192.25,0.5100647420645591,0.5100647420645591,0.3059313409996323,0.587495163266405,160.29382480610303
2308,692400,192.33333333333334,0.5137608462282945,0.5137608462282945,0.3124646887366554,0.5881691182676866,160.6521600675126
2309,692700,192.41666666666666,0.5128375493578093,0.5128375493578093,0.3146094496023176,0.5873486746414756,160.42477785249883
2310,693000,192.5,0.4999733386211832,0.4999733386211832,0.3078405840844146,0.5788081307306944,160.21410366452176
2311,693300,192.58333333333334,0.5013152953992951,0.5013152953992951,0.3083803753835885,0.5786203810086251,161.27841155435533
2312,693600,192.66666666666666,0.4971506635364168,0.4971506635364168,0.3069907092815408,0.5791303574335978,162.90919298995752
2313,693900,192.75,0.5108164360572162,0.5108164360572162,0.3192657327041268,0.5843462378883265,164.74316761897074
2314,694200,192.83333333333334,0.5084175486331514,0.5084175486331514,0.3158550439829359,0.5804050717730397,164.83121542918676
2315,694500,192.91666666666666,0.5053411473487145,0.5053411473487145,0.315752337743907,0.5776120304528104,163.17199392101045
2316,694800,193.0,0.5024620375530476,0.5024620375530476,0.3161734612601823,0.581255228066647,163.33196317126868
2317,695100,193.08333333333334,0.4971307608095833,0.4971307608095833,0.3145755527343122,0.5767884351907772,163.67186754562894
2318,695400,193.16666666666666,0.4899144576981384,0.4899144576981384,0.3133617805823799,0.5798912420656757,162.24044239585174
2319,695700,193.25,0.4952350820086605,0.4952350820086605,0.3113482392373638,0.5773652262413757,163.25527469727615
2320,696000,193.33333333333334,0.4990567745990324,0.4990567745990324,0.3116662378897811,0.5761171496090222,161.66843729296647
2321,696300,193.41666666666666,0.5037179946705498,0.5037179946705498,0.3100675595682833,0.5729963887788514,161.5812566624943
2322,696600,193.5,0.5007378315220424,0.5007378315220424,0.3134440352173041,0.5728253046542304,162.40347923139464
2323,696900,193.58333333333334,0.5103282399132492,0.5103282399132492,0.3148023334474866,0.5762840688646702,161.84968985305497
2324,697200,193.66666666666666,0.5099576428388638,0.5099576428388638,0.3164667148910086,0.5780920715215668,163.45759799087335
2325,697500,193.75,0.514141448599073,0.514141448599073,0.3167425911363266,0.5796295733584264,162.98161681212338
2326,697800,193.83333333333334,0.5146455828769001,0.5146455828769001,0.3152648177192966,0.5778398916208644,162.70127595037889
2327,698100,193.91666666666666,0.512330185380291,0.512330185380291,0.3159329678339762,0.5799136166653047,163.89470772213284
2328,698400,194.0,0.5203776374101728,0.5203776374101728,0.3159883931770018,0.5779798997519885,162.80814807991257
2329,698700,194.08333333333334,0.5296749257697222,0.5296749257697222,0.3182107939569394,0.5811733433152514,160.27320123050583
2330,699000,194.16666666666666,0.5166185264459456,0.5166185264459456,0.3191930154605981,0.581718789112377,160.32347628106982
2331,699300,194.25,0.4745862204854097,0.4745862204854097,0.3027342931041876,0.5582761240199332,154.24329193027123
2332,699600,194.33333333333334,0.4666175724021011,0.4666175724021011,0.3002235416862913,0.5735690001914052,157.3845512420843
2333,699900,194.41666666666666,0.4778524503690441,0.4778524503690441,0.3018065888020391,0.5804199672225139,157.33765704372692
2334,700200,194.5,0.4733948236462747,0.4733948236462747,0.3051442722887448,0.569371804107275,154.75747265779682
2335,700500,194.58333333333334,0.4595416782832128,0.4595416782832128,0.3058645038790906,0.5675718960794968,151.04795610482594
2336,700800,194.66666666666666,0.4578080603920292,0.4578080603920292,0.3108458123395181,0.5733674498484745,155.96580501910012
2337,701100,194.75,0.4526461362475194,0.4526461362475194,0.3163097447904019,0.5816088132866993,157.15391101525535
2338,701400,194.83333333333334,0.4445014279633024,0.4445014279633024,0.3146359087963513,0.5865265835685134,158.6399077366942
2339,701700,194.91666666666666,0.4434254578742467,0.4434254578742467,0.3155843360793089,0.5929569973670843,160.7936641242112
2340,702000,195.0,0.431810281809565,0.431810281809565,0.315603539061408,0.597394160447003,161.3715395933849
2341,702300,195.08333333333334,0.4406208734712924,0.4406208734712924,0.315118559224978,0.6030748068056824,161.3275635388702
2342,702600,195.16666666666666,0.4385944789707404,0.4385944789707404,0.3131736363126264,0.6090432740498104,161.20484825579382
2343,702900,195.25,0.4570559619003866,0.4570559619003866,0.3156094179443202,0.6106891336509854,160.22139888954356
2344,703200,195.33333333333334,0.454226235522405,0.454226235522405,0.3168905812412851,0.6127769446176692,160.7717320777425
2345,703500,195.41666666666666,0.464797752107368,0.464797752107368,0.3196237463649115,0.6162273325158577,161.01309896300654
2346,703800,195.5,0.4741219855716984,0.4741219855716984,0.3155916130032567,0.6127720754587938,159.40709816056767
2347,704100,195.58333333333334,0.4879558431978625,0.4879558431978625,0.3168011043197277,0.6125534094065792,159.37837411402083
2348,704400,195.66666666666666,0.4889087037147269,0.4889087037147269,0.3193705146652278,0.6144418126019305,159.25679574060794
2349,704700,195.75,0.4900841709074153,0.4900841709074153,0.3194174645368249,0.5972996869933506,158.3657566956006
2350,705000,195.83333333333334,0.4889029032381563,0.4889029032381563,0.3207466417882477,0.5905704742599192,156.5310559218078
2351,705300,195.91666666666666,0.4725733092219438,0.4725733092219438,0.3174832534634934,0.5855317070222927,153.58455130465475
2352,705600,196.0,0.447279411109634,0.447279411109634,0.3139267604654944,0.585617192030487,154.4074231056528
2353,705900,196.08333333333334,0.4421369798471611,0.4421369798471611,0.3122754019911463,0.5860641113417742,155.0970987390675
2354,706200,196.16666666666666,0.4414790164070716,0.4414790164070716,0.308285278094618,0.5865915197054644,155.31377210215123
2355,706500,196.25,0.4705699138127417,0.4705699138127417,0.3149507369374515,0.5893998523745119,156.7063652275807
2356,706800,196.33333333333334,0.4727643519655124,0.4727643519655124,0.3179220001771474,0.5893544759008558,156.86928064382278
2357,707100,196.41666666666666,0.4278294188514495,0.4278294188514495,0.3145866719853413,0.5870119934586246,156.11062016767684
2358,707400,196.5,0.4156796080933302,0.4156796080933302,0.3048108364809517,0.5861199457696804,155.23981402323008
2359,707700,196.58333333333334,0.433088302224355,0.433088302224355,0.3019914474805421,0.5934484655030522,155.99679733093717
2360,708000,196.66666666666666,0.5047063971055609,0.5047063971055609,0.3155747596649955,0.6020635737536766,159.29014800063595
2361,708300,196.75,0.5366078665374345,0.5366078665374345,0.3318584004577294,0.604833492642136,164.52803465505772
2362,708600,196.83333333333334,0.5414074850072697,0.5414074850072697,0.3338272423733542,0.5927067446645653,165.5127922473046
2363,708900,196.91666666666666,0.5203651151505849,0.5203651151505849,0.325986963018453,0.5710224596258592,161.70013301822024
2364,709200,197.0,0.5126600490398714,0.5126600490398714,0.3258890940857543,0.5657764872197903,160.6308549995584
2365,709500,197.08333333333334,0.4987116883856916,0.4987116883856916,0.3238473348667977,0.5577078590842931,157.5226724114707
2366,709800,197.16666666666666,0.490673232791045,0.490673232791045,0.322727338112716,0.5558237582596594,157.71021900731478
2367,710100,197.25,0.4925834006666061,0.4925834006666061,0.3233334842215814,0.5574482040304456,159.34249296145146
2368,710400,197.33333333333334,0.4937658309936522,0.4937658309936522,0.3245711793839422,0.5586933205587695,160.71773465284565
2369,710700,197.41666666666666,0.48565335826176,0.48565335826176,0.3209677178685242,0.5548084754284812,159.4757315728837
2370,711000,197.5,0.4932267482948679,0.4932267482948679,0.3172492605922026,0.5492374920018893,156.14419877397825
2371,711300,197.58333333333334,0.4956666312437207,0.4956666312437207,0.3196522548254179,0.5508526214895769,156.7925783951998
2372,711600,197.66666666666666,0.4990045054997512,0.4990045054997512,0.3216388504893516,0.5523429349626591,156.94484982120036
2373,711900,197.75,0.4948674029451076,0.4948674029451076,0.3215236794657831,0.5533828180010734,156.47779588317644
2374,712200,197.83333333333334,0.4952735778762089,0.4952735778762089,0.3209250615864271,0.5532000474813481,156.3879047665072
2375,712500,197.91666666666666,0.4887134969955365,0.4887134969955365,0.3202025981220312,0.5542470877921051,157.8773874313429
2376,712800,198.0,0.4947385562144641,0.4947385562144641,0.3230005713013141,0.5602040731809973,157.64058987285358
2377,713100,198.08333333333334,0.4811418632783397,0.4811418632783397,0.3190492581342098,0.5576196923733826,157.98078874399428
2378,713400,198.16666666666666,0.448849857392756,0.448849857392756,0.3127764896417261,0.5596706607155867,157.57266496967884
2379,713700,198.25,0.4599530677966029,0.4599530677966029,0.3125522981501385,0.5640794604162476,156.5444170924017
2380,714000,198.33333333333334,0.4487326106881672,0.4487326106881672,0.3093838449366866,0.5687173324572555,156.56998544562074
2381,714300,198.41666666666666,0.4416695523157822,0.4416695523157822,0.3073245796903827,0.5746660460324672,155.65687271476398
2382,714600,198.5,0.4575929534122644,0.4575929534122644,0.3092670800313168,0.5802657595977816,156.97931227235333
2383,714900,198.58333333333334,0.5151112074530586,0.5151112074530586,0.3236646400157723,0.5883400305216401,159.11948822347563
2384,715200,198.66666666666666,0.5447846369415632,0.5447846369415632,0.3351437071078486,0.5896052271915491,163.31891700904723
2385,715500,198.75,0.5422726322323388,0.5422726322323388,0.334158049032176,0.5815223173132749,165.6008890490692
2386,715800,198.83333333333334,0.5323737634981169,0.5323737634981169,0.3292042704309319,0.5708719104776951,165.23772921508169
2387,716100,198.91666666666666,0.5275744195268071,0.5275744195268071,0.327482694093503,0.5655873146891041,164.08133645162286
2388,716400,199.0,0.500875905462095,0.500875905462095,0.3210799329090369,0.5582585032331805,160.9147631033407
2389,716700,199.08333333333334,0.4901457288493529,0.4901457288493529,0.3196050449463621,0.5574713890376568,159.6458803295353
2390,717000,199.16666666666666,0.4967146342491679,0.4967146342491679,0.3186363562634041,0.5575834340992029,160.23000599212332
2391,717300,199.25,0.5025890799597339,0.5025890799597339,0.3208658577671903,0.5590124299907476,161.8202224249255
2392,717600,199.33333333333334,0.5032090884857201,0.5032090884857201,0.3219874524793938,0.5568591674322423,161.20372277859133
2393,717900,199.41666666666666,0.5046474469581618,0.5046474469581618,0.3221616819629663,0.5571277235348853,161.80081650554894
2394,718200,199.5,0.5074137509238726,0.5074137509238726,0.3234548564848465,0.557997751531594,162.2983550578299
2395,718500,199.58333333333334,0.5107439761118691,0.5107439761118691,0.3252777337470616,0.5585182558073861,163.13860658428734
2396,718800,199.66666666666666,0.4947785962813021,0.4947785962813021,0.3220750824613622,0.5570609305393973,162.81051989478112
2397,719100,199.75,0.4713080337944726,0.4713080337944726,0.3191542974403413,0.5505648781841749,161.48182049351036
2398,719400,199.83333333333334,0.4539184383165431,0.4539184383165431,0.3150379478598112,0.5528624841508752,160.7966503601971
2399,719700,199.91666666666666,0.465349606077562,0.465349606077562,0.3155726564441876,0.5565674924879531,160.00647932442624
2400,720000,200.0,0.4532359241409193,0.4532359241409193,0.3138673874836704,0.5579488722667516,159.19087000326914
2401,720300,200.08333333333334,0.4614846849145832,0.4614846849145832,0.3134588926221658,0.5603196629908825,159.3153210781343
2402,720600,200.16666666666666,0.4854224794712815,0.4854224794712815,0.3173606948379384,0.5639476073180898,160.54575747454538
2403,720900,200.25,0.492790051716621,0.492790051716621,0.3195908203412005,0.5650435941594583,162.02369794882637
2404,721200,200.33333333333334,0.4902942594073372,0.4902942594073372,0.3167021856678282,0.5626642999185687,163.72397988089017
2405,721500,200.41666666666666,0.5134058684007643,0.5134058684007643,0.3208012041897283,0.562024789749305,165.53803203913327
2406,721800,200.5,0.5078050055292053,0.5078050055292053,0.3194423163369709,0.5603561986812152,166.62674495953692
2407,722100,200.58333333333334,0.5004351948334917,0.5004351948334917,0.3185958948561809,0.5579337623061204,167.2132131201462
2408,722400,200.66666666666666,0.5092079254106965,0.5092079254106965,0.3217233008159617,0.5592523450942584,167.63493153273728
2409,722700,200.75,0.5033838168392327,0.5033838168392327,0.3203771857711364,0.559081448965926,166.90107566621484
2410,723000,200.83333333333334,0.5069479040406968,0.5069479040406968,0.3189924482238365,0.5562086927295887,165.35156267317987
2411,723300,200.91666666666666,0.5135937058861441,0.5135937058861441,0.3202168096043565,0.5551020227465798,164.841821864263
2412,723600,201.0,0.5011492871021443,0.5011492871021443,0.3195201449730142,0.5502762670886341,163.6214120818739
2413,723900,201.08333333333334,0.49754827568797,0.49754827568797,0.3195607376719019,0.5495675967752159,163.00479772788285
2414,724200,201.16666666666666,0.4836740070199171,0.4836740070199171,0.3167924664832068,0.544975793219907,160.45966575484914
2415,724500,201.25,0.4515976488547828,0.4515976488547828,0.3090202543039801,0.5402529934870431,159.45132394098502
2416,724800,201.33333333333334,0.437122569894805,0.437122569894805,0.3102092785559566,0.5480034568181135,158.12855565378027
2417,725100,201.41666666666666,0.4635821564410745,0.4635821564410745,0.3109458875849977,0.5533707759244649,158.20165917704136
2418,725400,201.5,0.4731471107941184,0.4731471107941184,0.3132364461305396,0.5550771225321416,158.93461968784788
2419,725700,201.58333333333334,0.4585782713201409,0.4585782713201409,0.3088870251587055,0.5565571534414336,160.317954416533
2420,726000,201.66666666666666,0.4853263322985682,0.4853263322985682,0.3144713250765303,0.5629627186487706,162.09723515167545
2421,726300,201.75,0.5284786934022231,0.5284786934022231,0.3227416475068564,0.5663047296869761,163.23183484851856
2422,726600,201.83333333333334,0.539967054272844,0.539967054272844,0.3260387869282534,0.5656498454164298,164.65305135933582
2423,726900,201.91666666666666,0.5283236307786667,0.5283236307786667,0.3227812098545561,0.5602775310253476,165.1647295203544
2424,727200,202.0,0.5140226722260473,0.5140226722260473,0.321307450469291,0.5539528555994628,164.90321224598918
2425,727500,202.08333333333334,0.5056284595125153,0.5056284595125153,0.3172869286039038,0.5495748189104112,162.9072936308862
2426,727800,202.16666666666666,0.4938068269555131,0.4938068269555131,0.3159553350819512,0.5500846019266256,161.806149967091
2427,728100,202.25,0.4988222387074953,0.4988222387074953,0.3158038516097495,0.5515635342257893,162.3600792057067
2428,728400,202.33333333333334,0.5009176544352443,0.5009176544352443,0.3166394390870689,0.5543649733612277,163.4188855163169
2429,728700,202.41666666666666,0.4944882245417884,0.4944882245417884,0.3166663680168767,0.5569331372863521,164.44630929107296
2430,729000,202.5,0.5053036660759158,0.5053036660759158,0.3185892053699372,0.5578423636521913,165.81466423658355
2431,729300,202.58333333333334,0.5044966700892182,0.5044966700892182,0.3209105197208092,0.5574541757949509,166.0342704214792
2432,729600,202.66666666666666,0.4969339236939748,0.4969339236939748,0.3190541691541101,0.5564607664059618,166.45970438327456
2433,729900,202.75,0.4819980190477296,0.4819980190477296,0.3135115671584619,0.5558581661654237,166.14637883401457
2434,730200,202.83333333333334,0.4801440573728421,0.4801440573728421,0.3130857545668679,0.5575726081745668,165.17352729380983
2435,730500,202.91666666666666,0.5093715764557158,0.5093715764557158,0.3181009799081316,0.5613241561468936,164.68273417447594
2436,730800,203.0,0.5112232358061006,0.5112232358061006,0.3195248963886454,0.5605631437387993,164.6768929507288
2437,731100,203.08333333333334,0.5099951921893159,0.5099951921893159,0.3180176590675136,0.5565465543558924,163.89510214599946
2438,731400,203.16666666666666,0.5033707609017624,0.5033707609017624,0.3161250428971163,0.5543734895450958,164.7501670313329
2439,731700,203.25,0.4991414191277055,0.4991414191277055,0.3162983384558818,0.5537561511605718,166.65183617392273
2440,732000,203.33333333333334,0.4991879589266237,0.4991879589266237,0.3163512512899057,0.5546411153914746,166.83022781461634
2441,732300,203.41666666666666,0.4765605235754647,0.4765605235754647,0.3140948245144572,0.5552996412298583,167.83489108980618
2442,732600,203.5,0.4315081506588376,0.4315081506588376,0.3098000016345925,0.558018216140397,167.46293509684773
2443,732900,203.58333333333334,0.4355129299212353,0.4355129299212353,0.3076935429852126,0.56276787357476,164.2659879158788
2444,733200,203.66666666666666,0.4732334491023934,0.4732334491023934,0.3126723653256418,0.5674924426328222,161.87071363452893
2445,733500,203.75,0.5284211044031986,0.5284211044031986,0.322986136331059,0.5707710766146887,163.72327773404456
2446,733800,203.83333333333334,0.5337655784615501,0.5337655784615501,0.3256974982264665,0.566804216225991,167.33072036872244
2447,734100,203.91666666666666,0.5209907614953212,0.5209907614953212,0.323795782783855,0.5629167719701057,169.61001656909852
2448,734400,204.0,0.5125845398585336,0.5125845398585336,0.3192883151645386,0.5559780609565282,168.18437437040194
2449,734700,204.08333333333334,0.5030959278687822,0.5030959278687822,0.3167024755861237,0.5535071476728359,167.30585854273517
2450,735000,204.16666666666666,0.4922393960119131,0.4922393960119131,0.3142377151360392,0.5530016205130571,166.57072329352872
2451,735300,204.25,0.4932211447650053,0.4932211447650053,0.3146769464519395,0.5533655834692918,166.98575373400476
2452,735600,204.33333333333334,0.4940657806823452,0.4940657806823452,0.3124854164876543,0.5552282675912742,168.70408557805823
2453,735900,204.41666666666666,0.5012333597136825,0.5012333597136825,0.314961204284251,0.5576254870965074,170.09095000665474
2454,736200,204.5,0.5029873739776792,0.5029873739776792,0.3169170750862393,0.5586443663443927,171.3882006010223
2455,736500,204.58333333333334,0.4965791995141816,0.4965791995141816,0.3166863621069163,0.5594916401875297,171.54198603649064
2456,736800,204.66666666666666,0.4841829863615876,0.4841829863615876,0.3156794329134744,0.5612488963603258,171.9169659235427
2457,737100,204.75,0.4595278228203887,0.4595278228203887,0.3125483547912145,0.5639779153088079,169.82055886056344
2458,737400,204.83333333333334,0.4630996096335574,0.4630996096335574,0.3148417188464659,0.5677152612702844,167.04209096989385
2459,737700,204.91666666666666,0.49601505881085,0.49601505881085,0.3175624864693393,0.5708558973731593,165.374575071012
2460,738000,205.0,0.5124644419574871,0.5124644419574871,0.3198781602314446,0.570695030486572,165.75681554719287
2461,738300,205.08333333333334,0.5033275820705423,0.5033275820705423,0.3174817612820305,0.5680243685773333,166.83616710395944
2462,738600,205.16666666666666,0.4771841364497071,0.4771841364497071,0.3111877411312695,0.5649190276181667,165.86153768937592
2463,738900,205.25,0.4383021464953591,0.4383021464953591,0.30460581532907,0.5677999844380256,164.45361364079216
2464,739200,205.33333333333334,0.4231534666687475,0.4231534666687475,0.3023197595339092,0.5738462539362246,162.62505375423035
2465,739500,205.41666666666666,0.4963573471532054,0.4963573471532054,0.3131613230139963,0.5817865254472129,163.13891235562946
2466,739800,205.5,0.5413397507904222,0.5413397507904222,0.3244989434328384,0.5862405365128388,167.7762906708861
2467,740100,205.58333333333334,0.5329359056893349,0.5329359056893349,0.3232231654220713,0.5820446528488318,171.40694020544396
2468,740400,205.66666666666666,0.5193518590102469,0.5193518590102469,0.3213688114045955,0.5794901198797506,173.85465202624889
2469,740700,205.75,0.5205495419852992,0.5205495419852992,0.3216337530376927,0.5765861345703115,173.79439844242975
2470,741000,205.83333333333334,0.5160499173586495,0.5160499173586495,0.3206151683231809,0.5710054165301354,171.11035120609597
2471,741300,205.91666666666666,0.5005693154377698,0.5005693154377698,0.3161121664055005,0.5675111443556073,168.61742240402887
2472,741600,206.0,0.4637285005672708,0.4637285005672708,0.3078145698458863,0.5640062103923574,164.81643749858006
2473,741900,206.08333333333334,0.5013408103672601,0.5013408103672601,0.312224843408851,0.5676820423781681,164.03201150633748
2474,742200,206.16666666666666,0.5173452246487596,0.5173452246487596,0.3174722719260425,0.5710863400301489,165.78095568507766
2475,742500,206.25,0.5076788049924772,0.5076788049924772,0.3186506741260655,0.5695834673711421,166.7045533312393
2476,742800,206.33333333333334,0.471155261129872,0.471155261129872,0.3147785900107025,0.5676410569095803,167.2845164586644
2477,743100,206.41666666666666,0.4206141815426105,0.4206141815426105,0.3075988076390823,0.5680672176685467,165.3744817371132
2478,743400,206.5,0.4228240237841701,0.4228240237841701,0.3039942173728451,0.5737912040220843,162.52596845938413
2479,743700,206.58333333333334,0.4247934197487153,0.4247934197487153,0.3045164465031268,0.583168755710563,160.5142059640805
2480,744000,206.66666666666666,0.4382420729543475,0.4382420729543475,0.3067215053875677,0.5924735071214462,160.5201415137859
2481,744300,206.75,0.4395067424306599,0.4395067424306599,0.3103526817456035,0.6023460236270843,162.2404322465322
2482,744600,206.83333333333334,0.4610993191902969,0.4610993191902969,0.3180250797551068,0.6146724622748165,164.0996052040316
2483,744900,206.91666666666666,0.4806293208642234,0.4806293208642234,0.3276685811117067,0.6225835124433364,166.10928295364616
2484,745200,207.0,0.4799280997890103,0.4799280997890103,0.327661861240427,0.6189552114880881,168.29172925260443
2485,745500,207.08333333333334,0.46182098559404,0.46182098559404,0.3238531256629058,0.6194313432687487,169.8265824563711
2486,745800,207.16666666666666,0.4461000860343879,0.4461000860343879,0.3195583071221563,0.6201912466956703,168.7848001648433
2487,746100,207.25,0.4529038646577698,0.4529038646577698,0.3224954761299457,0.6201347135697132,168.15045682129792
2488,746400,207.33333333333334,0.4350694319724056,0.4350694319724056,0.3215820741313886,0.6195129249006202,167.71919472283207
2489,746700,207.41666666666666,0.4082340887063694,0.4082340887063694,0.3161796400415801,0.6194598160775817,167.24065698935468
2490,747000,207.5,0.4224166627526045,0.4224166627526045,0.319147461354368,0.6234837710784624,168.2363850412607
2491,747300,207.58333333333334,0.4341202192690774,0.4341202192690774,0.321193048223325,0.6271926935581728,168.7700942955891
2492,747600,207.66666666666666,0.4356854345520206,0.4356854345520206,0.3229121859080667,0.6300137309148823,167.9081113927187
2493,747900,207.75,0.4359634029780374,0.4359634029780374,0.3239514534252697,0.6272048855118902,165.83789474358673
2494,748200,207.83333333333334,0.4357469135248711,0.4357469135248711,0.327349322182792,0.6281400730224649,165.33121829426662
2495,748500,207.91666666666666,0.41606975523592,0.41606975523592,0.3255705802383403,0.6279975780879844,165.00381686617055
2496,748800,208.0,0.4162537917237086,0.4162537917237086,0.3215044143847496,0.6321023538420653,164.91078046388466
2497,749100,208.08333333333334,0.4088718219128865,0.4088718219128865,0.3257368755369669,0.637540852959263,165.23258893161335
2498,749400,208.16666666666666,0.4175345414337937,0.4175345414337937,0.3257857920158035,0.6387021278464381,167.36916416710875
2499,749700,208.25,0.4268609629537651,0.4268609629537651,0.3258082718520864,0.633685829995134,166.73995030682568
2500,750000,208.33333333333334,0.4432867232913212,0.4432867232913212,0.337095924855442,0.6378851210421138,166.52979578991875
2501,750300,208.41666666666666,0.4569177536377036,0.4569177536377036,0.3444268794404614,0.6402553008902818,167.8700739890529
2502,750600,208.5,0.4570502532319326,0.4570502532319326,0.3444326008341408,0.6405564915808812,167.92803260046227
2503,750900,208.58333333333334,0.4345068077658757,0.4345068077658757,0.3370725056675817,0.6411390951798599,167.7405932963438
2504,751200,208.66666666666666,0.4486655828996198,0.4486655828996198,0.3422706197268454,0.6425142556971641,164.61595422682916
2505,751500,208.75,0.4600975404083016,0.4600975404083016,0.3469861192289024,0.6426267717027933,165.16194139736302
2506,751800,208.83333333333334,0.4744228237354581,0.4744228237354581,0.326651320555406,0.5626926591829358,146.74605670327026
2507,752100,208.91666666666666,0.4747721031846152,0.4747721031846152,0.3258683985300194,0.5810610377314517,147.28406580757
2508,752400,209.0,0.4909014855067319,0.4909014855067319,0.3331069761062505,0.5909766216987941,148.57900719165366
2509,752700,209.08333333333334,0.5280720048488661,0.5280720048488661,0.3528059151441596,0.6007611743553314,150.05152134966917
2510,753000,209.16666666666666,0.5226964207186595,0.5226964207186595,0.3580433115828643,0.5968913585569294,150.44016697403475
2511,753300,209.25,0.529008664179398,0.529008664179398,0.3623215612370924,0.5939402398299357,150.40182282872448
2512,753600,209.33333333333334,0.5305983766431148,0.5305983766431148,0.3669456948385738,0.5937284082932553,149.0533729908996
2513,753900,209.41666666666666,0.5169925946817732,0.5169925946817732,0.3638520688561394,0.5915463938816381,148.5649354356688
2514,754200,209.5,0.532700593746354,0.532700593746354,0.3622528904390811,0.58888185714363,148.09066039943485
2515,754500,209.58333333333334,0.5145974585672585,0.5145974585672585,0.3551037048369339,0.5951761495473985,149.16236921882015
2516,754800,209.66666666666666,0.536692118135377,0.536692118135377,0.3531560007213692,0.5970994860085466,147.48678793982896
2517,755100,209.75,0.5335516791778578,0.5335516791778578,0.3585769632157751,0.5938345923874176,146.91631003756413
2518,755400,209.83333333333334,0.5367967297083386,0.5367967297083386,0.3584183053589796,0.5964587093952822,147.40823805185653
2519,755700,209.91666666666666,0.5077606722381806,0.5077606722381806,0.3617091654663157,0.5983684111991109,147.1070738619281
2520,756000,210.0,0.5045625588374628,0.5045625588374628,0.3581499472228606,0.5986869616052561,147.94337412970117
2521,756300,210.08333333333334,0.512623363739968,0.512623363739968,0.3611720516001694,0.5989679523573299,150.6943140596847
2522,756600,210.16666666666666,0.5307574336717853,0.5307574336717853,0.3757097206787561,0.6003919632702062,151.3029938836043
2523,756900,210.25,0.5519815518888063,0.5519815518888063,0.377484081623075,0.5997050766252073,151.5772487102052
2524,757200,210.33333333333334,0.5380515927107279,0.5380515927107279,0.363038297417861,0.593894536613314,149.3025488076904
2525,757500,210.41666666666666,0.5416287427808303,0.5416287427808303,0.370019567852151,0.6036763646324154,149.94526863238875
2526,757800,210.5,0.5390464458191908,0.5390464458191908,0.3713497148472832,0.604279609836226,148.4771935281056
2527,758100,210.58333333333334,0.541616554528102,0.541616554528102,0.3692958180994399,0.6032317085766882,149.05771311781342
2528,758400,210.66666666666666,0.5483171776310143,0.5483171776310143,0.3757625418138327,0.6030219679036023,146.92342146633897
2529,758700,210.75,0.5556795433762727,0.5556795433762727,0.38608657885447,0.6036142295856823,146.9157208575914
2530,759000,210.83333333333334,0.5488177405786897,0.5488177405786897,0.3779764476319918,0.6026348600314774,147.0221894323257
2531,759300,210.91666666666666,0.5432372814887048,0.5432372814887048,0.3773965607465992,0.600759744425765,147.90885464874074
2532,759600,211.0,0.5354552081159046,0.5354552081159046,0.382200752044756,0.5992181930347863,147.56043642638676
2533,759900,211.08333333333334,0.5373904206754486,0.5373904206754486,0.3859770638047342,0.6015060094324445,146.93037510139837
2534,760200,211.16666666666666,0.5447741895565159,0.5447741895565159,0.3750023685064247,0.59992228357221,146.4363988251598
2535,760500,211.25,0.5270518178719407,0.5270518178719407,0.3670269208021904,0.5992812660752531,146.1214090545723
2536,760800,211.33333333333334,0.5235117803523097,0.5235117803523097,0.3755228568968605,0.6029760414131274,148.12511900046565
2537,761100,211.41666666666666,0.4998268913140095,0.4998268913140095,0.3768586589080737,0.6030673992364399,150.1352050840927
2538,761400,211.5,0.5029333976570873,0.5029333976570873,0.3799710321790386,0.6053244100090194,151.36671419146822
2539,761700,211.58333333333334,0.4865518832252809,0.4865518832252809,0.3683032179494788,0.6049385165867487,151.19363536476402
2540,762000,211.66666666666666,0.4988393620614428,0.4988393620614428,0.3666305274280518,0.6044737818378866,150.78440010861735
2541,762300,211.75,0.5246426884507958,0.5246426884507958,0.3697897822186396,0.6053612861974855,150.90398988738443
2542,762600,211.83333333333334,0.5170330749957299,0.5170330749957299,0.3690921753754108,0.6036233229514864,150.8490397730557
2543,762900,211.91666666666666,0.5192038583896152,0.5192038583896152,0.3526029201674807,0.5949055934871467,148.22114822516275
2544,763200,212.0,0.4898660746320144,0.4898660746320144,0.3414568819091223,0.5943521704900272,147.10060593659264
2545,763500,212.08333333333334,0.5115235161531541,0.5115235161531541,0.3555509245003998,0.601546417234775,148.1754888526169
2546,763800,212.16666666666666,0.4889393489083408,0.4889393489083408,0.3501440371023732,0.5991364561318381,149.133672316956
2547,764100,212.25,0.5000224794660304,0.5000224794660304,0.3544718451953263,0.5955182332948923,149.27359689641287
2548,764400,212.33333333333334,0.4906682123725353,0.4906682123725353,0.3577053991652983,0.5981547099806933,151.28143088840778
2549,764700,212.41666666666666,0.506831379246906,0.506831379246906,0.356987594588985,0.6016520871379509,151.5623682854412
2550,765000,212.5,0.5152070769232339,0.5152070769232339,0.3646480962747667,0.6097369179006948,153.1079589463589
2551,765300,212.58333333333334,0.5141097095153727,0.5141097095153727,0.3674264006509017,0.6071775259586775,152.8446466367703
2552,765600,212.66666666666666,0.5132683907904558,0.5132683907904558,0.379610304765572,0.6068432375191903,152.56175881537655
2553,765900,212.75,0.5265091768325115,0.5265091768325115,0.374538791927671,0.6021879036720186,151.96048697519447
2554,766200,212.83333333333334,0.5515695457819343,0.5515695457819343,0.3752960092162164,0.6083113227318832,151.99453391203502
2555,766500,212.91666666666666,0.5549863425922111,0.5549863425922111,0.3709175724692675,0.6050760212707019,150.887005812977
2556,766800,213.0,0.5558941311177071,0.5558941311177071,0.3777863569728182,0.6055752454751304,149.68048197581467
2557,767100,213.08333333333334,0.5557528244372402,0.5557528244372402,0.3815725178520679,0.605287607362154,150.8495052113989
2558,767400,213.16666666666666,0.5492394686981807,0.5492394686981807,0.374395988291329,0.6015748067921961,151.12237642127218
2559,767700,213.25,0.5630027817739128,0.5630027817739128,0.3816667369208689,0.6063928763168673,152.8873770399858
2560,768000,213.33333333333334,0.5532188283638255,0.5532188283638255,0.3717541749918159,0.5971256449670092,152.7641822713345
2561,768300,213.41666666666666,0.4956974657757365,0.4956974657757365,0.3271319981376057,0.5779121692080469,152.46679978395989
2562,768600,213.5,0.4936058628220802,0.4936058628220802,0.322160548250014,0.5799979203206459,151.80972111698028
2563,768900,213.58333333333334,0.4923099673452917,0.4923099673452917,0.3219419622581362,0.5836282119417221,151.08286490962524
2564,769200,213.66666666666666,0.4906174174696436,0.4906174174696436,0.3303972657621791,0.6015314262007626,153.47082405697816
2565,769500,213.75,0.4941573191503856,0.4941573191503856,0.3365288351103976,0.6053757206805852,152.42217805072244
2566,769800,213.83333333333334,0.4717165441845802,0.4717165441845802,0.3217995774283964,0.5977017646427137,151.58996854967214
2567,770100,213.91666666666666,0.4722554667439972,0.4722554667439972,0.3326399833324608,0.6046748445003227,154.72225699045313
2568,770400,214.0,0.4901250295246316,0.4901250295246316,0.347679598293877,0.6146664349391578,155.97705212793267
2569,770700,214.08333333333334,0.4796279018035561,0.4796279018035561,0.3478439419295013,0.6183946719070231,156.03371821816384
2570,771000,214.16666666666666,0.4761576059571251,0.4761576059571251,0.3530603435964345,0.6216949413437254,153.79540317837862
2571,771300,214.25,0.4841902852240257,0.4841902852240257,0.3535702884906455,0.6236359665016276,156.1902388512099
2572,771600,214.33333333333334,0.4840514480958566,0.4840514480958566,0.3439138476286622,0.6215279481021608,157.10140904411378
2573,771900,214.41666666666666,0.5032786479295933,0.5032786479295933,0.3549974673110005,0.6261564326136,158.87741897557572
2574,772200,214.5,0.480585960112797,0.480585960112797,0.3576744369522343,0.6308352431126153,160.7651149290066
2575,772500,214.58333333333334,0.4861217205937777,0.4861217205937777,0.3576816419204837,0.631107491966911,159.82146543267126
2576,772800,214.66666666666666,0.4873613095731995,0.4873613095731995,0.3548395850177219,0.6277601796718928,158.45627830199808
2577,773100,214.75,0.4953380233694823,0.4953380233694823,0.3508238775450132,0.6274219781539143,157.0883387935722
2578,773400,214.83333333333334,0.4932337749869891,0.4932337749869891,0.3513958520561512,0.6273162540003706,156.62789193036951
2579,773700,214.91666666666666,0.4884583796787491,0.4884583796787491,0.3490135640609154,0.623154525159337,155.46516114370277
2580,774000,215.0,0.4943312381196874,0.4943312381196874,0.3389593383785951,0.6160553111608987,154.34470241897438
2581,774300,215.08333333333334,0.4910273011667732,0.4910273011667732,0.3368431179381853,0.6149745306607843,153.45488407176964
2582,774600,215.16666666666666,0.4735445260977344,0.4735445260977344,0.3319967508097818,0.6149834745669545,153.99405697980387
2583,774900,215.25,0.4886895468352852,0.4886895468352852,0.3257771081402711,0.6070624943644578,152.81717931663854
2584,775200,215.33333333333334,0.4803479867469298,0.4803479867469298,0.3257386979713478,0.6074097157979325,152.7013431052647
2585,775500,215.41666666666666,0.4650961863117134,0.4650961863117134,0.3172245880800212,0.6053200602870765,153.13264364426686
2586,775800,215.5,0.4795762286312731,0.4795762286312731,0.3188879310303102,0.6100452505889024,153.65573679957765
2587,776100,215.58333333333334,0.4976403360300894,0.4976403360300894,0.3196613921436556,0.615982668435685,154.56139524564458
2588,776400,215.66666666666666,0.4982508341794572,0.4982508341794572,0.3166978933996656,0.6156488534939989,155.48231971808616
2589,776700,215.75,0.5125260637231742,0.5125260637231742,0.3216837806771485,0.6154875747551873,156.27401568890338
2590,777000,215.83333333333334,0.5033448302505823,0.5033448302505823,0.3219459164014114,0.6196437747056147,156.5837168222387
2591,777300,215.91666666666666,0.5001572735490197,0.5001572735490197,0.3185876600016291,0.6232669068158527,157.07777557320966
2592,777600,216.0,0.4928187539508401,0.4928187539508401,0.3136490369485493,0.6191481512212251,157.11557465130107
2593,777900,216.08333333333334,0.5098433385005868,0.5098433385005868,0.3227510981658665,0.6215616057878,156.62707315315174
2594,778200,216.16666666666666,0.5074071236544798,0.5074071236544798,0.3243488870380088,0.6138141964028955,156.5513411845483
2595,778500,216.25,0.5124802645629015,0.5124802645629015,0.3258805836119298,0.6133180380836748,156.3637019942298
2596,778800,216.33333333333334,0.5015535864507215,0.5015535864507215,0.3145415650608334,0.6013080869706869,155.6959886049754
2597,779100,216.41666666666666,0.5114152173849581,0.5114152173849581,0.3197733491395593,0.595556900076377,155.40545056145777
2598,779400,216.5,0.5118920425905251,0.5118920425905251,0.3138883588953008,0.5954729418969842,155.2929401626249
2599,779700,216.58333333333334,0.5165108673354827,0.5165108673354827,0.314555975293543,0.5967734660563084,155.65400374932722
2600,780000,216.66666666666666,0.5155831347156672,0.5155831347156672,0.3195591951301386,0.5978461033327054,156.33517785766702
2601,780300,216.75,0.4796090496415373,0.4796090496415373,0.3115553009456719,0.5932886076923699,157.59116242017308
2602,780600,216.83333333333334,0.4871748050094316,0.4871748050094316,0.3146558957470816,0.5910801942298775,157.50855917891076
2603,780900,216.91666666666666,0.4999204827750894,0.4999204827750894,0.3147170670174502,0.5933929723703554,157.68583591172447
2604,781200,217.0,0.5079789951725416,0.5079789951725416,0.3209170520632793,0.6019406789782386,159.11165577565538
2605,781500,217.08333333333334,0.5077279162898825,0.5077279162898825,0.3244986208925295,0.6053171262519117,160.14632188652874
2606,781800,217.16666666666666,0.4839839529091967,0.4839839529091967,0.3180182395796229,0.6008731589589277,162.1069038518651
2607,782100,217.25,0.4876284725323366,0.4876284725323366,0.320598952337406,0.6001821223447232,163.46664526572098
2608,782400,217.33333333333334,0.4784712432251717,0.4784712432251717,0.317397106659659,0.6003225673998553,163.84180135454054
2609,782700,217.41666666666666,0.474554814224104,0.474554814224104,0.3209419595586939,0.6055884298257486,163.6046969698602
2610,783000,217.5,0.4855880940874111,0.4855880940874111,0.3251432962450556,0.6124635234211566,163.4126793898257
2611,783300,217.58333333333334,0.4760587919676871,0.4760587919676871,0.3254474993521762,0.6158818510349874,163.9239175952658
2612,783600,217.66666666666666,0.4764634039868944,0.4764634039868944,0.3079977365245124,0.6021720337533143,162.6398594614028
2613,783900,217.75,0.5042956252434149,0.5042956252434149,0.3051611032197919,0.6005603887658251,164.29343575065312
2614,784200,217.83333333333334,0.5291156255789139,0.5291156255789139,0.3086556802563057,0.5665873065333255,153.87413655477937
2615,784500,217.91666666666666,0.5420726799206007,0.5420726799206007,0.3147948984817077,0.5671803292963383,154.86657964773133
2616,784800,218.0,0.5550659876759995,0.5550659876759995,0.3210618288894732,0.5625084208259014,154.52328249650287
2617,785100,218.08333333333334,0.5530212312727668,0.5530212312727668,0.3235398849926471,0.5651597243461968,151.34777228647098
2618,785400,218.16666666666666,0.5483677142369977,0.5483677142369977,0.3240139624537653,0.5695738608162645,150.6105110423882
2619,785700,218.25,0.5400850034676152,0.5400850034676152,0.3179998880577509,0.5578973225932664,149.77222089677443
2620,786000,218.33333333333334,0.5356325045618775,0.5356325045618775,0.3127936255425357,0.5612736052675807,150.70662272385144
2621,786300,218.41666666666666,0.5339352410014081,0.5339352410014081,0.3120671941012868,0.5633797431379782,151.95112446104372
2622,786600,218.5,0.5296863650887926,0.5296863650887926,0.3078430391908651,0.5535588966152523,149.89207050315156
2623,786900,218.58333333333334,0.5044868063415303,0.5044868063415303,0.3097298577438467,0.5567472598847663,147.94012937445407
2624,787200,218.66666666666666,0.5092058546323042,0.5092058546323042,0.3134654888829457,0.5627742937397473,149.64524895445166
2625,787500,218.75,0.5088581443014745,0.5088581443014745,0.3160569508547222,0.5664171459351206,151.1284435866111
2626,787800,218.83333333333334,0.5033737229748126,0.5033737229748126,0.3163760960865779,0.5675427846266579,152.06224959973565
2627,788100,218.91666666666666,0.5042516346528497,0.5042516346528497,0.3189362265705914,0.5665819802968775,151.7281984635772
2628,788400,219.0,0.5101615078300433,0.5101615078300433,0.3204012194356423,0.567382487661351,152.12878938763572
2629,788700,219.08333333333334,0.5050709986422558,0.5050709986422558,0.3222739375428763,0.568655557416294,151.01433650662636
2630,789000,219.16666666666666,0.5030790869449863,0.5030790869449863,0.3220242548672239,0.5669337212645621,148.78436097382456
2631,789300,219.25,0.4988738921183779,0.4988738921183779,0.3218301839189606,0.5675317218079012,148.98492581731102
2632,789600,219.33333333333334,0.5013369074627222,0.5013369074627222,0.321734889482513,0.5673414536050074,149.3946211818188
2633,789900,219.41666666666666,0.4985373661984351,0.4985373661984351,0.3218117462440632,0.567369844352653,149.87496722380124
2634,790200,219.5,0.4919371112274987,0.4919371112274987,0.3202061416512707,0.5643253297322824,148.03358352029576
2635,790500,219.58333333333334,0.4913939994259631,0.4913939994259631,0.3191255547541153,0.5641230997671707,147.1833184496584
2636,790800,219.66666666666666,0.4963846029232752,0.4963846029232752,0.3184495561730811,0.5653271956286706,147.55255868066493
2637,791100,219.75,0.5094608392789127,0.5094608392789127,0.3204648876733142,0.5666624468097168,148.63254100681047
2638,791400,219.83333333333334,0.510265362268783,0.510265362268783,0.3190157409846399,0.568352192528186,149.44427308654744
2639,791700,219.91666666666666,0.5121339525744536,0.5121339525744536,0.3194074355405896,0.5683402823180326,150.24782940274855
2640,792000,220.0,0.5170577707790955,0.5170577707790955,0.3203739931836464,0.5680050694782492,151.29743384279385
2641,792300,220.08333333333334,0.5110737230642715,0.5110737230642715,0.3178452813335694,0.5641267002265107,149.29551153038165
2642,792600,220.16666666666666,0.4896197272980611,0.4896197272980611,0.3146260296339859,0.5604141748592607,149.9553664899514
2643,792900,220.25,0.5013883454389813,0.5013883454389813,0.3145966578804768,0.5655019152657681,150.38260416785448
2644,793200,220.33333333333334,0.4856391770817621,0.4856391770817621,0.3097571841921772,0.5685056559593795,150.9045868725342
2645,793500,220.41666666666666,0.4995434264578297,0.4995434264578297,0.3166043514326561,0.5737782947850109,152.38761644988162
2646,793800,220.5,0.4920849920834261,0.4920849920834261,0.3141651362044345,0.5740347501040085,153.68202310167052
2647,794100,220.58333333333334,0.4742039136009043,0.4742039136009043,0.308293326202843,0.5771263281585112,153.71473467912827
2648,794400,220.66666666666666,0.4711746591627722,0.4711746591627722,0.3033398501802246,0.5838939286480618,154.37690137557604
2649,794700,220.75,0.4719853104554344,0.4719853104554344,0.3015808043234667,0.5960186293125642,157.2798414411836
2650,795000,220.83333333333334,0.4863198238263469,0.4863198238263469,0.3026966920687086,0.6118851032749524,162.49745429506467
2651,795300,220.91666666666666,0.5032002648416476,0.5032002648416476,0.3052850207222077,0.6235147601814928,167.12655159954545
2652,795600,221.0,0.5016150477455887,0.5016150477455887,0.3088429914257386,0.6331400353734106,169.41315342474527
2653,795900,221.08333333333334,0.5112002836641611,0.5112002836641611,0.3169384726590341,0.6455455484846706,171.35615823960444
2654,796200,221.16666666666666,0.5017729250441401,0.5017729250441401,0.3159926050331356,0.6428811337625794,174.96890205796848
2655,796500,221.25,0.5062602505157511,0.5062602505157511,0.3193814734613834,0.6454430040389347,174.79215474473688
2656,796800,221.33333333333334,0.5116006071234555,0.5116006071234555,0.3186096307537766,0.6485028755473373,175.41966189381984
2657,797100,221.41666666666666,0.516222749333732,0.516222749333732,0.3179165057878108,0.6508580389407709,175.54396127660488
2658,797400,221.5,0.5291608878301993,0.5291608878301993,0.3256485652487244,0.6526344942210233,175.80351425443183
2659,797700,221.58333333333334,0.525673572423557,0.525673572423557,0.3257390347343399,0.6535642928704871,176.1313192581267
2660,798000,221.66666666666666,0.5291812370937742,0.5291812370937742,0.3287739194391909,0.6531753088308787,176.0900045553305
2661,798300,221.75,0.524880549994442,0.524880549994442,0.3275208287084956,0.6517625225343983,175.8742790626968
2662,798600,221.83333333333334,0.5157220970932399,0.5157220970932399,0.3175245376349596,0.6450250672722129,171.03892923997907
2663,798900,221.91666666666666,0.5323459228340357,0.5323459228340357,0.3208297534821244,0.651196377226719,171.46516329869536
2664,799200,222.0,0.5337285391560723,0.5337285391560723,0.3288774535917216,0.6562286311229296,170.94708142373318
2665,799500,222.08333333333334,0.5438262289388075,0.5438262289388075,0.3362035028186606,0.6573802763234532,170.37557122587216
2666,799800,222.16666666666666,0.5404673402950831,0.5404673402950831,0.3318520192269309,0.6570895559747305,170.05117382143027
2667,800100,222.25,0.5392421424873485,0.5392421424873485,0.3283535217851153,0.6567621316367057,169.72427894788044
2668,800400,222.33333333333334,0.5306567010725426,0.5306567010725426,0.3255020930207549,0.6546181948134795,168.97143728208746
2669,800700,222.41666666666666,0.5281820952407696,0.5281820952407696,0.3228922131584907,0.6455144917092671,166.8354515800575
2670,801000,222.5,0.5230048890399304,0.5230048890399304,0.3169003803684698,0.6430862791982395,166.65780400506856
2671,801300,222.58333333333334,0.5252243868703789,0.5252243868703789,0.3215299553018274,0.6456033581640648,167.15927551024978
2672,801600,222.66666666666666,0.55088945379797,0.55088945379797,0.3339802141166104,0.6383482063276247,167.29455589651133
2673,801900,222.75,0.5591871504138255,0.5591871504138255,0.3385710815496041,0.6280025531752595,165.65388703961486
2674,802200,222.83333333333334,0.5491636088138222,0.5491636088138222,0.332431958004018,0.6099899126608285,163.56849691355288
2675,802500,222.91666666666666,0.5237817291126275,0.5237817291126275,0.3271798529946439,0.5862686276006405,159.1751394803306
2676,802800,223.0,0.5209277565917693,0.5209277565917693,0.3273362425562245,0.5766127159012561,159.1659331604833
2677,803100,223.08333333333334,0.5141831229249004,0.5141831229249004,0.3279057367638594,0.5727756649704281,158.6842104364662
2678,803400,223.16666666666666,0.511376303401128,0.511376303401128,0.3266199913135226,0.5692845327601485,157.54364870935638
2679,803700,223.25,0.5132199721172939,0.5132199721172939,0.3235509090086875,0.5648570981723858,157.11068294721002
2680,804000,223.33333333333334,0.5032697760027348,0.5032697760027348,0.3221966743567581,0.562867659299019,155.88484620156026
2681,804300,223.41666666666666,0.506501694514154,0.506501694514154,0.3216030267720384,0.5603378577811454,153.92203869551392
2682,804600,223.5,0.4988893889357418,0.4988893889357418,0.3154681523312929,0.5499256251335862,151.3808362511359
2683,804900,223.58333333333334,0.4896061108428802,0.4896061108428802,0.3215029935567017,0.5555073799660601,152.74644841057182
2684,805200,223.66666666666666,0.4946076503639917,0.4946076503639917,0.326616985831587,0.5682747120237747,153.92414904372288
2685,805500,223.75,0.4960832963463761,0.4960832963463761,0.3274834912676306,0.565232369521678,155.65974526537465
2686,805800,223.83333333333334,0.4953371064179463,0.4953371064179463,0.3288587073738264,0.5668452540255238,154.87112543398646
2687,806100,223.91666666666666,0.4947639255945599,0.4947639255945599,0.3289552506814929,0.566126167367553,153.05195297234687
2688,806400,224.0,0.4920946232467915,0.4920946232467915,0.3273532558662473,0.5647994118982191,153.2562384824782
2689,806700,224.08333333333334,0.4779700225612031,0.4779700225612031,0.3253920213324681,0.564383199647728,153.84802814986585
2690,807000,224.16666666666666,0.4848470210239586,0.4848470210239586,0.3270950045017213,0.5667425709844425,155.34947182528177
2691,807300,224.25,0.4908638627814309,0.4908638627814309,0.3286176861094347,0.5684653264029563,156.89630505398532
2692,807600,224.33333333333334,0.4852355636629953,0.4852355636629953,0.3300395919408265,0.5718505450402686,157.16845854812868
2693,807900,224.41666666666666,0.4436619966175595,0.4436619966175595,0.3234061719617195,0.5686684865031765,156.29825260412767
2694,808200,224.5,0.474527387142529,0.474527387142529,0.3202623782579414,0.5640006258045126,154.8268989888326
2695,808500,224.58333333333334,0.4983702164496554,0.4983702164496554,0.3224882908681543,0.5670471229042183,154.06946663270793
2696,808800,224.66666666666666,0.4911298869021515,0.4911298869021515,0.3232809562714622,0.5667703810529943,154.4789557632286
2697,809100,224.75,0.4851327120482895,0.4851327120482895,0.322539759996466,0.56842714975231,156.66688612526522
2698,809400,224.83333333333334,0.4899830277800414,0.4899830277800414,0.324270055124799,0.5706488257772759,157.4929696910106
2699,809700,224.91666666666666,0.483358761570796,0.483358761570796,0.3228101634663594,0.5686104093448275,156.52273616873805
2700,810000,225.0,0.489858342469782,0.489858342469782,0.3251389955062488,0.5737815524658816,157.78942789710163
2701,810300,225.08333333333334,0.4807821790100862,0.4807821790100862,0.3246557776176135,0.5752596140724757,157.7288414576912
2702,810600,225.16666666666666,0.4852954282906607,0.4852954282906607,0.3225390119004148,0.5733148515051861,158.18817597377395
2703,810900,225.25,0.4878004044123769,0.4878004044123769,0.324789992280949,0.5765902073304702,159.76200122330192
2704,811200,225.33333333333334,0.4806292093138898,0.4806292093138898,0.3238510082579567,0.5778133445348849,160.06730205174682
2705,811500,225.41666666666666,0.4268289114013994,0.4268289114013994,0.315513410673796,0.5742103447030712,159.3403585739218
2706,811800,225.5,0.4037867569824467,0.4037867569824467,0.3101661972979774,0.5802739289786314,158.85074114420632
2707,812100,225.58333333333334,0.4541805622120596,0.4541805622120596,0.3130241359453748,0.5902192205715671,160.35111166051323
2708,812400,225.66666666666666,0.4706136166392525,0.4706136166392525,0.3169542371164646,0.5910344732349192,162.41790811222583
2709,812700,225.75,0.4497423131520212,0.4497423131520212,0.317144810832558,0.5964202284566092,164.72742238805012
2710,813000,225.83333333333334,0.5008645061599578,0.5008645061599578,0.3233103497247956,0.5998741078533613,164.10797366768205
2711,813300,225.91666666666666,0.5333732857996097,0.5333732857996097,0.3329960586586772,0.6000979713517793,167.33229591804724
2712,813600,226.0,0.5008866993640824,0.5008866993640824,0.3240328646931886,0.5810693818655196,164.56048140261828
2713,813900,226.08333333333334,0.4868251214233107,0.4868251214233107,0.3240317380430911,0.5810104184468046,166.77944448180347
2714,814200,226.16666666666666,0.4820991485285838,0.4820991485285838,0.3249572125698486,0.5789854325943851,160.25355514340396
2715,814500,226.25,0.4784897866724535,0.4784897866724535,0.3237008563070716,0.5771814256993534,161.65138866167285
2716,814800,226.33333333333334,0.4708510745249732,0.4708510745249732,0.3230938478580729,0.5776625217042272,162.84931699027658
2717,815100,226.41666666666666,0.4638286951650244,0.4638286951650244,0.3217446877911679,0.5777075170371324,162.51822337452143
2718,815400,226.5,0.4451892154880964,0.4451892154880964,0.3192023781400244,0.5815017043881985,162.04779598086216
2719,815700,226.58333333333334,0.3931879324784455,0.3931879324784455,0.3090785293862865,0.5723550356866771,156.22961192333747
2720,816000,226.66666666666666,0.3603507464734256,0.3603507464734256,0.3045226762990096,0.5871973800151559,158.04425283326896
2721,816300,226.75,0.4007566394386709,0.4007566394386709,0.3051381350825065,0.6002080865540887,161.2679819560581
2722,816600,226.83333333333334,0.4406529443363723,0.4406529443363723,0.3135648708784094,0.6154092366738823,167.9681056220318
2723,816900,226.91666666666666,0.456628322261725,0.456628322261725,0.3255672421844958,0.6264949013250787,168.6364274603384
2724,817200,227.0,0.5212113903333474,0.5212113903333474,0.3435627931692216,0.6314501003058238,171.5144341985638
2725,817500,227.08333333333334,0.5334468936580729,0.5334468936580729,0.3417348197467693,0.6167121963811272,171.8688357486423
2726,817800,227.16666666666666,0.5246910525862666,0.5246910525862666,0.338901577220974,0.6092925803371211,172.13814283141815
2727,818100,227.25,0.4998527770491334,0.4998527770491334,0.3335259099285721,0.6047627489318076,171.6554537176365
2728,818400,227.33333333333334,0.4539713878969356,0.4539713878969356,0.3240063691755519,0.6009121449736653,169.64634976052704
2729,818700,227.41666666666666,0.4321878440795609,0.4321878440795609,0.3167234899699596,0.5996545141935963,167.45396458135522
2730,819000,227.5,0.4420789399087381,0.4420789399087381,0.3201187679161563,0.6053670278437998,166.4319358551232
2731,819300,227.58333333333334,0.4656322222153757,0.4656322222153757,0.3229485619468329,0.6105735187976804,166.3708672378558
2732,819600,227.66666666666666,0.4680865880736374,0.4680865880736374,0.3230007081451178,0.6142722507509781,166.87748851385277
2733,819900,227.75,0.4746534240870049,0.4746534240870049,0.326125542621777,0.6130380227108843,167.61829586068782
2734,820200,227.83333333333334,0.5260731327824466,0.5260731327824466,0.3365136939335648,0.6135034917815889,166.87267389290668
2735,820500,227.91666666666666,0.4735791704536352,0.4735791704536352,0.3247633509950194,0.5938126936106287,163.72941744085705
2736,820800,228.0,0.4528414161271515,0.4528414161271515,0.3189697659552932,0.5962647611629891,167.19443401064083
2737,821100,228.08333333333334,0.4686051483301775,0.4686051483301775,0.3213608855572436,0.6009453730709804,168.83354726361136
2738,821400,228.16666666666666,0.470447765264966,0.470447765264966,0.3239380199086985,0.6007066470560452,167.6999470385068
2739,821700,228.25,0.4688927360363197,0.4688927360363197,0.3240039215002547,0.6003514712428831,173.09478470610225
2740,822000,228.33333333333334,0.4796741648855592,0.4796741648855592,0.323813122753885,0.6012197622283892,173.41668747344087
2741,822300,228.41666666666666,0.4858975255861308,0.4858975255861308,0.3247035703398321,0.6032798222160768,174.7930707912316
2742,822600,228.5,0.4892125676317916,0.4892125676317916,0.3252547167181007,0.603718759761592,175.88369834193446
2743,822900,228.58333333333334,0.4772700349675559,0.4772700349675559,0.3233641238988735,0.600537006992121,175.14278955085163
2744,823200,228.66666666666666,0.4546814528907232,0.4546814528907232,0.3197316264718533,0.5975714660272342,168.77202000430532
2745,823500,228.75,0.4684634306546601,0.4684634306546601,0.3194883794615938,0.5964711275897207,170.5786993425282
2746,823800,228.83333333333334,0.4735036408789809,0.4735036408789809,0.3211210409541861,0.5984415719296948,173.99906393482317
2747,824100,228.91666666666666,0.4736619347856495,0.4736619347856495,0.3227718428457017,0.6010952494825825,176.03505206574084
2748,824400,229.0,0.4757116587680617,0.4757116587680617,0.324015203947026,0.6025798866979662,175.95981236351855
2749,824700,229.08333333333334,0.460764656799297,0.460764656799297,0.322319519321206,0.6017735295061273,174.8327190560701
2750,825000,229.16666666666666,0.4593754983904883,0.4593754983904883,0.3208718887375585,0.6024156079309257,174.424513252424
2751,825300,229.25,0.4901317767170567,0.4901317767170567,0.3242862176614127,0.60359971655551,174.89260390372414
2752,825600,229.33333333333334,0.4870820294091435,0.4870820294091435,0.3248320445865148,0.6053420985807614,175.97679707695718
2753,825900,229.41666666666666,0.4631784655668031,0.4631784655668031,0.3218574843853123,0.6055460995116395,175.27107741383887
2754,826200,229.5,0.459726966784252,0.459726966784252,0.3216641556925891,0.6070013341864914,174.30831113489538
2755,826500,229.58333333333334,0.4919875447016741,0.4919875447016741,0.3254050669521791,0.6062975776076795,175.3552927819174
2756,826800,229.66666666666666,0.4845267868119552,0.4845267868119552,0.3231351218766966,0.601834827096189,175.3087271396538
2757,827100,229.75,0.454603251625453,0.454603251625453,0.3186184214527507,0.5956552383314244,172.74553622441556
2758,827400,229.83333333333334,0.4616456798577507,0.4616456798577507,0.3182114726960549,0.5896373122754828,174.97830247126282
2759,827700,229.91666666666666,0.4834931740915867,0.4834931740915867,0.3192665442218619,0.5940505708136216,175.2239204238733
2760,828000,230.0,0.4756966455195976,0.4756966455195976,0.3164655330704471,0.5921185757086507,171.47931992597626
2761,828300,230.08333333333334,0.4772275417800835,0.4772275417800835,0.3191285196358602,0.5943787515648011,173.7401793523594
2762,828600,230.16666666666666,0.4712110393879828,0.4712110393879828,0.318408437504556,0.5963314244496772,173.9625931025663
2763,828900,230.25,0.4580545492254579,0.4580545492254579,0.3190872986707777,0.5988282332025631,172.9291771557746
2764,829200,230.33333333333334,0.424666549766329,0.424666549766329,0.3178705339277697,0.6046030652434634,170.8887829921401
2765,829500,230.41666666666666,0.404332107650156,0.404332107650156,0.3098979637325066,0.6012445829128087,168.06576168774777
2766,829800,230.5,0.4501589480454359,0.4501589480454359,0.3174812039708702,0.6110936758964046,168.67323478024738
2767,830100,230.58333333333334,0.4985997111147338,0.4985997111147338,0.3302375102307225,0.6200275257367605,170.45227316206714
2768,830400,230.66666666666666,0.5281442849207987,0.5281442849207987,0.3386517220330349,0.6203469203843941,174.17918945065705
2769,830700,230.75,0.5093744539967435,0.5093744539967435,0.3307487357561466,0.6091341849290084,175.32370602655328
2770,831000,230.83333333333334,0.4812917566938846,0.4812917566938846,0.32073284396792,0.597938091277298,174.57699822903444
2771,831300,230.91666666666666,0.4816345515840851,0.4816345515840851,0.3163872300070386,0.5938843371555375,173.113572544592
2772,831600,231.0,0.4923992139535386,0.4923992139535386,0.31775012890102,0.5874229502491299,170.7978339844213
2773,831900,231.08333333333334,0.4907251370631587,0.4907251370631587,0.3200579420337828,0.5916249637681286,171.58142735771312
2774,832200,231.16666666666666,0.4913108347877251,0.4913108347877251,0.3226974714093088,0.5940963465023801,171.76479024228047
2775,832500,231.25,0.4873563128758253,0.4873563128758253,0.3252200713002581,0.5969150644007726,171.97660802354076
2776,832800,231.33333333333334,0.4987273919317092,0.4987273919317092,0.325876206792524,0.5988499786102526,172.46985747377144
2777,833100,231.41666666666666,0.4902878678557054,0.4902878678557054,0.3259026060643021,0.5974103177964647,172.62357108532666
2778,833400,231.5,0.4970149402936172,0.4970149402936172,0.3275509737992084,0.5982675940851899,173.55479290610154
2779,833700,231.58333333333334,0.4907369185225812,0.4907369185225812,0.324829226987295,0.595138558140494,173.0860461112197
2780,834000,231.66666666666666,0.4435483115586179,0.4435483115586179,0.3167837048730345,0.5924031078021895,172.40312344074096
2781,834300,231.75,0.4084055402414585,0.4084055402414585,0.312910142952833,0.5954024587220301,169.98894980231432
2782,834600,231.83333333333334,0.4065126363060088,0.4065126363060088,0.3161392633422228,0.6053377684236807,167.09223061019773
2783,834900,231.91666666666666,0.4269363470560979,0.4269363470560979,0.3171797338375465,0.6138741281911125,165.5541728910833
2784,835200,232.0,0.4230246307404053,0.4230246307404053,0.3202965704406176,0.62048572137104,165.81009372976578
2785,835500,232.08333333333334,0.4290539901851272,0.4290539901851272,0.3180880725904805,0.6269841669148176,167.78868606231666
2786,835800,232.16666666666666,0.4629967313219333,0.4629967313219333,0.3189780063084532,0.6293683206631691,168.82222523591807
2787,836100,232.25,0.4818717177321277,0.4818717177321277,0.3261216316765886,0.6386853856769059,170.56978552374176
2788,836400,232.33333333333334,0.4670580655696755,0.4670580655696755,0.3250686632715919,0.6392756732374377,170.99786843712678
2789,836700,232.41666666666666,0.4662330785951129,0.4662330785951129,0.3243591336110111,0.6396760119905422,170.93013083120667
2790,837000,232.5,0.481827886562624,0.481827886562624,0.3269816706435633,0.6403030966956655,171.83497418396766
2791,837300,232.58333333333334,0.4679885010409159,0.4679885010409159,0.3250844862402937,0.6415514462362469,171.13602072892817
2792,837600,232.66666666666666,0.4592364042133737,0.4592364042133737,0.3266586536432699,0.647517890910782,171.64303778944148
2793,837900,232.75,0.471723302735331,0.471723302735331,0.3262046486121128,0.6487497045490224,170.3704686276207
2794,838200,232.83333333333334,0.4822482553872279,0.4822482553872279,0.3344482062659952,0.6514199145720585,170.97180619330155
2795,838500,232.91666666666666,0.4854262324852684,0.4854262324852684,0.3361173810997624,0.6539190374738814,171.6774499590093
2796,838800,233.0,0.4962198626241704,0.4962198626241704,0.3398104565726424,0.6571542853820714,171.65318070340683
2797,839100,233.08333333333334,0.5088692133902912,0.5088692133902912,0.3455952936206216,0.6579647204711717,172.15566109859995
2798,839400,233.16666666666666,0.4969134832249828,0.4969134832249828,0.3480429405628718,0.6580460558770052,173.19626206911198
2799,839700,233.25,0.477612869858694,0.477612869858694,0.3403985193230081,0.6560728388169768,172.1931979281676
2800,840000,233.33333333333334,0.477705183091177,0.477705183091177,0.3406081965956828,0.652964538406038,170.8507281833126
2801,840300,233.41666666666666,0.4754740815005714,0.4754740815005714,0.3363360323977628,0.6535177513720871,171.3262540665929
2802,840600,233.5,0.4711672223480039,0.4711672223480039,0.3327219744634364,0.6536098018159955,170.54356735808767
2803,840900,233.58333333333334,0.4745384200039572,0.4745384200039572,0.2944656637603928,0.5426488033065353,148.21729887928734
2804,841200,233.66666666666666,0.5198688023949638,0.5198688023949638,0.3152097752372622,0.5806763858117411,151.6607101242279
2805,841500,233.75,0.5138737310612831,0.5138737310612831,0.3099336416951284,0.5753264681820941,155.19454681435482
2806,841800,233.83333333333334,0.4982616886137751,0.4982616886137751,0.3114304780402975,0.5804561307659629,157.14411946025
2807,842100,233.91666666666666,0.5167942501665079,0.5167942501665079,0.3261774261792514,0.5890611838519076,157.4599035865194
2808,842400,234.0,0.5358435471238686,0.5358435471238686,0.3436941146656705,0.596302109924026,158.1692617936285
2809,842700,234.08333333333334,0.5122717571917853,0.5122717571917853,0.3427581484601875,0.6013183600537042,158.48636222768835
2810,843000,234.16666666666666,0.5375523937130317,0.5375523937130317,0.3547308111651385,0.6057538440279636,159.85630196294147
2811,843300,234.25,0.5258784782359252,0.5258784782359252,0.3463438351141013,0.6087530587976451,159.90263716654107
2812,843600,234.33333333333334,0.5282347477548506,0.5282347477548506,0.3535922604847728,0.6148198721854681,160.06252070339266
2813,843900,234.41666666666666,0.5268118480780785,0.5268118480780785,0.3489422523077007,0.6192372799791422,160.5446632702226
2814,844200,234.5,0.5188645788485545,0.5188645788485545,0.3416344571813614,0.6098423259936238,159.359743986041
2815,844500,234.58333333333334,0.5133955732325626,0.5133955732325626,0.3253452703000916,0.5990780775242507,160.20130176584948
2816,844800,234.66666666666666,0.5110974690255413,0.5110974690255413,0.3222621321351108,0.5991946161186987,160.8359244543018
2817,845100,234.75,0.5336332876507849,0.5336332876507849,0.332727100500245,0.6095542017037298,161.50469299403653
2818,845400,234.83333333333334,0.5278031036136607,0.5278031036136607,0.3341289770312417,0.6159256309028557,163.1469215030194
2819,845700,234.91666666666666,0.5390314367728515,0.5390314367728515,0.3354390858634694,0.6232760005850166,162.647665404198
2820,846000,235.0,0.5271665126327555,0.5271665126327555,0.3259294044680718,0.6294190710153054,161.81788759727976
2821,846300,235.08333333333334,0.5367794871669619,0.5367794871669619,0.3239894733529781,0.6323691356855942,160.1322348364546
2822,846600,235.16666666666666,0.536297937442234,0.536297937442234,0.3219444031806994,0.6358404733359476,160.47854726115656
2823,846900,235.25,0.5177680150169571,0.5177680150169571,0.3187045109076972,0.6351320560161874,159.4246818259371
2824,847200,235.33333333333334,0.5100637471187724,0.5100637471187724,0.3106827617188246,0.635869359257816,160.81369109795466
2825,847500,235.41666666666666,0.5072327998051651,0.5072327998051651,0.3114923277990157,0.6444268488196133,160.70566243613553
2826,847800,235.5,0.51497116578974,0.51497116578974,0.3099361398756186,0.6425511254398373,160.23790052989892
2827,848100,235.58333333333334,0.5057534562265342,0.5057534562265342,0.3124041970900199,0.6480982128788773,161.55273952056478
2828,848400,235.66666666666666,0.4942084597592052,0.4942084597592052,0.3132651976252776,0.6539983724206284,161.6922679668053
2829,848700,235.75,0.5120695442527704,0.5120695442527704,0.3197201329380636,0.6567632768415613,162.24351886925237
2830,849000,235.83333333333334,0.5076713094771392,0.5076713094771392,0.3145168914763899,0.6575530510313212,162.37056237764605
2831,849300,235.91666666666666,0.5120113960961676,0.5120113960961676,0.3174332272583593,0.6578538529041031,162.32290654865028
2832,849600,236.0,0.5142356179593988,0.5142356179593988,0.3194621791684534,0.6559917858945621,161.69140237355043
2833,849900,236.08333333333334,0.5324460661185991,0.5324460661185991,0.3297972175266365,0.6567700065701182,162.36505039739836
2834,850200,236.16666666666666,0.5192390119029002,0.5192390119029002,0.3280564148090299,0.6569755265829516,162.6145384123086
2835,850500,236.25,0.5127168531909285,0.5127168531909285,0.3210406984324778,0.6563430359262027,162.33497801855293
2836,850800,236.33333333333334,0.4888142557648132,0.4888142557648132,0.3090218819253825,0.6500123085045243,161.74367446635915
2837,851100,236.41666666666666,0.4785713815175523,0.4785713815175523,0.2992512849839933,0.6517002183813011,162.70702945256667
2838,851400,236.5,0.467544309857731,0.467544309857731,0.303413712880264,0.6563745648059436,163.62125111477073
2839,851700,236.58333333333334,0.4771885612304927,0.4771885612304927,0.3117989527120979,0.6625443422138126,164.1605214879576
2840,852000,236.66666666666666,0.4533709828512724,0.4533709828512724,0.3043526403425,0.6629779455368875,162.95971398469305
2841,852300,236.75,0.4563938131369232,0.4563938131369232,0.3086120408103335,0.6697825115612549,161.3674700357132
2842,852600,236.83333333333334,0.4493300517521283,0.4493300517521283,0.3108892021012439,0.6735228400556631,161.13785945701383
2843,852900,236.91666666666666,0.4535861273226856,0.4535861273226856,0.3218829453403542,0.6772383988121756,160.5657406129933
2844,853200,237.0,0.448642984909704,0.448642984909704,0.3183877489679976,0.6741573535003613,159.9553574342165
2845,853500,237.08333333333334,0.4511575156000715,0.4511575156000715,0.3167859761059157,0.6759643984122062,157.0294339254115
2846,853800,237.16666666666666,0.4461896880659974,0.4461896880659974,0.3159557691082287,0.6766297936209298,155.63946045744186
2847,854100,237.25,0.4647159610351148,0.4647159610351148,0.3196334850502078,0.681990457579778,154.92321968314712
2848,854400,237.33333333333334,0.4645855386559143,0.4645855386559143,0.3175103176316253,0.6813830623638363,152.60839459938018
2849,854700,237.41666666666666,0.4792995107887406,0.4792995107887406,0.3237602339322929,0.6828513406614583,150.733398376093
2850,855000,237.5,0.499976309915866,0.499976309915866,0.3344147430202825,0.69036099086932,151.3255302917451
2851,855300,237.58333333333334,0.5021324235249355,0.5021324235249355,0.337546978442649,0.6941598173079456,152.3333874674477
2852,855600,237.66666666666666,0.5038136688750303,0.5038136688750303,0.3354930453227309,0.6963086820644477,152.46926902539207
2853,855900,237.75,0.5106898929854516,0.5106898929854516,0.3349519784270536,0.6969518069389451,152.49452348414454
2854,856200,237.83333333333334,0.4936782403540282,0.4936782403540282,0.3264513569093308,0.6941918763745163,152.48682229150776
2855,856500,237.91666666666666,0.495740991374192,0.495740991374192,0.3210535076570035,0.6877231530071496,151.8620386427214
2856,856800,238.0,0.489216418343354,0.489216418343354,0.3150708062557409,0.6906097598986507,153.36867105471694
2857,857100,238.08333333333334,0.4673875809685013,0.4673875809685013,0.3036530759276429,0.6891391165857366,154.76535298246478
2858,857400,238.16666666666666,0.4540064341653644,0.4540064341653644,0.2936480828417017,0.6848160178680742,157.64869297446728
2859,857700,238.25,0.4596030490889589,0.4596030490889589,0.2940913368160739,0.6852452999959814,158.31258428413574
2860,858000,238.33333333333334,0.453150760061372,0.453150760061372,0.2933853355849655,0.6970578450497572,158.12206522507174
2861,858300,238.41666666666666,0.4673197165737303,0.4673197165737303,0.2995620933974662,0.6987859604804528,160.08972985434045
2862,858600,238.5,0.4697959793497066,0.4697959793497066,0.3012920435264021,0.6984708106877562,160.3741918476978
2863,858900,238.58333333333334,0.5042533055387106,0.5042533055387106,0.3125956435105637,0.7064506918900757,160.3662653188922
2864,859200,238.66666666666666,0.5114550049062327,0.5114550049062327,0.305945814752573,0.698595033133552,160.72700246030962
2865,859500,238.75,0.4916021382133813,0.4916021382133813,0.3042943592732577,0.6988256258479415,160.65568254878107
2866,859800,238.83333333333334,0.4918255928583114,0.4918255928583114,0.3085668086763303,0.6978946669894834,159.9310727440493
2867,860100,238.91666666666666,0.4771865133662953,0.4771865133662953,0.3022026247531858,0.7048521999518468,158.27164331888483
2868,860400,239.0,0.4743523382559058,0.4743523382559058,0.2988631733064724,0.6963270930739901,157.7033787010548
2869,860700,239.08333333333334,0.4832618223460454,0.4832618223460454,0.2989834418410193,0.702773000767163,158.18140844764014
2870,861000,239.16666666666666,0.4878035010275996,0.4878035010275996,0.2998174103603355,0.6997525990917735,158.5100018039173
2871,861300,239.25,0.4873324265958614,0.4873324265958614,0.3026684738183979,0.7008681496872438,159.62315820125468
2872,861600,239.33333333333334,0.4790834124138444,0.4790834124138444,0.2996758274062471,0.6997852525070485,161.19538345013555
2873,861900,239.41666666666666,0.4789747102099966,0.4789747102099966,0.2972817449547404,0.6939894788912819,161.5360865266042
2874,862200,239.5,0.4943853450395648,0.4943853450395648,0.3036212771903837,0.5971571548527059,160.25956240483873
2875,862500,239.58333333333334,0.4954909875222859,0.4954909875222859,0.2988737599923827,0.5913515795393959,161.98243662102976
2876,862800,239.66666666666666,0.5161735936408844,0.5161735936408844,0.3005626826139999,0.5894386254294928,162.5048568851188
2877,863100,239.75,0.5063643827073097,0.5063643827073097,0.2980152302782404,0.591910047646424,161.96329899262852
2878,863400,239.83333333333334,0.4846672211398773,0.4846672211398773,0.2928042915676014,0.6086266083921799,160.61228016448518
2879,863700,239.91666666666666,0.4717248654225042,0.4717248654225042,0.2878344861793942,0.5875700628144616,156.74984578566952
2880,864000,240.0,0.4891308870918268,0.4891308870918268,0.2970195116005508,0.593232039149471,160.25089846939272
2881,864300,240.08333333333334,0.4763062094750623,0.4763062094750623,0.2987157493751003,0.5918693700424933,159.72634631439865
2882,864600,240.16666666666666,0.4757707335335751,0.4757707335335751,0.3009910330565504,0.5940148184277929,159.93055517130344
2883,864900,240.25,0.4876359450431942,0.4876359450431942,0.301797349868183,0.5903185067489791,160.54077625620948
2884,865200,240.33333333333334,0.4998185124823701,0.4998185124823701,0.307449326670267,0.5962290691166382,162.46064677951605
2885,865500,240.41666666666666,0.479018192174957,0.479018192174957,0.3093769893413629,0.5994125618198093,162.66760657159534
2886,865800,240.5,0.4934834348476999,0.4934834348476999,0.3049488202343149,0.5588071098172576,156.90622423318166
2887,866100,240.58333333333334,0.4847960060731325,0.4847960060731325,0.3037748559681021,0.5638635518310784,160.79008911163265
2888,866400,240.66666666666666,0.4744780808293543,0.4744780808293543,0.3037531514934256,0.5614779058982369,160.49785181481033
2889,866700,240.75,0.4801076868883214,0.4801076868883214,0.3014385879972412,0.5503919452604453,155.9811861604139
2890,867000,240.83333333333334,0.4772057255165665,0.4772057255165665,0.2986496913919985,0.5482401196681936,153.59263736378696
2891,867300,240.91666666666666,0.477815136632868,0.477815136632868,0.2986271288607355,0.5486556017991036,154.18453631309785
2892,867600,241.0,0.4709450206256799,0.4709450206256799,0.2954511998897404,0.5448598948867492,154.04770149780916
2893,867900,241.08333333333334,0.4711236096445573,0.4711236096445573,0.2973183766060404,0.547733453059936,155.54490374096332
2894,868200,241.16666666666666,0.478137793475568,0.478137793475568,0.2979555228811161,0.5476119802348084,156.09734537978085
2895,868500,241.25,0.4885443962962102,0.4885443962962102,0.3030900610311887,0.5589698110833883,158.96589306886847
2896,868800,241.33333333333334,0.5052140687162037,0.5052140687162037,0.3075563649925846,0.5687499987018261,162.08814067428716
2897,869100,241.41666666666666,0.4893200550559882,0.4893200550559882,0.3019071514652009,0.5609801163376942,158.956393693062
2898,869400,241.5,0.4797963271547517,0.4797963271547517,0.3035097066965879,0.5780634139352714,160.34195222669825
2899,869700,241.58333333333334,0.4832858061700838,0.4832858061700838,0.3078706607239192,0.5858707538431488,162.39286352563187
2900,870000,241.66666666666666,0.4905403162201761,0.4905403162201761,0.3059981976617223,0.5811412257907931,161.68167917682774
2901,870300,241.75,0.515186780886737,0.515186780886737,0.3080993638004233,0.5805931696862227,161.43332138979565
2902,870600,241.83333333333334,0.5189240471134349,0.5189240471134349,0.3071249756386619,0.5726493265570659,162.14291188132435
2903,870900,241.91666666666666,0.5208553982943985,0.5208553982943985,0.3056425348529972,0.566986936185418,162.38842553700806
2904,871200,242.0,0.5251818066690016,0.5251818066690016,0.3067359937884927,0.5724641404500846,161.94504687171528
2905,871500,242.08333333333334,0.5270494889006517,0.5270494889006517,0.307151228295462,0.5770334449801415,162.5936248055319
2906,871800,242.16666666666666,0.5208888437088373,0.5208888437088373,0.3052732597869624,0.5726211490299757,160.01918516711993
2907,872100,242.25,0.4847176975286663,0.4847176975286663,0.299399606633811,0.5724555378204268,155.85115719809258
2908,872400,242.33333333333334,0.501278058218079,0.501278058218079,0.3011781053041358,0.5792978289842644,158.62006941845274
2909,872700,242.41666666666666,0.5311500745960274,0.5311500745960274,0.306528533346584,0.591420289500223,159.27102390512437
2910,873000,242.5,0.4956488585581074,0.4956488585581074,0.3122169338669983,0.5853159780003439,156.93807048355413
2911,873300,242.58333333333334,0.5005293249974924,0.5005293249974924,0.314866952897087,0.5923090712587912,160.13153481843042
2912,873600,242.66666666666666,0.5055893958099504,0.5055893958099504,0.3175370423774427,0.5965146210135441,159.37014619156764
2913,873900,242.75,0.5071959589555007,0.5071959589555007,0.3199652384936322,0.5985359767588159,160.39953057908167
2914,874200,242.83333333333334,0.5065185706579829,0.5065185706579829,0.3183590667347833,0.5983335134302523,158.85427881578732
2915,874500,242.91666666666666,0.4985203563682426,0.4985203563682426,0.317086145160644,0.597530769817227,159.13062927709493
2916,874800,243.0,0.5084625656042634,0.5084625656042634,0.318750511824601,0.5996773690712158,159.81998296818986
2917,875100,243.08333333333334,0.5068325197955889,0.5068325197955889,0.3189539335724109,0.6011781971572343,160.7516498535674
2918,875400,243.16666666666666,0.5078996504078567,0.5078996504078567,0.3180904663591313,0.5990811333137476,157.19013345830032
2919,875700,243.25,0.5044404470398556,0.5044404470398556,0.3202147123884614,0.6008452587249781,157.97911841915538
2920,876000,243.33333333333334,0.5085547375722608,0.5085547375722608,0.3217500695943984,0.6011115061953489,157.91347666714697
2921,876300,243.41666666666666,0.5003679522528363,0.5003679522528363,0.3207183507567679,0.6007723580162307,158.0401095392835
2922,876600,243.5,0.508337506477818,0.508337506477818,0.3226462168037253,0.6021834656815653,158.55027413185346
2923,876900,243.58333333333334,0.5080278374326618,0.5080278374326618,0.3226754348855617,0.602136211094972,158.93943740294498
2924,877200,243.66666666666666,0.5040733650288911,0.5040733650288911,0.321951752135207,0.5994672342264564,157.216029181234
2925,877500,243.75,0.5068941262634775,0.5068941262634775,0.3222964065026226,0.6003433499020874,156.8130367292762
2926,877800,243.83333333333334,0.5021251707339583,0.5021251707339583,0.3221117263037436,0.6000968910239759,157.68877312969715
2927,878100,243.91666666666666,0.4957181720229679,0.4957181720229679,0.3222587553466223,0.6001320666413941,157.63589480953016
2928,878400,244.0,0.492933001626324,0.492933001626324,0.3188644008479454,0.5983361548458573,157.1008103342535
2929,878700,244.08333333333334,0.4958960305070579,0.4958960305070579,0.3211832114358358,0.6008357298981194,158.3602963683448
2930,879000,244.16666666666666,0.5100816351261932,0.5100816351261932,0.3219012557073227,0.6026261765447386,161.32035131731666
2931,879300,244.25,0.5140583645240144,0.5140583645240144,0.3234013054873004,0.5989027488380624,164.53916479587446
2932,879600,244.33333333333334,0.5218166319151347,0.5218166319151347,0.3288513686639267,0.5993305562073693,168.68641456893494
2933,879900,244.41666666666666,0.5235132965193302,0.5235132965193302,0.3308191523251108,0.5977635650533999,169.58347547528655
2934,880200,244.5,0.5233009357560886,0.5233009357560886,0.3284089399614458,0.5953630792663531,169.41105599105907
2935,880500,244.58333333333334,0.5165730378144351,0.5165730378144351,0.3274968361186099,0.5940133967277546,167.81372884038254
2936,880800,244.66666666666666,0.5220903440012525,0.5220903440012525,0.3293573876942578,0.593980755176679,167.13742962456595
2937,881100,244.75,0.520306824790045,0.520306824790045,0.3309220340476476,0.5932512920852059,167.18922110686802
2938,881400,244.83333333333334,0.5156598441897797,0.5156598441897797,0.329232350957755,0.5924891770503746,167.09437630063158
2939,881700,244.91666666666666,0.5175889221667296,0.5175889221667296,0.3273924889875037,0.5897323774465464,167.25691839278113
2940,882000,245.0,0.5103567032356304,0.5103567032356304,0.3250515447164191,0.5848716189499253,164.56257821413186
2941,882300,245.08333333333334,0.5114488188981131,0.5114488188981131,0.3266319001123027,0.5849385447542855,164.49644811099924
2942,882600,245.16666666666666,0.5132011385866904,0.5132011385866904,0.3268572221389392,0.5823689105790693,164.53245719296504
2943,882900,245.25,0.5125086787657335,0.5125086787657335,0.3266272976058841,0.5818738164128467,164.31618209678822
2944,883200,245.33333333333334,0.5166139016425649,0.5166139016425649,0.3263692649441322,0.582642989826263,164.12740788762383
2945,883500,245.41666666666666,0.5178373490100866,0.5178373490100866,0.3272516643864135,0.5821755066863818,163.76348823109595
2946,883800,245.5,0.5178602032001558,0.5178602032001558,0.3277566193129275,0.5821547231110262,163.67896803169654
2947,884100,245.58333333333334,0.5142192425935176,0.5142192425935176,0.3248207365676957,0.5779061866746307,162.722317892895
2948,884400,245.66666666666666,0.5110755566415236,0.5110755566415236,0.3245183987522552,0.5730733384159885,161.7333802328062
2949,884700,245.75,0.5140436168416465,0.5140436168416465,0.3237453399272232,0.5624617834684065,161.11677170050447
2950,885000,245.83333333333334,0.5130831198681638,0.5130831198681638,0.3226285601892866,0.5622018346261314,160.29603370962383
2951,885300,245.91666666666666,0.5161879161256783,0.5161879161256783,0.3215366613936377,0.562907045564205,160.3780204374829
2952,885600,246.0,0.5181532406174599,0.5181532406174599,0.3216254977891138,0.5629842503503752,160.9651497640984
2953,885900,246.08333333333334,0.5137421066544655,0.5137421066544655,0.3221129802242168,0.5639241706693894,161.09351628291398
2954,886200,246.16666666666666,0.512979224958675,0.512979224958675,0.3241540959981039,0.5654782560852645,161.17460486812487
2955,886500,246.25,0.5147148780059095,0.5147148780059095,0.3247297381182144,0.5648012953964574,161.91865391900862
2956,886800,246.33333333333334,0.5114198190316607,0.5114198190316607,0.3223539368695919,0.5648903728524646,162.34308425685742
2957,887100,246.41666666666666,0.5151201979558258,0.5151201979558258,0.3218202669430108,0.566483218939753,163.18389525237694
2958,887400,246.5,0.5204603633752729,0.5204603633752729,0.3250383614670132,0.5680353149750514,164.19028649763922
2959,887700,246.58333333333334,0.5165917981886744,0.5165917981886744,0.3250067240820797,0.5669541785214219,164.1683456093703
2960,888000,246.66666666666666,0.5148858409836635,0.5148858409836635,0.3241525204963481,0.5667578807840102,164.02291047251526
2961,888300,246.75,0.5151874562970487,0.5151874562970487,0.3240146555576488,0.5663672121368255,163.8058553137552
2962,888600,246.83333333333334,0.5145248970445675,0.5145248970445675,0.3239312863790803,0.5669903550732319,163.44292922276605
2963,888900,246.91666666666666,0.500350774788274,0.500350774788274,0.3222614431768895,0.566412396353433,162.8581568149011
2964,889200,247.0,0.4908999914125321,0.4908999914125321,0.3211620499624761,0.5672403773984306,163.7515945636228
2965,889500,247.08333333333334,0.4782114221778125,0.4782114221778125,0.3215305685766841,0.5690859295635988,164.50733059642886
2966,889800,247.16666666666666,0.4755557557090425,0.4755557557090425,0.3223695329577561,0.5699836918765244,163.7214752046628
2967,890100,247.25,0.488426198612454,0.488426198612454,0.3238330433897253,0.5731022550284063,164.2503975182164
2968,890400,247.33333333333334,0.4703879699404708,0.4703879699404708,0.3235628311771171,0.5744847931577964,164.18454649022723
2969,890700,247.41666666666666,0.4480534317797919,0.4480534317797919,0.3204549923910068,0.574504103152404,164.8835382680424
2970,891000,247.5,0.462863669556265,0.462863669556265,0.3196052735726655,0.5753865319507394,165.62775400038728
2971,891300,247.58333333333334,0.4693459537253805,0.4693459537253805,0.3205454015494438,0.5772956207517216,167.96663232758232
2972,891600,247.66666666666666,0.4662314439878393,0.4662314439878393,0.3195081257570636,0.5777086840041167,170.48000703641176
2973,891900,247.75,0.4586698828002223,0.4586698828002223,0.3180890393840893,0.5785476229581525,172.40255888978444
2974,892200,247.83333333333334,0.4596303907067672,0.4596303907067672,0.3200745066111942,0.5794711625568766,173.4868802266878
2975,892500,247.91666666666666,0.4572496589552909,0.4572496589552909,0.3194247065285132,0.5794158249769462,172.96522777168684
2976,892800,248.0,0.4508937825228334,0.4508937825228334,0.3188606504259298,0.5803993651838313,172.81064842157167
2977,893100,248.08333333333334,0.4430837313431044,0.4430837313431044,0.3187612390949339,0.5806600291058257,172.25270359434788
2978,893400,248.16666666666666,0.4605927336062163,0.4605927336062163,0.3198605584599293,0.5820462540689803,172.18739447869666
2979,893700,248.25,0.4544930556410763,0.4544930556410763,0.3202134923674303,0.5816698571379235,172.89010883541144
2980,894000,248.33333333333334,0.4514808490057835,0.4514808490057835,0.318937369270843,0.5814041814240134,174.25648769855655
2981,894300,248.41666666666666,0.4708730380386379,0.4708730380386379,0.3234136814364712,0.5824687693618577,175.6056181168929
2982,894600,248.5,0.4764556811122826,0.4764556811122826,0.3221377479523768,0.5788695416395295,175.1501786788985
2983,894900,248.58333333333334,0.4801509640512857,0.4801509640512857,0.3163923684282775,0.5584058757720746,169.23070831010608
2984,895200,248.66666666666666,0.4832325636722825,0.4832325636722825,0.3190832366741809,0.5590431693607518,169.25783238071665
2985,895500,248.75,0.4751950132886807,0.4751950132886807,0.3161013113051114,0.5588666679872957,169.28569527398352
2986,895800,248.83333333333334,0.4718338824815407,0.4718338824815407,0.3165112524198273,0.5607726816892183,168.30791579338808
2987,896100,248.91666666666666,0.4666757883972762,0.4666757883972762,0.3178041639892853,0.5637462591357095,168.6776039278784
2988,896400,249.0,0.4602220707352453,0.4602220707352453,0.3154771817986414,0.5668726240633025,168.34738714576704
2989,896700,249.08333333333334,0.4738795888819956,0.4738795888819956,0.3190229646100828,0.5647101613984273,167.81015923139796
2990,897000,249.16666666666666,0.4667026121288567,0.4667026121288567,0.3178432777807151,0.5634679549133604,169.31835180179309
2991,897300,249.25,0.4811788687641077,0.4811788687641077,0.3186767882773653,0.5636990484583808,169.66262732477207
2992,897600,249.33333333333334,0.4795981568678781,0.4795981568678781,0.3196024596781979,0.5649418234522368,168.69185659952873
2993,897900,249.41666666666666,0.4728194112447323,0.4728194112447323,0.3209395661025114,0.5642781064336653,166.88889952244634
2994,898200,249.5,0.4532487077990149,0.4532487077990149,0.3151377035674697,0.5627462062087665,165.75348225925535
2995,898500,249.58333333333334,0.4697304150807022,0.4697304150807022,0.3156083302806465,0.5624237080893477,163.61297442973554
2996,898800,249.66666666666666,0.473798484488295,0.473798484488295,0.3179300987873109,0.5645365724716701,163.41176942508625
2997,899100,249.75,0.4789847270474871,0.4789847270474871,0.3220859488634714,0.5631591129826223,164.04238353890727
2998,899400,249.83333333333334,0.4444835781445468,0.4444835781445468,0.313841776255791,0.5594805237045846,163.14999160990604
2999,899700,249.91666666666666,0.4675989829358876,0.4675989829358876,0.318812624199969,0.5627310013167814,162.55155544797128
3000,900000,250.0,0.4874736047135068,0.4874736047135068,0.3241297997635715,0.5656521172572928,162.76916071552114
3001,900300,250.08333333333334,0.4791041621225731,0.4791041621225731,0.3221326511500516,0.5657483491334528,163.01720255523966
3002,900600,250.16666666666666,0.4836250900215786,0.4836250900215786,0.3257025945781983,0.5672899356221583,164.0916031318964
3003,900900,250.25,0.492298589669554,0.492298589669554,0.3281620238101384,0.5671966129741519,163.36800124707725
3004,901200,250.33333333333334,0.483673655974659,0.483673655974659,0.3252869052052622,0.5660284916479001,163.0687953874179
3005,901500,250.41666666666666,0.4943389805271964,0.4943389805271964,0.324594376907138,0.5652330487999885,163.59265231977017
3006,901800,250.5,0.481928279466039,0.481928279466039,0.3219255736485663,0.5652602597006192,164.48610361425438
3007,902100,250.58333333333334,0.4518233564089496,0.4518233564089496,0.3210703992678834,0.5625043901201903,163.37738405926163
3008,902400,250.66666666666666,0.4492898182289997,0.4492898182289997,0.3127823605245519,0.5584806821829716,162.183196728444
3009,902700,250.75,0.4730201372231752,0.4730201372231752,0.3181241038468027,0.560162514960377,163.32821130567996
3010,903000,250.83333333333334,0.4680225573894679,0.4680225573894679,0.3224514498617012,0.5628873017782242,164.7945095141335
3011,903300,250.91666666666666,0.477663038899914,0.477663038899914,0.3225914785359904,0.5643195353107334,165.55260614684576
3012,903600,251.0,0.4975732191806143,0.4975732191806143,0.3302638497274047,0.5664225355842272,165.38917126771526
3013,903900,251.08333333333334,0.4915359085928557,0.4915359085928557,0.3309851238675444,0.5669307013484,164.45035791775226
3014,904200,251.16666666666666,0.4781459443752198,0.4781459443752198,0.3292884985686677,0.5670078334798663,163.01212670040272
3015,904500,251.25,0.4743073771311418,0.4743073771311418,0.326084865672854,0.5661842084379475,161.05705388814107
3016,904800,251.33333333333334,0.4981545473999585,0.4981545473999585,0.3298571174012646,0.5693576569355987,160.9646821141369
3017,905100,251.41666666666666,0.4820535754080692,0.4820535754080692,0.3267217121390064,0.5676496953132886,162.03275021546276
3018,905400,251.5,0.5004258361540058,0.5004258361540058,0.3273891289640739,0.5669881584297907,162.04196058722576
3019,905700,251.58333333333334,0.48112310798468,0.48112310798468,0.3233722188776471,0.5650102500271208,161.57578684272613
3020,906000,251.66666666666666,0.4820579995894578,0.4820579995894578,0.3217945374432466,0.5607989511384108,161.68284651108522
3021,906300,251.75,0.4826671857215934,0.4826671857215934,0.3155894391522889,0.5576718794755077,162.5529140433128
3022,906600,251.83333333333334,0.4853468388531226,0.4853468388531226,0.3171828587203155,0.5598053474271028,163.0821968823854
3023,906900,251.91666666666666,0.4787963880769836,0.4787963880769836,0.3194613978676009,0.5612002648269181,163.14468910962614
3024,907200,252.0,0.4810303956715939,0.4810303956715939,0.3203694422837613,0.5613642934259134,163.57574215661668
3025,907500,252.08333333333334,0.4922388231573679,0.4922388231573679,0.3225984279493295,0.5570079993949496,160.63702323707665
3026,907800,252.16666666666666,0.4804893090267973,0.4804893090267973,0.3227580381276098,0.5567333000349862,160.2738389272127
3027,908100,252.25,0.4802549685087099,0.4802549685087099,0.3233170630136476,0.5558371629752806,161.39343643253892
3028,908400,252.33333333333334,0.4788120499822018,0.4788120499822018,0.3234762893560277,0.558776204252365,163.37370610358636
3029,908700,252.41666666666666,0.4847023043058911,0.4847023043058911,0.3228835040480109,0.560147534022378,163.18382455803294
3030,909000,252.5,0.5159540108466106,0.5159540108466106,0.3316914299711435,0.5636829544870071,164.13978352420244
3031,909300,252.58333333333334,0.4739987274997105,0.4739987274997105,0.3231485978290256,0.5630791203775859,163.54291431273842
3032,909600,252.66666666666666,0.420300153786995,0.420300153786995,0.3155165845503612,0.5619592328175338,161.10714600935728
3033,909900,252.75,0.3965685794309623,0.3965685794309623,0.3118401608921207,0.5672814484255163,157.7466640000143
3034,910200,252.83333333333334,0.3868367946570859,0.3868367946570859,0.3084021125538286,0.5790638295908825,155.31955724636902
3035,910500,252.91666666666666,0.4066580884054769,0.4066580884054769,0.3197818675005793,0.5966685360778625,153.17088516747907
3036,910800,253.0,0.3966911156050689,0.3966911156050689,0.3033876584949097,0.585996686496759,152.5902102645212
3037,911100,253.08333333333334,0.3921620651538465,0.3921620651538465,0.310334304186398,0.6116714316507711,160.49477801073726
3038,911400,253.16666666666666,0.4035088946122867,0.4035088946122867,0.3156444917761095,0.6189211697186572,167.3302307561083
3039,911700,253.25,0.3919875871729111,0.3919875871729111,0.3096348742633897,0.6305124794824717,167.36024546224138
3040,912000,253.33333333333334,0.3954080583409911,0.3954080583409911,0.3080584454715787,0.6301940248903892,171.3039032367424
3041,912300,253.41666666666666,0.3819909987623557,0.3819909987623557,0.3067418755063624,0.6323120758977491,177.60676908222516
3042,912600,253.5,0.4021781667215743,0.4021781667215743,0.3131594332186858,0.642751197985554,177.54852055922188
3043,912900,253.58333333333334,0.3826529663898745,0.3826529663898745,0.3072640398744278,0.649802297041694,176.87301831747794
3044,913200,253.66666666666666,0.4067145510985272,0.4067145510985272,0.3071629675984915,0.6515764978250799,170.61794742324477
3045,913500,253.75,0.4153170094057631,0.4153170094057631,0.3101795459482043,0.64969454358486,171.93785590568973
3046,913800,253.83333333333334,0.4134833769329539,0.4134833769329539,0.3109560652672073,0.6438768753690836,172.19894698374554
3047,914100,253.91666666666666,0.4151669210669328,0.4151669210669328,0.3156694944226235,0.6522133432284781,173.86320394684415
3048,914400,254.0,0.4073141883914453,0.4073141883914453,0.3157381387682076,0.6577731739373385,174.4627586876276
3049,914700,254.08333333333334,0.4181825366612909,0.4181825366612909,0.3134761420264568,0.6557655359673935,175.26927653410533
3050,915000,254.16666666666666,0.4205983474323453,0.4205983474323453,0.2750237534908125,0.5314365739306578,154.00615652869067
3051,915300,254.25,0.4398742612539222,0.4398742612539222,0.2794189523932786,0.5415584662757936,157.2839640212075
3052,915600,254.33333333333334,0.4903009306424219,0.4903009306424219,0.3103248579313935,0.5666459780383438,163.08331641838058
3053,915900,254.41666666666666,0.5349565984321911,0.5349565984321911,0.3280858126465453,0.5821240874257209,166.16974968433902
3054,916200,254.5,0.529068567695873,0.529068567695873,0.3256740625339772,0.5887201838646037,167.33830036385842
3055,916500,254.58333333333334,0.4702433910604489,0.4702433910604489,0.3060945282261624,0.562646767345884,161.2226106486686
3056,916800,254.66666666666666,0.4513126842323892,0.4513126842323892,0.3095452464837483,0.5901097661900859,155.64907888416784
3057,917100,254.75,0.4641892939102752,0.4641892939102752,0.3083117941320177,0.5994402700754758,152.59084267073578
3058,917400,254.83333333333334,0.4757943665092459,0.4757943665092459,0.3109970751449931,0.6095503086403985,158.74669098723302
3059,917700,254.91666666666666,0.4793129297074896,0.4793129297074896,0.3104664154223452,0.604277711946659,161.10652845969298
3060,918000,255.0,0.453035287208211,0.453035287208211,0.3090035543186681,0.6103993534835696,159.81868434651258
3061,918300,255.08333333333334,0.4626093382123978,0.4626093382123978,0.3111775585536521,0.6040171225873789,155.48819311527515
3062,918600,255.16666666666666,0.434159376244694,0.434159376244694,0.2961897253080915,0.5954338711129784,154.1887125021878
3063,918900,255.25,0.4492811201645532,0.4492811201645532,0.3084031266378851,0.6032682636395975,154.87790861366392
3064,919200,255.33333333333334,0.4645928036215105,0.4645928036215105,0.3067839937156761,0.601749322519849,158.27691467729844
3065,919500,255.41666666666666,0.4523804373486096,0.4523804373486096,0.3010797149552696,0.5986700790161671,160.50122206986308
3066,919800,255.5,0.4719088718742069,0.4719088718742069,0.2991883890242156,0.5970090517975932,163.86235775064966
3067,920100,255.58333333333334,0.4747753223793477,0.4747753223793477,0.2964031585049509,0.6039485597828654,168.03346604699144
3068,920400,255.66666666666666,0.4878295723755542,0.4878295723755542,0.2913087520882413,0.5909868073817245,170.55803624119747
3069,920700,255.75,0.4737895475508354,0.4737895475508354,0.2926592960119211,0.5934816587866667,174.2182877013895
3070,921000,255.83333333333334,0.4568728030903305,0.4568728030903305,0.2925423076177526,0.589468619619402,174.21283909134058
3071,921300,255.91666666666666,0.4435225597783031,0.4435225597783031,0.2814227953136537,0.5629467206372184,164.09473559985207
3072,921600,256.0,0.4629382662311442,0.4629382662311442,0.2973683839701745,0.5821535393316829,162.13856131836846
3073,921900,256.0833333333333,0.4453060148207135,0.4453060148207135,0.2873532853274416,0.5732343615525624,160.33224963847047
3074,922200,256.1666666666667,0.440579113738188,0.440579113738188,0.2879498216808627,0.5709279821441274,160.66537938829833
3075,922500,256.25,0.4505026370786923,0.4505026370786923,0.2814751010772599,0.5661788527348574,160.64623953375826
3076,922800,256.3333333333333,0.4591544859290071,0.4591544859290071,0.3067514093584439,0.5971692878572655,162.66631308466373
3077,923100,256.4166666666667,0.4702389083420132,0.4702389083420132,0.3051114574445936,0.584866869431435,161.46590543905592
3078,923400,256.5,0.4662613515195334,0.4662613515195334,0.3040403018681011,0.5868137344683122,161.41860218126558
3079,923700,256.5833333333333,0.4409972448182236,0.4409972448182236,0.2897595702850412,0.5731621204522038,161.01580712443942
3080,924000,256.6666666666667,0.4513073903169521,0.4513073903169521,0.2903486997822345,0.5692440039164274,162.47916182564725
3081,924300,256.75,0.4701492843612435,0.4701492843612435,0.3004201137229357,0.5854693744763367,161.6147028433544
3082,924600,256.8333333333333,0.4835300861504455,0.4835300861504455,0.318326250233753,0.6013030563733023,159.276826727699
3083,924900,256.9166666666667,0.477370187884075,0.477370187884075,0.3207120895385741,0.6054535904853565,160.1376029892181
3084,925200,257.0,0.4720592040123516,0.4720592040123516,0.3127012142264789,0.5976208673738018,160.18717534527914
3085,925500,257.0833333333333,0.4801752865072003,0.4801752865072003,0.3145558160916888,0.5997435044621545,157.48957257938898
3086,925800,257.1666666666667,0.4959374209133942,0.4959374209133942,0.3238786549997265,0.6052792985001734,156.18782458459643
3087,926100,257.25,0.4850312569801663,0.4850312569801663,0.3235870126109139,0.608737629668992,157.35809431242902
3088,926400,257.3333333333333,0.4513056188058261,0.4513056188058261,0.3050673128192424,0.5971655550891192,158.1611495249184
3089,926700,257.4166666666667,0.4407500156001143,0.4407500156001143,0.2934108325898122,0.5742297041155552,156.24238919934757
3090,927000,257.5,0.4777548168901871,0.4777548168901871,0.3260728166014891,0.6028411095313291,156.80753527604006
3091,927300,257.5833333333333,0.4928547054101838,0.4928547054101838,0.3171017686651255,0.5901040227830473,153.70853939354228
3092,927600,257.6666666666667,0.5248912142824151,0.5248912142824151,0.3426636999325698,0.6180063699722483,155.72710833520847
3093,927900,257.75,0.5269032079763236,0.5269032079763236,0.3390678154605807,0.619532081473571,157.21533697471972
3094,928200,257.8333333333333,0.487861552469412,0.487861552469412,0.3234553494296225,0.621409364866444,163.13867178620862
3095,928500,257.9166666666667,0.4379575092940477,0.4379575092940477,0.3005848253003708,0.594248546103617,160.3619009895194
3096,928800,258.0,0.4673857616185645,0.4673857616185645,0.3105793027385264,0.6005702563639136,157.51285491292347
3097,929100,258.0833333333333,0.4905974719582529,0.4905974719582529,0.3275356957582913,0.6226219926423184,160.64794000603672
3098,929400,258.1666666666667,0.4398338608102931,0.4398338608102931,0.3027708371932696,0.5971224070031554,157.1217390551142
3099,929700,258.25,0.4430826068979447,0.4430826068979447,0.3003036099161218,0.589785737189087,155.65832740347614
3100,930000,258.3333333333333,0.4343584007681641,0.4343584007681641,0.3020829289736121,0.6004386582378961,159.7970374765045
3101,930300,258.4166666666667,0.4083272202201319,0.4083272202201319,0.2832308319376028,0.577416460754816,159.25735833434
3102,930600,258.5,0.4409483252954854,0.4409483252954854,0.2876114025552762,0.5276726145659372,146.42663871819045
3103,930900,258.5833333333333,0.471235910922037,0.471235910922037,0.2982562756967823,0.5402750959713681,147.201085501124
3104,931200,258.6666666666667,0.4454072877396456,0.4454072877396456,0.2884908815033021,0.5471905625195023,147.32389628731664
3105,931500,258.75,0.4383174631820735,0.4383174631820735,0.2800059793974184,0.5573505374859203,147.53468390687678
3106,931800,258.8333333333333,0.4104476248802496,0.4104476248802496,0.268488555840757,0.5441473019994042,147.4728820524594
3107,932100,258.9166666666667,0.4386269315846869,0.4386269315846869,0.2778274591033106,0.5439162795576642,149.52873230670656
3108,932400,259.0,0.3863921836268658,0.3863921836268658,0.2600875314552074,0.5254638419851223,147.76804988908208
3109,932700,259.0833333333333,0.4091007962768333,0.4091007962768333,0.271364475296045,0.5354700562038898,145.35882539451356
3110,933000,259.1666666666667,0.437823082867699,0.437823082867699,0.2785044596640919,0.5414339848521582,145.48650047810773
3111,933300,259.25,0.4458157959923688,0.4458157959923688,0.2823282384658947,0.5349260534170838,147.4115838838539
3112,933600,259.3333333333333,0.4090979319896939,0.4090979319896939,0.270130307591492,0.5342860610741564,148.72737314278598
3113,933900,259.4166666666667,0.4113449323320316,0.4113449323320316,0.2749118309579368,0.5505362230724727,152.12049560891165
3114,934200,259.5,0.414645400722684,0.414645400722684,0.2841951776825053,0.5598522280076975,154.22831490828898
3115,934500,259.5833333333333,0.4168886452879995,0.4168886452879995,0.2908940673249886,0.5614400500509042,152.40951354545786
3116,934800,259.6666666666667,0.4275522322180353,0.4275522322180353,0.2946267124598937,0.5696453806370587,151.9785672396984
3117,935100,259.75,0.4153130013496827,0.4153130013496827,0.2855200236512639,0.553482400550247,150.7718366506763
3118,935400,259.8333333333333,0.4260655116734259,0.4260655116734259,0.2885627872665278,0.5617466277439935,149.97240810140048
3119,935700,259.9166666666667,0.4232730798557414,0.4232730798557414,0.2751235014349935,0.5458731699314792,148.37174296927623
3120,936000,260.0,0.436659542221808,0.436659542221808,0.2903529344995417,0.5975460493259189,157.68922214166298
3121,936300,260.0833333333333,0.4336957050174557,0.4336957050174557,0.2960063494914618,0.6027691200430075,158.80088809057256
3122,936600,260.1666666666667,0.4478064912638246,0.4478064912638246,0.3007380656010373,0.6027878717532503,157.12795101436504
3123,936900,260.25,0.4694595174830176,0.4694595174830176,0.3235334293094511,0.6281233135707112,155.96819769207178
3124,937200,260.3333333333333,0.4753318304543963,0.4753318304543963,0.3371129479406317,0.6324399622853893,154.82975035104997
3125,937500,260.4166666666667,0.4671005442803685,0.4671005442803685,0.344390621823478,0.6334981119161086,152.51461173721603
3126,937800,260.5,0.4838817474050271,0.4838817474050271,0.3545623375483596,0.6399235200755886,151.88699464907836
3127,938100,260.5833333333333,0.5007457259080137,0.5007457259080137,0.357858801998113,0.6430269955643493,152.22031342838594
3128,938400,260.6666666666667,0.4766408753504175,0.4766408753504175,0.3433955249291848,0.6406061984102451,151.2235620961809
3129,938700,260.75,0.483025511671442,0.483025511671442,0.3487013281240066,0.6430381114233691,150.98380282382357
3130,939000,260.8333333333333,0.4919603758102601,0.4919603758102601,0.356582787037866,0.6468008095871949,152.72161833752725
3131,939300,260.9166666666667,0.5016074584472202,0.5016074584472202,0.3552631258903944,0.6464627821068509,153.84196256398755
3132,939600,261.0,0.4941636676683605,0.4941636676683605,0.3548056702558549,0.6455422043194258,154.5637689605243
3133,939900,261.0833333333333,0.4740527688414649,0.4740527688414649,0.3411340602969394,0.6344456419609297,152.18128301005746
3134,940200,261.1666666666667,0.4963956567884678,0.4963956567884678,0.3496296582443453,0.6273044810472972,150.75188030255904
3135,940500,261.25,0.4992106156620552,0.4992106156620552,0.3548431648471487,0.6302082289525167,150.8651565233209
3136,940800,261.3333333333333,0.4867762706226701,0.4867762706226701,0.3495708259549192,0.6233815307624957,148.84430190049696
3137,941100,261.4166666666667,0.4688584791697174,0.4688584791697174,0.3356518810822165,0.6213470263463221,149.1490265551911
3138,941400,261.5,0.4942369184870988,0.4942369184870988,0.3458430525030919,0.6225074013732402,147.76469269747398
3139,941700,261.5833333333333,0.458341441293572,0.458341441293572,0.3303704385362934,0.6207471603857271,147.98796254677666
3140,942000,261.6666666666667,0.4502095300007643,0.4502095300007643,0.3188774748546318,0.6073980753983924,148.974967163065
3141,942300,261.75,0.4372109785371644,0.4372109785371644,0.299380322198487,0.5860842729096916,147.47120238838014
3142,942600,261.8333333333333,0.4356990895999558,0.4356990895999558,0.2902595484938731,0.5726944948887754,146.1351479657262
3143,942900,261.9166666666667,0.4418800606495562,0.4418800606495562,0.2862519941763038,0.5688593551587675,147.58878017650196
3144,943200,262.0,0.4150842175207077,0.4150842175207077,0.2762576567984981,0.5624808628578734,150.76780545770302
3145,943500,262.0833333333333,0.421128149780497,0.421128149780497,0.276072696959377,0.5604365467783032,152.00947546769245
3146,943800,262.1666666666667,0.4229992986948601,0.4229992986948601,0.2805113237732298,0.5591402313494408,153.12289943351158
3147,944100,262.25,0.4297413966961649,0.4297413966961649,0.2777363680175168,0.5672449984710848,155.70157631728227
3148,944400,262.3333333333333,0.4276651055123413,0.4276651055123413,0.2787664362483577,0.566259960216423,161.01547022314756
3149,944700,262.4166666666667,0.4836654499344238,0.4836654499344238,0.3091638095735187,0.6041574913179175,163.98116546711287
3150,945000,262.5,0.4573503105506203,0.4573503105506203,0.3016220593544503,0.5938633622446801,165.31288917386954
3151,945300,262.5833333333333,0.4414853887862249,0.4414853887862249,0.2906387680261463,0.5814474663388519,163.77449672816732
3152,945600,262.6666666666667,0.4463627104399721,0.4463627104399721,0.2906825641770836,0.6046199522423444,165.44314510412747
3153,945900,262.75,0.4672582293399794,0.4672582293399794,0.2918789045182324,0.6001487468176062,165.42616453210672
3154,946200,262.8333333333333,0.4609733679052507,0.4609733679052507,0.2880770316610059,0.5945515614697738,169.4027240563861
3155,946500,262.9166666666667,0.4619391927874192,0.4619391927874192,0.296216886605674,0.5980230942974263,169.61529260571544
3156,946800,263.0,0.4497978123222914,0.4497978123222914,0.2946683353524851,0.5979233456820987,165.64968675125175
3157,947100,263.0833333333333,0.4378510257987253,0.4378510257987253,0.285270729099827,0.5836823552304831,164.8141570753858
3158,947400,263.1666666666667,0.4395089807415404,0.4395089807415404,0.2851890127146738,0.5761533523812293,165.44107600536233
3159,947700,263.25,0.4618726898157701,0.4618726898157701,0.2844806281844249,0.5725641440511957,164.57946737959287
3160,948000,263.3333333333333,0.4905318633504565,0.4905318633504565,0.2952781045726312,0.5881375369291206,165.15731016747125
3161,948300,263.4166666666667,0.501040855768952,0.501040855768952,0.2988360818143157,0.593792869705076,167.65804361205886
3162,948600,263.5,0.4863130133846932,0.4863130133846932,0.2963289910792871,0.6082070111429084,167.02862968679526
3163,948900,263.5833333333333,0.4769333403567375,0.4769333403567375,0.2923695403031033,0.6090730255489739,167.998886084431
3164,949200,263.6666666666667,0.4760164512993951,0.4760164512993951,0.2910471165042119,0.6122336098876947,169.91041288653463
3165,949500,263.75,0.4851226334745289,0.4851226334745289,0.2961891954736336,0.6134143190591288,170.25412234442334
3166,949800,263.8333333333333,0.4474333624751608,0.4474333624751608,0.3123401767038471,0.6155106549920911,167.3592739523474
3167,950100,263.9166666666667,0.4470998650461599,0.4470998650461599,0.3106718447111258,0.6122713768316251,168.3299045371621
3168,950400,264.0,0.4549932096101629,0.4549932096101629,0.3153415771413041,0.6143551090846355,165.3983911124971
3169,950700,264.0833333333333,0.4444777631730571,0.4444777631730571,0.3097412993670044,0.6042848819398574,163.20626556641204
3170,951000,264.1666666666667,0.4273628902231814,0.4273628902231814,0.3103887745365913,0.6133202563743806,163.4103432862288
3171,951300,264.25,0.4402645015542126,0.4402645015542126,0.3075647271762312,0.613658464044557,164.66223519237155
3172,951600,264.3333333333333,0.4437667232925051,0.4437667232925051,0.3016135983776198,0.6075301285658252,166.2122495576356
3173,951900,264.4166666666667,0.4789148156641215,0.4789148156641215,0.3021384692630585,0.6123986283449521,169.980026932851
3174,952200,264.5,0.4862073369142489,0.4862073369142489,0.304907571687931,0.6174894138080331,175.33478451420874
3175,952500,264.5833333333333,0.4710340075376549,0.4710340075376549,0.3084368697996059,0.6197103667065366,178.37976484201013
3176,952800,264.6666666666667,0.4793469517211624,0.4793469517211624,0.2942413691582715,0.5751567624448738,166.7994437561941
3177,953100,264.75,0.4911647984051457,0.4911647984051457,0.2921264852138678,0.5731753755446785,170.2121795401359
3178,953400,264.8333333333333,0.4952962032047986,0.4952962032047986,0.2932640588417979,0.571041120257695,172.3924639505509
3179,953700,264.9166666666667,0.4803917620417729,0.4803917620417729,0.2977061610293084,0.5739826369816065,175.65262262042455
3180,954000,265.0,0.4619106401046033,0.4619106401046033,0.2974691060601141,0.5796288498337177,174.35602389388825
3181,954300,265.0833333333333,0.4758782978284595,0.4758782978284595,0.2929886655449966,0.5668039054486915,167.45266552206357
3182,954600,265.1666666666667,0.4936126026694968,0.4936126026694968,0.2998071400406853,0.5710555302058855,167.4576643343675
3183,954900,265.25,0.4952408269856224,0.4952408269856224,0.2988870388558916,0.5720181356622692,169.86346432810916
3184,955200,265.3333333333333,0.4397184549853764,0.4397184549853764,0.2958418374816423,0.5709596813948403,169.03197087679175
3185,955500,265.4166666666667,0.4328551929042097,0.4328551929042097,0.2874082921118643,0.5540075510455632,159.5762411721638
3186,955800,265.5,0.4692995546309925,0.4692995546309925,0.2905098151385296,0.5704370733199096,159.86495992425924
3187,956100,265.5833333333333,0.4753830911667368,0.4753830911667368,0.2939886232701731,0.5637374302236043,160.218137461794
3188,956400,265.6666666666667,0.5015072550230888,0.5015072550230888,0.2950321938933384,0.565757879009092,159.32366580563968
3189,956700,265.75,0.5043307908023942,0.5043307908023942,0.291423270038783,0.5558385373179399,160.88433596680173
3190,957000,265.8333333333333,0.5120090832132257,0.5120090832132257,0.2997608147020226,0.5661744805882469,160.44794935808403
3191,957300,265.9166666666667,0.5125844731027567,0.5125844731027567,0.2993424400472229,0.5715361468992057,161.6452403317088
3192,957600,266.0,0.5143659151905037,0.5143659151905037,0.3027134468831398,0.5838313763152053,166.52226121013445
3193,957900,266.0833333333333,0.5166785178145735,0.5166785178145735,0.3037704280721462,0.5902481125622242,165.86525470936382
3194,958200,266.1666666666667,0.5390688920408754,0.5390688920408754,0.3055972916323956,0.5914122392491602,165.95142588625407
3195,958500,266.25,0.4787521492174973,0.4787521492174973,0.2941874303468854,0.5622441414895117,155.67795832383663
3196,958800,266.3333333333333,0.4824316553705626,0.4824316553705626,0.2969874185392145,0.5685126330113345,159.1253432707018
3197,959100,266.4166666666667,0.4938822560038086,0.4938822560038086,0.3009994931638652,0.5818719585793113,158.14504619103826
3198,959400,266.5,0.4992376154841644,0.4992376154841644,0.3043104730663049,0.5783746326340331,156.31543493856185
3199,959700,266.5833333333333,0.5019024054742256,0.5019024054742256,0.3060482857031845,0.575951651418451,157.27043320055228
3200,960000,266.6666666666667,0.500158977595744,0.500158977595744,0.3081241229025432,0.5735403395372493,157.40503166266083
3201,960300,266.75,0.4991842100536231,0.4991842100536231,0.3095231995548178,0.5706772442381416,158.1669935154623
3202,960600,266.8333333333333,0.4993116697935177,0.4993116697935177,0.3101473023200389,0.5695313633208852,159.78500283846975
3203,960900,266.9166666666667,0.4914476489991689,0.4914476489991689,0.3094798895833848,0.5668175703236847,158.0864197363298
3204,961200,267.0,0.4965716595330917,0.4965716595330917,0.3092241932574957,0.5669006830404196,157.61406588464286
3205,961500,267.0833333333333,0.5021901278930855,0.5021901278930855,0.3108575346508147,0.5675846906823624,157.6656963524611
3206,961800,267.1666666666667,0.4956823639858551,0.4956823639858551,0.3106296821833745,0.5654596993197257,157.30148720510985
3207,962100,267.25,0.4935355172413561,0.4935355172413561,0.3104281346511873,0.5653313428759992,157.84678803936742
3208,962400,267.3333333333333,0.4939296427483259,0.4939296427483259,0.3106667862473305,0.5656133236275173,157.9138424778166
3209,962700,267.4166666666667,0.4885830366722896,0.4885830366722896,0.3104556657976366,0.5661200290286234,157.75642574207035
3210,963000,267.5,0.4884037893993589,0.4884037893993589,0.3057933281902755,0.5634222057765684,157.39297616739097
3211,963300,267.5833333333333,0.4908393100063014,0.4908393100063014,0.3070754287907294,0.5651174836147611,157.97258558684084
3212,963600,267.6666666666667,0.4865580489695288,0.4865580489695288,0.3074975294225358,0.5676183836205544,159.15325553425674
3213,963900,267.75,0.4859671596588349,0.4859671596588349,0.3083094416825516,0.5711207258049684,160.04643146871152
3214,964200,267.8333333333333,0.4927769346805004,0.4927769346805004,0.308497057773069,0.5727293681768926,160.00198570353268
3215,964500,267.9166666666667,0.5069342557885596,0.5069342557885596,0.3115172833401109,0.5741011461898122,161.5108946047846
3216,964800,268.0,0.5249481255435002,0.5249481255435002,0.3180217870825844,0.5730201230497746,163.8525872734757
3217,965100,268.0833333333333,0.5216023623034887,0.5216023623034887,0.3185026413588666,0.565618119862865,165.12568379621743
3218,965400,268.1666666666667,0.5254710054702855,0.5254710054702855,0.3213005095959533,0.5631482419220475,165.36992573120764
3219,965700,268.25,0.5150690750309694,0.5150690750309694,0.3208520800320427,0.5587920580510134,163.96621808076853
3220,966000,268.3333333333333,0.5126882710479609,0.5126882710479609,0.3208322925255584,0.5576275657946074,163.10858178957056
3221,966300,268.4166666666667,0.5151882590274587,0.5151882590274587,0.3216643825244552,0.557430010817786,163.05738155145718
3222,966600,268.5,0.5135165228977896,0.5135165228977896,0.3212890140458624,0.5571807420007864,163.4028060018362
3223,966900,268.5833333333333,0.5165525669004859,0.5165525669004859,0.3212864301068987,0.5555312588932073,161.42293146632048
3224,967200,268.6666666666667,0.5166912474243173,0.5166912474243173,0.3217841544634393,0.5524354533879772,161.08687220157236
3225,967500,268.75,0.5147375208004334,0.5147375208004334,0.3217992034308823,0.5515228045254481,160.46958876320218
3226,967800,268.8333333333333,0.5173825594467828,0.5173825594467828,0.3227962219618208,0.5509428551526588,160.1509783784936
3227,968100,268.9166666666667,0.5121593674972827,0.5121593674972827,0.3225125107456553,0.5492292393902507,160.1375892727348
3228,968400,269.0,0.5109203216712446,0.5109203216712446,0.3212910595856927,0.5485134168364557,159.96158332273245
3229,968700,269.0833333333333,0.5050221198870545,0.5050221198870545,0.3196691069803081,0.5484227190268683,159.24196341159578
3230,969000,269.1666666666667,0.5057125666218786,0.5057125666218786,0.3194952054717127,0.5489883326912354,159.4730424220118
3231,969300,269.25,0.5115032750360243,0.5115032750360243,0.3206836927980084,0.5491925208455434,160.21334276109332
3232,969600,269.3333333333333,0.5105656978560676,0.5105656978560676,0.3220247775558534,0.549649755644606,160.24756549887607
3233,969900,269.4166666666667,0.5057762996937207,0.5057762996937207,0.3214095205795483,0.5486680571625882,159.71967406302488
3234,970200,269.5,0.5097595585690201,0.5097595585690201,0.3222483481705603,0.5489995739108364,159.640414324214
3235,970500,269.5833333333333,0.5166661093566774,0.5166661093566774,0.3231604811936601,0.5493068038865994,159.2938658650122
3236,970800,269.6666666666667,0.5161935095742982,0.5161935095742982,0.3220165290673591,0.5472087561629941,158.97611882252326
3237,971100,269.75,0.506521706948362,0.506521706948362,0.3192815759321987,0.5451472378726689,159.68761333391345
3238,971400,269.8333333333333,0.504898719733336,0.504898719733336,0.3190230240886763,0.5454460312452448,160.859235399527
3239,971700,269.9166666666667,0.5042421777090439,0.5042421777090439,0.3185108168151317,0.5446161961274518,160.77794966606334
3240,972000,270.0,0.5079539384070783,0.5079539384070783,0.3194372380763134,0.5455474007764235,160.3661100502174
3241,972300,270.0833333333333,0.5128664263183143,0.5128664263183143,0.321034659897588,0.5457491602465551,159.15376286997522
3242,972600,270.1666666666667,0.5109602631906427,0.5109602631906427,0.3219443416750469,0.5464046365698395,158.606096948233
3243,972900,270.25,0.500407393121078,0.500407393121078,0.3215584797570495,0.5466574911468641,157.79660418279096
3244,973200,270.3333333333333,0.4951295025316687,0.4951295025316687,0.3202755488985108,0.5463687071515427,157.62110181541232
3245,973500,270.4166666666667,0.4951059524725235,0.4951059524725235,0.3186616611790727,0.5457132453600694,157.65332216162108
3246,973800,270.5,0.4880876104214574,0.4880876104214574,0.3184513832582113,0.5467495574354397,157.76007934301887
3247,974100,270.5833333333333,0.490888385644826,0.490888385644826,0.3190208443390167,0.5474117488117052,157.92423166552635
3248,974400,270.6666666666667,0.4996716771751631,0.4996716771751631,0.3188813379846508,0.5478897534556046,157.82127005847576
3249,974700,270.75,0.5091859769259285,0.5091859769259285,0.3186807542349062,0.5486499644158968,158.0795683574349
3250,975000,270.8333333333333,0.5036584615368246,0.5036584615368246,0.3194049065056381,0.5498887837066364,158.7328026357091
3251,975300,270.9166666666667,0.4948759789244952,0.4948759789244952,0.3184378733845205,0.5499291046923948,158.8755260030647
3252,975600,271.0,0.4997612170087619,0.4997612170087619,0.3202376437381024,0.5517486441426154,159.973287599953
3253,975900,271.0833333333333,0.5020791117737934,0.5020791117737934,0.3208562205477469,0.5532355150556166,160.77030100906515
3254,976200,271.1666666666667,0.493458765696704,0.493458765696704,0.3195049864489861,0.550802751479109,160.32463867054767
3255,976500,271.25,0.4900846109195474,0.4900846109195474,0.3206435516469059,0.551152702124546,159.94967102706613
3256,976800,271.3333333333333,0.4754821396455527,0.4754821396455527,0.3208963916553706,0.550881489214856,159.63212926213504
3257,977100,271.4166666666667,0.4761629207347472,0.4761629207347472,0.320726707214263,0.5509644039278103,159.5247724857269
3258,977400,271.5,0.4749558169404954,0.4749558169404954,0.3210515316975879,0.5516088019782769,159.65301208417128
3259,977700,271.5833333333333,0.473939688827627,0.473939688827627,0.3196945312534114,0.5516421173951588,159.6201719903765
3260,978000,271.6666666666667,0.4620383754637581,0.4620383754637581,0.3183091033487455,0.5506764333333662,159.04603256355523
3261,978300,271.75,0.4578422106035529,0.4578422106035529,0.3181274811580228,0.5499734408534938,158.95528984003994
3262,978600,271.8333333333333,0.4433519385498409,0.4433519385498409,0.3170295980279243,0.5504973800840592,159.53850014755523
3263,978900,271.9166666666667,0.4434395719170451,0.4434395719170451,0.3149906625303902,0.5505556813150714,159.8605315652405
3264,979200,272.0,0.4495448147284944,0.4495448147284944,0.315001047969725,0.5524026963972235,161.34176545586038
3265,979500,272.0833333333333,0.45692649325264,0.45692649325264,0.3178410792280491,0.5565932265432008,162.8193711687297
3266,979800,272.1666666666667,0.4593794342220915,0.4593794342220915,0.3182071952730641,0.5599371555048049,164.85035584590776
3267,980100,272.25,0.4726699456316577,0.4726699456316577,0.3201485890806153,0.5618329323916805,165.64414019604288
3268,980400,272.3333333333333,0.4648437254747316,0.4648437254747316,0.3191967848040856,0.5613012815011316,165.62638753086833
3269,980700,272.4166666666667,0.4705120162475303,0.4705120162475303,0.3196285571187305,0.5615177424997556,166.1722550500173
3270,981000,272.5,0.4681128062994519,0.4681128062994519,0.3201817128852365,0.5618086182941512,166.5677669015605
3271,981300,272.5833333333333,0.4629483009278677,0.4629483009278677,0.3205984844544625,0.5619811950666538,166.8741427030725
3272,981600,272.6666666666667,0.4677706171743888,0.4677706171743888,0.3201563449875905,0.5608552018211915,166.71740452445928
3273,981900,272.75,0.4733028995253024,0.4733028995253024,0.3227081468417602,0.5627270258486895,167.01575899295042
3274,982200,272.8333333333333,0.4708097467963182,0.4708097467963182,0.3235292652713841,0.5605993263122144,165.99911114015424
3275,982500,272.9166666666667,0.4604018140047509,0.4604018140047509,0.3215333472129602,0.5573955136473338,164.18535161588647
3276,982800,273.0,0.4516418108865968,0.4516418108865968,0.322398147928072,0.5555663028860106,163.67133889681753
3277,983100,273.0833333333333,0.4589372399934294,0.4589372399934294,0.3078631345716152,0.5440828536799651,155.51462904499564
3278,983400,273.1666666666667,0.4626407884996535,0.4626407884996535,0.3085360054514696,0.5512295997364537,157.28523957920467
3279,983700,273.25,0.4661682557284348,0.4661682557284348,0.3080893171512011,0.5563759042964688,159.22026887722032
3280,984000,273.3333333333333,0.467994031382769,0.467994031382769,0.311228935796071,0.5595325805307394,159.79593723456375
3281,984300,273.4166666666667,0.4809450101866951,0.4809450101866951,0.3239713271773829,0.5589454474154144,160.8242323766915
3282,984600,273.5,0.4864860015098605,0.4864860015098605,0.3272956851245279,0.563515975547501,161.18147761331292
3283,984900,273.5833333333333,0.4701902463750554,0.4701902463750554,0.3220420904068471,0.5649212454664259,161.1065371195607
3284,985200,273.6666666666667,0.4667852356578732,0.4667852356578732,0.320137985158174,0.5614545547339593,160.31932244303462
3285,985500,273.75,0.4750649095562603,0.4750649095562603,0.3167461040457674,0.5583267027825738,160.6333345634589
3286,985800,273.8333333333333,0.4786971595514547,0.4786971595514547,0.3194469578066048,0.5583193578799537,161.53689831462734
3287,986100,273.9166666666667,0.4633785137543533,0.4633785137543533,0.3162688242036324,0.5576602895485364,161.87789411631496
3288,986400,274.0,0.473540698364302,0.473540698364302,0.3192067539059144,0.5583115910911589,162.95546170612403
3289,986700,274.0833333333333,0.4782392486701068,0.4782392486701068,0.3184983023522543,0.5601122347054711,163.11324851480654
3290,987000,274.1666666666667,0.4686127767113828,0.4686127767113828,0.3117157801187106,0.5578746945984323,163.26798075238025
3291,987300,274.25,0.4714173060107569,0.4714173060107569,0.3151079194151934,0.560683119578319,162.86582336285744
3292,987600,274.3333333333333,0.4492475635558429,0.4492475635558429,0.314598233565686,0.5630708699696384,162.0244897591735
3293,987900,274.4166666666667,0.4597957005955272,0.4597957005955272,0.3126080406001935,0.5650217008547029,160.92942789022104
3294,988200,274.5,0.4748206258887102,0.4748206258887102,0.3138858878195429,0.5631278851247619,161.84459231447073
3295,988500,274.5833333333333,0.4726325758839909,0.4726325758839909,0.3178224480164267,0.5657284626034234,161.94771796114992
3296,988800,274.6666666666667,0.4454623310106553,0.4454623310106553,0.3087936092041206,0.5635275259439743,159.993423005622
3297,989100,274.75,0.4674535700343121,0.4674535700343121,0.3120795305592589,0.5650921305198375,160.2411950499626
3298,989400,274.8333333333333,0.4680727533617363,0.4680727533617363,0.3125844371178233,0.5674826882631124,161.26211278490547
3299,989700,274.9166666666667,0.4794340111371282,0.4794340111371282,0.3208664090295564,0.5700459910689578,161.7176213435074
3300,990000,275.0,0.4744357664451136,0.4744357664451136,0.3131020827671829,0.5652809240943786,161.40591215785952
3301,990300,275.0833333333333,0.4774082857510395,0.4774082857510395,0.3184231076589194,0.5672585399980345,162.7880949223743
3302,990600,275.1666666666667,0.4721982855035222,0.4721982855035222,0.3167417664008848,0.56702401296047,162.79303728532804
3303,990900,275.25,0.4735129733449905,0.4735129733449905,0.3170360655983946,0.5659422746886691,161.39103178016234
3304,991200,275.3333333333333,0.4726452989438592,0.4726452989438592,0.3164600732367251,0.5665042711720433,162.41226291327004
3305,991500,275.4166666666667,0.4733191155339744,0.4733191155339744,0.3183641413346451,0.5663334973174644,162.43562770939857
3306,991800,275.5,0.4676951299943597,0.4676951299943597,0.3155622630705185,0.5654876422261301,161.7620415616207
3307,992100,275.5833333333333,0.4590551988975705,0.4590551988975705,0.3161677796245112,0.5671394231166151,161.56546077617602
3308,992400,275.6666666666667,0.4718331410886802,0.4718331410886802,0.3162757249456578,0.566115096587296,160.38274032049682
3309,992700,275.75,0.485285835809405,0.485285835809405,0.3168461600737318,0.565477168353867,160.2633141579088
3310,993000,275.8333333333333,0.4774174380889142,0.4774174380889142,0.3145731908896357,0.5639017241646515,159.90817866118766
3311,993300,275.9166666666667,0.4802526968970932,0.4802526968970932,0.3189499574583282,0.5649659525506829,160.79933619042512
3312,993600,276.0,0.4784020892775806,0.4784020892775806,0.3185254730505402,0.5670273106192222,160.17700580613916
3313,993900,276.0833333333333,0.4888111536720188,0.4888111536720188,0.322021451031777,0.565931805314932,159.68799700400103
3314,994200,276.1666666666667,0.4885248088846363,0.4885248088846363,0.3243730209935125,0.566990675110727,159.93639783149953
3315,994500,276.25,0.4684113856192607,0.4684113856192607,0.3210882393733935,0.5665808213485309,160.44449934358454
3316,994800,276.3333333333333,0.4471545529811737,0.4471545529811737,0.3184295007133022,0.5682153714391867,160.01869233016663
3317,995100,276.4166666666667,0.4050280209767132,0.4050280209767132,0.3116758484681323,0.5720843629588717,159.18777724885493
3318,995400,276.5,0.3908039095538991,0.3908039095538991,0.3078947201089347,0.5787372688997899,156.5730274770346
3319,995700,276.5833333333333,0.3724879522350768,0.3724879522350768,0.3026740690613731,0.587526155710705,153.29228298414077
3320,996000,276.6666666666667,0.3866724106973642,0.3866724106973642,0.3083533001605353,0.6065891849747403,153.4000633176129
3321,996300,276.75,0.3846439029682357,0.3846439029682357,0.3060087403578983,0.6101262759764702,158.143111156683
3322,996600,276.8333333333333,0.3973793464420047,0.3973793464420047,0.3115364085378885,0.6250382443774392,160.12967166731443
3323,996900,276.9166666666667,0.3852374251323085,0.3852374251323085,0.303043837417824,0.6300264542990012,161.11018763855293
3324,997200,277.0,0.394019430042986,0.394019430042986,0.3011339948699553,0.6278075392177871,162.40675705216256
3325,997500,277.0833333333333,0.3972311267214627,0.3972311267214627,0.3031404562742288,0.6335143240885279,163.25604284161082
3326,997800,277.1666666666667,0.4072713157642165,0.4072713157642165,0.3177253850171821,0.6475813054529379,162.62246435333924
3327,998100,277.25,0.3977758059162816,0.3977758059162816,0.3089523527745098,0.6488759659455646,163.086884002619
3328,998400,277.3333333333333,0.3959564290791579,0.3959564290791579,0.3096277391247805,0.6543721128181302,166.66780020904312
3329,998700,277.4166666666667,0.4103215310494525,0.4103215310494525,0.3072678861953578,0.65550504992448,168.26687667934624
3330,999000,277.5,0.437041551807927,0.437041551807927,0.3157528290277374,0.662222824430213,169.94861739105863
3331,999300,277.5833333333333,0.4148062448668361,0.4148062448668361,0.3145738462453547,0.6589296920942341,169.3971790557003
3332,999600,277.6666666666667,0.4136478025382879,0.4136478025382879,0.3103859499248362,0.6533006055900924,171.58423318927817
3333,999900,277.75,0.4015413851891177,0.4015413851891177,0.2710465540387564,0.5342383558258572,148.35237298337492
3334,1000200,277.8333333333333,0.4023584802840436,0.4023584802840436,0.2707857904358584,0.5340318941541674,145.18655006253735
3335,1000500,277.9166666666667,0.4140370124457943,0.4140370124457943,0.269370148329944,0.5337333873984877,145.38938090220026
3336,1000800,278.0,0.4366026528912358,0.4366026528912358,0.2841004259428977,0.554845064008611,149.97734358834822
3337,1001100,278.0833333333333,0.4682319759655651,0.4682319759655651,0.2810563191357709,0.5579744448995029,157.5814665147209
3338,1001400,278.1666666666667,0.4909372145417637,0.4909372145417637,0.2862360146687812,0.5643670482301827,164.0616328020384
3339,1001700,278.25,0.5001231980079012,0.5001231980079012,0.2893582848473937,0.5809954912473205,172.3251171206015
3340,1002000,278.3333333333333,0.5124548191436255,0.5124548191436255,0.292563363184128,0.5833266002200962,175.2350032458317
3341,1002300,278.4166666666667,0.5025055946059751,0.5025055946059751,0.287855742566702,0.5643495689527148,175.87332735900077
3342,1002600,278.5,0.5042277559857935,0.5042277559857935,0.2811467092577128,0.5594042184455997,170.88896365532412
3343,1002900,278.5833333333333,0.4976738109054763,0.4976738109054763,0.2821386791549564,0.5717974987466814,166.33282812550146
3344,1003200,278.6666666666667,0.4417585341863655,0.4417585341863655,0.2867962819262,0.579250507209136,162.5373514073102
3345,1003500,278.75,0.4167061920530894,0.4167061920530894,0.2732391908645053,0.5491654161302069,155.5210192975383
3346,1003800,278.8333333333333,0.4241229377596758,0.4241229377596758,0.2797508281467515,0.5379012030518942,148.4810165312441
3347,1004100,278.9166666666667,0.4465760997545317,0.4465760997545317,0.2786211935953855,0.5567073454515058,150.1280187012124
3348,1004400,279.0,0.4617292029257414,0.4617292029257414,0.2753389365111587,0.5387428703195675,152.88009208749122
3349,1004700,279.0833333333333,0.4439727560291452,0.4439727560291452,0.2750611280038113,0.5361551727705856,157.13948234938906
3350,1005000,279.1666666666667,0.4557736118190252,0.4557736118190252,0.2829741095837402,0.5535541286456894,161.25865231070708
3351,1005300,279.25,0.4527183327857219,0.4527183327857219,0.2750650360101225,0.5382076011041601,161.79949423255624
3352,1005600,279.3333333333333,0.4686817902173193,0.4686817902173193,0.2853825771606106,0.5490361223287729,163.62322565210673
3353,1005900,279.4166666666667,0.4731249016799793,0.4731249016799793,0.2957442264618962,0.5497642477127107,165.31818053884115
3354,1006200,279.5,0.4649762113080756,0.4649762113080756,0.2868879506799439,0.5346577790231625,163.1303737903852
3355,1006500,279.5833333333333,0.4574246430799489,0.4574246430799489,0.2816253354303579,0.531612585539833,161.96243015871943
3356,1006800,279.6666666666667,0.4496036501232284,0.4496036501232284,0.2781587333908022,0.5241239628583865,162.87309636909723
3357,1007100,279.75,0.4831484277667203,0.4831484277667203,0.2912228626681534,0.5327403788624343,166.9269220395149
3358,1007400,279.8333333333333,0.4741439134328241,0.4741439134328241,0.2839541769498298,0.5454666403742221,164.87774605562208
3359,1007700,279.9166666666667,0.4586822771710754,0.4586822771710754,0.2842535675724058,0.5411083612412935,167.01043015490063
3360,1008000,280.0,0.4551594209826215,0.4551594209826215,0.2819918140926617,0.5374854579992278,165.2334856586546
3361,1008300,280.0833333333333,0.4743912624314139,0.4743912624314139,0.2932294789927437,0.5457017086249326,162.30447579907457
3362,1008600,280.1666666666667,0.5363003693945025,0.5363003693945025,0.3256203125162812,0.5749716552292453,166.41020352920197
3363,1008900,280.25,0.539697969219119,0.539697969219119,0.3218961194366631,0.5845462137374665,171.5931615282943
3364,1009200,280.3333333333333,0.5237520908427072,0.5237520908427072,0.3109626841768098,0.5771088254989847,173.55214134149026
3365,1009500,280.4166666666667,0.5521282475173821,0.5521282475173821,0.3225724450038352,0.583608491925319,171.65282593031677
3366,1009800,280.5,0.5254125256607725,0.5254125256607725,0.3058652289095822,0.5780920514398006,174.24030466033278
3367,1010100,280.5833333333333,0.5261862553185562,0.5261862553185562,0.3070632412197698,0.5900908959647752,171.37418386391803
3368,1010400,280.6666666666667,0.5104912716561217,0.5104912716561217,0.3068835878362507,0.5872362956104674,168.18556137044447
3369,1010700,280.75,0.515420421880714,0.515420421880714,0.3031293170607479,0.5810919904461638,169.79403850782296
3370,1011000,280.8333333333333,0.5005933105461,0.5005933105461,0.299582091288836,0.5685322792549453,164.9976310722805
3371,1011300,280.9166666666667,0.5170759671538171,0.5170759671538171,0.3070156677235254,0.5692530426628688,161.09296929954235
3372,1011600,281.0,0.5254275881479137,0.5254275881479137,0.3104951846494105,0.5773397587473871,161.33087151012924
3373,1011900,281.0833333333333,0.5052593239542038,0.5052593239542038,0.2994385070164555,0.575716053786095,161.74724857307228
3374,1012200,281.1666666666667,0.5035049163421106,0.5035049163421106,0.3036820260285241,0.569619421724701,162.2618228278712
3375,1012500,281.25,0.5013464595952127,0.5013464595952127,0.2968931648880996,0.5647385979745657,162.75471467985736
3376,1012800,281.3333333333333,0.4864467519085579,0.4864467519085579,0.290263326865872,0.578566882668472,166.83051865581223
3377,1013100,281.4166666666667,0.4963157097498563,0.4963157097498563,0.2956605173707984,0.5706304577307967,169.10908927142046
3378,1013400,281.5,0.4856574596925398,0.4856574596925398,0.2928820220550209,0.5571588812671224,164.88630417758793
3379,1013700,281.5833333333333,0.4741944273676543,0.4741944273676543,0.2910396584849647,0.546413424540179,163.11952980892937
3380,1014000,281.6666666666667,0.5208240316630326,0.5208240316630326,0.3190855526065883,0.5832039723678496,162.3180678680617
3381,1014300,281.75,0.550208331560591,0.550208331560591,0.3363771445387027,0.5908204457467451,161.27701185334138
3382,1014600,281.8333333333333,0.5083332506847908,0.5083332506847908,0.3172816713388398,0.581057507020904,163.15220402431137
3383,1014900,281.9166666666667,0.4778720483202036,0.4778720483202036,0.305430796535192,0.5618369110040724,164.7857971491018
3384,1015200,282.0,0.4865546840914838,0.4865546840914838,0.3032569207313955,0.5613296467666524,163.2782353299742
3385,1015500,282.0833333333333,0.4815209684961685,0.4815209684961685,0.3073346360705554,0.5638966106417905,162.3371097009956
3386,1015800,282.1666666666667,0.45642023717934,0.45642023717934,0.3014620297270069,0.5635057031520316,162.09688299046755
3387,1016100,282.25,0.4312369796051373,0.4312369796051373,0.2820681258725339,0.5356087184561045,162.25462786782865
3388,1016400,282.3333333333333,0.4404709485864694,0.4404709485864694,0.2875430855330509,0.5531324307633091,162.0941082114412
3389,1016700,282.4166666666667,0.4473008060639687,0.4473008060639687,0.2971604990806339,0.5618222147659916,160.48458387095272
3390,1017000,282.5,0.4725930280468163,0.4725930280468163,0.2929743620513218,0.5614259070356831,160.17517529171042
3391,1017300,282.5833333333333,0.4765106867996945,0.4765106867996945,0.3001316138655452,0.5565169399115177,160.43949220451944
3392,1017600,282.6666666666667,0.4392128657159691,0.4392128657159691,0.2802951061135093,0.5408147769788677,160.5018193349871
3393,1017900,282.75,0.4368439695621936,0.4368439695621936,0.2830073889487024,0.5375581894991849,160.53124678751644
3394,1018200,282.8333333333333,0.483965162899685,0.483965162899685,0.3104741229271945,0.5540860367248034,161.9262094849866
3395,1018500,282.9166666666667,0.5133381070288615,0.5133381070288615,0.3181566606760393,0.5516641358447602,160.99130717244253
3396,1018800,283.0,0.4805833038224555,0.4805833038224555,0.3085690957923742,0.5580874810478779,160.51100653963584
3397,1019100,283.0833333333333,0.4916466306173448,0.4916466306173448,0.3207604735529097,0.5709040266036004,161.9854496862598
3398,1019400,283.1666666666667,0.5095361773412238,0.5095361773412238,0.3144773600436797,0.5650555512602756,165.18322890740905
3399,1019700,283.25,0.4973507573753052,0.4973507573753052,0.3132273336712508,0.5640422158674055,164.88643632695508
3400,1020000,283.3333333333333,0.4833287661959591,0.4833287661959591,0.3082319205497202,0.5599570413115151,165.5148881278417
3401,1020300,283.4166666666667,0.492924093278288,0.492924093278288,0.3111416171807106,0.5602996130032312,166.12445770260132
3402,1020600,283.5,0.4736485825671539,0.4736485825671539,0.2984141768904687,0.5441386593443234,165.1003270881398
3403,1020900,283.5833333333333,0.4674402883392102,0.4674402883392102,0.2968622035357448,0.535005388443233,163.1488810968089
3404,1021200,283.6666666666667,0.4670222046391999,0.4670222046391999,0.2982591492830712,0.5474884478270553,164.50745113736355
3405,1021500,283.75,0.4312430111720718,0.4312430111720718,0.2867045929544639,0.5401665780164882,163.76067413703962
3406,1021800,283.8333333333333,0.421107451315085,0.421107451315085,0.2751367972253248,0.5308953856956082,162.77826688477273
3407,1022100,283.9166666666667,0.4197970468143059,0.4197970468143059,0.2682820148568943,0.5279794288545206,159.8912150613285
3408,1022400,284.0,0.4014455402678572,0.4014455402678572,0.2624675464863005,0.5243362975790093,156.32773031289216
3409,1022700,284.0833333333333,0.3891650432730252,0.3891650432730252,0.257878965763934,0.5152097864044267,153.12674518884856
3410,1023000,284.1666666666667,0.4077242847376654,0.4077242847376654,0.2659639031574176,0.5233466581071025,153.1720091961731
3411,1023300,284.25,0.4218933097900681,0.4218933097900681,0.2704368090263296,0.5313893173703658,155.88319631005675
3412,1023600,284.3333333333333,0.4302292193413068,0.4302292193413068,0.2715672215606684,0.5262926887691625,154.9579807973211
3413,1023900,284.4166666666667,0.4574064127228878,0.4574064127228878,0.3017164731544945,0.5565005061147457,155.64241139768632
3414,1024200,284.5,0.4839593621033964,0.4839593621033964,0.3227836101916675,0.5831030660962935,155.4775563587706
3415,1024500,284.5833333333333,0.505585009615461,0.505585009615461,0.3525575225910843,0.6051470318613139,156.89992750750463
3416,1024800,284.6666666666667,0.5103514635716915,0.5103514635716915,0.3617653524127322,0.6118924547180491,155.84493310689297
3417,1025100,284.75,0.5289997672258564,0.5289997672258564,0.3658960581068345,0.6126351096501514,153.68486844381607
3418,1025400,284.8333333333333,0.5249109053716087,0.5249109053716087,0.3732050201518491,0.6162455404376141,153.74085534812272
3419,1025700,284.9166666666667,0.5151765092188053,0.5151765092188053,0.3659531481879529,0.6149394801462917,153.65822250858554
3420,1026000,285.0,0.5356579342272757,0.5356579342272757,0.3697685349043391,0.6195535327857815,155.00845219853926
3421,1026300,285.0833333333333,0.5299573254250406,0.5299573254250406,0.3701773309037953,0.6213842631114288,155.0977045243016
3422,1026600,285.1666666666667,0.5198910465896587,0.5198910465896587,0.3618260601400097,0.6164756450152268,155.88799406492384
3423,1026900,285.25,0.5116027498647915,0.5116027498647915,0.357056825664791,0.6143584908758914,156.48902892525422
3424,1027200,285.3333333333333,0.4816409064085958,0.4816409064085958,0.3307201742568302,0.5982305420252362,155.41280441286807
3425,1027500,285.4166666666667,0.4658639188338848,0.4658639188338848,0.3211614836638012,0.5941296021345617,154.09708309027587
3426,1027800,285.5,0.4812828188083092,0.4812828188083092,0.3116581055253774,0.5817292271135529,156.2993998284374
3427,1028100,285.5833333333333,0.4745310909507961,0.4745310909507961,0.3035532562317952,0.5735220827624624,156.2803666489974
3428,1028400,285.6666666666667,0.459492639841274,0.459492639841274,0.2886523882159862,0.5623730567106169,156.01904032946777
3429,1028700,285.75,0.4645269251097782,0.4645269251097782,0.2847982805977657,0.5743952086624585,158.95227643436158
3430,1029000,285.8333333333333,0.4618295169286588,0.4618295169286588,0.2735327509997379,0.5676906939646345,159.0023907376704
3431,1029300,285.9166666666667,0.4634705279702775,0.4634705279702775,0.2745735006616679,0.5769091476221544,162.19321179570818
3432,1029600,286.0,0.4700573546448811,0.4700573546448811,0.2783329307329469,0.5812174983756258,165.86827218240848
3433,1029900,286.0833333333333,0.4804036132388686,0.4804036132388686,0.2788529073443727,0.5682375909159283,167.6673710483865
3434,1030200,286.1666666666667,0.4682462449718961,0.4682462449718961,0.2795339472781368,0.5918793616192979,168.36827286830464
3435,1030500,286.25,0.4665051729848155,0.4665051729848155,0.281800069082379,0.5976453652496866,169.16181813792005
3436,1030800,286.3333333333333,0.4573287549690071,0.4573287549690071,0.2764195560730024,0.5897478899206922,170.13302662724325
3437,1031100,286.4166666666667,0.4663925713915837,0.4663925713915837,0.2789483123220771,0.5941185149797412,171.67232440712175
3438,1031400,286.5,0.4430542284059355,0.4430542284059355,0.2748610911056607,0.5845864438986375,170.68438521241842
3439,1031700,286.5833333333333,0.4337857409788986,0.4337857409788986,0.2733085611961062,0.5782461509646415,166.50438372814895
3440,1032000,286.6666666666667,0.4402401816014654,0.4402401816014654,0.2777516023241211,0.5831733207140224,165.1504526983572
3441,1032300,286.75,0.4422936250912582,0.4422936250912582,0.2724726030653233,0.561103927077042,164.16052271432451
3442,1032600,286.8333333333333,0.4423152359233758,0.4423152359233758,0.2791610485051705,0.5722275595769203,165.13347128212953
3443,1032900,286.9166666666667,0.4549617062165948,0.4549617062165948,0.2782389975059708,0.5774507898931298,165.9377481132262
3444,1033200,287.0,0.4578565422163629,0.4578565422163629,0.2784985281569467,0.5665672107670159,162.4430814319648
3445,1033500,287.0833333333333,0.45408611751461,0.45408611751461,0.2777213617774412,0.5616424971536457,161.61641637319994
3446,1033800,287.1666666666667,0.4459728268696665,0.4459728268696665,0.2781965835349445,0.5709252160659103,162.64382706673555
3447,1034100,287.25,0.4458898815820219,0.4458898815820219,0.2752603924571395,0.5682111795383731,163.19599727331385
3448,1034400,287.3333333333333,0.4434615458579128,0.4434615458579128,0.2758956942148599,0.5718542490747296,163.12120031235017
3449,1034700,287.4166666666667,0.4466342394481935,0.4466342394481935,0.275604677452511,0.5543968017941281,163.86331399622088
3450,1035000,287.5,0.4617015665404061,0.4617015665404061,0.2830639064924198,0.5615073975767005,164.1914739454107
3451,1035300,287.5833333333333,0.4586564634524026,0.4586564634524026,0.2834109988528663,0.5668398149132794,165.93275582863416
3452,1035600,287.6666666666667,0.4593273010199604,0.4593273010199604,0.2799319566350803,0.558558996358441,166.48802208697754
3453,1035900,287.75,0.479090409184802,0.479090409184802,0.2852701744171131,0.5635979685183116,166.29738259998834
3454,1036200,287.8333333333333,0.4844072273072093,0.4844072273072093,0.3009867609486587,0.5701409755410087,164.18937209927748
3455,1036500,287.9166666666667,0.4920527831747302,0.4920527831747302,0.3069593754633177,0.5717977736571779,168.7841531203074
3456,1036800,288.0,0.494569934769716,0.494569934769716,0.3089795167886885,0.5716717650014149,167.6782741595987
3457,1037100,288.0833333333333,0.4979750978672727,0.4979750978672727,0.3139442814688651,0.5716600798241669,167.3656455294771
3458,1037400,288.1666666666667,0.486701931885082,0.486701931885082,0.3130061562691222,0.5650590121218909,166.03579627954056
3459,1037700,288.25,0.4817221201055054,0.4817221201055054,0.3078925851448508,0.5554774746368472,163.84437346598247
3460,1038000,288.3333333333333,0.4718858990464251,0.4718858990464251,0.3051586588268211,0.5539561830069565,162.62913094402654
3461,1038300,288.4166666666667,0.4654955979781571,0.4654955979781571,0.3015547487863931,0.5525900835622101,160.9748351927292
3462,1038600,288.5,0.4611772353456002,0.4611772353456002,0.2983097211533604,0.5417090618630972,159.10143052998072
3463,1038900,288.5833333333333,0.4620274194724563,0.4620274194724563,0.2967941004251704,0.53841234835828,159.57312597929567
3464,1039200,288.6666666666667,0.4542342536950315,0.4542342536950315,0.3003404538604067,0.5471972086429849,162.04701622925546
3465,1039500,288.75,0.437276228241475,0.437276228241475,0.2871865889822024,0.5298404440595804,161.63436061793672
3466,1039800,288.8333333333333,0.4383421660584387,0.4383421660584387,0.2872558743228118,0.5416407772234074,162.44699621348974
3467,1040100,288.9166666666667,0.4453448970086639,0.4453448970086639,0.2929807719381682,0.5453962189173623,160.26392383574185
3468,1040400,289.0,0.4547684824513965,0.4547684824513965,0.2948362405336259,0.5504184796386732,160.38658600436983
3469,1040700,289.0833333333333,0.4584341765637693,0.4584341765637693,0.2928347838195203,0.5502718145725897,162.67672184185085
3470,1041000,289.1666666666667,0.4585263408021551,0.4585263408021551,0.295589962678295,0.5663045270012338,166.38698429400992
3471,1041300,289.25,0.4680245286360153,0.4680245286360153,0.2948967835466754,0.5519244399227301,168.24746783166486
3472,1041600,289.3333333333333,0.4854712382564712,0.4854712382564712,0.3002014951008124,0.5618726760391302,169.64073344602136
3473,1041900,289.4166666666667,0.4807184649526693,0.4807184649526693,0.3004320796784711,0.558918969419651,172.01211104950465
3474,1042200,289.5,0.4965274970528306,0.4965274970528306,0.295665959830158,0.5462061399996248,169.7450787475858
3475,1042500,289.5833333333333,0.4868000492817022,0.4868000492817022,0.2978782285519725,0.5550894019080362,163.86712064811988
3476,1042800,289.6666666666667,0.5109435702558094,0.5109435702558094,0.3005700572469114,0.55552626203994,166.88720327248055
3477,1043100,289.75,0.5345559397989764,0.5345559397989764,0.3027551187496837,0.5670890836226007,170.03486501802192
3478,1043400,289.8333333333333,0.5386434871167423,0.5386434871167423,0.3054108978954138,0.562757917946223,173.8325967000665
3479,1043700,289.9166666666667,0.5432281364217494,0.5432281364217494,0.3088016561397254,0.5652591154409561,174.16468662219373
3480,1044000,290.0,0.554585327048397,0.554585327048397,0.3095445395436896,0.5643540599719833,170.69591795804715
3481,1044300,290.0833333333333,0.5427677219676618,0.5427677219676618,0.3090210948633538,0.5617849122388707,167.38762679320078
3482,1044600,290.1666666666667,0.546294310656249,0.546294310656249,0.3079326620136829,0.5599983267883024,164.66801085312073
3483,1044900,290.25,0.4971427223193924,0.4971427223193924,0.2967246148206901,0.536807578726352,154.97797009008454
3484,1045200,290.3333333333333,0.5004936970728686,0.5004936970728686,0.2965039405958513,0.5485571361400157,157.14183968490104
3485,1045500,290.4166666666667,0.5269206451896953,0.5269206451896953,0.3036434770903111,0.5639403553135081,159.12586003347556
3486,1045800,290.5,0.515066392081124,0.515066392081124,0.3117450392179569,0.561024952952971,157.04323473982294
3487,1046100,290.5833333333333,0.5260183488319178,0.5260183488319178,0.318057893979545,0.5657250154983139,161.65906146082776
3488,1046400,290.6666666666667,0.5205531386475765,0.5205531386475765,0.3206917581912158,0.5686110971176401,163.58959021675997
3489,1046700,290.75,0.5148396736847046,0.5148396736847046,0.3211318253137522,0.5691131112777924,164.71050301429375
3490,1047000,290.8333333333333,0.507790126467002,0.507790126467002,0.3204394003490752,0.5697312099073633,163.82813013006398
3491,1047300,290.9166666666667,0.5116093340032498,0.5116093340032498,0.3168666254170004,0.5671418582874352,159.8577983416684
3492,1047600,291.0,0.5253584780222366,0.5253584780222366,0.3214319947896065,0.5693134720082867,160.93460308582942
3493,1047900,291.0833333333333,0.5194615411196043,0.5194615411196043,0.3223051907522691,0.5681534385526026,160.76576503788283
3494,1048200,291.1666666666667,0.514867027972276,0.514867027972276,0.3224368223381905,0.5655198238787015,160.4663203465206
3495,1048500,291.25,0.4969922652715776,0.4969922652715776,0.3210307167234738,0.5643626826233179,160.27370033244486
3496,1048800,291.3333333333333,0.5034373285228255,0.5034373285228255,0.3201385601586993,0.5643795148572792,160.43043385131156
3497,1049100,291.4166666666667,0.5095012718747243,0.5095012718747243,0.3180150960488313,0.5571106230285926,158.74367105514133
3498,1049400,291.5,0.4968643153546985,0.4968643153546985,0.3180291314299221,0.5577637470317942,159.77907625829073
3499,1049700,291.5833333333333,0.4894629173888135,0.4894629173888135,0.3196373422459476,0.5601438635277833,159.9594410677898
3500,1050000,291.6666666666667,0.4867502471559049,0.4867502471559049,0.318485679121978,0.5582291785479813,159.66956764348964
3501,1050300,291.75,0.4816825791026177,0.4816825791026177,0.3187155569315211,0.5589581475010483,160.00686675396528
3502,1050600,291.8333333333333,0.4724424685570547,0.4724424685570547,0.3180559861941304,0.5603700243815657,160.24188250469146
3503,1050900,291.9166666666667,0.4787712109772448,0.4787712109772448,0.3195572598477877,0.5629114554926056,161.22981893589932
3504,1051200,292.0,0.4714021594516871,0.4714021594516871,0.3215604354371336,0.5645431448946263,161.44273423157827
3505,1051500,292.0833333333333,0.4664913638767292,0.4664913638767292,0.3204489761558847,0.5654515759591318,161.6763051040716
3506,1051800,292.1666666666667,0.492710656972375,0.492710656972375,0.3221097018671209,0.5652403005403724,161.5134950203046
3507,1052100,292.25,0.4963890401494044,0.4963890401494044,0.319525760772813,0.5517805611475158,155.15651980414293
3508,1052400,292.3333333333333,0.4847585130927885,0.4847585130927885,0.3200497397977042,0.5494371084368552,155.9312418324503
3509,1052700,292.4166666666667,0.4612565315435042,0.4612565315435042,0.3177839969248386,0.5506837848144859,156.7234297094672
3510,1053000,292.5,0.4455708057757531,0.4455708057757531,0.3170289064716167,0.5534454018668162,156.66052652279498
3511,1053300,292.5833333333333,0.413576549038359,0.413576549038359,0.312721541025309,0.5577134880551384,155.49264370772545
3512,1053600,292.6666666666667,0.4088239185110682,0.4088239185110682,0.3062657133111331,0.5628481151660654,154.46475764406262
3513,1053900,292.75,0.4658929692231651,0.4658929692231651,0.3126450760697219,0.570967109262222,156.5826971853201
3514,1054200,292.8333333333333,0.4899462909233283,0.4899462909233283,0.3208743242713495,0.5756425344847089,160.18245433017188
3515,1054500,292.9166666666667,0.4790298158723373,0.4790298158723373,0.3245932507992328,0.5727037501923985,161.06038664323353
3516,1054800,293.0,0.4772785389153176,0.4772785389153176,0.3224843737918889,0.5631158653101872,158.6143165644637
3517,1055100,293.0833333333333,0.480446956797344,0.480446956797344,0.3219187472893941,0.5617141794383018,159.56417652776807
3518,1055400,293.1666666666667,0.4657067945301799,0.4657067945301799,0.321102222202633,0.5629333437355392,159.10886143180585
3519,1055700,293.25,0.4751741550249351,0.4751741550249351,0.3171024269193956,0.5502156438709241,155.06080475305976
3520,1056000,293.3333333333333,0.4761531066545564,0.4761531066545564,0.3182020523752186,0.5506280837783142,156.6549969113622
3521,1056300,293.4166666666667,0.4574791860182993,0.4574791860182993,0.3177513062263268,0.5511982636278203,156.46212405459258
3522,1056600,293.5,0.4818699122662592,0.4818699122662592,0.3199275387340311,0.5525720120203276,156.98700912551996
3523,1056900,293.5833333333333,0.4852268713764789,0.4852268713764789,0.3220525190194791,0.5531516927217751,158.30168491786145
3524,1057200,293.6666666666667,0.4754242356660226,0.4754242356660226,0.3210995625960107,0.552706504137077,157.77999541277316
3525,1057500,293.75,0.4847435846087441,0.4847435846087441,0.3216279897853586,0.5520099088096868,158.6687206062577
3526,1057800,293.8333333333333,0.4869962270236349,0.4869962270236349,0.3215204770638456,0.5504564572572808,158.2070992093207
3527,1058100,293.9166666666667,0.4857716235170438,0.4857716235170438,0.3225051626125392,0.5514629996759459,158.84617910019
3528,1058400,294.0,0.4739600921236939,0.4739600921236939,0.3220063075870025,0.5511994416641738,157.91574263171233
3529,1058700,294.0833333333333,0.474065150220118,0.474065150220118,0.3221867029496547,0.5522620295809454,156.8860793684414
3530,1059000,294.1666666666667,0.4718410634412977,0.4718410634412977,0.3204692193163122,0.5519354891001688,156.60327692755868
3531,1059300,294.25,0.4857413832498454,0.4857413832498454,0.3217338584692848,0.5535272243897946,156.86995058306638
3532,1059600,294.3333333333333,0.4876034535043602,0.4876034535043602,0.3228271976719064,0.5557319437585213,157.94317723960393
3533,1059900,294.4166666666667,0.4718473982866706,0.4718473982866706,0.3203758774206927,0.5554899296536174,158.500834061658
3534,1060200,294.5,0.472175441977696,0.472175441977696,0.3189621674478912,0.5589776949369698,159.7944723613834
3535,1060500,294.5833333333333,0.4767351930862177,0.4767351930862177,0.3202246339080248,0.5614779086150785,160.6098934974286
3536,1060800,294.6666666666667,0.486309062951172,0.486309062951172,0.3205055877898007,0.555885659617273,158.45264180422134
3537,1061100,294.75,0.4898564423689912,0.4898564423689912,0.3227859520914586,0.556675851629789,158.07444274194933
3538,1061400,294.8333333333333,0.479738722101511,0.479738722101511,0.3199050542323842,0.5530546348883522,155.96447110390602
3539,1061700,294.9166666666667,0.4730739810624523,0.4730739810624523,0.3211584178421714,0.5548625363120124,155.91805243552358
3540,1062000,295.0,0.4366618627599987,0.4366618627599987,0.3151796893237956,0.557619614479491,155.46206278708502
3541,1062300,295.0833333333333,0.4166138884157972,0.4166138884157972,0.3131030909194519,0.5604593054408303,153.9131407931871
3542,1062600,295.1666666666667,0.4612679610433659,0.4612679610433659,0.3212884329857687,0.5675296088403053,153.53583846726377
3543,1062900,295.25,0.4773516134949689,0.4773516134949689,0.3253505060083684,0.5676515478224679,155.83914902876882
3544,1063200,295.3333333333333,0.457988425645539,0.457988425645539,0.3247505576281735,0.5664156735312946,156.97655929826692
3545,1063500,295.4166666666667,0.4646877520452671,0.4646877520452671,0.321525880573243,0.5636865262093573,158.01323197943435
3546,1063800,295.5,0.4869735976544829,0.4869735976544829,0.3248348066477268,0.5653272337060636,160.74002968786664
3547,1064100,295.5833333333333,0.4747115304913747,0.4747115304913747,0.3264405260920612,0.5640861892351277,160.73208489571502
3548,1064400,295.6666666666667,0.4588968736609977,0.4588968736609977,0.3202808269435185,0.5594151318830519,159.86407749880772
3549,1064700,295.75,0.4582519944163164,0.4582519944163164,0.3193745151236354,0.5597209002819217,158.3393560537229
3550,1065000,295.8333333333333,0.4119604600979462,0.4119604600979462,0.3127532283008694,0.5612625321160378,156.3105052996214
3551,1065300,295.9166666666667,0.4023114190933751,0.4023114190933751,0.3101858778181134,0.5644727418645387,153.16172821604897
3552,1065600,296.0,0.4627324833304367,0.4627324833304367,0.3193588864574324,0.5706329080120485,156.48505398400275
3553,1065900,296.0833333333333,0.4465067409887556,0.4465067409887556,0.3229442694322846,0.5723297533950182,158.80182188024554
3554,1066200,296.1666666666667,0.4450350571454055,0.4450350571454055,0.3229078269586331,0.5684573531150803,160.10136142356447
3555,1066500,296.25,0.4429943960856614,0.4429943960856614,0.3182805982062495,0.5650602702202805,160.8048223763495
3556,1066800,296.3333333333333,0.4101887631132872,0.4101887631132872,0.312512914093392,0.5649393252417407,158.99708975559545
3557,1067100,296.4166666666667,0.4108624166648716,0.4108624166648716,0.3081192632100384,0.5694131141899805,157.31717046162385
3558,1067400,296.5,0.4906822024728082,0.4906822024728082,0.3189583976946407,0.5778452481042202,159.49505745291967
3559,1067700,296.5833333333333,0.5056421443488404,0.5056421443488404,0.3208951524645926,0.5696374414267783,159.41634335365353
3560,1068000,296.6666666666667,0.483291892861947,0.483291892861947,0.3201761734145237,0.5632896763487895,161.80928707481698
3561,1068300,296.75,0.4905339461881791,0.4905339461881791,0.3209062053376904,0.5598258175581943,162.01988995209146
3562,1068600,296.8333333333333,0.4859106474775619,0.4859106474775619,0.3208550586933035,0.559172265801002,161.68851151232406
3563,1068900,296.9166666666667,0.4782818580912013,0.4782818580912013,0.3199802200560871,0.5593430291032496,160.50908183728333
3564,1069200,297.0,0.4850637824788115,0.4850637824788115,0.320463198764452,0.5605623838632289,160.87524170959512
3565,1069500,297.0833333333333,0.4772632732443702,0.4772632732443702,0.3195335896280029,0.5601061617338208,161.35648527038947
3566,1069800,297.1666666666667,0.4648369806378467,0.4648369806378467,0.3178989125790945,0.5590311381166895,159.72761808739023
3567,1070100,297.25,0.4532739904310243,0.4532739904310243,0.3181938528893406,0.5624094103429083,159.88073506598766
3568,1070400,297.3333333333333,0.4437130891009304,0.4437130891009304,0.3185962547880774,0.5644485439122957,159.42614949405717
3569,1070700,297.4166666666667,0.4649223816541415,0.4649223816541415,0.3165516165628558,0.5645473183431148,159.06233894224607
3570,1071000,297.5,0.4696008262897954,0.4696008262897954,0.3182000138697093,0.5629915784931551,159.77094016621766
3571,1071300,297.5833333333333,0.4610264334975669,0.4610264334975669,0.3186886002166818,0.5635940606801706,161.14178551694243
3572,1071600,297.6666666666667,0.4400759168756699,0.4400759168756699,0.3149934199767392,0.5638871710474898,161.6157917909021
3573,1071900,297.75,0.4233047927775791,0.4233047927775791,0.3104362417028363,0.5652610864501629,161.08257057438595
3574,1072200,297.8333333333333,0.4550397335252974,0.4550397335252974,0.3153975046515961,0.5723389287880565,163.34778886000385
3575,1072500,297.9166666666667,0.468873100963273,0.468873100963273,0.3193302906855008,0.572960417409052,166.36613507146097
3576,1072800,298.0,0.4702177222306308,0.4702177222306308,0.322392295217461,0.5717736039267888,168.24560492892095
3577,1073100,298.0833333333333,0.4543923247436823,0.4543923247436823,0.3210238501861798,0.5700625029896333,168.0331117847336
3578,1073400,298.1666666666667,0.3914782300999361,0.3914782300999361,0.3149043415380524,0.5695077821004301,167.1782833100723
3579,1073700,298.25,0.3818240821810413,0.3818240821810413,0.3109638244004628,0.5748131219369691,165.07479954632947
3580,1074000,298.3333333333333,0.3894416619628303,0.3894416619628303,0.3085497710167618,0.5773632072659938,163.63756485131114
3581,1074300,298.4166666666667,0.4460045512470394,0.4460045512470394,0.3173130815300091,0.5847292032764803,164.30886038861675
3582,1074600,298.5,0.4923008475395808,0.4923008475395808,0.3260657261977485,0.586541953431262,166.71929474619833
3583,1074900,298.5833333333333,0.5012787932332773,0.5012787932332773,0.3298685003217176,0.58189836782094,168.47242302058262
3584,1075200,298.6666666666667,0.4826857127049194,0.4826857127049194,0.3242837904525825,0.571045294537399,165.74378306906334
3585,1075500,298.75,0.4736048679992125,0.4736048679992125,0.3193027771865358,0.5644988157984447,163.9487555789742
3586,1075800,298.8333333333333,0.4729348964456404,0.4729348964456404,0.3175122376776513,0.5619215510793905,161.8263934286921
3587,1076100,298.9166666666667,0.4570168443861591,0.4570168443861591,0.3162801458517649,0.56181681298031,162.42628415650785
3588,1076400,299.0,0.4591596487590944,0.4591596487590944,0.315748814974944,0.5639251088072854,164.39497417638557
3589,1076700,299.0833333333333,0.4617755036987873,0.4617755036987873,0.3173442713717013,0.565115704124727,164.42430383373255
3590,1077000,299.1666666666667,0.4506384633545184,0.4506384633545184,0.3171353081061579,0.5623799410592163,163.72766749647784
3591,1077300,299.25,0.4497839269692426,0.4497839269692426,0.317255315349622,0.5617466628163162,164.32722990174702
3592,1077600,299.3333333333333,0.4548588846308775,0.4548588846308775,0.3172360781664378,0.5610641989619605,165.49166289836475
3593,1077900,299.4166666666667,0.4443689212764133,0.4443689212764133,0.3107868720042398,0.5558657327834822,164.48607133527526
3594,1078200,299.5,0.466739229920097,0.466739229920097,0.3114944124522659,0.5588196046527569,164.63508129854205
3595,1078500,299.5833333333333,0.493100147297784,0.493100147297784,0.3131531088992292,0.5629597182868834,165.89031059456204
3596,1078800,299.6666666666667,0.5072646723815482,0.5072646723815482,0.3167958483274315,0.5644557840695309,165.98466791930585
3597,1079100,299.75,0.501864140842676,0.501864140842676,0.3121063696649416,0.559715405821899,165.27817027061516
3598,1079400,299.8333333333333,0.4870538627186221,0.4870538627186221,0.3143932351256365,0.5579396748700344,165.28247785084818
3599,1079700,299.9166666666667,0.4795552061475136,0.4795552061475136,0.3146202703915149,0.5599413841502078,166.47120437091905
3600,1080000,300.0,0.4793654238915822,0.4793654238915822,0.3152479163217203,0.5611461984907568,167.11649531048076
3601,1080300,300.0833333333333,0.4788012596724763,0.4788012596724763,0.3160436280477909,0.5626131141932587,168.3080936939467
3602,1080600,300.1666666666667,0.4793257497984555,0.4793257497984555,0.3178900138841016,0.5632222677460518,168.5610201022419
3603,1080900,300.25,0.4732625110058214,0.4732625110058214,0.3164586408823076,0.5630338414109182,169.27508627121395
3604,1081200,300.3333333333333,0.4638137879435632,0.4638137879435632,0.3132496061437538,0.5637882884414562,169.8046270543879
3605,1081500,300.4166666666667,0.4609297067139089,0.4609297067139089,0.3135698678073104,0.5670505199389723,169.84909968447445
3606,1081800,300.5,0.4329218959022596,0.4329218959022596,0.3089174747515538,0.5706699847835534,169.67252576033198
3607,1082100,300.5833333333333,0.4119633298332024,0.4119633298332024,0.3068219784280792,0.5753411556015332,167.4657803411442
3608,1082400,300.6666666666667,0.419902253092741,0.419902253092741,0.308156181196549,0.5843100575919673,165.2320329309142
3609,1082700,300.75,0.4305600793015518,0.4305600793015518,0.3165057607579542,0.5983684386298845,166.03857253703217
3610,1083000,300.8333333333333,0.4454210825497165,0.4454210825497165,0.3300141161729338,0.6160897066615242,166.82768724327934
3611,1083300,300.9166666666667,0.4321394231584338,0.4321394231584338,0.3260224864014204,0.6174095679358063,166.6031315024455
3612,1083600,301.0,0.4340858011072977,0.4340858011072977,0.3281726657604217,0.6211411139156102,167.67175863677883
3613,1083900,301.0833333333333,0.4548177794796956,0.4548177794796956,0.3298224248215669,0.6252465992786947,170.47408227351286
3614,1084200,301.1666666666667,0.459939018026784,0.459939018026784,0.3289298523286033,0.6306040593801977,171.94300737806498
3615,1084500,301.25,0.4756785639787418,0.4756785639787418,0.3330747659070848,0.6329837729435501,172.16560700384693
3616,1084800,301.3333333333333,0.4616369998892709,0.4616369998892709,0.3297163997166396,0.6320209633136553,172.6032748012278
3617,1085100,301.4166666666667,0.4612309928101862,0.4612309928101862,0.3381200962266437,0.6345880455661885,173.02841580397703
3618,1085400,301.5,0.4661723588029587,0.4661723588029587,0.3398831446076221,0.6368247108808744,174.22588120440605
3619,1085700,301.5833333333333,0.4554220722101022,0.4554220722101022,0.3368149550301137,0.6374176384219921,174.0244724795668
3620,1086000,301.6666666666667,0.4714017121097411,0.4714017121097411,0.3437224778676741,0.6389319189643524,174.35206903156237
3621,1086300,301.75,0.4789195735270629,0.4789195735270629,0.3431357183404002,0.6401470971646149,174.31482423297237
3622,1086600,301.8333333333333,0.4802687192870675,0.4802687192870675,0.3443207145829124,0.6421754690675353,173.40428806143507
3623,1086900,301.9166666666667,0.4607464794806103,0.4607464794806103,0.3440768580013794,0.6430067836607839,173.17796116825903
3624,1087200,302.0,0.4698878331520891,0.4698878331520891,0.3440715613490265,0.6426554820099714,173.0746939136451
3625,1087500,302.0833333333333,0.446470982033911,0.446470982033911,0.3340152582793512,0.6391046197040579,171.67634486294486
3626,1087800,302.1666666666667,0.4474338031941202,0.4474338031941202,0.3338337661000718,0.6425144223902789,172.9620102604899
3627,1088100,302.25,0.4620124875334252,0.4620124875334252,0.3203682528644887,0.5636632874462425,153.6855851395865
3628,1088400,302.3333333333333,0.5220833704125826,0.5220833704125826,0.3490791989586134,0.5846022934464701,159.4366502497742
3629,1088700,302.4166666666667,0.5215835837168973,0.5215835837168973,0.3527979057981179,0.5920704498880951,163.1126026367747
3630,1089000,302.5,0.4916361502460386,0.4916361502460386,0.3331598115219537,0.5910143813435116,163.62324665901363
3631,1089300,302.5833333333333,0.4749972931320936,0.4749972931320936,0.3180637478901163,0.5866824833387191,163.73029415638706
3632,1089600,302.6666666666667,0.4889784977112943,0.4889784977112943,0.3260587519341779,0.579830250217995,162.87225101650205
3633,1089900,302.75,0.4938783438014111,0.4938783438014111,0.3314408660298809,0.5892703737392778,162.52598573439317
3634,1090200,302.8333333333333,0.4895976120918715,0.4895976120918715,0.3283516015550499,0.5914432321899701,163.68709274437552
3635,1090500,302.9166666666667,0.4904312516034917,0.4904312516034917,0.330715585846382,0.5932326309072146,163.32365794221988
3636,1090800,303.0,0.5011078203310126,0.5011078203310126,0.3373818407707686,0.5994660110054578,164.6852651632241
3637,1091100,303.0833333333333,0.4961302302010053,0.4961302302010053,0.3346447455241573,0.6009730339147291,165.19555279980744
3638,1091400,303.1666666666667,0.4837287826188819,0.4837287826188819,0.3332563023843689,0.6024196157135272,164.99689883984465
3639,1091700,303.25,0.4825482841814503,0.4825482841814503,0.3417365241574501,0.606264870568347,164.71166264513533
3640,1092000,303.3333333333333,0.4756075459054265,0.4756075459054265,0.3416953193549699,0.6095719112430408,163.62178827815072
3641,1092300,303.4166666666667,0.4673012550213537,0.4673012550213537,0.333915805127902,0.6072460507682057,163.05060511207773
3642,1092600,303.5,0.4766823913446945,0.4766823913446945,0.3340942231287804,0.6022681248974984,163.17305723192786
3643,1092900,303.5833333333333,0.4933710257309296,0.4933710257309296,0.3320092421759178,0.5984345495834167,163.61700418628132
3644,1093200,303.6666666666667,0.4782584430339197,0.4782584430339197,0.3238443026608623,0.5942484371248942,164.08707562904738
3645,1093500,303.75,0.4778032831651346,0.4778032831651346,0.3278374698618332,0.5913438041159983,163.44287360279995
3646,1093800,303.8333333333333,0.4684425348182909,0.4684425348182909,0.3239187454037365,0.5967064403444702,165.74286155628107
3647,1094100,303.9166666666667,0.4937756550710981,0.4937756550710981,0.3256480624699756,0.5953700895312353,167.6877673868686
3648,1094400,304.0,0.5101736033799555,0.5101736033799555,0.3293644413215584,0.6048082920202531,173.5585602462495
3649,1094700,304.0833333333333,0.488015423932971,0.488015423932971,0.3298372131287114,0.6046655062850981,174.41569280298947
3650,1095000,304.1666666666667,0.4860795994514798,0.4860795994514798,0.3297602732248949,0.6048134333820231,173.3300114333579
3651,1095300,304.25,0.4761681314718795,0.4761681314718795,0.3201353315975853,0.5939171793113395,168.78965158631152
3652,1095600,304.3333333333333,0.4772761216291683,0.4772761216291683,0.3160313893567255,0.5809252867376651,166.57296567172187
3653,1095900,304.4166666666667,0.492914672010405,0.492914672010405,0.3295669001811301,0.5952733900607154,165.90765815402156
3654,1096200,304.5,0.5034557127971981,0.5034557127971981,0.3407683019428538,0.6012196666928599,164.41033334851446
3655,1096500,304.5833333333333,0.5035259382788302,0.5035259382788302,0.3394481026837804,0.6013032349964079,164.34096598932834
3656,1096800,304.6666666666667,0.4889062154528229,0.4889062154528229,0.3292384793512549,0.599903145092447,165.9078515380019
3657,1097100,304.75,0.4660439406918913,0.4660439406918913,0.3147067873397453,0.5927631974268752,167.771585211989
3658,1097400,304.8333333333333,0.455792332393935,0.455792332393935,0.3019509818905061,0.5673552224847511,163.98489785325634
3659,1097700,304.9166666666667,0.43841472530656,0.43841472530656,0.3044377415250549,0.5804947641591931,162.30527615677582
3660,1098000,305.0,0.4580879741137054,0.4580879741137054,0.3283338747577536,0.5966367850589833,160.01459765346954
3661,1098300,305.0833333333333,0.4674685364980436,0.4674685364980436,0.33667241652556,0.5954994078824472,155.5994739536831
3662,1098600,305.1666666666667,0.4739375119777373,0.4739375119777373,0.3406458021313944,0.5989899797834459,154.69577739510757
3663,1098900,305.25,0.4872884576706285,0.4872884576706285,0.3446706930958,0.6115255456732337,155.81765057245238
3664,1099200,305.3333333333333,0.491595011323112,0.491595011323112,0.3451861858804533,0.6161042271752912,157.9533973494631
3665,1099500,305.4166666666667,0.4946306302183831,0.4946306302183831,0.3462653010189138,0.6167632319432621,159.35110862885284
3666,1099800,305.5,0.4823944504616027,0.4823944504616027,0.341318967868101,0.6094564349792944,158.97946843389738
3667,1100100,305.5833333333333,0.4727488053871859,0.4727488053871859,0.3304457406988956,0.5975170184961467,157.24339824214172
3668,1100400,305.6666666666667,0.4442284822075992,0.4442284822075992,0.3156231557382025,0.5783344687631807,155.31938916258
3669,1100700,305.75,0.4614836779877926,0.4614836779877926,0.3253705138935225,0.5723835679271837,154.27609468568645
3670,1101000,305.8333333333333,0.464357623871713,0.464357623871713,0.3363022639465963,0.5954853869424798,157.75221336685377
3671,1101300,305.9166666666667,0.4551466177149517,0.4551466177149517,0.3317698019306824,0.5846616289479931,158.38037376983024
3672,1101600,306.0,0.4584834573956485,0.4584834573956485,0.3245382793698353,0.5821598187154088,157.83378926478045
3673,1101900,306.0833333333333,0.4943873435243689,0.4943873435243689,0.3302261723374685,0.5862098995212202,160.96850638235253
3674,1102200,306.1666666666667,0.4879052973783359,0.4879052973783359,0.3146800901718048,0.5646406832777673,161.80405674513423
3675,1102500,306.25,0.4785892144421709,0.4785892144421709,0.3231212440718954,0.5706790443547729,164.8460722226721
3676,1102800,306.3333333333333,0.5427552920289372,0.5427552920289372,0.3319171097315717,0.5830412233204548,167.84376196768852
3677,1103100,306.4166666666667,0.5176833930015078,0.5176833930015078,0.3102586454494532,0.5707303897597158,170.13285219060805
3678,1103400,306.5,0.5062597391806245,0.5062597391806245,0.3106230114551407,0.5644795660764903,169.465754263602
3679,1103700,306.5833333333333,0.5084272956712322,0.5084272956712322,0.3078434103223412,0.5681267015591263,168.33841912091572
3680,1104000,306.6666666666667,0.4715828849010295,0.4715828849010295,0.3056544683346227,0.5613601372628014,167.4411661562653
3681,1104300,306.75,0.4818329373550805,0.4818329373550805,0.3089621111189723,0.550933949556866,162.77339843327246
3682,1104600,306.8333333333333,0.4988994205311028,0.4988994205311028,0.3181071394018301,0.5584845732167314,159.84551669285253
3683,1104900,306.9166666666667,0.4716454014233638,0.4716454014233638,0.3060228566931233,0.5636369504099725,158.96529387719372
3684,1105200,307.0,0.48532211248223,0.48532211248223,0.3213671835692836,0.576600192631385,160.5798155460338
3685,1105500,307.0833333333333,0.4836328785073385,0.4836328785073385,0.3213167023699981,0.581932415349621,163.85545254937594
3686,1105800,307.1666666666667,0.4950011565750766,0.4950011565750766,0.3238907066997155,0.589408881108857,166.8412087355832
3687,1106100,307.25,0.4888505928878472,0.4888505928878472,0.3183446470324054,0.5766405237132112,166.61252477880444
3688,1106400,307.3333333333333,0.4746502219806171,0.4746502219806171,0.3168156039336522,0.5829621308018652,169.4989511789216
3689,1106700,307.4166666666667,0.4828017511950804,0.4828017511950804,0.3217743909585729,0.5809959166775802,171.43415780834468
3690,1107000,307.5,0.4868446941585247,0.4868446941585247,0.3210261649868181,0.5881079361630821,167.87362875877332
3691,1107300,307.5833333333333,0.4743914092147103,0.4743914092147103,0.3250307397724096,0.5927562042540446,167.00055522126624
3692,1107600,307.6666666666667,0.4579033278487967,0.4579033278487967,0.3247365628603831,0.599284043272314,164.50667796866236
3693,1107900,307.75,0.4244092337167657,0.4244092337167657,0.3150742065133454,0.6009361302375219,162.2305779229926
3694,1108200,307.8333333333333,0.4387040660088396,0.4387040660088396,0.3241330401697618,0.6188620151398733,162.13403728321325
3695,1108500,307.9166666666667,0.4687951991355968,0.4687951991355968,0.3294524395345755,0.6317654442081139,163.3016484409567
3696,1108800,308.0,0.4676613406391633,0.4676613406391633,0.3288082474304541,0.6321922599013772,165.397192902102
3697,1109100,308.0833333333333,0.48542321539852,0.48542321539852,0.339846206922018,0.6350782815978454,165.7902631313154
3698,1109400,308.1666666666667,0.4968974352562184,0.4968974352562184,0.3484767932061215,0.6367463602687837,164.0162196354805
3699,1109700,308.25,0.4708480387713881,0.4708480387713881,0.336854516744371,0.6368287043799465,162.28948933736504
3700,1110000,308.3333333333333,0.4767177142809581,0.4767177142809581,0.3418345938676334,0.6384160789488194,160.98629134691058
3701,1110300,308.4166666666667,0.4819315226175364,0.4819315226175364,0.3498755937242521,0.6411870542640989,161.58052626458755
3702,1110600,308.5,0.4814390132787167,0.4814390132787167,0.3537750652872056,0.6454694723265028,162.87867751288022
3703,1110900,308.5833333333333,0.4725816925148256,0.4725816925148256,0.3455642301326027,0.6446648097480079,163.55827094275597
3704,1111200,308.6666666666667,0.4761374285594432,0.4761374285594432,0.3356350537740738,0.6405060788905954,164.32267138534607
3705,1111500,308.75,0.479883406512292,0.479883406512292,0.3374370895561309,0.6390678904445412,165.61837957400994
3706,1111800,308.8333333333333,0.4876100049977385,0.4876100049977385,0.3423805754178662,0.6440823066264934,165.30321027583565
3707,1112100,308.9166666666667,0.4951759956689891,0.4951759956689891,0.3398273424337817,0.6456405729919871,165.60901815781335
3708,1112400,309.0,0.4974066267866048,0.4974066267866048,0.3507319816235164,0.6462532482135548,165.6607110947649
3709,1112700,309.0833333333333,0.4798487763732454,0.4798487763732454,0.3453432888778412,0.643709288541293,165.18079103261522
3710,1113000,309.1666666666667,0.4467274495744905,0.4467274495744905,0.3451595025989645,0.6442409298623462,164.5395140480764
3711,1113300,309.25,0.4365400697663135,0.4365400697663135,0.3390438832142565,0.6442909985659474,163.85972640215698
3712,1113600,309.3333333333333,0.480363893639843,0.480363893639843,0.3432140347432187,0.650893601737891,164.9665028404437
3713,1113900,309.4166666666667,0.4946532688317382,0.4946532688317382,0.3502226314236267,0.6530957422263267,165.17441605754018
3714,1114200,309.5,0.4953203940787005,0.4953203940787005,0.3498892700173568,0.6496479180575648,164.35665189565543
3715,1114500,309.5833333333333,0.5072109097559719,0.5072109097559719,0.3485356050973091,0.6530030403071195,164.69636113032547
3716,1114800,309.6666666666667,0.4819408541212113,0.4819408541212113,0.3478491007523219,0.6519685896887355,163.79412345312116
3717,1115100,309.75,0.4733499413569727,0.4733499413569727,0.3445246154095372,0.6545370778103426,163.55805181596796
3718,1115400,309.8333333333333,0.4539567031386521,0.4539567031386521,0.339122107111008,0.6567907210062426,163.75100406216103
3719,1115700,309.9166666666667,0.4405929325214847,0.4405929325214847,0.3319386235809791,0.6533583379087948,162.1679291657841
3720,1116000,310.0,0.4518769576288667,0.4518769576288667,0.3336595866273688,0.6519219880431638,161.69358661597656
3721,1116300,310.0833333333333,0.4289248676639786,0.4289248676639786,0.3216931869662137,0.6425449536350244,162.2489176646754
3722,1116600,310.1666666666667,0.4204837895934363,0.4204837895934363,0.3187998565520089,0.6468127913759428,162.56326146339097
3723,1116900,310.25,0.4150689175642775,0.4150689175642775,0.3107652275841172,0.6455046736173443,162.87953915972642
3724,1117200,310.3333333333333,0.4525926916756793,0.4525926916756793,0.3197687249628799,0.651802680163036,161.59390984256706
3725,1117500,310.4166666666667,0.4642016039549836,0.4642016039549836,0.3277514398006992,0.6616945849120193,163.5739461860923
3726,1117800,310.5,0.4543104010639611,0.4543104010639611,0.3186604221071472,0.6652928189689734,163.87799499352377
3727,1118100,310.5833333333333,0.4559077899211239,0.4559077899211239,0.3199505081518363,0.6632373816025416,164.19593549712732
3728,1118400,310.6666666666667,0.4582625693347705,0.4582625693347705,0.3281759573219631,0.6699287556539933,165.0008770432126
3729,1118700,310.75,0.4617162787480299,0.4617162787480299,0.3224188656445236,0.6106391055859846,159.7764014446272
3730,1119000,310.8333333333333,0.4732612558061615,0.4732612558061615,0.327923230704839,0.6103479029166827,162.1748640202011
3731,1119300,310.9166666666667,0.4437003443677902,0.4437003443677902,0.3146580862084684,0.6083190533045593,162.34553666922716
3732,1119600,311.0,0.4862294026367826,0.4862294026367826,0.3308393590522064,0.6161091325727309,162.25948504365908
3733,1119900,311.0833333333333,0.4848073966723101,0.4848073966723101,0.3264508799829487,0.617827286738223,164.09516415552682
3734,1120200,311.1666666666667,0.4772430551269134,0.4772430551269134,0.3113215413198826,0.6104402135655552,165.76408173144856
3735,1120500,311.25,0.4873479623150499,0.4873479623150499,0.3199843608624954,0.6110277950909176,166.23707528602404
3736,1120800,311.3333333333333,0.502196999189996,0.502196999189996,0.3290554965084527,0.6131479209164813,168.35307409259556
3737,1121100,311.4166666666667,0.47893647180228,0.47893647180228,0.3253672178017909,0.6133147181566122,167.5682052699613
3738,1121400,311.5,0.4481654874984242,0.4481654874984242,0.3121705568992593,0.5958032767155818,162.3500244594584
3739,1121700,311.5833333333333,0.4499939968782945,0.4499939968782945,0.3084350542465166,0.607307462901859,163.86701714628296
3740,1122000,311.6666666666667,0.4783896969191938,0.4783896969191938,0.3194444749692652,0.6141198474215448,165.3874247259743
3741,1122300,311.75,0.46407865471725,0.46407865471725,0.3073802853144644,0.6104660834323389,165.69592360335173
3742,1122600,311.8333333333333,0.4640158551821073,0.4640158551821073,0.3061866938692058,0.5979956007595347,164.20898615526983
3743,1122900,311.9166666666667,0.4656594457581742,0.4656594457581742,0.3158620991841646,0.6021917550477003,161.05802760264922
3744,1123200,312.0,0.4602839466416366,0.4602839466416366,0.3121925235813494,0.5957565794740194,159.8337084911429
3745,1123500,312.0833333333333,0.4886476452284877,0.4886476452284877,0.3335292141107822,0.6134595403208342,157.06861669714297
3746,1123800,312.1666666666667,0.4470006421081022,0.4470006421081022,0.315212238014448,0.6026683728967607,155.3672932825636
3747,1124100,312.25,0.4627406093224371,0.4627406093224371,0.3140124638034261,0.5919195424385872,156.55074191200376
3748,1124400,312.3333333333333,0.4943266324410854,0.4943266324410854,0.3237736773384163,0.5991802296116449,158.924856792873
3749,1124700,312.4166666666667,0.4790169163161675,0.4790169163161675,0.3218186930228309,0.6013436482405826,159.95187029726586
3750,1125000,312.5,0.4560659552765505,0.4560659552765505,0.3171810835029809,0.5949541150334893,160.93025855985073
3751,1125300,312.5833333333333,0.4576102520536516,0.4576102520536516,0.3125814415166602,0.5883266683537154,161.0765881977169
3752,1125600,312.6666666666667,0.4865286662306281,0.4865286662306281,0.3244866599365465,0.5979813792316871,163.84972044923296
3753,1125900,312.75,0.492098533745968,0.492098533745968,0.3279876240584231,0.6034846847950001,163.57394769354585
3754,1126200,312.8333333333333,0.4833307646347537,0.4833307646347537,0.3259874742408052,0.6038294578362181,162.67013310471103
3755,1126500,312.9166666666667,0.4584467114563451,0.4584467114563451,0.3181824559539973,0.6017219734482802,161.40459826226805
3756,1126800,313.0,0.4854624800322656,0.4854624800322656,0.3221926899167778,0.6051488332522401,163.35578834529306
3757,1127100,313.0833333333333,0.4841350257578621,0.4841350257578621,0.3267829820316666,0.6107813589691748,164.07919040143423
3758,1127400,313.1666666666667,0.4798666676891972,0.4798666676891972,0.3227482181564978,0.6096788953878695,163.4360258495827
3759,1127700,313.25,0.4873587656161796,0.4873587656161796,0.32061392491449,0.606420831075946,164.22108153823436
3760,1128000,313.3333333333333,0.4920092706774381,0.4920092706774381,0.3263724501408713,0.6090031034911741,163.20357985554867
3761,1128300,313.4166666666667,0.4669656036805243,0.4669656036805243,0.316527626175708,0.5972361762005028,162.2687506204193
3762,1128600,313.5,0.4802899382970576,0.4802899382970576,0.3216067962219606,0.5891628659268743,160.0537279554475
3763,1128900,313.5833333333333,0.4749837955299856,0.4749837955299856,0.3150802211084375,0.5884871773384612,160.02644587099394
3764,1129200,313.6666666666667,0.5071832821577983,0.5071832821577983,0.3297802694524583,0.5980214766090209,161.31536887046104
3765,1129500,313.75,0.4974188293885406,0.4974188293885406,0.3240012578350181,0.5922333393634346,163.40122719585548
3766,1129800,313.8333333333333,0.5072661152233175,0.5072661152233175,0.3241947615945569,0.5945308884708218,163.96570086907647
3767,1130100,313.9166666666667,0.48809306838516,0.48809306838516,0.3185396695779431,0.5947157598475147,163.85929736835445
3768,1130400,314.0,0.4973678942798168,0.4973678942798168,0.3200603470562321,0.590307531953161,165.42867853346536
3769,1130700,314.0833333333333,0.4985932890751905,0.4985932890751905,0.3267911635623347,0.5893955760154881,164.85244864177918
3770,1131000,314.1666666666667,0.485632197314315,0.485632197314315,0.3286113691494815,0.5907812606325863,163.84907511968606
3771,1131300,314.25,0.4347713810176958,0.4347713810176958,0.3139588286464168,0.5780892241657162,156.58795336944613
3772,1131600,314.3333333333333,0.4254011649053399,0.4254011649053399,0.3028689680107253,0.5790658815785864,157.05535615629924
3773,1131900,314.4166666666667,0.4582260689956564,0.4582260689956564,0.3022253379480349,0.5877422308708448,155.43243040554364
3774,1132200,314.5,0.435226851017909,0.435226851017909,0.3021274593615542,0.5536053267991856,148.85066858535637
3775,1132500,314.5833333333333,0.4423567593049178,0.4423567593049178,0.3087358838470109,0.5648191950008854,152.61009996894794
3776,1132800,314.6666666666667,0.45746215454477,0.45746215454477,0.3142122971639379,0.5718022555697772,155.00899456537584
3777,1133100,314.75,0.4934836617202779,0.4934836617202779,0.3201242957245621,0.5749834116533508,158.4339194223623
3778,1133400,314.8333333333333,0.5141754988359325,0.5141754988359325,0.3270136990213075,0.5745829718287314,161.7404579187644
3779,1133700,314.9166666666667,0.5037468958031939,0.5037468958031939,0.3277091174017522,0.5658544682782379,161.67130015297877
3780,1134000,315.0,0.5034559913725268,0.5034559913725268,0.326145698424759,0.5613212096584435,160.47097928073703
3781,1134300,315.0833333333333,0.5131910971454527,0.5131910971454527,0.3261051429200694,0.5604253322540785,160.59621433776078
3782,1134600,315.1666666666667,0.4969335315283762,0.4969335315283762,0.3271658666935077,0.5593736237680362,159.0892784266159
3783,1134900,315.25,0.4961918775879898,0.4961918775879898,0.3282853937047207,0.5602232432493913,159.90449623956772
3784,1135200,315.3333333333333,0.5056109231036976,0.5056109231036976,0.3286986764663233,0.5605415120973927,160.98613559969004
3785,1135500,315.4166666666667,0.5012699426111544,0.5012699426111544,0.3282116120166876,0.5599542538462385,161.47879441265857
3786,1135800,315.5,0.499381461520735,0.499381461520735,0.3287176815309926,0.5597930800170469,161.61864027857504
3787,1136100,315.5833333333333,0.4994348285885293,0.4994348285885293,0.3303340884129745,0.5594427672396418,161.06194546639182
3788,1136400,315.6666666666667,0.5023667524809873,0.5023667524809873,0.3303473036003617,0.5566358214256742,160.11575765687434
3789,1136700,315.75,0.4985871828981881,0.4985871828981881,0.3282640367740293,0.5541957169013553,159.06441455481448
3790,1137000,315.8333333333333,0.4869888149336722,0.4869888149336722,0.3263313308197572,0.5534881192638492,158.28503373386678
3791,1137300,315.9166666666667,0.4891139956979978,0.4891139956979978,0.3225171318500251,0.548262766405116,158.07544457101423
3792,1137600,316.0,0.4976111013027506,0.4976111013027506,0.3256777203380003,0.5525106315632192,158.4806639815549
3793,1137900,316.0833333333333,0.4962421042942201,0.4962421042942201,0.3263586524300129,0.5539293235852486,158.680878747138
3794,1138200,316.1666666666667,0.4787709213357681,0.4787709213357681,0.3251565033370126,0.5552600242913407,158.47704471810923
3795,1138500,316.25,0.430730210165112,0.430730210165112,0.3183531231242634,0.5566891116058404,156.92917263282416
3796,1138800,316.3333333333333,0.4239047032537095,0.4239047032537095,0.31300917694759,0.5620131383526443,154.54454980671116
3797,1139100,316.4166666666667,0.4742051006842366,0.4742051006842366,0.3176666476606772,0.5671608624042261,154.87823608641895
3798,1139400,316.5,0.5018860007389473,0.5018860007389473,0.3219486160542113,0.5727687428000973,160.92345777295543
3799,1139700,316.5833333333333,0.5063351388139545,0.5063351388139545,0.3264218220411101,0.5737962582161303,164.0606910913436
3800,1140000,316.6666666666667,0.4914539145919074,0.4914539145919074,0.3260228966027719,0.568178927289874,162.19798797529566
3801,1140300,316.75,0.4921443942894126,0.4921443942894126,0.3237174852412732,0.5666334507352381,161.91839026778663
3802,1140600,316.8333333333333,0.5057759141946238,0.5057759141946238,0.3249555708008122,0.5672286746825557,161.909004880101
3803,1140900,316.9166666666667,0.4922302915168766,0.4922302915168766,0.3232396318273732,0.5669809261917413,161.96998538112734
3804,1141200,317.0,0.4863289179023771,0.4863289179023771,0.3237993892946993,0.5684139468915945,162.7886561142437
3805,1141500,317.0833333333333,0.5015942915357433,0.5015942915357433,0.3248851712124572,0.569160136585012,163.70203498898886
3806,1141800,317.1666666666667,0.485077526730575,0.485077526730575,0.326132719081613,0.5691429529931867,163.68573975937605
3807,1142100,317.25,0.4757049504305792,0.4757049504305792,0.3239387334756708,0.5677997489234928,162.89945033890174
3808,1142400,317.3333333333333,0.4889583464497891,0.4889583464497891,0.3244251664301802,0.5690425393783802,163.67022125747698
3809,1142700,317.4166666666667,0.4710887707243368,0.4710887707243368,0.3210068950449447,0.5639788152969114,163.5502555791296
3810,1143000,317.5,0.4993581099866553,0.4993581099866553,0.3257110833273235,0.5657615315447502,164.7918690486674
3811,1143300,317.5833333333333,0.4975430101531933,0.4975430101531933,0.3260010784842627,0.5662527063019954,166.30895487386445
3812,1143600,317.6666666666667,0.4881037320696971,0.4881037320696971,0.3247283413227385,0.5619400773854288,162.8994509263145
3813,1143900,317.75,0.4882852632864877,0.4882852632864877,0.3234635703625501,0.5615802931676483,162.0860192287824
3814,1144200,317.8333333333333,0.4930510679476759,0.4930510679476759,0.3237381126896401,0.5636093860116155,162.46764592120775
3815,1144500,317.9166666666667,0.4837490519110048,0.4837490519110048,0.3241636429453599,0.5643030887093717,162.704235942811
3816,1144800,318.0,0.4849732365533074,0.4849732365533074,0.322376228821235,0.5635903698330185,163.25487452197245
3817,1145100,318.0833333333333,0.4874200219786144,0.4874200219786144,0.3246110804248696,0.5643287862690085,162.35639174504
3818,1145400,318.1666666666667,0.4932187467437778,0.4932187467437778,0.3245279965433658,0.5622913039472346,160.51850023955674
3819,1145700,318.25,0.4869112009534811,0.4869112009534811,0.3227182092972998,0.5613536290785044,159.62732329899515
3820,1146000,318.3333333333333,0.4818929125012881,0.4818929125012881,0.3233132544645894,0.5630445477437958,161.19835718129085
3821,1146300,318.4166666666667,0.4825834912854316,0.4825834912854316,0.3218670058124375,0.5638182571429768,160.0688051356791
3822,1146600,318.5,0.502063042558076,0.502063042558076,0.3237324397997338,0.565508669108189,160.91009637349686
3823,1146900,318.5833333333333,0.4988503295166222,0.4988503295166222,0.3249527740982703,0.5652705130900936,160.29291526621893
3824,1147200,318.6666666666667,0.4768294792582561,0.4768294792582561,0.3221578614506925,0.5648035118285326,159.00516965593314
3825,1147500,318.75,0.4561396590573695,0.4561396590573695,0.3174940077253675,0.5642009636200714,156.5814800275782
3826,1147800,318.8333333333333,0.4392086938311473,0.4392086938311473,0.312383386403632,0.5668953535201384,157.57283578406395
3827,1148100,318.9166666666667,0.4996975333598769,0.4996975333598769,0.3194389513959039,0.5739731683404256,158.93765047078105
3828,1148400,319.0,0.5210442972197772,0.5210442972197772,0.323343345547431,0.5758387297831367,162.465814152339
3829,1148700,319.0833333333333,0.5097056143186603,0.5097056143186603,0.3240035750622745,0.5738641731520592,164.20377752666755
3830,1149000,319.1666666666667,0.4938209292242585,0.4938209292242585,0.3244033786325702,0.5696908518331086,164.8365549750146
3831,1149300,319.25,0.4959601162409768,0.4959601162409768,0.3254955939618288,0.5685277125756883,165.2867955185552
3832,1149600,319.3333333333333,0.4977601744770857,0.4977601744770857,0.3264511414008584,0.5689496451056347,164.53082905815774
3833,1149900,319.4166666666667,0.4881317041520419,0.4881317041520419,0.3264687647902898,0.5698219942532723,164.20815551280052
3834,1150200,319.5,0.4930989828571256,0.4930989828571256,0.3268654456028073,0.567840066369155,163.2553854806484
3835,1150500,319.5833333333333,0.4974414482826368,0.4974414482826368,0.3290479034139947,0.5651844257720435,160.91793589395783
3836,1150800,319.6666666666667,0.4918565444736895,0.4918565444736895,0.3277744778145169,0.5610189455316813,158.55011586102086
3837,1151100,319.75,0.4721257627719268,0.4721257627719268,0.3256166096902827,0.5598289111262349,157.11896763425636
3838,1151400,319.8333333333333,0.473090916081295,0.473090916081295,0.323712042874164,0.5577453585360316,155.00124272030024
3839,1151700,319.9166666666667,0.4747072915739084,0.4747072915739084,0.3251002756599446,0.5576343655622602,155.05123616861255
3840,1152000,320.0,0.4233387874080915,0.4233387874080915,0.317460365989555,0.5569882776311361,155.55038645199446
3841,1152300,320.0833333333333,0.4369265562249255,0.4369265562249255,0.3160093088781164,0.5609765684409561,153.88464059016968
3842,1152600,320.1666666666667,0.4988719214629125,0.4988719214629125,0.3272751243640164,0.5678133903946293,156.52082332488476
3843,1152900,320.25,0.4909920310954748,0.4909920310954748,0.3285499106241681,0.5668285343115499,159.0191984729271
3844,1153200,320.3333333333333,0.4843418537825117,0.4843418537825117,0.3273486537493219,0.564919317787808,160.37363464328183
3845,1153500,320.4166666666667,0.474703052439703,0.474703052439703,0.3254557066941941,0.5638640176793045,161.02462855899856
3846,1153800,320.5,0.4747106892022581,0.4747106892022581,0.3269493581561079,0.5647256115751216,160.4570140909269
3847,1154100,320.5833333333333,0.4767170084228034,0.4767170084228034,0.3260157355983025,0.565403660566591,159.69290306435784
3848,1154400,320.6666666666667,0.4899198673052093,0.4899198673052093,0.3250234671350561,0.5645597914075151,158.44507535840947
3849,1154700,320.75,0.4859602779459001,0.4859602779459001,0.3242167996109732,0.5604742477278968,157.44624636055676
3850,1155000,320.8333333333333,0.4725394172381511,0.4725394172381511,0.3231162052615967,0.5589125660963975,157.32008578262094
3851,1155300,320.9166666666667,0.4411179925833658,0.4411179925833658,0.3188395611661605,0.5579122550896078,156.4072992788773
3852,1155600,321.0,0.4612479908821605,0.4612479908821605,0.3212667263773164,0.5603529007654431,156.36612928025994
3853,1155900,321.0833333333333,0.4751683840254352,0.4751683840254352,0.3243331744385382,0.5622023978740294,158.4836444203013
3854,1156200,321.1666666666667,0.4876857636189869,0.4876857636189869,0.3267952680612004,0.5618613475680515,161.0917319020322
3855,1156500,321.25,0.4867106253695117,0.4867106253695117,0.3266176892431992,0.5612933411300605,163.05074420965693
3856,1156800,321.3333333333333,0.4700468326637628,0.4700468326637628,0.3242254340568675,0.5605950727771033,163.41418867614917
3857,1157100,321.4166666666667,0.45274969900883,0.45274969900883,0.3205650913737165,0.5618463051127682,163.0406516147916
3858,1157400,321.5,0.4723751614262934,0.4723751614262934,0.3226934358535148,0.5635402618954151,161.73113278399416
3859,1157700,321.5833333333333,0.4674378709352997,0.4674378709352997,0.3236445450981507,0.5649868543857178,161.68265784098546
3860,1158000,321.6666666666667,0.4819162307315827,0.4819162307315827,0.325098895910287,0.5599605027532463,159.98830749996966
3861,1158300,321.75,0.4748158140816471,0.4748158140816471,0.3233194488847996,0.5527969413861227,158.6916922973138
3862,1158600,321.8333333333333,0.4651160851851019,0.4651160851851019,0.3213385112597258,0.5497390522562308,159.26278014097667
3863,1158900,321.9166666666667,0.4570670438069698,0.4570670438069698,0.3168898563264798,0.5441443369043967,159.58002120784317
3864,1159200,322.0,0.4388215753648746,0.4388215753648746,0.3142649286475263,0.5422339278475315,160.50365887601373
3865,1159500,322.0833333333333,0.4216544843829977,0.4216544843829977,0.3145237346082286,0.5472164008645988,159.3777142203838
3866,1159800,322.1666666666667,0.343201204740503,0.343201204740503,0.3041387072613979,0.5464186426002163,155.40548422880605
3867,1160100,322.25,0.3378762903132059,0.3378762903132059,0.3022605228734318,0.5603758226133247,152.56432485456318
3868,1160400,322.3333333333333,0.3335586253488489,0.3335586253488489,0.3021041670190746,0.5705705052616626,152.4763809747374
3869,1160700,322.4166666666667,0.3965652961323693,0.3965652961323693,0.3140124230319386,0.5876192534097151,153.55494430728018
3870,1161000,322.5,0.4858790970236504,0.4858790970236504,0.3323859617682239,0.599396265686377,159.1652643933481
3871,1161300,322.5833333333333,0.5191061339663423,0.5191061339663423,0.3368892676464759,0.5954411837471956,165.8865463032328
3872,1161600,322.6666666666667,0.5013191799595439,0.5013191799595439,0.3310826771674002,0.5812201927962981,168.75283734391746
3873,1161900,322.75,0.4629692618798652,0.4629692618798652,0.3215269293498616,0.5668505469606536,166.3424244473577
3874,1162200,322.8333333333333,0.4531495175145474,0.4531495175145474,0.3190191630111232,0.5636735161185938,164.7592143069759
3875,1162500,322.9166666666667,0.4645237272215661,0.4645237272215661,0.3200611753128345,0.5663661352864441,166.11150007229523
3876,1162800,323.0,0.4678004952702349,0.4678004952702349,0.3217947591148422,0.5680694030440657,167.27238230465042
3877,1163100,323.0833333333333,0.4685729913387771,0.4685729913387771,0.3189495581634456,0.565479210223289,165.42259001362785
3878,1163400,323.1666666666667,0.4648979458049871,0.4648979458049871,0.3194429203125743,0.566239023043824,166.48114170930833
3879,1163700,323.25,0.4522276026477687,0.4522276026477687,0.3178741671853133,0.5652971757285963,165.52799440853673
3880,1164000,323.3333333333333,0.462814644421442,0.462814644421442,0.316302010275184,0.5645732331828592,165.7180460478455
3881,1164300,323.4166666666667,0.4773061623559727,0.4773061623559727,0.3174553535099963,0.5642511467470177,167.34585913836526
3882,1164600,323.5,0.4785234715794108,0.4785234715794108,0.3202064736386822,0.5655902005056385,168.0110676215672
3883,1164900,323.5833333333333,0.4901032741081678,0.4901032741081678,0.3194019571242081,0.5644338744872082,167.9186301974176
3884,1165200,323.6666666666667,0.4814076174974225,0.4814076174974225,0.317064394829198,0.5604253593251699,165.58698170976004
3885,1165500,323.75,0.4735912771626296,0.4735912771626296,0.3181363389026251,0.560176596939139,165.03185753393726
3886,1165800,323.8333333333333,0.4644681236854916,0.4644681236854916,0.314667278781463,0.5585839619939957,164.6907669365662
3887,1166100,323.9166666666667,0.4905926896731373,0.4905926896731373,0.3166606385040436,0.560385312314778,165.20990721591951
3888,1166400,324.0,0.4730418513457907,0.4730418513457907,0.3138458523018833,0.5622503473177746,166.93604788740416
3889,1166700,324.0833333333333,0.472964543230811,0.472964543230811,0.3162201340149796,0.5628787910621953,166.33568514403177
3890,1167000,324.1666666666667,0.4814576357133488,0.4814576357133488,0.3164820820865716,0.5623814176710881,167.47933805511815
3891,1167300,324.25,0.4688791765773565,0.4688791765773565,0.3148775443902799,0.5623015229920334,166.9176454865444
3892,1167600,324.3333333333333,0.4674788505281225,0.4674788505281225,0.3132786996046146,0.5642180569798592,165.78590309127569
3893,1167900,324.4166666666667,0.4770743505187479,0.4770743505187479,0.3151651509628696,0.566871665071291,166.78424421364497
3894,1168200,324.5,0.4600210265430848,0.4600210265430848,0.3120226622548719,0.568324750360131,167.77822794957726
3895,1168500,324.5833333333333,0.4674567528790669,0.4674567528790669,0.3149851374369778,0.5678039665737821,168.10855350146602
3896,1168800,324.6666666666667,0.4556944556875079,0.4556944556875079,0.3121761536060198,0.5665281246919688,167.49675037492008
3897,1169100,324.75,0.5017793791690077,0.5017793791690077,0.3164190075993179,0.5685437518083187,169.06873736169698
3898,1169400,324.8333333333333,0.498788101059023,0.498788101059023,0.3152033364198444,0.5641119409853144,170.91989949097206
3899,1169700,324.9166666666667,0.486245896768744,0.486245896768744,0.3161719454260757,0.563905610452583,172.88417727765614
3900,1170000,325.0,0.470612423552785,0.470612423552785,0.315256404993058,0.56361172382499,172.2164414817758
3901,1170300,325.0833333333333,0.4158482054081387,0.4158482054081387,0.3091708740519888,0.5627910500744213,169.51520601935343
3902,1170600,325.1666666666667,0.3984382735875555,0.3984382735875555,0.3051751463399167,0.5670152648280308,166.509744662342
3903,1170900,325.25,0.4658863791973381,0.4658863791973381,0.3106222458157254,0.5728075371700068,166.7747481491928
3904,1171200,325.3333333333333,0.4414505285118576,0.4414505285118576,0.3075104475384986,0.571212926320638,167.39964882169792
3905,1171500,325.4166666666667,0.3984923690463415,0.3984923690463415,0.300583476629899,0.5709217471802573,167.33494722089316
3906,1171800,325.5,0.4094100516965356,0.4094100516965356,0.299956111504041,0.578659078492769,167.14577940266125
3907,1172100,325.5833333333333,0.4209961748943538,0.4209961748943538,0.3079396530092346,0.5923910701176569,166.42909852998127
3908,1172400,325.6666666666667,0.4103080891854065,0.4103080891854065,0.3092723353965966,0.6029779869775588,165.99035917726286
3909,1172700,325.75,0.4344932980072342,0.4344932980072342,0.3179026515147422,0.6139479204875784,166.93035208164895
3910,1173000,325.8333333333333,0.4576008966471156,0.4576008966471156,0.3310622883716171,0.624914490630884,168.91012974106923
3911,1173300,325.9166666666667,0.4556622692354102,0.4556622692354102,0.335060746683832,0.6313871228891293,170.70945395435834
3912,1173600,326.0,0.458655911504591,0.458655911504591,0.3373478643286991,0.6358267111541602,171.592188026968
3913,1173900,326.0833333333333,0.454348385788643,0.454348385788643,0.336219507595851,0.6388367089688848,172.20881413180174
3914,1174200,326.1666666666667,0.4544506301887652,0.4544506301887652,0.3383366236497102,0.6418088690669396,172.30538237326587
3915,1174500,326.25,0.4452708467491079,0.4452708467491079,0.3320600642903855,0.6385211831105154,171.02240408923078
3916,1174800,326.3333333333333,0.4394541101951309,0.4394541101951309,0.3324734934055472,0.6416670647858476,170.25456085245045
3917,1175100,326.4166666666667,0.4597785547322628,0.4597785547322628,0.3444204962928977,0.6488056867729681,169.76273261433818
3918,1175400,326.5,0.4668632588818234,0.4668632588818234,0.3493701434208205,0.6503298698339923,169.70542805482117
3919,1175700,326.5833333333333,0.4555646554530344,0.4555646554530344,0.3426827802062158,0.6455541786777718,169.79003914128447
3920,1176000,326.6666666666667,0.4496419993605109,0.4496419993605109,0.337366215386362,0.6430681586496153,170.0346133714393
3921,1176300,326.75,0.4519503321701526,0.4519503321701526,0.3379349485745098,0.6419879352562198,169.89698585493576
3922,1176600,326.8333333333333,0.4540999117231514,0.4540999117231514,0.3373216243054266,0.6436456512744743,170.50945501906588
3923,1176900,326.9166666666667,0.436718271075921,0.436718271075921,0.3330934160538317,0.6423534612679915,169.33500477330276
3924,1177200,327.0,0.4187495373136375,0.4187495373136375,0.3285185241078072,0.6407316914649044,168.3938599494444
3925,1177500,327.0833333333333,0.4190523430347243,0.4190523430347243,0.3306405764553776,0.6437286811482408,168.6862900200266
3926,1177800,327.1666666666667,0.4063502119845943,0.4063502119845943,0.3304974658935392,0.6451256484069222,168.75816934271126
3927,1178100,327.25,0.4285037194284629,0.4285037194284629,0.3341445253998135,0.649521304652436,169.48165101989184
3928,1178400,327.3333333333333,0.4211236243455252,0.4211236243455252,0.334387761663302,0.654001651780615,168.9701545651361
3929,1178700,327.4166666666667,0.4166931558939283,0.4166931558939283,0.3310753592136113,0.6489790499264978,168.47193009688257
3930,1179000,327.5,0.4218388689179593,0.4218388689179593,0.3329265417397831,0.6500746701650346,167.6321477487613
3931,1179300,327.5833333333333,0.4257295222934747,0.4257295222934747,0.3369034584065581,0.6549709462575884,166.90376875466413
3932,1179600,327.6666666666667,0.4119238722428709,0.4119238722428709,0.3390271079872683,0.652523588459678,167.17687830069562
3933,1179900,327.75,0.4191552122672549,0.4191552122672549,0.3412198732158126,0.6497282336999671,167.3137568721718
3934,1180200,327.8333333333333,0.4248648179181842,0.4248648179181842,0.3476464089587995,0.6539849478609564,167.24355390489774
3935,1180500,327.9166666666667,0.4805128789438397,0.4805128789438397,0.3535992073396194,0.6000438720091033,149.9414643399524
3936,1180800,328.0,0.5088261433729266,0.5088261433729266,0.3577355192887937,0.6029948366886118,151.54190675972842
3937,1181100,328.0833333333333,0.5070364960630065,0.5070364960630065,0.3647666532752568,0.6002293416459689,149.95815498946092
3938,1181400,328.1666666666667,0.504918583342531,0.504918583342531,0.3654216586415211,0.602404426514145,150.01821227563994
3939,1181700,328.25,0.5105631074149692,0.5105631074149692,0.3600333876851659,0.5998840328145836,150.32601822892832
3940,1182000,328.3333333333333,0.4925434929012913,0.4925434929012913,0.3502276353299061,0.5961178749596426,150.50955594705724
3941,1182300,328.4166666666667,0.4939708277508773,0.4939708277508773,0.3506925562295151,0.5989841336278396,152.50620218497065
3942,1182600,328.5,0.4878249993476272,0.4878249993476272,0.3461214158403635,0.6020835490294261,154.86476303564518
3943,1182900,328.5833333333333,0.4706327612403215,0.4706327612403215,0.3426957811766821,0.6043975305406708,153.73862716746535
3944,1183200,328.6666666666667,0.4615507616337787,0.4615507616337787,0.3437676959567591,0.6065423531109323,154.0970587814716
3945,1183500,328.75,0.4651547790302033,0.4651547790302033,0.3397079675600626,0.6057375056194916,153.9260548367115
3946,1183800,328.8333333333333,0.4673345614164334,0.4673345614164334,0.3416954331515043,0.6103298888695512,155.15361301595195
3947,1184100,328.9166666666667,0.4827677453518206,0.4827677453518206,0.3486210660520832,0.6148830277690136,154.65712062066447
3948,1184400,329.0,0.479672432626162,0.479672432626162,0.3505624363094846,0.6141307551278584,154.12320646970076
3949,1184700,329.0833333333333,0.4666724045682748,0.4666724045682748,0.3630934974092152,0.6187841384121302,154.08414560543255
3950,1185000,329.1666666666667,0.4585527250605484,0.4585527250605484,0.3580166501734639,0.6144478118992875,153.6550243571866
3951,1185300,329.25,0.4679220254186115,0.4679220254186115,0.3578541285639972,0.6156274223094472,154.68101182075708
3952,1185600,329.3333333333333,0.4793914008732482,0.4793914008732482,0.3547530849629126,0.616677145963772,155.47904976158662
3953,1185900,329.4166666666667,0.4669294253449649,0.4669294253449649,0.3590803371532717,0.6182569021026602,155.31299213097262
3954,1186200,329.5,0.4710284554285961,0.4710284554285961,0.3615371913439973,0.618959524266908,154.27554186475098
3955,1186500,329.5833333333333,0.4718256233617698,0.4718256233617698,0.3484579806559878,0.6175027443177595,153.49948271295355
3956,1186800,329.6666666666667,0.4922462938322892,0.4922462938322892,0.3627892251195769,0.6213245519028157,153.51832318797574
3957,1187100,329.75,0.5082442127532213,0.5082442127532213,0.3687022839967118,0.6192706489407691,153.1924092914551
3958,1187400,329.8333333333333,0.5251647172805138,0.5251647172805138,0.3672849883474051,0.6185165857259152,152.72824258896048
3959,1187700,329.9166666666667,0.5217922008581195,0.5217922008581195,0.3710269428037283,0.619239215256725,151.67773909847767
3960,1188000,330.0,0.4964029407103081,0.4964029407103081,0.3575577609178037,0.61264323887205,151.24519800946746
3961,1188300,330.0833333333333,0.5206891820289952,0.5206891820289952,0.3616056680193742,0.617661931995462,151.25744652408812
3962,1188600,330.1666666666667,0.5148958745779912,0.5148958745779912,0.360235630634615,0.6132063455473864,152.02781186407734
3963,1188900,330.25,0.5026764124556043,0.5026764124556043,0.3503096815550212,0.6124441281217412,152.0334639223077
3964,1189200,330.3333333333333,0.505835911485651,0.505835911485651,0.3611675556815465,0.6094836221745621,150.51267521798755
3965,1189500,330.4166666666667,0.5107104712028729,0.5107104712028729,0.3528148028220224,0.6017502470462088,149.01073476167429
3966,1189800,330.5,0.5102806423308414,0.5102806423308414,0.3550269121261695,0.6088168177426055,149.20607808056658
3967,1190100,330.5833333333333,0.5084356558970764,0.5084356558970764,0.3543987921534838,0.6075838426938982,149.07917738632815
3968,1190400,330.6666666666667,0.5120651487249299,0.5120651487249299,0.3571060289982725,0.6048065521658104,148.9894468464751
3969,1190700,330.75,0.5150016978645509,0.5150016978645509,0.3576485157061485,0.6070847543815252,150.64192625825072
3970,1191000,330.8333333333333,0.5399324039682873,0.5399324039682873,0.3636742507984258,0.6104591062674697,151.93770482965067
3971,1191300,330.9166666666667,0.5327588051848775,0.5327588051848775,0.3614270273559644,0.6114307813807508,151.49191948085712
3972,1191600,331.0,0.5177681101455741,0.5177681101455741,0.3588388454448126,0.6148856186128985,152.0785213709604
3973,1191900,331.0833333333333,0.4998563604379121,0.4998563604379121,0.3631204884652875,0.6154029768538519,151.50463926884103
3974,1192200,331.1666666666667,0.5106681674324716,0.5106681674324716,0.3618607674343547,0.6121748465366321,151.6765179300773
3975,1192500,331.25,0.5041557395825615,0.5041557395825615,0.3626583785397669,0.6158651565925831,152.5362199838208
3976,1192800,331.3333333333333,0.5188876071166066,0.5188876071166066,0.3662257227042809,0.615685137519886,154.81193282680127
3977,1193100,331.4166666666667,0.5099431793983843,0.5099431793983843,0.3614273505528049,0.6150346170001658,156.33756312400848
3978,1193400,331.5,0.5001575973765634,0.5001575973765634,0.3588443437273004,0.6097968581301549,154.89354597654707
3979,1193700,331.5833333333333,0.4944689424166388,0.4944689424166388,0.3526427322508925,0.6069628198799889,154.80766003084793
3980,1194000,331.6666666666667,0.4932090334213303,0.4932090334213303,0.3542537072399864,0.6097180336792706,155.32753476404233
3981,1194300,331.75,0.4839128810568394,0.4839128810568394,0.3502277841056351,0.6113163569327175,155.8668740710072
3982,1194600,331.8333333333333,0.4916569507430315,0.4916569507430315,0.3505972312875984,0.6093964311649819,154.9003503174318
3983,1194900,331.9166666666667,0.5028411902336267,0.5028411902336267,0.3468126326523188,0.6070122654222653,154.48759672254113
3984,1195200,332.0,0.5171478919116561,0.5171478919116561,0.356551370136071,0.6087511801552139,154.34669281570706
3985,1195500,332.0833333333333,0.5074962669774274,0.5074962669774274,0.3512031420365726,0.6088863709439363,153.86716883238583
3986,1195800,332.1666666666667,0.5192603486132952,0.5192603486132952,0.3571244128124299,0.6069917875006308,152.19747611862857
3987,1196100,332.25,0.5277790522776817,0.5277790522776817,0.3582406000803143,0.6027714394265835,151.74272628230733
3988,1196400,332.3333333333333,0.5280842154926885,0.5280842154926885,0.3638585143834841,0.6023525099606768,152.8764102881832
3989,1196700,332.4166666666667,0.5353634793501036,0.5353634793501036,0.3657674103793198,0.6047868044944511,153.66433137297992
3990,1197000,332.5,0.5321359937399812,0.5321359937399812,0.362770539728541,0.6072171234550408,153.1841671768953
3991,1197300,332.5833333333333,0.5196266634643922,0.5196266634643922,0.3638310356683997,0.6024055008004489,152.21444388757084
3992,1197600,332.6666666666667,0.5157034156278798,0.5157034156278798,0.360393295171547,0.5949840377644444,149.88817528950003
3993,1197900,332.75,0.5254116438964903,0.5254116438964903,0.3655882963360364,0.6009382850112552,151.70351175178445
3994,1198200,332.8333333333333,0.548721462248591,0.548721462248591,0.3734755361263344,0.6078299640505301,153.4237847880497
3995,1198500,332.9166666666667,0.5623880127873708,0.5623880127873708,0.3736166938031143,0.6091423844839952,154.72637076159097
3996,1198800,333.0,0.5469789958211276,0.5469789958211276,0.3698434761779492,0.6126338346960166,155.45631120776173
3997,1199100,333.0833333333333,0.5527245203330401,0.5527245203330401,0.3666335921916585,0.6103484096666878,154.5784310168048
3998,1199400,333.1666666666667,0.5561078592698037,0.5561078592698037,0.3710395858808147,0.6118161753062696,154.86529589389647
3999,1199700,333.25,0.5361305941516227,0.5361305941516227,0.3725079100125935,0.6134561107722853,154.65765065999855
4000,1200000,333.3333333333333,0.5339527795864812,0.5339527795864812,0.3681246481022324,0.6130725513752109,154.19466615778452
4001,1200300,333.4166666666667,0.5480095058700792,0.5480095058700792,0.3666979092791914,0.6031580139169482,153.82715355091833
4002,1200600,333.5,0.5561785519893209,0.5561785519893209,0.3693716343378951,0.6056480498919831,154.5645986496235
4003,1200900,333.5833333333333,0.5444711807421759,0.5444711807421759,0.3643177593227323,0.6022905787276833,153.72762804543206
4004,1201200,333.6666666666667,0.5441120121510523,0.5441120121510523,0.373570141253855,0.6044795972527219,152.4889973358244
4005,1201500,333.75,0.545839231585981,0.545839231585981,0.3717770583754051,0.6048063461966602,151.84884467757396
4006,1201800,333.8333333333333,0.5457616539789325,0.5457616539789325,0.3764060653351206,0.6082376268972677,152.58457891606835
4007,1202100,333.9166666666667,0.5392457591588633,0.5392457591588633,0.3733443989735788,0.6097728717798921,152.99503389056804
4008,1202400,334.0,0.5347643181877186,0.5347643181877186,0.3692408038830273,0.609673554978083,152.97938853291257
4009,1202700,334.0833333333333,0.5348105102168025,0.5348105102168025,0.3734388330094582,0.6079310375356826,153.1176917836083
4010,1203000,334.1666666666667,0.5144726763906702,0.5144726763906702,0.3628741130460182,0.6035907294233601,152.86940010228642
4011,1203300,334.25,0.5047154517276076,0.5047154517276076,0.3610117011777912,0.6045699422714237,152.72551559468832
4012,1203600,334.3333333333333,0.4870827489291616,0.4870827489291616,0.3455170152291873,0.6004553804464513,153.57158061874847
4013,1203900,334.4166666666667,0.508291509723555,0.508291509723555,0.3448997627935786,0.608081440852359,157.39573170129128
4014,1204200,334.5,0.498249609901322,0.498249609901322,0.3373487577495584,0.6056759583720844,157.95159303649038
4015,1204500,334.5833333333333,0.4855392367002408,0.4855392367002408,0.3292306218648328,0.60135159838322,156.17751237650322
4016,1204800,334.6666666666667,0.4989992372623406,0.4989992372623406,0.3338988085850565,0.6135144266689284,158.8141394075895
4017,1205100,334.75,0.4957232597049123,0.4957232597049123,0.3360149271188137,0.6230551328357316,161.0063204387319
4018,1205400,334.8333333333333,0.4953667813102281,0.4953667813102281,0.3334121590580459,0.6323074473164583,161.81451015578253
4019,1205700,334.9166666666667,0.4951600731601425,0.4951600731601425,0.3255803578989582,0.6320704176981058,163.60863444578038
4020,1206000,335.0,0.4960836164100002,0.4960836164100002,0.324173732012481,0.6255488252106178,165.5175868893178
4021,1206300,335.0833333333333,0.5054239425387523,0.5054239425387523,0.327372953292677,0.6213866519054805,165.78566897960502
4022,1206600,335.1666666666667,0.5171433073336811,0.5171433073336811,0.3299482438717098,0.5992902939098892,162.2136480461943
4023,1206900,335.25,0.510476475947386,0.510476475947386,0.3285785143839331,0.5981054874490391,164.5578620421082
4024,1207200,335.3333333333333,0.5345102483240881,0.5345102483240881,0.3391310293426376,0.6094151434705802,165.62138055492798
4025,1207500,335.4166666666667,0.5312604723760437,0.5312604723760437,0.328547415741098,0.5989446372303002,165.75396758805772
4026,1207800,335.5,0.5388779400615193,0.5388779400615193,0.3331415881171658,0.603554208847057,167.8650546923423
4027,1208100,335.5833333333333,0.5148476282820195,0.5148476282820195,0.3257189735832373,0.6014745619754581,166.78999520360173
4028,1208400,335.6666666666667,0.511998181908997,0.511998181908997,0.3257913945420249,0.6041730909639452,165.3445019252687
4029,1208700,335.75,0.5176859722488552,0.5176859722488552,0.3300358508375881,0.6022581259328778,166.01134652458674
4030,1209000,335.8333333333333,0.5144660508027697,0.5144660508027697,0.3272768759865682,0.5988717297868548,164.98056030379036
4031,1209300,335.9166666666667,0.5368806303038467,0.5368806303038467,0.3382550099610574,0.601752081007556,163.24389033823851
4032,1209600,336.0,0.5340521290745248,0.5340521290745248,0.3338975100409136,0.5983620164208395,164.25873886636154
4033,1209900,336.0833333333333,0.5296526569128635,0.5296526569128635,0.3375592718140872,0.6011841658669135,162.90567235107417
4034,1210200,336.1666666666667,0.4973129465271326,0.4973129465271326,0.3334102426942293,0.5858074771318955,159.54140919188987
4035,1210500,336.25,0.4999831055508498,0.4999831055508498,0.3314992296104028,0.5929845171890381,159.4606136269697
4036,1210800,336.3333333333333,0.5088179425750939,0.5088179425750939,0.3404683928066772,0.5972007538265497,158.89063153744954
4037,1211100,336.4166666666667,0.4994901060767067,0.4994901060767067,0.3355567278757245,0.5976563836618406,156.4170883626285
4038,1211400,336.5,0.5124401221729302,0.5124401221729302,0.3349525445452349,0.5992501953736483,157.4108321254279
4039,1211700,336.5833333333333,0.5202021642954027,0.5202021642954027,0.335254763286095,0.5919284689597399,155.1982740074132
4040,1212000,336.6666666666667,0.4904256786144264,0.4904256786144264,0.3351162799000567,0.5913883851801873,154.59761005858124
4041,1212300,336.75,0.4887656857045558,0.4887656857045558,0.3346153167508864,0.5926852186969538,155.0269695690775
4042,1212600,336.8333333333333,0.4918633441405142,0.4918633441405142,0.3303178322809912,0.588589199099532,156.4194011282947
4043,1212900,336.9166666666667,0.4888796288371566,0.4888796288371566,0.3260119496757571,0.583858346434703,157.57134300615982
4044,1213200,337.0,0.4796000298994987,0.4796000298994987,0.324221378641818,0.582290209189542,157.23884597420707
4045,1213500,337.0833333333333,0.4802451623028027,0.4802451623028027,0.3335437250927779,0.5915666300101398,158.23162051453411
4046,1213800,337.1666666666667,0.485783758331239,0.485783758331239,0.3347628462609203,0.5935200792380739,157.25200330335775
4047,1214100,337.25,0.4827083211142489,0.4827083211142489,0.3333968102695578,0.5945891199235107,158.89206320371648
4048,1214400,337.3333333333333,0.4673639228818471,0.4673639228818471,0.3309599810355582,0.5952431744626212,158.92931856995267
4049,1214700,337.4166666666667,0.4729729006179618,0.4729729006179618,0.3282755356432402,0.5965858402444257,158.43966123659396
4050,1215000,337.5,0.4529897936554554,0.4529897936554554,0.3211133123401909,0.5952569762142348,156.3470771951479
4051,1215300,337.5833333333333,0.4567693731470341,0.4567693731470341,0.3215374365156486,0.6045531254751592,157.5490585265225
4052,1215600,337.6666666666667,0.4526995225491996,0.4526995225491996,0.320814843775296,0.6063074000585935,162.3738262113938
4053,1215900,337.75,0.4467885175112112,0.4467885175112112,0.3150019993910081,0.6028015251757178,164.18323497546046
4054,1216200,337.8333333333333,0.4509382609686744,0.4509382609686744,0.3111997510486591,0.5894640403956241,164.32119496607376
4055,1216500,337.9166666666667,0.4472163907874396,0.4472163907874396,0.3120479068686268,0.5891987677024001,163.95662722881852
4056,1216800,338.0,0.4415544896129666,0.4415544896129666,0.3113779107955922,0.587895657494359,164.5395281184978
4057,1217100,338.0833333333333,0.4344915860208189,0.4344915860208189,0.3071588810882203,0.5833348693506277,161.76656988868123
4058,1217400,338.1666666666667,0.4386739268159356,0.4386739268159356,0.3119808449019638,0.5866804908600346,159.83830456869492
4059,1217700,338.25,0.4476199048238631,0.4476199048238631,0.3141722992438446,0.594854063673461,159.46996557833248
4060,1218000,338.3333333333333,0.4439283179693636,0.4439283179693636,0.3152770432541303,0.5959893625087147,160.58459778151618
4061,1218300,338.4166666666667,0.4523042075705783,0.4523042075705783,0.3198536518048815,0.6070729916031706,159.33239780228757
4062,1218600,338.5,0.4282892978199856,0.4282892978199856,0.3076899737747181,0.5750448249046278,152.4397388289667
4063,1218900,338.5833333333333,0.4434641442520045,0.4434641442520045,0.3127996787683465,0.5837099594833208,154.75558712701965
4064,1219200,338.6666666666667,0.4706200439819396,0.4706200439819396,0.3172137188271243,0.5844721629233546,154.73571066748457
4065,1219500,338.75,0.4709990473662672,0.4709990473662672,0.3207474596816612,0.5850802918000393,156.68799160412647
4066,1219800,338.8333333333333,0.4706735278262259,0.4706735278262259,0.3225174600075078,0.5846546041567792,156.06108949239643
4067,1220100,338.9166666666667,0.4845031738863276,0.4845031738863276,0.3224300996246652,0.5835211317023384,156.15024412049064
4068,1220400,339.0,0.5125730497259172,0.5125730497259172,0.3270142922601743,0.5844304644798362,158.68465531404092
4069,1220700,339.0833333333333,0.517265060330898,0.517265060330898,0.3312502736757186,0.5820100704950127,160.73985793827396
4070,1221000,339.1666666666667,0.4973464773164696,0.4973464773164696,0.3284801280992021,0.5755707960310166,159.13871170832346
4071,1221300,339.25,0.4856051903946723,0.4856051903946723,0.3271609569127001,0.5738030853597419,160.36113113878645
4072,1221600,339.3333333333333,0.480603831972506,0.480603831972506,0.3260497306788031,0.5749988858538765,161.91199057429665
4073,1221900,339.4166666666667,0.4908012995591869,0.4908012995591869,0.3257695734258384,0.5772357593230659,163.39360010585435
4074,1222200,339.5,0.4954786262830359,0.4954786262830359,0.3299842941945319,0.5780288633823006,164.10835513499387
4075,1222500,339.5833333333333,0.4959674636167265,0.4959674636167265,0.3321746065909527,0.5766455210545286,163.4936567341934
4076,1222800,339.6666666666667,0.4982180781632151,0.4982180781632151,0.3309069980539082,0.5737312901204367,161.8309220169843
4077,1223100,339.75,0.4988489024904918,0.4988489024904918,0.3296850192246142,0.5715914046114505,160.64883369851822
4078,1223400,339.8333333333333,0.4877931862172317,0.4877931862172317,0.3287472255449162,0.5698325944392998,159.28982533553855
4079,1223700,339.9166666666667,0.5010754978434846,0.5010754978434846,0.3254644777874018,0.5648977895462526,156.98964073970728
4080,1224000,340.0,0.4995499804700819,0.4995499804700819,0.3235235728317401,0.5666402469717257,157.88873939024634
4081,1224300,340.0833333333333,0.5007713675207963,0.5007713675207963,0.3262146857814926,0.5662572492517236,158.6970956941859
4082,1224600,340.1666666666667,0.5073453220921487,0.5073453220921487,0.3268220323775238,0.5678377558876563,159.93030521380874
4083,1224900,340.25,0.4979735872821192,0.4979735872821192,0.3265375963937371,0.5690879480347988,161.04440579585395
4084,1225200,340.3333333333333,0.496170098166625,0.496170098166625,0.3268896592546029,0.5686176534199534,162.03872642003924
4085,1225500,340.4166666666667,0.5029333303186126,0.5029333303186126,0.3264955984469447,0.5680905914190253,162.18170591584575
4086,1225800,340.5,0.499674223553625,0.499674223553625,0.3256421957868669,0.5687304124161846,161.56107140308694
4087,1226100,340.5833333333333,0.4817087223910602,0.4817087223910602,0.3218609363598607,0.5696928991548652,160.0675647641365
4088,1226400,340.6666666666667,0.4956142128502139,0.4956142128502139,0.3215842063181315,0.5719967862376482,159.46001766047493
4089,1226700,340.75,0.4993524956838995,0.4993524956838995,0.3211531079426546,0.5737979336421203,160.30385258056074
4090,1227000,340.8333333333333,0.5029985192735755,0.5029985192735755,0.32438856474843,0.5757274802280112,160.757231983385
4091,1227300,340.9166666666667,0.5236144438848249,0.5236144438848249,0.3310928153623072,0.5758316003952518,161.63655082767335
4092,1227600,341.0,0.5164138298872732,0.5164138298872732,0.3308627031216107,0.5727104576163586,161.1486917884613
4093,1227900,341.0833333333333,0.5153538181686698,0.5153538181686698,0.3299975919956299,0.5682070555000216,160.26358544196935
4094,1228200,341.1666666666667,0.5145050248447902,0.5145050248447902,0.329514218016889,0.5666771571358766,160.02779914630645
4095,1228500,341.25,0.4839257963093434,0.4839257963093434,0.3234833085928609,0.5553047552488057,157.72538149105583
4096,1228800,341.3333333333333,0.4846721782457324,0.4846721782457324,0.3224541257955864,0.5545659542035236,156.3147928870266
4097,1229100,341.4166666666667,0.4810570390041839,0.4810570390041839,0.3233700993708327,0.5592423271107031,156.39401859273588
4098,1229400,341.5,0.4766142398140179,0.4766142398140179,0.3215840947866849,0.5611215631389331,156.2273552507266
4099,1229700,341.5833333333333,0.4538611915610885,0.4538611915610885,0.3204424790867524,0.5639313790068462,156.23427216182247
4100,1230000,341.6666666666667,0.4864427942488614,0.4864427942488614,0.3257201348406402,0.5660281482026084,155.2222688460891
4101,1230300,341.75,0.4876242929527878,0.4876242929527878,0.324237002226359,0.560421501022308,153.66156188660943
4102,1230600,341.8333333333333,0.4890203983297957,0.4890203983297957,0.3221354793524906,0.5534271960607219,152.15482529064235
4103,1230900,341.9166666666667,0.4879466503928285,0.4879466503928285,0.322064824415216,0.5562881594477371,153.70625085504105
4104,1231200,342.0,0.480967698880965,0.480967698880965,0.3201055229922636,0.5592453235334469,154.43987844300136
4105,1231500,342.0833333333333,0.4675527680104483,0.4675527680104483,0.319498801153787,0.5627985935661259,155.52360450472446
4106,1231800,342.1666666666667,0.4914674844251132,0.4914674844251132,0.3234379719689004,0.5658873985132257,157.15681916927136
4107,1232100,342.25,0.4986569431949636,0.4986569431949636,0.3257769426970749,0.5672187181612048,157.50580171418693
4108,1232400,342.3333333333333,0.4946405513756447,0.4946405513756447,0.327306951088758,0.5686750699039969,158.60857459960954
4109,1232700,342.4166666666667,0.5013747256001415,0.5013747256001415,0.3287754503963482,0.5692163828744462,158.68177345405368
4110,1233000,342.5,0.4982922791416441,0.4982922791416441,0.3282788252234088,0.5695105035396651,158.74686328045462
4111,1233300,342.5833333333333,0.4875261317624145,0.4875261317624145,0.3261898432365623,0.5689923834553444,158.3709178957005
4112,1233600,342.6666666666667,0.4414972104575333,0.4414972104575333,0.3176205967184114,0.5663556648258254,156.92225427503436
4113,1233900,342.75,0.4402409802126947,0.4402409802126947,0.31577701779971,0.5706526390562809,156.21914195775918
4114,1234200,342.8333333333333,0.4603007476763207,0.4603007476763207,0.3186410272349275,0.5775556618627262,156.20619650241326
4115,1234500,342.9166666666667,0.5292405724379988,0.5292405724379988,0.332504139047367,0.5817913435105609,159.05611563775696
4116,1234800,343.0,0.5297597159501646,0.5297597159501646,0.3342593837046148,0.5783936769897376,160.87221667737992
4117,1235100,343.0833333333333,0.5117323359807111,0.5117323359807111,0.3309208762117297,0.5733904157920101,161.2787248682155
4118,1235400,343.1666666666667,0.4950570087795435,0.4950570087795435,0.3267088010081599,0.5704663465623409,160.26322830595873
4119,1235700,343.25,0.4630009639647309,0.4630009639647309,0.3216336475126836,0.5661515734890618,157.66087644793927
4120,1236000,343.3333333333333,0.4837526666315916,0.4837526666315916,0.3228831487013137,0.5686000258633219,157.30822945949603
4121,1236300,343.4166666666667,0.5062929572062452,0.5062929572062452,0.3271927297921213,0.5709429104250341,158.71037273927527
4122,1236600,343.5,0.4949674229196765,0.4949674229196765,0.3263404445215811,0.5708070829460687,159.78556368028873
4123,1236900,343.5833333333333,0.4845297109478427,0.4845297109478427,0.3253927402432353,0.5703017969762595,159.06221314125864
4124,1237200,343.6666666666667,0.4969893471307831,0.4969893471307831,0.3244254011515014,0.5684826930291268,158.71647792881575
4125,1237500,343.75,0.4900621332942413,0.4900621332942413,0.3224671228006871,0.5662894841797439,158.4060048188565
4126,1237800,343.8333333333333,0.4758754451790875,0.4758754451790875,0.3199342576616651,0.5651098338401769,157.28325523139017
4127,1238100,343.9166666666667,0.4910514973474369,0.4910514973474369,0.3191058692183698,0.5662108257774953,157.42242682002288
4128,1238400,344.0,0.5062379637303613,0.5062379637303613,0.3231975799559015,0.5671663736123884,159.66800003252249
4129,1238700,344.0833333333333,0.5009502152593789,0.5009502152593789,0.3234541218374835,0.5690033351468483,161.80156732294157
4130,1239000,344.1666666666667,0.4987227023738637,0.4987227023738637,0.3258534516198416,0.5730878097732756,163.34568242915276
4131,1239300,344.25,0.5055397984166456,0.5055397984166456,0.3276494901524673,0.5734730929248361,164.1928238159413
4132,1239600,344.3333333333333,0.5120075218462059,0.5120075218462059,0.3290477509152987,0.5749863706687451,165.58899657594625
4133,1239900,344.4166666666667,0.4975645282082644,0.4975645282082644,0.3283070618269877,0.5753201959432969,166.351159549469
4134,1240200,344.5,0.4942555991729409,0.4942555991729409,0.3268857125369347,0.5764546969189466,166.38297925163482
4135,1240500,344.5833333333333,0.5035263040390973,0.5035263040390973,0.3267383720846192,0.5768941528163654,166.1398507386332
4136,1240800,344.6666666666667,0.5138607631977254,0.5138607631977254,0.3266217063466426,0.5744382217905091,165.54357372870632
4137,1241100,344.75,0.514753252395067,0.514753252395067,0.3267180441259059,0.5719192841838701,165.52308125890335
4138,1241400,344.8333333333333,0.5073987361158072,0.5073987361158072,0.3249750356408577,0.5698142649803171,166.02115986737238
4139,1241700,344.9166666666667,0.5020089889110669,0.5020089889110669,0.3251774642108341,0.5687267817625014,166.2075504808796
4140,1242000,345.0,0.4970703439078552,0.4970703439078552,0.3246770930692514,0.568804948158832,166.3244322155307
4141,1242300,345.0833333333333,0.4868510417160865,0.4868510417160865,0.3260725588197079,0.5704492314436856,165.65432862312215
4142,1242600,345.1666666666667,0.487112773291148,0.487112773291148,0.3254997369161728,0.5715731702991829,164.10886859933626
4143,1242900,345.25,0.4612042140834679,0.4612042140834679,0.3227944692492864,0.572401940138048,161.50976031618148
4144,1243200,345.3333333333333,0.4389102427694592,0.4389102427694592,0.318280497633451,0.5747300790739619,158.89268422555787
4145,1243500,345.4166666666667,0.4709343636395773,0.4709343636395773,0.3210739626585433,0.5807320920174825,159.01417610070877
4146,1243800,345.5,0.4857960955036994,0.4857960955036994,0.3221612562553125,0.5858172361341145,160.62550208999292
4147,1244100,345.5833333333333,0.500691455941858,0.500691455941858,0.3274545351664219,0.5871621496309103,163.22650001244278
4148,1244400,345.6666666666667,0.5147387383429977,0.5147387383429977,0.327860448903185,0.5865084401960297,165.28594433409205
4149,1244700,345.75,0.5105924272924891,0.5105924272924891,0.3245385356065697,0.5834494992969497,166.46419947285176
4150,1245000,345.8333333333333,0.5037509053703236,0.5037509053703236,0.3202287884262515,0.5788798508605333,166.7937580829408
4151,1245300,345.9166666666667,0.4959995758486226,0.4959995758486226,0.3185876571425761,0.5787927517259447,168.0177752880383
4152,1245600,346.0,0.4862758201091011,0.4862758201091011,0.3187118254886029,0.5808038880271116,168.18544143836792
4153,1245900,346.0833333333333,0.4893548823392724,0.4893548823392724,0.3195293182564031,0.582530813290912,168.00282325376327
4154,1246200,346.1666666666667,0.4948866762156408,0.4948866762156408,0.3210263080936654,0.5844730597537278,168.94126174494798
4155,1246500,346.25,0.4990739750551477,0.4990739750551477,0.3202304695444695,0.5847269522833127,169.95397653170895
4156,1246800,346.3333333333333,0.5038534853279782,0.5038534853279782,0.3215198855640854,0.5857052883612595,171.4230145422931
4157,1247100,346.4166666666667,0.5031635005678399,0.5031635005678399,0.3247073246509225,0.5857319051516221,172.84365669510865
4158,1247400,346.5,0.4949247924902517,0.4949247924902517,0.3233437212038119,0.5849217737664917,173.80121083042474
4159,1247700,346.5833333333333,0.4916880928730311,0.4916880928730311,0.3226832946707485,0.5854981422424325,173.5545934821105
4160,1248000,346.6666666666667,0.5067044291671807,0.5067044291671807,0.3231787505080987,0.5840586180703443,172.08486941752344
4161,1248300,346.75,0.4966703251285951,0.4966703251285951,0.3234143389945937,0.5828142689601946,169.9087932835204
4162,1248600,346.8333333333333,0.4786084090386203,0.4786084090386203,0.3185056311058119,0.5813244519909379,168.26137553466086
4163,1248900,346.9166666666667,0.496315453977792,0.496315453977792,0.3193590772372488,0.582452331041996,168.86234799734746
4164,1249200,347.0,0.4836811451292494,0.4836811451292494,0.3197413550375154,0.5849606671404085,170.06441669564182
4165,1249500,347.0833333333333,0.4833754162072437,0.4833754162072437,0.3232062031392147,0.5887685730967014,170.89526666901094
4166,1249800,347.1666666666667,0.4542212300146452,0.4542212300146452,0.3185008544945139,0.5895692188823615,169.82734030013768
4167,1250100,347.25,0.4222414212170144,0.4222414212170144,0.3159302531842771,0.5925979081045574,167.13890064203483
4168,1250400,347.3333333333333,0.477623871152148,0.477623871152148,0.3223373703988121,0.5980054566383837,164.82347639839608
4169,1250700,347.4166666666667,0.4972733908970512,0.4972733908970512,0.3231863923135888,0.5952445246559684,165.0914776820463
4170,1251000,347.5,0.4755902559593012,0.4755902559593012,0.3214258850257561,0.5937721446688615,166.99830054594258
4171,1251300,347.5833333333333,0.4672009392106793,0.4672009392106793,0.3217363209093264,0.5947630327562173,167.97243006963885
4172,1251600,347.6666666666667,0.4681442520746987,0.4681442520746987,0.323002063270018,0.5947190849366306,168.17907551073233
4173,1251900,347.75,0.4729025981738914,0.4729025981738914,0.3217955538937637,0.5896588755425284,165.57824799104066
4174,1252200,347.8333333333333,0.4793633784778041,0.4793633784778041,0.3223353580425942,0.5852992268218141,164.25701779573336
4175,1252500,347.9166666666667,0.44834799634571,0.44834799634571,0.3198447728186162,0.581971740547991,162.5075003007651
4176,1252800,348.0,0.4472646285500143,0.4472646285500143,0.3204118159847405,0.5838539959261161,161.3189285228374
4177,1253100,348.0833333333333,0.4064257804507444,0.4064257804507444,0.3182256533131548,0.5858381775164607,159.45792510166768
4178,1253400,348.1666666666667,0.4345831299720502,0.4345831299720502,0.318754927233238,0.5883516370037704,157.12976696462562
4179,1253700,348.25,0.4643956604190124,0.4643956604190124,0.3216657873282514,0.5876024117597828,157.62301365200216
4180,1254000,348.3333333333333,0.4440075279082225,0.4440075279082225,0.3229009089296311,0.5870740483004504,160.31163659651187
4181,1254300,348.4166666666667,0.4537517221309574,0.4537517221309574,0.3206580923862627,0.5853506237438185,161.01309757018527
4182,1254600,348.5,0.4579240861842622,0.4579240861842622,0.3195018606226666,0.5842327033092777,161.31167908912286
4183,1254900,348.5833333333333,0.4637467077769001,0.4637467077769001,0.3198879009420354,0.5820877692992276,161.7886122774808
4184,1255200,348.6666666666667,0.4753027683187816,0.4753027683187816,0.3201076173020689,0.5813672873675261,159.41627853030548
4185,1255500,348.75,0.4349577603256214,0.4349577603256214,0.3174604438597772,0.5637503167064194,157.21196994139112
4186,1255800,348.8333333333333,0.424853389018186,0.424853389018186,0.3120329023498976,0.5664157096148743,155.72586169340772
4187,1256100,348.9166666666667,0.4207748166901269,0.4207748166901269,0.3090596552392178,0.5716308990208246,155.39375641346018
4188,1256400,349.0,0.4992520558717581,0.4992520558717581,0.3210820751780404,0.5718670235977115,157.96756654590956
4189,1256700,349.0833333333333,0.5052846079321076,0.5052846079321076,0.3220872112284276,0.5780116253415514,163.86062794773312
4190,1257000,349.1666666666667,0.471729737205423,0.471729737205423,0.323900096715136,0.5713320139454755,164.60534875248203
4191,1257300,349.25,0.4374719333823389,0.4374719333823389,0.3180655281048276,0.5714303282014277,163.88021704647528
4192,1257600,349.3333333333333,0.3951876239640781,0.3951876239640781,0.3160102718116554,0.570247890262855,160.81548006703267
4193,1257900,349.4166666666667,0.3656817602859074,0.3656817602859074,0.3163438404935291,0.5757408257516247,158.53931129068977
4194,1258200,349.5,0.3539332546187528,0.3539332546187528,0.3137128827042596,0.5842733624996341,157.20898675145142
4195,1258500,349.5833333333333,0.3550752393949123,0.3550752393949123,0.3118190495482184,0.5951067449652606,157.83056528618272
4196,1258800,349.6666666666667,0.3601884548719668,0.3601884548719668,0.3134498717548731,0.6090550410532714,159.54871763231225
4197,1259100,349.75,0.3978334077387083,0.3978334077387083,0.3218098363800589,0.616328973200928,159.37094303002365
4198,1259400,349.8333333333333,0.3992836628102005,0.3992836628102005,0.3262400625679355,0.6181203155680748,160.56383041807874
4199,1259700,349.9166666666667,0.3745211500471954,0.3745211500471954,0.3164214806312995,0.623841380471005,162.6183277715298
4200,1260000,350.0,0.3983540912598662,0.3983540912598662,0.3208782189443762,0.6356782653044414,164.39295047406702
4201,1260300,350.0833333333333,0.4144067806973911,0.4144067806973911,0.3288763458433587,0.6402787611120414,164.3942178357729
4202,1260600,350.1666666666667,0.4323010607562905,0.4323010607562905,0.3381942923000623,0.6324494455751435,161.35091185342029
4203,1260900,350.25,0.4490074543645075,0.4490074543645075,0.3487829306311081,0.6357079174776755,162.2962654696529
4204,1261200,350.3333333333333,0.433844902120068,0.433844902120068,0.3480849012838619,0.6344531035981118,162.37005526584355
4205,1261500,350.4166666666667,0.4440766121398257,0.4440766121398257,0.3462198170289806,0.6347602195514536,162.4086228459977
4206,1261800,350.5,0.4314635677192046,0.4314635677192046,0.3427490725529411,0.6347711436924438,162.3371591934112
4207,1262100,350.5833333333333,0.4559468605682128,0.4559468605682128,0.3464782398408303,0.6368579339374414,162.3974930073425
4208,1262400,350.6666666666667,0.4476696331810404,0.4476696331810404,0.3461836297032793,0.6379046682304436,163.02759216109143
4209,1262700,350.75,0.4567217941369579,0.4567217941369579,0.3448031422758502,0.6398628277762161,163.9996002573948
4210,1263000,350.8333333333333,0.440576557710478,0.440576557710478,0.3359525603898793,0.6324089783739337,162.8897480886468
4211,1263300,350.9166666666667,0.4422221062107511,0.4422221062107511,0.3423446372380103,0.6355536520887084,162.88711755311317
4212,1263600,351.0,0.4404308353605167,0.4404308353605167,0.3447067616152376,0.6388627462686673,162.93279743148813
4213,1263900,351.0833333333333,0.4499279242205951,0.4499279242205951,0.3087001784823604,0.5377652438507503,142.76860874165897
4214,1264200,351.1666666666667,0.4971259451514098,0.4971259451514098,0.3378661126201607,0.5849570010219771,145.47801637773685
4215,1264500,351.25,0.5120382848537576,0.5120382848537576,0.3443225753068376,0.5910401013856533,148.46476616776775
4216,1264800,351.3333333333333,0.5183342893776859,0.5183342893776859,0.3360893066325535,0.6005715260441152,154.39695648175734
4217,1265100,351.4166666666667,0.5229803618919053,0.5229803618919053,0.3393686372169028,0.6018002547907334,157.54053334846918
4218,1265400,351.5,0.5301133493572293,0.5301133493572293,0.3405396188551029,0.6053194019241178,158.9455620396601
4219,1265700,351.5833333333333,0.5239639558667973,0.5239639558667973,0.3379670852951353,0.607419866968502,159.95765186916992
4220,1266000,351.6666666666667,0.52256376851193,0.52256376851193,0.3328070080577255,0.6072460138682637,159.9067773458017
4221,1266300,351.75,0.501035222246008,0.501035222246008,0.3214174774860334,0.5969250525322793,158.78146525955512
4222,1266600,351.8333333333333,0.5160951078095672,0.5160951078095672,0.324879478239688,0.5977555315305896,158.44562277259723
4223,1266900,351.9166666666667,0.5134831756762478,0.5134831756762478,0.3341756640319364,0.6051126016598392,158.92058860168902
4224,1267200,352.0,0.5134588518762965,0.5134588518762965,0.3318393500839786,0.6069436192512514,159.64563039811196
4225,1267500,352.0833333333333,0.5352991521025376,0.5352991521025376,0.3406395535681776,0.6127757583252246,159.81301160655732
4226,1267800,352.1666666666667,0.5226443077328593,0.5226443077328593,0.3351581980084891,0.612328873813013,161.76670055694936
4227,1268100,352.25,0.524874063959441,0.524874063959441,0.3399828309323998,0.6137713595300102,162.20699286876226
4228,1268400,352.3333333333333,0.5344926232469972,0.5344926232469972,0.3454761486695656,0.6157441639291501,163.29045516959334
4229,1268700,352.4166666666667,0.5531959752926902,0.5531959752926902,0.3551300786274178,0.6163289925050749,163.59579529576186
4230,1269000,352.5,0.5195768584654148,0.5195768584654148,0.3397265797809824,0.6141985679080165,161.23163061597782
4231,1269300,352.5833333333333,0.513972396842827,0.513972396842827,0.3442033465519069,0.6115709599232507,157.8885323467303
4232,1269600,352.6666666666667,0.5323746865626612,0.5323746865626612,0.3547444900103141,0.6147198082713327,157.65779838502974
4233,1269900,352.75,0.5438212181138645,0.5438212181138645,0.3558970896635678,0.6169587426448812,157.79283153609973
4234,1270200,352.8333333333333,0.5285455606166298,0.5285455606166298,0.3544940884474826,0.6199579731586161,157.73667205124923
4235,1270500,352.9166666666667,0.5103383436215634,0.5103383436215634,0.357373626334225,0.6204958328647447,157.7948345587241
4236,1270800,353.0,0.5128989032965333,0.5128989032965333,0.3545243269936747,0.6200693568486983,157.05149053105302
4237,1271100,353.0833333333333,0.5259453774371418,0.5259453774371418,0.3542120814335556,0.6152185049981284,157.10210713784537
4238,1271400,353.1666666666667,0.5312784862334112,0.5312784862334112,0.3574768886389708,0.6142585705339006,157.2905367705995
4239,1271700,353.25,0.4960365804385466,0.4960365804385466,0.3428111007037375,0.606699384542163,155.72780243835211
4240,1272000,353.3333333333333,0.490329119550674,0.490329119550674,0.3429190465240119,0.6066844163354709,154.56522720528838
4241,1272300,353.4166666666667,0.508705301258598,0.508705301258598,0.3476916266511085,0.6111217787277661,155.809130888937
4242,1272600,353.5,0.5140616179240215,0.5140616179240215,0.3472457621856716,0.6151182153338939,156.72380965289454
4243,1272900,353.5833333333333,0.5304097400676956,0.5304097400676956,0.3532960982919347,0.6192494138211225,157.59534862466626
4244,1273200,353.6666666666667,0.5197231251977573,0.5197231251977573,0.3535883379613154,0.6208778104850023,157.01454881511086
4245,1273500,353.75,0.5197715109397578,0.5197715109397578,0.3564225759226871,0.6221711529862887,155.90143263941818
4246,1273800,353.8333333333333,0.5053925079586306,0.5053925079586306,0.3510655552542951,0.6205632332989057,154.7000613568375
4247,1274100,353.9166666666667,0.483804475444105,0.483804475444105,0.3417854270291138,0.6173196820338046,152.5999554675658
4248,1274400,354.0,0.5261447185056723,0.5261447185056723,0.3545510954825371,0.6247269913092075,152.15155877810432
4249,1274700,354.0833333333333,0.541064077182416,0.541064077182416,0.3600197212673042,0.628066024431189,152.71043735482422
4250,1275000,354.1666666666667,0.537415367648484,0.537415367648484,0.3601613011773205,0.6285038184421532,151.87112471548923
4251,1275300,354.25,0.5469821820198023,0.5469821820198023,0.36495865881746,0.6298864724844984,151.88994811116126
4252,1275600,354.3333333333333,0.5383362414911725,0.5383362414911725,0.3649590301048503,0.6316723988775991,152.14187803018677
4253,1275900,354.4166666666667,0.5393478331152091,0.5393478331152091,0.3643818432614696,0.6365563834108388,152.48563430536933
4254,1276200,354.5,0.5246644797205943,0.5246644797205943,0.356498601596014,0.6363044549623799,152.57788655389533
4255,1276500,354.5833333333333,0.5426178719713272,0.5426178719713272,0.364815807701016,0.6391546335039147,153.0434930614529
4256,1276800,354.6666666666667,0.5501194458527151,0.5501194458527151,0.3716397285945872,0.6344670434556711,152.15700146562028
4257,1277100,354.75,0.556091670993866,0.556091670993866,0.3707040756898471,0.6358144583195285,152.7172407607305
4258,1277400,354.8333333333333,0.5494001422851849,0.5494001422851849,0.3673105354208295,0.6307929191519606,152.30334920372448
4259,1277700,354.9166666666667,0.5449841143384515,0.5449841143384515,0.3621429538910925,0.6307143255070382,151.9530906743444
4260,1278000,355.0,0.5213993698731016,0.5213993698731016,0.3632374104415614,0.6289688071006764,150.61657797409353
4261,1278300,355.0833333333333,0.4801253145532231,0.4801253145532231,0.3550306235695004,0.6244974302048836,150.01297955563106
4262,1278600,355.1666666666667,0.4866151645950686,0.4866151645950686,0.3601958254397822,0.6209808248070158,151.2657758613892
4263,1278900,355.25,0.5129300227654983,0.5129300227654983,0.3749603224784069,0.6246463654911625,153.41117025496862
4264,1279200,355.3333333333333,0.5225772957562773,0.5225772957562773,0.3756208560431126,0.6209074757681756,152.8176909787683
4265,1279500,355.4166666666667,0.508977120377636,0.508977120377636,0.368446525593145,0.6174720844724995,153.0772008089808
4266,1279800,355.5,0.5060569023777762,0.5060569023777762,0.3743294782190987,0.6214917058749558,153.7298774782094
4267,1280100,355.5833333333333,0.4977762669512999,0.4977762669512999,0.3716246126820023,0.6201919465559229,153.40933541661946
4268,1280400,355.6666666666667,0.4836407444720318,0.4836407444720318,0.3605349476044676,0.6180769635470266,152.70831313757049
4269,1280700,355.75,0.4629325838555778,0.4629325838555778,0.3640484628884067,0.6161316160972746,152.20430989253612
4270,1281000,355.8333333333333,0.4719403180561864,0.4719403180561864,0.3744139839164593,0.6186603306511279,152.5858736604047
4271,1281300,355.9166666666667,0.4890944927197727,0.4890944927197727,0.3802972329440789,0.6189314112670049,151.64642152075234
4272,1281600,356.0,0.4737681938216364,0.4737681938216364,0.3741918591378728,0.6156805727044594,150.81647137367116
4273,1281900,356.0833333333333,0.4773308480353123,0.4773308480353123,0.3779262433744335,0.6204337346548982,150.5044462113348
4274,1282200,356.1666666666667,0.4767675032311222,0.4767675032311222,0.375577559651472,0.6221226747077669,151.30791866737118
4275,1282500,356.25,0.4919070735991896,0.4919070735991896,0.3701544758167248,0.614017483954411,149.13755504498175
4276,1282800,356.3333333333333,0.5166555753480836,0.5166555753480836,0.371551070039296,0.6199088353045258,150.28564452958085
4277,1283100,356.4166666666667,0.531839770733659,0.531839770733659,0.3764795591473222,0.6236950628178464,150.8891069411183
4278,1283400,356.5,0.5227783833023394,0.5227783833023394,0.3725770705109034,0.6233815190460344,150.72964504385143
4279,1283700,356.5833333333333,0.5276826986815764,0.5276826986815764,0.3800302930362014,0.620587032566941,150.78635146277182
4280,1284000,356.6666666666667,0.5249222087627217,0.5249222087627217,0.3799726919376811,0.6223858301359123,151.1526184949843
4281,1284300,356.75,0.5267475554746112,0.5267475554746112,0.379158327333996,0.6246705853846853,151.4323863728981
4282,1284600,356.8333333333333,0.5149759567992022,0.5149759567992022,0.3799287742068241,0.6234360982307257,150.08840258263243
4283,1284900,356.9166666666667,0.529497143307876,0.529497143307876,0.3836585105981363,0.6203086707502289,149.02116723683068
4284,1285200,357.0,0.532082971341127,0.532082971341127,0.3843759955642301,0.6233714758713493,150.0743179644361
4285,1285500,357.0833333333333,0.516641673826526,0.516641673826526,0.3783194087343497,0.6235343685501085,150.53783559859326
4286,1285800,357.1666666666667,0.5132176285534423,0.5132176285534423,0.3746931252652568,0.6136184550480286,150.12473322305777
4287,1286100,357.25,0.5126284168284141,0.5126284168284141,0.3738446252626035,0.6158993612889653,150.72305708596298
4288,1286400,357.3333333333333,0.5195382641145204,0.5195382641145204,0.3704191666774806,0.6161321964050466,151.92971217669054
4289,1286700,357.4166666666667,0.5223916234223068,0.5223916234223068,0.3681644628879851,0.6172066509056652,151.7182122294988
4290,1287000,357.5,0.5365375567307202,0.5365375567307202,0.3701280614245587,0.6185955476421308,153.06417649692565
4291,1287300,357.5833333333333,0.5570319038926635,0.5570319038926635,0.3740290579693983,0.6188050081868116,154.6768719073266
4292,1287600,357.6666666666667,0.5599733892074079,0.5599733892074079,0.3744642053955312,0.6202245544441355,155.53513803662966
4293,1287900,357.75,0.5504043115843981,0.5504043115843981,0.3739582726002902,0.6190314212400213,155.13041036146186
4294,1288200,357.8333333333333,0.5419213600915032,0.5419213600915032,0.3687033819558358,0.6193707760421516,154.65930185982683
4295,1288500,357.9166666666667,0.5274421716124046,0.5274421716124046,0.3584081420084326,0.6115587523313062,152.80839293466673
4296,1288800,358.0,0.500368781041812,0.500368781041812,0.3513363852828948,0.6115744382115769,152.7065782757265
4297,1289100,358.0833333333333,0.4941207677195585,0.4941207677195585,0.3457760684386752,0.615211827642802,154.50677387667102
4298,1289400,358.1666666666667,0.4748140821950177,0.4748140821950177,0.3362395487450896,0.6214200505249958,155.03027409137715
4299,1289700,358.25,0.4778056791995849,0.4778056791995849,0.3472204371163374,0.6225792710990874,156.4057023431047
4300,1290000,358.3333333333333,0.4671037164652062,0.4671037164652062,0.3379295119859401,0.6092825802185012,156.62061965931767
4301,1290300,358.4166666666667,0.472325503577865,0.472325503577865,0.3377602443600127,0.6091646628325085,156.70981856511165
4302,1290600,358.5,0.4680094625359575,0.4680094625359575,0.3362335370892363,0.6259483478005048,158.57444094319104
4303,1290900,358.5833333333333,0.4622186346592258,0.4622186346592258,0.3327944473863927,0.6083657538642364,159.29358368304582
4304,1291200,358.6666666666667,0.4885689891045269,0.4885689891045269,0.333115319570551,0.6172836760427349,163.23786705989272
4305,1291500,358.75,0.4927422881793046,0.4927422881793046,0.3289597743528407,0.6142619018089268,165.26708617330968
4306,1291800,358.8333333333333,0.488396412646281,0.488396412646281,0.3221168605337055,0.5970493685126494,168.17768532543803
4307,1292100,358.9166666666667,0.4965092008217614,0.4965092008217614,0.3334214628203326,0.606625064498478,167.51256844564745
4308,1292400,359.0,0.4861122822073131,0.4861122822073131,0.3284018185139675,0.6014746186596527,169.93058336618972
4309,1292700,359.0833333333333,0.4920533291629701,0.4920533291629701,0.3223785981301099,0.593048633665793,170.7924853007575
4310,1293000,359.1666666666667,0.495896089801607,0.495896089801607,0.319538693041257,0.5856016785857577,171.28866325071584
4311,1293300,359.25,0.5083179052197404,0.5083179052197404,0.3185437046965336,0.5946926592714206,170.7676157736721
4312,1293600,359.3333333333333,0.4838564628070621,0.4838564628070621,0.3058208164875041,0.575328156385367,171.5373865142324
4313,1293900,359.4166666666667,0.5032933199595896,0.5032933199595896,0.3137745089084595,0.5716483456076277,168.19061617898618
4314,1294200,359.5,0.5081479708192052,0.5081479708192052,0.3190179307023209,0.5919978100573532,165.72477260278364
4315,1294500,359.5833333333333,0.5083906256330669,0.5083906256330669,0.3127659407238038,0.5935251224518592,166.00022857255067
4316,1294800,359.6666666666667,0.5201728437546663,0.5201728437546663,0.3171950626935768,0.5934478131546979,169.36613276660844
4317,1295100,359.75,0.5283509218186085,0.5283509218186085,0.3132411374147764,0.5943846670573183,168.84443435966307
4318,1295400,359.8333333333333,0.5499154572616339,0.5499154572616339,0.3228051521086358,0.6045032540209508,169.27780134000548
4319,1295700,359.9166666666667,0.5549434801498278,0.5549434801498278,0.3262806732883653,0.6125244063051083,168.89733542542356
4320,1296000,360.0,0.5489456388470013,0.5489456388470013,0.3311481409912349,0.6157714045370056,168.00878728127876
4321,1296300,360.0833333333333,0.533617759138587,0.533617759138587,0.3224898602904334,0.6146208774752756,162.69397024254008
4322,1296600,360.1666666666667,0.5331288274529757,0.5331288274529757,0.3262298703557033,0.6035233350140218,160.13255514968714
4323,1296900,360.25,0.52325925118627,0.52325925118627,0.3298834354069992,0.6062334399072619,159.17863342441575
4324,1297200,360.3333333333333,0.5182537636944967,0.5182537636944967,0.3302315989855371,0.6069044021631269,159.414456039966
4325,1297500,360.4166666666667,0.5218109252068595,0.5218109252068595,0.3359530320431761,0.6081506715550546,160.796357854572
4326,1297800,360.5,0.5155219914407749,0.5155219914407749,0.3316204154436898,0.6103183856880712,161.87926236145057
4327,1298100,360.5833333333333,0.5203805320324725,0.5203805320324725,0.3297992477455776,0.6113602329403464,164.19902454632097
4328,1298400,360.6666666666667,0.5170622166699181,0.5170622166699181,0.3218519772975215,0.5988679515874294,163.60172580356954
4329,1298700,360.75,0.5168347277259281,0.5168347277259281,0.319928935699805,0.5966162650553166,163.60753136731174
4330,1299000,360.8333333333333,0.5128781179156839,0.5128781179156839,0.3238574418035641,0.5999692229704962,163.03331387379487
4331,1299300,360.9166666666667,0.5126189127093443,0.5126189127093443,0.3229858459695989,0.6007771352912773,165.23619497110155
4332,1299600,361.0,0.5036644586253577,0.5036644586253577,0.325416188743489,0.6073008816291394,166.89763070783297
4333,1299900,361.0833333333333,0.4991560951382536,0.4991560951382536,0.3266610557525912,0.6108456963313409,168.87029203515817
4334,1300200,361.1666666666667,0.5188313125534368,0.5188313125534368,0.3296406325038023,0.6114943246266792,169.5358644504435
4335,1300500,361.25,0.5295827428007271,0.5295827428007271,0.3322963170999425,0.6027391295538673,166.76067607562013
4336,1300800,361.3333333333333,0.535966811632188,0.535966811632188,0.3372030015908035,0.6038490137837305,166.00231056732162
4337,1301100,361.4166666666667,0.5340269576098958,0.5340269576098958,0.3353234916359019,0.6055004929415453,163.77945228385275
4338,1301400,361.5,0.4996368631331316,0.4996368631331316,0.3147811181104966,0.586718471836106,158.43271188199068
4339,1301700,361.5833333333333,0.4970443886470015,0.4970443886470015,0.3090756394998812,0.5957905798423547,160.06698175491027
4340,1302000,361.6666666666667,0.5098407539894919,0.5098407539894919,0.3132978793082193,0.607648239096974,161.55121351581522
4341,1302300,361.75,0.5118145470260171,0.5118145470260171,0.3164740966449559,0.614597022272977,163.23677355289246
4342,1302600,361.8333333333333,0.5170664359970415,0.5170664359970415,0.3214897563897899,0.6228398647862641,165.45090750605314
4343,1302900,361.9166666666667,0.5241162211244973,0.5241162211244973,0.3304862478934775,0.6304150982463215,164.76435124153997
4344,1303200,362.0,0.5274648174037804,0.5274648174037804,0.337363618466913,0.6313755456025029,162.45589760222987
4345,1303500,362.0833333333333,0.5240633434159603,0.5240633434159603,0.3332292317205441,0.6341260887357644,161.14407784105524
4346,1303800,362.1666666666667,0.5244155434522325,0.5244155434522325,0.3277693992586054,0.6258974761427948,161.06875741628437
4347,1304100,362.25,0.5154551570098851,0.5154551570098851,0.3242000388537058,0.6149365092036104,160.6829631381555
4348,1304400,362.3333333333333,0.502034027902786,0.502034027902786,0.3250117078567349,0.6173818577790754,162.36408974036252
4349,1304700,362.4166666666667,0.5018234647346406,0.5018234647346406,0.3281506708077497,0.623178584196983,162.478376990304
4350,1305000,362.5,0.4673234206754829,0.4673234206754829,0.3139243170977883,0.5905232033634089,156.73088857085247
4351,1305300,362.5833333333333,0.4446822890421235,0.4446822890421235,0.3084196155633377,0.5844838494207785,155.827815164116
4352,1305600,362.6666666666667,0.4583965634296686,0.4583965634296686,0.3134993314864185,0.5896946394689416,158.65096355919434
4353,1305900,362.75,0.4508865842149596,0.4508865842149596,0.3157609317036459,0.5952988257193498,159.66728807071442
4354,1306200,362.8333333333333,0.4488972920783223,0.4488972920783223,0.3173039121097715,0.5980258522425181,161.53360501350642
4355,1306500,362.9166666666667,0.4707660094568278,0.4707660094568278,0.3191897485595613,0.6006033555022974,163.57798499349713
4356,1306800,363.0,0.5110358781972524,0.5110358781972524,0.3249784116276942,0.6010191951046627,166.7760539782293
4357,1307100,363.0833333333333,0.5067877551955358,0.5067877551955358,0.3282445568288972,0.5988424545888008,169.98046754527346
4358,1307400,363.1666666666667,0.4984405646840629,0.4984405646840629,0.3264009115827253,0.5909573824951673,169.0039746508226
4359,1307700,363.25,0.4949532732730947,0.4949532732730947,0.3264542706613609,0.5897913069259848,169.41035428311645
4360,1308000,363.3333333333333,0.5033063157787154,0.5033063157787154,0.3259459117563761,0.5873233312513763,168.07050117439036
4361,1308300,363.4166666666667,0.5043259065325663,0.5043259065325663,0.3274169604952742,0.5871296679101337,167.18652894402115
4362,1308600,363.5,0.5007787320245275,0.5007787320245275,0.3270458390477928,0.5846749170122888,166.29079456884017
4363,1308900,363.5833333333333,0.5040162495149001,0.5040162495149001,0.3272526828923624,0.5849725909136663,166.2666347692899
4364,1309200,363.6666666666667,0.5050567029610529,0.5050567029610529,0.3273266762352696,0.5844147723569769,166.1319416461051
4365,1309500,363.75,0.5117069261632693,0.5117069261632693,0.3273369216066241,0.5822879493394001,165.8144923506982
4366,1309800,363.8333333333333,0.5114921450832958,0.5114921450832958,0.3274484755328642,0.5804638845168142,165.7235821307927
4367,1310100,363.9166666666667,0.5112563652421517,0.5112563652421517,0.3276831378444524,0.5790187796546411,165.43797221992352
4368,1310400,364.0,0.5102903301561075,0.5102903301561075,0.3282617557149322,0.5778660408476566,164.64082967153092
4369,1310700,364.0833333333333,0.5065331133984216,0.5065331133984216,0.3278391153168345,0.5775650971596832,164.1862848378752
4370,1311000,364.1666666666667,0.5077925767144683,0.5077925767144683,0.3275045947412287,0.5769927520573656,164.3514163388939
4371,1311300,364.25,0.5078362299402294,0.5078362299402294,0.3268397925612741,0.5755544071201398,164.2820315421793
4372,1311600,364.3333333333333,0.5105005982105769,0.5105005982105769,0.327567529494238,0.5754587362026251,164.54512580302068
4373,1311900,364.4166666666667,0.5129405776312415,0.5129405776312415,0.3268822730253732,0.5752662831364415,164.2894353379166
4374,1312200,364.5,0.508223838085228,0.508223838085228,0.3249666974254308,0.5708446432918658,161.1001027922225
4375,1312500,364.5833333333333,0.5130176758334958,0.5130176758334958,0.3250449321493339,0.5714273873297974,160.9169669792448
4376,1312800,364.6666666666667,0.5157467101410482,0.5157467101410482,0.3268942802908258,0.5706632918784382,160.8768586486796
4377,1313100,364.75,0.5189395322956665,0.5189395322956665,0.3278243430768823,0.5693295063514121,160.0956103857488
4378,1313400,364.8333333333333,0.5217990236683501,0.5217990236683501,0.3229575046701304,0.5633353772286442,158.0580663626101
4379,1313700,364.9166666666667,0.5195763192993685,0.5195763192993685,0.3222108653734625,0.5622375285182137,157.77959953220486
4380,1314000,365.0,0.5182857167465227,0.5182857167465227,0.322679531185405,0.562796146449805,157.0028261323999
4381,1314300,365.0833333333333,0.5206091232191281,0.5206091232191281,0.3242784692388086,0.5632934308660158,156.63367219486008
4382,1314600,365.1666666666667,0.5215237207999911,0.5215237207999911,0.3246784807099382,0.5639699171578292,156.7201670543654
4383,1314900,365.25,0.5207240417269631,0.5207240417269631,0.3253901562441703,0.5609751816470305,156.6888202189105
4384,1315200,365.3333333333333,0.5190605980151196,0.5190605980151196,0.3256054889570829,0.5614243746409363,157.3217288327309
4385,1315500,365.4166666666667,0.5189046261938656,0.5189046261938656,0.3245717691694545,0.5619028755698783,157.73911137264676
4386,1315800,365.5,0.5203557185473702,0.5203557185473702,0.3246271439978319,0.5606653402821257,157.925812076277
4387,1316100,365.5833333333333,0.5243678063405522,0.5243678063405522,0.326021610303804,0.5612026577156695,157.82423951156088
4388,1316400,365.6666666666667,0.5297246502454281,0.5297246502454281,0.325568403571856,0.5608695007736555,157.23448982412236
4389,1316700,365.75,0.5261641632779146,0.5261641632779146,0.3252853568323932,0.5596026502358911,156.5053179396879
4390,1317000,365.8333333333333,0.5199656169717711,0.5199656169717711,0.325097357534094,0.5593513407778921,157.1819480502928
4391,1317300,365.9166666666667,0.5178748971318263,0.5178748971318263,0.3234784495583495,0.5583666483109121,157.20620010692386
4392,1317600,366.0,0.5233576475048094,0.5233576475048094,0.3228726219423689,0.5584667206585583,157.40713977390357
4393,1317900,366.0833333333333,0.519957298285008,0.519957298285008,0.3246604024467793,0.5587653978139296,156.6182643589354
4394,1318200,366.1666666666667,0.5169490542367259,0.5169490542367259,0.3257682343800347,0.5594233780651258,156.36930874546175
4395,1318500,366.25,0.5186221143279991,0.5186221143279991,0.3242081410998195,0.5595562416380462,156.1048954221099
4396,1318800,366.3333333333333,0.5182126341482243,0.5182126341482243,0.3228194009284083,0.5599176569810413,155.94105027746178
4397,1319100,366.4166666666667,0.5163773511881178,0.5163773511881178,0.3222897624349469,0.5608450756088492,155.74139768040789
4398,1319400,366.5,0.5240063532635911,0.5240063532635911,0.3239991809235802,0.5619201215482816,155.65565880647475
4399,1319700,366.5833333333333,0.5254193384053522,0.5254193384053522,0.3242985132698704,0.561212138497986,155.70236371403092
4400,1320000,366.6666666666667,0.5263320753507543,0.5263320753507543,0.3242262202227612,0.5606983609918356,154.8323258674515
4401,1320300,366.75,0.5222267411870203,0.5222267411870203,0.3229711188479489,0.5602831775606396,154.10536945230612
4402,1320600,366.8333333333333,0.5235134819957715,0.5235134819957715,0.323962540027816,0.5608521931929994,154.6696127152189
4403,1320900,366.9166666666667,0.5198372622322915,0.5198372622322915,0.3233524736763241,0.5604000571102493,154.39573892931926
4404,1321200,367.0,0.5216545971463928,0.5216545971463928,0.3237965512886038,0.5603760200416776,154.23987100875937
4405,1321500,367.0833333333333,0.5233692694131798,0.5233692694131798,0.3247024636315609,0.560225736146583,153.80348430555577
4406,1321800,367.1666666666667,0.5212298827847558,0.5212298827847558,0.3256271828097672,0.5596226210131106,153.86257115686
4407,1322100,367.25,0.5195269406398897,0.5195269406398897,0.3247630996270081,0.5570670823070493,153.74518989685356
4408,1322400,367.3333333333333,0.5161252703815865,0.5161252703815865,0.3220287819598469,0.5522355243763452,153.3901145313808
4409,1322700,367.4166666666667,0.5163417612329241,0.5163417612329241,0.3204070194520286,0.5515015176620394,153.73469476209002
4410,1323000,367.5,0.5159836064408059,0.5159836064408059,0.3205740129206535,0.5521278327095578,154.36671493457337
4411,1323300,367.5833333333333,0.5159254985725622,0.5159254985725622,0.3203067653598652,0.5523940908477749,154.4570649828156
4412,1323600,367.6666666666667,0.5224611215696049,0.5224611215696049,0.3200377505371019,0.552642824881353,154.75089680936034
4413,1323900,367.75,0.5224697927012284,0.5224697927012284,0.3209454658698954,0.5527922461934812,155.54473367891669
4414,1324200,367.8333333333333,0.5271515805563356,0.5271515805563356,0.3218506655524498,0.5526236095645476,156.31208357097617
4415,1324500,367.9166666666667,0.5239106412342722,0.5239106412342722,0.3211930634189748,0.5516659537256852,155.4539730797733
4416,1324800,368.0,0.5196109332480323,0.5196109332480323,0.3214817441415616,0.5525953283352565,155.15162773133252
4417,1325100,368.0833333333333,0.5194978568656359,0.5194978568656359,0.3212946821346673,0.5523879004605059,154.89103914673785
4418,1325400,368.1666666666667,0.5213803650099212,0.5213803650099212,0.3210951728475874,0.5528237062729577,155.36261413404316
4419,1325700,368.25,0.5177026367110008,0.5177026367110008,0.3217633376334196,0.5531337969213276,155.80844646087846
4420,1326000,368.3333333333333,0.5185986791794971,0.5185986791794971,0.3222810219521813,0.5524096585356769,156.27960087821307
4421,1326300,368.4166666666667,0.5171620579108841,0.5171620579108841,0.3213452758990577,0.55289361807046,157.56298511648376
4422,1326600,368.5,0.5175570031921508,0.5175570031921508,0.3220031370685973,0.5535341924760161,158.63492421107446
4423,1326900,368.5833333333333,0.511926839061716,0.511926839061716,0.3226264281981634,0.5543761722782086,159.02943294073626
4424,1327200,368.6666666666667,0.5193159520402002,0.5193159520402002,0.3222063157200683,0.5541277019931293,160.38150994467745
4425,1327500,368.75,0.5237214357956589,0.5237214357956589,0.3233447194050975,0.5543714084067233,159.83762604374925
4426,1327800,368.8333333333333,0.5220749300701376,0.5220749300701376,0.3223296274551779,0.5535474733238709,158.0940946457589
4427,1328100,368.9166666666667,0.5143295115254284,0.5143295115254284,0.3200696311990987,0.55350076721142,157.452682271345
4428,1328400,369.0,0.5165479884428156,0.5165479884428156,0.321077703933072,0.553516189317858,156.96294209445884
4429,1328700,369.0833333333333,0.5067900202568132,0.5067900202568132,0.3199380897693278,0.5538570780367972,156.88910872810771
4430,1329000,369.1666666666667,0.5085689176888673,0.5085689176888673,0.3201564647167239,0.554064523661439,157.5285109768
4431,1329300,369.25,0.5100790986101118,0.5100790986101118,0.3209992636149943,0.5544827495250562,157.79787711509746
4432,1329600,369.3333333333333,0.5097443542743989,0.5097443542743989,0.3212217668879984,0.555140956877497,157.77255330965255
4433,1329900,369.4166666666667,0.5054949960241565,0.5054949960241565,0.3208373840493271,0.5565298330829864,158.83639733611645
4434,1330200,369.5,0.5051882977433847,0.5051882977433847,0.3208407515688886,0.5574006234970958,159.78990197093756
4435,1330500,369.5833333333333,0.5102479596904451,0.5102479596904451,0.319850628900713,0.5581121749932192,160.07648240231475
4436,1330800,369.6666666666667,0.5170112746669968,0.5170112746669968,0.3193733172119727,0.5586410781347249,160.6736455743813
4437,1331100,369.75,0.5111802662217024,0.5111802662217024,0.3186962740408952,0.5591077943116081,161.09691300164002
4438,1331400,369.8333333333333,0.5164730314630475,0.5164730314630475,0.3187731393381761,0.5588813366280059,161.02993834871037
4439,1331700,369.9166666666667,0.5072444989213031,0.5072444989213031,0.3184128394762006,0.5589546467925343,161.19601186595497
4440,1332000,370.0,0.4983350598181109,0.4983350598181109,0.3182960179088735,0.5583181880201781,160.93119411157966
4441,1332300,370.0833333333333,0.4899309809870211,0.4899309809870211,0.3186075270260723,0.5593049883285302,161.02509220471362
4442,1332600,370.1666666666667,0.483239007999054,0.483239007999054,0.3189057362949278,0.5591214468168579,160.86184831907565
4443,1332900,370.25,0.4718788768326494,0.4718788768326494,0.3164862084966207,0.5600556921575535,160.76814846272973
4444,1333200,370.3333333333333,0.4616811099064554,0.4616811099064554,0.3155527573990754,0.5624552401088898,160.84219827127455
4445,1333500,370.4166666666667,0.4150702543962397,0.4150702543962397,0.3105324596181787,0.5635943767557337,159.9032746979517
4446,1333800,370.5,0.3790053852459872,0.3790053852459872,0.3017871680029163,0.5683169458597994,157.51492617922807
4447,1334100,370.5833333333333,0.3814313354934762,0.3814313354934762,0.3024168318312295,0.5793244663528132,156.49291016554082
4448,1334400,370.6666666666667,0.4441236502563443,0.4441236502563443,0.314220553807405,0.589307379640197,157.1725836467603
4449,1334700,370.75,0.4726443461286352,0.4726443461286352,0.3222274238501141,0.5982914505935301,159.9826093841949
4450,1335000,370.8333333333333,0.4844358546161375,0.4844358546161375,0.327792434064417,0.5976170395559537,162.7431107587621
4451,1335300,370.9166666666667,0.4777473077621829,0.4777473077621829,0.3269620689662774,0.5938136295730834,164.56968515200958
4452,1335600,371.0,0.4615408857748295,0.4615408857748295,0.3235243720422733,0.5896819247406427,163.95703315300386
4453,1335900,371.0833333333333,0.4594619882243712,0.4594619882243712,0.3198620845743871,0.5881131472621023,162.67431233304552
4454,1336200,371.1666666666667,0.4831543982925819,0.4831543982925819,0.3222926271887694,0.588063925347128,163.97784039333587
4455,1336500,371.25,0.4724801435391091,0.4724801435391091,0.3197747377099773,0.5832666043077777,165.72887064027017
4456,1336800,371.3333333333333,0.4606684216843613,0.4606684216843613,0.31941723309254,0.5810579658767601,166.99996302173318
4457,1337100,371.4166666666667,0.4582596314358598,0.4582596314358598,0.3197927416741862,0.5758509701923513,167.92796532551372
4458,1337400,371.5,0.4763825252459601,0.4763825252459601,0.3232598034474492,0.5778186776163255,168.50629182977136
4459,1337700,371.5833333333333,0.482993977303008,0.482993977303008,0.3235401284771085,0.5786465668806875,169.58100382481118
4460,1338000,371.6666666666667,0.4790397474017787,0.4790397474017787,0.3248899791155044,0.5789949133350781,170.61625142270543
4461,1338300,371.75,0.4652194991363591,0.4652194991363591,0.3212133879043859,0.5752614760697284,169.1296919472785
4462,1338600,371.8333333333333,0.4562216731469098,0.4562216731469098,0.3192096779467956,0.5744871957876138,168.55709332034186
4463,1338900,371.9166666666667,0.4502666515316959,0.4502666515316959,0.3180112262231226,0.5756754565573808,166.8704036349481
4464,1339200,372.0,0.4757742885655568,0.4757742885655568,0.3193321249371019,0.5779852171516618,166.28109961940004
4465,1339500,372.0833333333333,0.4526993968411124,0.4526993968411124,0.3240632429852343,0.5791867446666609,165.29023135567496
4466,1339800,372.1666666666667,0.447572166152627,0.447572166152627,0.3228253323917122,0.5780955803453733,165.51492817839164
4467,1340100,372.25,0.427830331009321,0.427830331009321,0.3163979343518286,0.5766706442425568,164.60046098065476
4468,1340400,372.3333333333333,0.4045513856334625,0.4045513856334625,0.3136749520611557,0.5799173154614725,163.38206586956184
4469,1340700,372.4166666666667,0.3979537554900305,0.3979537554900305,0.3166655328711034,0.5849912271309592,162.31386144465048
4470,1341000,372.5,0.407396273567397,0.407396273567397,0.3163698902211582,0.5893634359163054,161.72398394704416
4471,1341300,372.5833333333333,0.4741667130311431,0.4741667130311431,0.3280859932747629,0.5955568124978943,163.66396658922497
4472,1341600,372.6666666666667,0.472000628063959,0.472000628063959,0.3314294374562776,0.5929599687834577,165.93446947548455
4473,1341900,372.75,0.4768306961137181,0.4768306961137181,0.327890737325952,0.5887603512373006,167.5283907252769
4474,1342200,372.8333333333333,0.4902150792935882,0.4902150792935882,0.3286632351801593,0.5860407438774805,168.61231952331198
4475,1342500,372.9166666666667,0.4902617845073759,0.4902617845073759,0.328556879403484,0.5823077169459441,169.1035504384382
4476,1342800,373.0,0.4730462765038798,0.4730462765038798,0.3226243092836698,0.5771997040431348,169.1914126024723
4477,1343100,373.0833333333333,0.4474278483700993,0.4474278483700993,0.3215687126634224,0.5786549103037952,169.65723324951963
4478,1343400,373.1666666666667,0.452417035638704,0.452417035638704,0.3215213355878286,0.579571798686481,169.524784043934
4479,1343700,373.25,0.4574222870455446,0.4574222870455446,0.3238962667528294,0.5805626071803751,170.3431217355446
4480,1344000,373.3333333333333,0.4163933874705206,0.4163933874705206,0.3200980165498256,0.5806954042406348,170.3146199587243
4481,1344300,373.4166666666667,0.363193589665375,0.363193589665375,0.3122535088020806,0.5829638679131123,166.53364447339777
4482,1344600,373.5,0.3968808720808292,0.3968808720808292,0.315833166811504,0.5909699385878098,162.78579670831184
4483,1344900,373.5833333333333,0.3959729434539046,0.3959729434539046,0.3185598535220506,0.5959065147945498,162.43916790094045
4484,1345200,373.6666666666667,0.4150407587187816,0.4150407587187816,0.3239388003549657,0.6020789068316932,163.46705979666322
4485,1345500,373.75,0.3854145558507004,0.3854145558507004,0.3203746048389564,0.6026155302639042,163.7326745805986
4486,1345800,373.8333333333333,0.3715899969330639,0.3715899969330639,0.3174251849521356,0.6043653159339408,162.43259437347012
4487,1346100,373.9166666666667,0.3771466807335637,0.3771466807335637,0.3196891159876964,0.6145187188028899,162.0680539290062
4488,1346400,374.0,0.3906130314455266,0.3906130314455266,0.3202775369532417,0.6215238636155,162.80244074649983
4489,1346700,374.0833333333333,0.3934881888129224,0.3934881888129224,0.3258996479633689,0.6264529777530745,163.7326616739011
4490,1347000,374.1666666666667,0.399209008558668,0.399209008558668,0.3294955779649192,0.6273036323590014,163.9408597790756
4491,1347300,374.25,0.4092025846173116,0.4092025846173116,0.3283556294458219,0.6324716991762117,164.85056251406854
4492,1347600,374.3333333333333,0.3875489899476961,0.3875489899476961,0.322662688850156,0.6283176695512933,164.9789262027282
4493,1347900,374.4166666666667,0.3922393058915087,0.3922393058915087,0.3252508366535073,0.635694332639247,165.4480021748197
4494,1348200,374.5,0.4033207300174712,0.4033207300174712,0.3312768163982724,0.6407522921910924,166.7903892126584
4495,1348500,374.5833333333333,0.4024352030924198,0.4024352030924198,0.3343102847406659,0.644398780576166,167.926618693619
4496,1348800,374.6666666666667,0.4229852142791586,0.4229852142791586,0.3293333247484233,0.627492312118875,164.03518356233545
4497,1349100,374.75,0.4281054074580211,0.4281054074580211,0.3406011720500431,0.6306968383649401,166.35568336678637
4498,1349400,374.8333333333333,0.4335992418954714,0.4335992418954714,0.3471603873640906,0.6332977294533926,165.18773248085898
4499,1349700,374.9166666666667,0.460550166820323,0.460550166820323,0.3501582312023815,0.6369046152371507,164.7953446283745
4500,1350000,375.0,0.4369543526163651,0.4369543526163651,0.3460733426692557,0.6341013245479284,162.32283820513865
4501,1350300,375.0833333333333,0.4468478010106431,0.4468478010106431,0.3506739986011942,0.6359973648709093,162.12873154314434
4502,1350600,375.1666666666667,0.4595679072971007,0.4595679072971007,0.3492755223591078,0.6365061990487135,162.72501258147258
4503,1350900,375.25,0.4416515531670821,0.4416515531670821,0.3415131867083434,0.6375213701590455,162.50089355644906
4504,1351200,375.3333333333333,0.4453667406875753,0.4453667406875753,0.3467109195092207,0.6418022847490921,162.8515663958012
4505,1351500,375.4166666666667,0.4262635677294961,0.4262635677294961,0.3337502675526987,0.6385675651495949,163.0550908999476
4506,1351800,375.5,0.4185154284247293,0.4185154284247293,0.3317918378727115,0.6449323122523223,163.88514943721805
4507,1352100,375.5833333333333,0.4112155569668206,0.4112155569668206,0.3351403515922752,0.6544115995266825,163.76575485780774
4508,1352400,375.6666666666667,0.4261589092984666,0.4261589092984666,0.344418897210599,0.6608504071120662,163.14476456534905
4509,1352700,375.75,0.430398090775023,0.430398090775023,0.344295739181747,0.6672294336543432,162.73099368776232
4510,1353000,375.8333333333333,0.4635404613363761,0.4635404613363761,0.3483996861636069,0.6640589976664695,160.4690503075532
4511,1353300,375.9166666666667,0.4549310516576273,0.4549310516576273,0.3483537090551011,0.6648273762918409,159.81522709655675
4512,1353600,376.0,0.4389467228712386,0.4389467228712386,0.3468261616535973,0.662581645208379,159.83872943532168
4513,1353900,376.0833333333333,0.4293643675058945,0.4293643675058945,0.3395505371830699,0.6609324267629307,159.3801687970039
4514,1354200,376.1666666666667,0.4398999598648072,0.4398999598648072,0.3481734899803053,0.6656202651791358,159.6131793385143
4515,1354500,376.25,0.4764917221418416,0.4764917221418416,0.3608868182463036,0.6655441486841553,159.70163265035157
4516,1354800,376.3333333333333,0.4707138731122487,0.4707138731122487,0.3600893373662996,0.6646304710052203,160.75381171285426
4517,1355100,376.4166666666667,0.4675542625572351,0.4675542625572351,0.3589984831520446,0.6662420213264946,160.57123918810126
4518,1355400,376.5,0.4421321543407721,0.4421321543407721,0.3483171230243611,0.6528377862715189,159.00854171028237
4519,1355700,376.5833333333333,0.4486477694845545,0.4486477694845545,0.3441430030465073,0.6544962256167891,158.3441751670852
4520,1356000,376.6666666666667,0.4455815210209526,0.4455815210209526,0.34533720298712,0.6623398355922203,157.75434183684595
4521,1356300,376.75,0.4492020434340005,0.4492020434340005,0.3437674291935078,0.6662391848055884,158.20382871183398
4522,1356600,376.8333333333333,0.4516701342324298,0.4516701342324298,0.3498182739059167,0.6704015632874591,158.87503551769325
4523,1356900,376.9166666666667,0.4555760748120609,0.4555760748120609,0.3526223668051114,0.6752135980604513,159.96153465371785
4524,1357200,377.0,0.4599072174360965,0.4599072174360965,0.3568312237820757,0.6793630654493467,160.36555722993998
4525,1357500,377.0833333333333,0.4642914342390368,0.4642914342390368,0.3548595334176149,0.6809880019277086,161.05741757656833
4526,1357800,377.1666666666667,0.4819663035568917,0.4819663035568917,0.3288154615630372,0.5951306176825791,141.22402087642786
4527,1358100,377.25,0.5051962937729684,0.5051962937729684,0.3426039079968551,0.621121426728495,144.21832202517933
4528,1358400,377.3333333333333,0.4863179822813318,0.4863179822813318,0.3296905919298753,0.6167608778243707,145.16016416780084
4529,1358700,377.4166666666667,0.471274825216746,0.471274825216746,0.3208545488572392,0.6139085153197317,148.45569128666776
4530,1359000,377.5,0.4840112447472054,0.4840112447472054,0.3272086159296138,0.621907762362849,155.0444755352746
4531,1359300,377.5833333333333,0.4997212735691366,0.4997212735691366,0.3429645017685415,0.6332550998718417,157.05884383418902
4532,1359600,377.6666666666667,0.514296876703786,0.514296876703786,0.3587446101187984,0.6396911448192383,156.7600302670631
4533,1359900,377.75,0.517713585074535,0.517713585074535,0.3558827588419947,0.6337654894754094,155.80173224794515
4534,1360200,377.8333333333333,0.5195900512493526,0.5195900512493526,0.3594989913404883,0.6399956173474748,155.8725779681349
4535,1360500,377.9166666666667,0.5396185219924239,0.5396185219924239,0.3670779956920413,0.6424735582717226,155.7199389608157
4536,1360800,378.0,0.533614671282415,0.533614671282415,0.3669095426594924,0.6377445501650663,156.5621494142512
4537,1361100,378.0833333333333,0.5458390565362596,0.5458390565362596,0.3703838692975748,0.6371499153112381,157.21919928649257
4538,1361400,378.1666666666667,0.53311181548653,0.53311181548653,0.3641572731072379,0.634217211237275,158.15565527403922
4539,1361700,378.25,0.5257110687869018,0.5257110687869018,0.3583729007600658,0.6226749386210176,157.01941695860768
4540,1362000,378.3333333333333,0.539227500306263,0.539227500306263,0.36736256278301,0.6261063581565629,157.96531652979724
4541,1362300,378.4166666666667,0.558737682842697,0.558737682842697,0.3757157252504468,0.6307643009170636,157.76143620562266
4542,1362600,378.5,0.5439172678057748,0.5439172678057748,0.3724229340147099,0.6318031520614734,157.84253996133486
4543,1362900,378.5833333333333,0.5381000709378587,0.5381000709378587,0.3730322383578957,0.6302208891727262,156.6557600617252
4544,1363200,378.6666666666667,0.5300091315919947,0.5300091315919947,0.3749780543440053,0.62231967085466,153.8432752208452
4545,1363500,378.75,0.5423587303188775,0.5423587303188775,0.3794256933022105,0.6211380879560827,153.4137874325514
4546,1363800,378.8333333333333,0.5255984405191912,0.5255984405191912,0.3645225918389919,0.6172701633073431,154.02985085347785
4547,1364100,378.9166666666667,0.5340955026047246,0.5340955026047246,0.3694953433915683,0.6189922016455083,153.19801303081832
4548,1364400,379.0,0.5186912911462274,0.5186912911462274,0.3712732942835277,0.6240567154133807,154.28871320256906
4549,1364700,379.0833333333333,0.5336309074810429,0.5336309074810429,0.3686983974686653,0.6290353860885146,154.1538437194194
4550,1365000,379.1666666666667,0.5596075067674219,0.5596075067674219,0.3784059586169808,0.6340430913544709,156.55401181429744
4551,1365300,379.25,0.5306251715043845,0.5306251715043845,0.3741707639497495,0.6305776513115865,156.97046157605624
4552,1365600,379.3333333333333,0.5139755399812728,0.5139755399812728,0.3714281874281561,0.6284508646509641,156.221315844526
4553,1365900,379.4166666666667,0.5104706630474162,0.5104706630474162,0.3729579226757432,0.6254690528885151,155.96473305681346
4554,1366200,379.5,0.5098723627832302,0.5098723627832302,0.3753529703984578,0.6278871956768093,155.88723723656634
4555,1366500,379.5833333333333,0.5142423177810896,0.5142423177810896,0.3796116000020317,0.6315085475788503,156.9777799453601
4556,1366800,379.6666666666667,0.519896767585515,0.519896767585515,0.3837468951337144,0.6333424139027685,156.76547164348042
4557,1367100,379.75,0.538885116383136,0.538885116383136,0.3885509544126541,0.6371938432661078,157.5723744575785
4558,1367400,379.8333333333333,0.5242899220944852,0.5242899220944852,0.3825829944399173,0.6369933965646707,157.5156170387
4559,1367700,379.9166666666667,0.5181223295334183,0.5181223295334183,0.3793278000456871,0.636131074855147,157.52496790692166
4560,1368000,380.0,0.5209915530766499,0.5209915530766499,0.3841733043822002,0.6383273927023055,157.2788441284374
4561,1368300,380.0833333333333,0.4987618938706773,0.4987618938706773,0.3835790975972644,0.6395153122475907,158.16625013391135
4562,1368600,380.1666666666667,0.5088672076555335,0.5088672076555335,0.3837462402349961,0.6403934652119851,157.84170413057302
4563,1368900,380.25,0.4978840955150172,0.4978840955150172,0.3767887438734933,0.6392769832929103,156.91165855237253
4564,1369200,380.3333333333333,0.5133278479465563,0.5133278479465563,0.3798146561036607,0.6446163061916845,157.47729001942338
4565,1369500,380.4166666666667,0.5095842790196414,0.5095842790196414,0.3748519075454948,0.6458402592363071,158.02944904331886
4566,1369800,380.5,0.5230620515968214,0.5230620515968214,0.3755162407666721,0.6463850173957936,159.2251501262006
4567,1370100,380.5833333333333,0.5225949049916865,0.5225949049916865,0.3761740342512635,0.6402698239797395,159.4273276368243
4568,1370400,380.6666666666667,0.536672259021647,0.536672259021647,0.3806008079064335,0.6415519343121348,159.28380649323805
4569,1370700,380.75,0.5328847280495143,0.5328847280495143,0.3778728908101102,0.6427505359209612,158.43360487998748
4570,1371000,380.8333333333333,0.5278204230758208,0.5278204230758208,0.3744913559619013,0.6420436159382017,157.5082581504031
4571,1371300,380.9166666666667,0.5327617363231948,0.5327617363231948,0.3782276604233718,0.6368543170331907,155.84209544190975
4572,1371600,381.0,0.5102602600724193,0.5102602600724193,0.3766303051292248,0.6355918386455296,154.22623178705257
4573,1371900,381.0833333333333,0.5103662911469361,0.5103662911469361,0.3707935974849927,0.6340681595530918,153.86127072249923
4574,1372200,381.1666666666667,0.5256494620379705,0.5256494620379705,0.377065904184817,0.636582083498054,156.16204004575008
4575,1372500,381.25,0.5251037862463445,0.5251037862463445,0.3721502465753,0.637177807757227,157.43512721242143
4576,1372800,381.3333333333333,0.541350687164421,0.541350687164421,0.3754180935730671,0.6421581886323305,156.84218270832807
4577,1373100,381.4166666666667,0.5514616958979428,0.5514616958979428,0.3793539315289491,0.643389109830621,157.69626524112064
4578,1373400,381.5,0.5528064832831787,0.5528064832831787,0.3803456402105976,0.6403790235446741,156.97890347823497
4579,1373700,381.5833333333333,0.5643767679609921,0.5643767679609921,0.3829873411636058,0.6414813871306141,157.4087888099993
4580,1374000,381.6666666666667,0.5299289412614778,0.5299289412614778,0.3721971117384065,0.6371422442963471,157.50543079421286
4581,1374300,381.75,0.5455803033782206,0.5455803033782206,0.3797238830628427,0.6406883586712959,157.59606808683097
4582,1374600,381.8333333333333,0.5430312083019475,0.5430312083019475,0.3757096503808247,0.6403475077171643,157.64809618933302
4583,1374900,381.9166666666667,0.5388396125498838,0.5388396125498838,0.3773308470966366,0.6397389338268484,157.917587489295
4584,1375200,382.0,0.5354557338768866,0.5354557338768866,0.379277913551021,0.6389907579111836,157.49475756106267
4585,1375500,382.0833333333333,0.5321813608373804,0.5321813608373804,0.3798775059545553,0.633046420166536,155.50841273673475
4586,1375800,382.1666666666667,0.5401745785350973,0.5401745785350973,0.3826641943415506,0.6331539768388746,156.98166282566194
4587,1376100,382.25,0.5307419486608819,0.5307419486608819,0.3796037960963343,0.6298384909657907,156.8042578163152
4588,1376400,382.3333333333333,0.4950031981745836,0.4950031981745836,0.3689077741888252,0.6249416134437648,156.68673933359003
4589,1376700,382.4166666666667,0.5048471447123923,0.5048471447123923,0.3640311663681016,0.631248570331455,157.23283888130092
4590,1377000,382.5,0.4913051691067892,0.4913051691067892,0.3498785076472726,0.6285857318148432,157.33376901961265
4591,1377300,382.5833333333333,0.4882378173676209,0.4882378173676209,0.3513154868223104,0.6260736746043434,158.64790521509403
4592,1377600,382.6666666666667,0.5021030654101133,0.5021030654101133,0.352033487510043,0.6226063301732081,160.83776913232842
4593,1377900,382.75,0.5107160384905481,0.5107160384905481,0.3464369800996295,0.6197158771422637,161.9554739740751
4594,1378200,382.8333333333333,0.5062979447408018,0.5062979447408018,0.3451262077551696,0.6263239237865362,163.10069408053872
4595,1378500,382.9166666666667,0.4833226262057532,0.4833226262057532,0.3322070888619293,0.6146214729740093,162.87989699073935
4596,1378800,383.0,0.4822995849218685,0.4822995849218685,0.325945573375371,0.5990205813994925,161.88733869315752
4597,1379100,383.0833333333333,0.4964295651854545,0.4964295651854545,0.3310821984841571,0.6065933554153121,162.96941834839507
4598,1379400,383.1666666666667,0.5138158057688063,0.5138158057688063,0.3368617619110181,0.6198843144609584,166.1154675850348
4599,1379700,383.25,0.5168667316436781,0.5168667316436781,0.3333237899997364,0.6256832598670673,172.03992265433334
4600,1380000,383.3333333333333,0.5171709789493211,0.5171709789493211,0.3304399061009155,0.6209932372822018,176.26049974258996
4601,1380300,383.4166666666667,0.5223540632705367,0.5223540632705367,0.3244499558355735,0.6023153183906064,173.740746491828
4602,1380600,383.5,0.5116002548275139,0.5116002548275139,0.3257488612781727,0.6153747493471398,175.21222327264405
4603,1380900,383.5833333333333,0.4969335014700648,0.4969335014700648,0.316210890964648,0.6064193805244528,176.1225624596015
4604,1381200,383.6666666666667,0.5058713495676852,0.5058713495676852,0.3127372837832218,0.6004713404628019,173.29338773932588
4605,1381500,383.75,0.5101270207592231,0.5101270207592231,0.3162555098594197,0.6047051287002674,175.14149582241942
4606,1381800,383.8333333333333,0.5218529390188988,0.5218529390188988,0.3193306391909224,0.6117670724508713,178.68476558876353
4607,1382100,383.9166666666667,0.5156332177617782,0.5156332177617782,0.3126284257834139,0.6124087298601955,180.88018680871696
4608,1382400,384.0,0.5171405468368888,0.5171405468368888,0.3130285854008186,0.6130395245229846,183.11987809983
4609,1382700,384.0833333333333,0.5222420924031081,0.5222420924031081,0.3148658494110202,0.607100704195438,182.26167008701347
4610,1383000,384.1666666666667,0.5157058237529681,0.5157058237529681,0.318627971818936,0.6063811922916363,179.46967358447554
4611,1383300,384.25,0.4969552098626746,0.4969552098626746,0.316318598686982,0.6052770318114834,175.261124551673
4612,1383600,384.3333333333333,0.484612330797363,0.484612330797363,0.3234728249416337,0.6028705963975061,163.09235365695224
4613,1383900,384.4166666666667,0.4818716994826904,0.4818716994826904,0.3254655550059834,0.604188155682242,162.49432067728594
4614,1384200,384.5,0.4800285777098091,0.4800285777098091,0.3281511022685377,0.6070391275068147,161.50003502840784
4615,1384500,384.5833333333333,0.4843314746452463,0.4843314746452463,0.3214350784380842,0.6001812467775619,162.05249044287285
4616,1384800,384.6666666666667,0.5010898474402921,0.5010898474402921,0.3279868707925247,0.6043464071949513,163.27902132431484
4617,1385100,384.75,0.5021867995265535,0.5021867995265535,0.3294864281713748,0.6081523903014738,164.26345675515572
4618,1385400,384.8333333333333,0.4906828375617449,0.4906828375617449,0.3354044547716098,0.6113071266282064,162.85207810606153
4619,1385700,384.9166666666667,0.4996948951411924,0.4996948951411924,0.3468788501197322,0.6143132012803354,161.6555080453217
4620,1386000,385.0,0.4671892952679217,0.4671892952679217,0.3385290888815669,0.6144896205649011,160.4017495536392
4621,1386300,385.0833333333333,0.458349109798092,0.458349109798092,0.3384555758323466,0.6194419776546771,161.06834618486943
4622,1386600,385.1666666666667,0.4670499880712891,0.4670499880712891,0.3354221074007694,0.6231195155034115,160.91326516569518
4623,1386900,385.25,0.4664928358372976,0.4664928358372976,0.3309061421148431,0.6191207595628282,162.32203901051375
4624,1387200,385.3333333333333,0.4638803144267751,0.4638803144267751,0.3314966149650876,0.6184882738802923,164.37604249300426
4625,1387500,385.4166666666667,0.4440483741705994,0.4440483741705994,0.3250409181320036,0.6127107347373291,163.98248081304857
4626,1387800,385.5,0.4152843922385725,0.4152843922385725,0.317886819929584,0.610590974090181,160.4114111030239
4627,1388100,385.5833333333333,0.4308581556689575,0.4308581556689575,0.3174691140179311,0.6170285287317131,162.6069121612838
4628,1388400,385.6666666666667,0.4521993882431778,0.4521993882431778,0.3262195448593456,0.6223436418380982,166.22205783809974
4629,1388700,385.75,0.4652281849153191,0.4652281849153191,0.3326052012808845,0.6318627962904273,169.23843847192063
4630,1389000,385.8333333333333,0.4474265688295608,0.4474265688295608,0.3240239365850362,0.620759774843529,167.50412764956715
4631,1389300,385.9166666666667,0.4597120623209678,0.4597120623209678,0.3260397619407514,0.612867468814739,166.58962706352705
4632,1389600,386.0,0.4673910947268041,0.4673910947268041,0.3301010700687509,0.6233830442759041,168.88268770440138
4633,1389900,386.0833333333333,0.4743748110443743,0.4743748110443743,0.3313380610517653,0.6266377359589295,171.60427975163554
4634,1390200,386.1666666666667,0.473164057297965,0.473164057297965,0.3303180136776062,0.6253300879910368,171.18198715677752
4635,1390500,386.25,0.4373395755038987,0.4373395755038987,0.3269810403265606,0.6202753742535925,165.88852453451312
4636,1390800,386.3333333333333,0.4418059557315933,0.4418059557315933,0.326858555685516,0.6233540327492529,165.47081443837553
4637,1391100,386.4166666666667,0.4517050791460257,0.4517050791460257,0.3305072949167908,0.6289950380382497,166.88799827755858
4638,1391400,386.5,0.410839600238892,0.410839600238892,0.3086048259372677,0.5778518807971623,158.77996758146165
4639,1391700,386.5833333333333,0.4331652081457293,0.4331652081457293,0.3062345972633873,0.5784150391935191,159.5700981949249
4640,1392000,386.6666666666667,0.4423597298215028,0.4423597298215028,0.3163602237063753,0.5897658574558098,162.64842028846374
4641,1392300,386.75,0.4500458071646359,0.4500458071646359,0.3207163911030042,0.5948336992476042,163.80672452211135
4642,1392600,386.8333333333333,0.4698570607312013,0.4698570607312013,0.3239820248929719,0.5972955897745706,165.12613287707367
4643,1392900,386.9166666666667,0.4851351175811175,0.4851351175811175,0.3261106649243176,0.6006039755214324,167.52212643246284
4644,1393200,387.0,0.4891521394361791,0.4891521394361791,0.327061439766871,0.6016964116878473,167.26572991608364
4645,1393500,387.0833333333333,0.4950019130617633,0.4950019130617633,0.3261826657057054,0.6007868854574652,164.99618076939325
4646,1393800,387.1666666666667,0.4969343354221881,0.4969343354221881,0.3270084195639921,0.5998077745288387,164.85455958006773
4647,1394100,387.25,0.5162859155840565,0.5162859155840565,0.3297765821345674,0.5975494732630982,164.8844510319334
4648,1394400,387.3333333333333,0.5217505152500231,0.5217505152500231,0.3320801668452002,0.5963487274349769,166.3699442764771
4649,1394700,387.4166666666667,0.5136700763714006,0.5136700763714006,0.3323783524708401,0.592103608907953,167.64009375245124
4650,1395000,387.5,0.5240746276985714,0.5240746276985714,0.3327560268798215,0.5894045157297852,167.8801866784205
4651,1395300,387.5833333333333,0.5281156168020821,0.5281156168020821,0.334657771779716,0.5870765885839698,167.9323061299659
4652,1395600,387.6666666666667,0.5293416917820678,0.5293416917820678,0.3345673770784391,0.583238203528935,165.4572497371956
4653,1395900,387.75,0.525136397733263,0.525136397733263,0.3329877569481164,0.5782656095009017,161.57808093254707
4654,1396200,387.8333333333333,0.5150282002638724,0.5150282002638724,0.3319019776150316,0.5705063485004277,158.94546558448465
4655,1396500,387.9166666666667,0.5128508039563052,0.5128508039563052,0.3311081578995361,0.5683434710925631,158.93806760142616
4656,1396800,388.0,0.5099494531372143,0.5099494531372143,0.3290252265976695,0.5666381812294274,158.42132808909813
4657,1397100,388.0833333333333,0.5180179069541507,0.5180179069541507,0.3284558213928485,0.5654926124644852,159.42642044826644
4658,1397400,388.1666666666667,0.5218848255685808,0.5218848255685808,0.3284925975010718,0.5646975174895987,159.43654567498686
4659,1397700,388.25,0.5214010661555171,0.5214010661555171,0.3303129198880427,0.5644193796011112,159.7721987331266
4660,1398000,388.3333333333333,0.5190425940437833,0.5190425940437833,0.3313819963354046,0.5631598172403905,160.01221713604414
4661,1398300,388.4166666666667,0.518862717715108,0.518862717715108,0.330445150950167,0.5619673013832476,160.32732515833996
4662,1398600,388.5,0.5148859224627584,0.5148859224627584,0.3302246273787275,0.5618113619698382,160.401925573214
4663,1398900,388.5833333333333,0.5149616735830849,0.5149616735830849,0.3310596687574272,0.560319400516813,159.01935614388992
4664,1399200,388.6666666666667,0.5155935216746911,0.5155935216746911,0.3286447798250216,0.5562998814201578,158.0447155548245
4665,1399500,388.75,0.5147227665448624,0.5147227665448624,0.3279985991554214,0.5559928082698006,157.13042376718207
4666,1399800,388.8333333333333,0.5177167458201455,0.5177167458201455,0.3270073694680426,0.5557008189277217,156.1434170130511
4667,1400100,388.9166666666667,0.5178831928473677,0.5178831928473677,0.3258608999526518,0.555869024773383,156.15868004663915
4668,1400400,389.0,0.5087590499051673,0.5087590499051673,0.3213116440312319,0.5556814061375789,155.90990875271874
4669,1400700,389.0833333333333,0.4944264188016757,0.4944264188016757,0.3173047003435501,0.5564755055401285,155.29129205602453
4670,1401000,389.1666666666667,0.5187339547275571,0.5187339547275571,0.3260400909288958,0.5611448247270673,156.9571965692743
4671,1401300,389.25,0.5264701031335424,0.5264701031335424,0.3297715246659232,0.5611204818582942,160.64533547829558
4672,1401600,389.3333333333333,0.5267259166042785,0.5267259166042785,0.3329827559499327,0.5595188570085546,160.86586848739776
4673,1401900,389.4166666666667,0.522298466489528,0.522298466489528,0.3327461158576484,0.5579692770235073,160.87292773442863
4674,1402200,389.5,0.5184758178686147,0.5184758178686147,0.3317690991439749,0.5571695388992388,159.2783076161292
4675,1402500,389.5833333333333,0.5163456690961786,0.5163456690961786,0.3304711170074453,0.5567155269470502,158.34258723445845
4676,1402800,389.6666666666667,0.5167349994903186,0.5167349994903186,0.3293900344958694,0.5578690299921921,158.64744744627987
4677,1403100,389.75,0.5236147646253783,0.5236147646253783,0.3291812156230734,0.5575051332871813,158.53782118721023
4678,1403400,389.8333333333333,0.5266229769631697,0.5266229769631697,0.3304624642765725,0.5567328408103096,158.12972865334424
4679,1403700,389.9166666666667,0.5222653653703554,0.5222653653703554,0.3308462429957461,0.5551879847347666,158.26999857609823
4680,1404000,390.0,0.5213917815765226,0.5213917815765226,0.3298431903069346,0.5548163136678151,158.61807195335942
4681,1404300,390.0833333333333,0.5237745839043119,0.5237745839043119,0.3304431465332654,0.5548592180567723,158.5871267103844
4682,1404600,390.1666666666667,0.5220471259770841,0.5220471259770841,0.3303019414039604,0.5556835001905082,158.00963158067873
4683,1404900,390.25,0.5167100892224902,0.5167100892224902,0.3295380350681506,0.5555102024299294,158.19566402791267
4684,1405200,390.3333333333333,0.5214758842753539,0.5214758842753539,0.3298073624043275,0.5559719438791201,158.35605127474042
4685,1405500,390.4166666666667,0.5215554261590339,0.5215554261590339,0.329300060865236,0.5566282394430879,158.26678995733408
4686,1405800,390.5,0.5229211548338365,0.5229211548338365,0.3306152985798976,0.5569960096700722,157.86085410234602
4687,1406100,390.5833333333333,0.5179316718945082,0.5179316718945082,0.3295823390637443,0.5567337047566847,157.90837840277203
4688,1406400,390.6666666666667,0.5150850452280475,0.5150850452280475,0.3268390677979949,0.5544829093671368,157.48327530343468
4689,1406700,390.75,0.486571821438462,0.486571821438462,0.32092643257602,0.5508477589193335,156.45449289777383
4690,1407000,390.8333333333333,0.49519770878252,0.49519770878252,0.3239057078871136,0.5700514772852895,154.87560918824863
4691,1407300,390.9166666666667,0.5047798428041339,0.5047798428041339,0.3235052114053604,0.565623020996021,154.57102294093335
4692,1407600,391.0,0.4883829572051312,0.4883829572051312,0.3223058516851449,0.5637535440139885,154.87477833384784
4693,1407900,391.0833333333333,0.4825655744095488,0.4825655744095488,0.3227370651300291,0.563261413968296,154.52111537220534
4694,1408200,391.1666666666667,0.4827015288646285,0.4827015288646285,0.3244142526452661,0.5649333889001661,153.7088536617904
4695,1408500,391.25,0.4861418335175498,0.4861418335175498,0.3259924102953591,0.5646800204088483,153.92789352024752
4696,1408800,391.3333333333333,0.4965545532442317,0.4965545532442317,0.3280802939449715,0.5644660277046222,153.59934586150518
4697,1409100,391.4166666666667,0.4867748994728102,0.4867748994728102,0.3251936794812375,0.5617982428829673,152.6811655179046
4698,1409400,391.5,0.4735219283182105,0.4735219283182105,0.3218692980210407,0.5651943515905025,152.5816815295905
4699,1409700,391.5833333333333,0.510117379921181,0.510117379921181,0.3265750495344861,0.5679805321625445,154.3577549694565
4700,1410000,391.6666666666667,0.5199845135211952,0.5199845135211952,0.330849260091781,0.5686091684272185,155.91232282644077
4701,1410300,391.75,0.5105788345684646,0.5105788345684646,0.3278502069547944,0.5652668766039909,156.9229472634469
4702,1410600,391.8333333333333,0.4823009483863081,0.4823009483863081,0.3194094186684577,0.5564722387336324,154.78047173338211
4703,1410900,391.9166666666667,0.4885799407564993,0.4885799407564993,0.3196204885227869,0.556568581317729,154.8594798349652
4704,1411200,392.0,0.493679339377038,0.493679339377038,0.3216862734882216,0.5584837807527377,155.60131042236222
4705,1411500,392.0833333333333,0.4952094091117162,0.4952094091117162,0.3279509506795176,0.5639459070255506,156.18957188030112
4706,1411800,392.1666666666667,0.482545092353588,0.482545092353588,0.3259718349622947,0.559702519297096,154.4487436847373
4707,1412100,392.25,0.4836453926007363,0.4836453926007363,0.3258848125082214,0.5594551967956873,153.89060373903942
4708,1412400,392.3333333333333,0.4960327353741017,0.4960327353741017,0.3250243711659084,0.5607302151859449,154.53746338535757
4709,1412700,392.4166666666667,0.4975052037814886,0.4975052037814886,0.3228689569231175,0.5586208305445189,155.72799524902973
4710,1413000,392.5,0.459568271222751,0.459568271222751,0.3169448551742106,0.5573564480107954,156.89613596020175
4711,1413300,392.5833333333333,0.442985691701856,0.442985691701856,0.3173110975560583,0.5649965858617684,156.98344551186315
4712,1413600,392.6666666666667,0.4646526673423233,0.4646526673423233,0.3205253895043289,0.5713990222133613,157.6697599734097
4713,1413900,392.75,0.4475855020103079,0.4475855020103079,0.3186868315698289,0.5737605023857777,159.1340476933619
4714,1414200,392.8333333333333,0.4266872959074078,0.4266872959074078,0.3142812210785589,0.5744296292193793,158.72117654306174
4715,1414500,392.9166666666667,0.4438807823211055,0.4438807823211055,0.316921369836217,0.579075371464348,159.97504498271843
4716,1414800,393.0,0.4936356051998369,0.4936356051998369,0.3277890088705658,0.5855735510874803,162.75279261457814
4717,1415100,393.0833333333333,0.5028822545122114,0.5028822545122114,0.3273275102042065,0.5794269253907887,164.48216839708775
4718,1415400,393.1666666666667,0.4795823090343983,0.4795823090343983,0.3228821126934721,0.5700802302399891,165.72426348201748
4719,1415700,393.25,0.4743124631430585,0.4743124631430585,0.3239746158053768,0.5680599818091189,168.13268779435555
4720,1416000,393.3333333333333,0.4742121795311262,0.4742121795311262,0.3238092740934084,0.5672665654328284,168.03042770954178
4721,1416300,393.4166666666667,0.4624328125880464,0.4624328125880464,0.3239853566605556,0.5668725256941982,166.46769162642647
4722,1416600,393.5,0.4419907343715464,0.4419907343715464,0.3206835268195826,0.5669218850247134,164.89696582556576
4723,1416900,393.5833333333333,0.4415016175299772,0.4415016175299772,0.3187202934285584,0.5679097180515017,163.09645937571764
4724,1417200,393.6666666666667,0.4225044014323558,0.4225044014323558,0.3148328058522661,0.5704432997838774,161.7170992552788
4725,1417500,393.75,0.4675196006271424,0.4675196006271424,0.3195868544604199,0.57650000318102,163.4474122021295
4726,1417800,393.8333333333333,0.492593852792679,0.492593852792679,0.3237528442916122,0.578234556230167,165.56965314830822
4727,1418100,393.9166666666667,0.4705941068762504,0.4705941068762504,0.3226081570218817,0.5748357522222298,165.5598633444393
4728,1418400,394.0,0.4525061120458016,0.4525061120458016,0.3186132043402719,0.5675574661485415,165.9297173167019
4729,1418700,394.0833333333333,0.47765566769617,0.47765566769617,0.3228758486414292,0.5715599829166739,168.27462347807335
4730,1419000,394.1666666666667,0.4729024022833022,0.4729024022833022,0.3231894977088058,0.5716450856955225,169.35885903884486
4731,1419300,394.25,0.4425877801521259,0.4425877801521259,0.3190772456348177,0.5703324280583478,171.0075996664746
4732,1419600,394.3333333333333,0.4220664344287094,0.4220664344287094,0.3152825523255475,0.5701589058539905,170.31093028328522
4733,1419900,394.4166666666667,0.4467581970101409,0.4467581970101409,0.3183156069019665,0.5734995664359841,168.69132614685276
4734,1420200,394.5,0.4230622315550518,0.4230622315550518,0.3157648539696772,0.5766990868174516,166.83866604679778
4735,1420500,394.5833333333333,0.4414862320058411,0.4414862320058411,0.3191467366882849,0.5798408257198785,164.6561208051542
4736,1420800,394.6666666666667,0.4482931709171849,0.4482931709171849,0.3211194813141129,0.5855509080751498,164.65571892425976
4737,1421100,394.75,0.4460361775001727,0.4460361775001727,0.323457905584666,0.5889639203581424,166.3572285575867
4738,1421400,394.8333333333333,0.4854851038612329,0.4854851038612329,0.324708324891998,0.5877397895041121,169.43895774570305
4739,1421700,394.9166666666667,0.4983823926034866,0.4983823926034866,0.3266542182394505,0.58585724059879,172.19585600710823
4740,1422000,395.0,0.4955472925826585,0.4955472925826585,0.325081879884859,0.5787797273476607,172.8189497212217
4741,1422300,395.0833333333333,0.4750656349462012,0.4750656349462012,0.3268639788663004,0.5658971497518553,167.71063898998054
4742,1422600,395.1666666666667,0.4697847477811498,0.4697847477811498,0.3287020277312963,0.5660756701108622,169.954063928043
4743,1422900,395.25,0.4713564149779414,0.4713564149779414,0.327620581704248,0.5664160464395953,169.2634285178058
4744,1423200,395.3333333333333,0.4505736674203894,0.4505736674203894,0.3267794812833123,0.5672822205073772,167.81588769281805
4745,1423500,395.4166666666667,0.4511555574560183,0.4511555574560183,0.3258911835805596,0.5681766226757418,166.59334468317613
4746,1423800,395.5,0.4737106498294094,0.4737106498294094,0.3286565512536882,0.5696134834781963,166.46133051399522
4747,1424100,395.5833333333333,0.4596221591854122,0.4596221591854122,0.3299356781111284,0.5688269323896665,166.34417572103493
4748,1424400,395.6666666666667,0.397995010234879,0.397995010234879,0.3219655741158708,0.5674600313378724,164.1323007770512
4749,1424700,395.75,0.3662680075472625,0.3662680075472625,0.3157325588107624,0.5713519279079635,160.4996976725117
4750,1425000,395.8333333333333,0.4255384582482316,0.4255384582482316,0.3224605206019903,0.5781479441280938,158.9146091782131
4751,1425300,395.9166666666667,0.4386529933150674,0.4386529933150674,0.3283518623074373,0.5787901505070426,160.35446148704855
4752,1425600,396.0,0.4182739558380857,0.4182739558380857,0.3233299184592093,0.5728443682121038,161.817787509135
4753,1425900,396.0833333333333,0.4443323785885929,0.4443323785885929,0.3270216359242446,0.5748980603639078,163.6586981125475
4754,1426200,396.1666666666667,0.4481318614760161,0.4481318614760161,0.3279651576943548,0.5728754813686832,163.7676064683225
4755,1426500,396.25,0.4503153136599342,0.4503153136599342,0.3270598507189075,0.5717906855015723,163.76532211927605
4756,1426800,396.3333333333333,0.4159633473120457,0.4159633473120457,0.3235444945072131,0.572074343588227,163.53213044324963
4757,1427100,396.4166666666667,0.4413970342487099,0.4413970342487099,0.3262877675995986,0.572207600268892,163.0438517518856
4758,1427400,396.5,0.446425509140355,0.446425509140355,0.3289839626266908,0.5725380909051728,163.7696541536906
4759,1427700,396.5833333333333,0.4628915528076922,0.4628915528076922,0.3341919009833745,0.5698039846563682,164.84548212283522
4760,1428000,396.6666666666667,0.4641766187393386,0.4641766187393386,0.3338736070888814,0.5672327528583866,166.75205906928102
4761,1428300,396.75,0.4634851281235869,0.4634851281235869,0.3336350202560414,0.5659389609243826,167.03826341696717
4762,1428600,396.8333333333333,0.4514952172156164,0.4514952172156164,0.3315071381620183,0.5604313286185116,166.44582736987346
4763,1428900,396.9166666666667,0.4474975732492595,0.4474975732492595,0.3320578262929285,0.559991447866684,166.85123824173624
4764,1429200,397.0,0.4306313168068596,0.4306313168068596,0.3272439175390538,0.5586945075667016,167.08928841872458
4765,1429500,397.0833333333333,0.4291409383083247,0.4291409383083247,0.3255706931890338,0.5598058071626814,167.31588712044265
4766,1429800,397.1666666666667,0.4476432743122899,0.4476432743122899,0.3291075785357251,0.5636267294803288,168.5963136053354
4767,1430100,397.25,0.4539730169908792,0.4539730169908792,0.3293789256878984,0.5641740238763455,168.94180297829942
4768,1430400,397.3333333333333,0.4619954319159223,0.4619954319159223,0.33120884714051,0.5652462098869422,170.14844623655495
4769,1430700,397.4166666666667,0.4573051642809411,0.4573051642809411,0.3259939894902556,0.5583301249140692,166.51566802254692
4770,1431000,397.5,0.414644131998256,0.414644131998256,0.3195098161043121,0.5570056507022572,164.9271942546346
4771,1431300,397.5833333333333,0.3742688896573877,0.3742688896573877,0.3150351764055898,0.5654072819207823,163.07914910124717
4772,1431600,397.6666666666667,0.3563619808587289,0.3563619808587289,0.3127971012805708,0.5744036091520921,159.48921362456363
4773,1431900,397.75,0.3599694142477684,0.3599694142477684,0.30753913419167,0.5699109466496957,155.01682188175914
4774,1432200,397.8333333333333,0.3934047233767626,0.3934047233767626,0.3229411637879986,0.5818891431257962,154.69880644766994
4775,1432500,397.9166666666667,0.3954797971779384,0.3954797971779384,0.324757894332585,0.5947681073372771,157.42294617360065
4776,1432800,398.0,0.4129771932328002,0.4129771932328002,0.3330198337978697,0.6053060254789917,160.24625653005185
4777,1433100,398.0833333333333,0.419348032687738,0.419348032687738,0.340326152293661,0.6144249875371036,162.2613172225231
4778,1433400,398.1666666666667,0.4197687161647202,0.4197687161647202,0.3493262337475298,0.621185774241037,161.57813292998586
4779,1433700,398.25,0.4128205113604281,0.4128205113604281,0.3507835153471756,0.627107155757903,160.5907016400254
4780,1434000,398.3333333333333,0.3927059440969305,0.3927059440969305,0.3382994634550018,0.6176295105106037,159.41739036152052
4781,1434300,398.4166666666667,0.4161782764705358,0.4161782764705358,0.3227428818252905,0.6162582444747331,160.21530227732657
4782,1434600,398.5,0.4730836993930323,0.4730836993930323,0.333592316163221,0.6248709454797705,165.16981471095488
4783,1434900,398.5833333333333,0.5051060051519611,0.5051060051519611,0.3491067829159223,0.6355089371610066,168.43375077840184
4784,1435200,398.6666666666667,0.5012654330483729,0.5012654330483729,0.3485603213285998,0.6410284994287833,170.42397489087728
4785,1435500,398.75,0.4920320098836627,0.4920320098836627,0.3385920745153143,0.6296797913604381,166.76765182549462
4786,1435800,398.8333333333333,0.4733976493671005,0.4733976493671005,0.323644487874302,0.6201433962852606,166.259721496766
4787,1436100,398.9166666666667,0.4962680098922742,0.4962680098922742,0.3372979772893069,0.6293002644504169,169.8130467362922
4788,1436400,399.0,0.4847458282137301,0.4847458282137301,0.3376258166824897,0.6348097718828086,171.59895529001773
4789,1436700,399.0833333333333,0.4904201372298159,0.4904201372298159,0.3405329844399807,0.6394215770621448,172.5638408155889
4790,1437000,399.1666666666667,0.4996373574940077,0.4996373574940077,0.34276601949488,0.6406355279095525,172.6740071444301
4791,1437300,399.25,0.5457212969256785,0.5457212969256785,0.3489334304171261,0.5724278674753628,150.77239324228003
4792,1437600,399.3333333333333,0.5664400323096437,0.5664400323096437,0.3674880949288108,0.5862123783637696,153.00489828309554
4793,1437900,399.4166666666667,0.5696645067503616,0.5696645067503616,0.366925769371285,0.5914808857403359,153.8083356444963
4794,1438200,399.5,0.5576708467283669,0.5576708467283669,0.3640529600775984,0.5936784603717127,154.60638168579425
4795,1438500,399.5833333333333,0.5546840962773343,0.5546840962773343,0.3697123685034799,0.5985381021430809,155.40574007158648
4796,1438800,399.6666666666667,0.553581759750098,0.553581759750098,0.368901039505043,0.593696173861667,155.69617736574602
4797,1439100,399.75,0.5446529804248754,0.5446529804248754,0.3621773281188529,0.5928821796347822,154.71435521415316
4798,1439400,399.8333333333333,0.5688435992574286,0.5688435992574286,0.37323953804931,0.5959922722684667,156.06193031134754
4799,1439700,399.9166666666667,0.570018478091326,0.570018478091326,0.3734490292395595,0.5943375173348855,155.42303228344548
4800,1440000,400.0,0.5203513271356212,0.5203513271356212,0.3474793734135144,0.5953960465226577,154.79473581957987
4801,1440300,400.0833333333333,0.5422154999205705,0.5422154999205705,0.3661816432919155,0.5945354597729158,153.89850343919483
4802,1440600,400.1666666666667,0.5600407773622045,0.5600407773622045,0.36926540946728,0.5972931302693338,154.45086960056878
4803,1440900,400.25,0.555830066352296,0.555830066352296,0.3641722351494283,0.597455420081377,154.854818804373
4804,1441200,400.3333333333333,0.5644677910718073,0.5644677910718073,0.3723059284562349,0.5988450823695064,155.46413584262348
4805,1441500,400.4166666666667,0.5758669823090347,0.5758669823090347,0.3661631231345749,0.5954676034717613,154.4012560367915
4806,1441800,400.5,0.5509774061058985,0.5509774061058985,0.3394101100922029,0.5752326931220328,152.35320196764644
4807,1442100,400.5833333333333,0.5701310415578076,0.5701310415578076,0.3614342231091441,0.5902572336235679,152.80937394072762
4808,1442400,400.6666666666667,0.5702855749828065,0.5702855749828065,0.365071097137482,0.5925697453622931,153.50960153741414
4809,1442700,400.75,0.5822929057648512,0.5822929057648512,0.377369514228851,0.5959163836347374,153.7854600759486
4810,1443000,400.8333333333333,0.5724104693381499,0.5724104693381499,0.3703050001912127,0.596860457479365,154.82689047857923
4811,1443300,400.9166666666667,0.5660276861466844,0.5660276861466844,0.3682654306693633,0.5951974587854603,154.22749658008374
4812,1443600,401.0,0.5687742357205628,0.5687742357205628,0.3669352423963197,0.5929731685619041,153.161738640514
4813,1443900,401.0833333333333,0.5658282028236944,0.5658282028236944,0.3700398966987731,0.5910417927582253,152.4498965260808
4814,1444200,401.1666666666667,0.5659674612519737,0.5659674612519737,0.3760662285083446,0.591549215074724,152.21074173498022
4815,1444500,401.25,0.5760196141664142,0.5760196141664142,0.3732972193490441,0.5915992989515889,151.59177141762706
4816,1444800,401.3333333333333,0.5530074883475504,0.5530074883475504,0.3646430754298486,0.5939688791962445,151.34157479350816
4817,1445100,401.4166666666667,0.5518393424561794,0.5518393424561794,0.3646631053014451,0.5963335388687064,151.24543223575216
4818,1445400,401.5,0.5388846423567808,0.5388846423567808,0.3653289599147271,0.5933393799192535,150.3353977330251
4819,1445700,401.5833333333333,0.5291199476190286,0.5291199476190286,0.3687766157442843,0.5942254769822709,150.8292013531299
4820,1446000,401.6666666666667,0.5230513273415385,0.5230513273415385,0.3613182696867629,0.5890574327775037,150.25128357153775
4821,1446300,401.75,0.5369182645614093,0.5369182645614093,0.3692081535178801,0.5931266018975192,150.72648298277713
4822,1446600,401.8333333333333,0.5313204966756648,0.5313204966756648,0.3537930928490271,0.5836994956726699,151.14081006633728
4823,1446900,401.9166666666667,0.5453810187095265,0.5453810187095265,0.3612741441660815,0.5918923489982555,150.85632895965725
4824,1447200,402.0,0.5464234746852571,0.5464234746852571,0.3567723487826875,0.5986097906373237,151.929058884267
4825,1447500,402.0833333333333,0.5195563177614878,0.5195563177614878,0.3456097444544377,0.5994838422413318,152.86515698914712
4826,1447800,402.1666666666667,0.5115183152166046,0.5115183152166046,0.3410737734939769,0.597195661932784,156.1520396699369
4827,1448100,402.25,0.5202116519106735,0.5202116519106735,0.3488843327407663,0.6011041112029919,157.08622254045153
4828,1448400,402.3333333333333,0.510830655301912,0.510830655301912,0.3400220021258806,0.5984063889211767,157.32928876184778
4829,1448700,402.4166666666667,0.5007037322937589,0.5007037322937589,0.3404630902069537,0.6022836020912566,159.0698600178481
4830,1449000,402.5,0.4928759463758937,0.4928759463758937,0.3363141387649553,0.6084030906710555,161.29818884697178
4831,1449300,402.5833333333333,0.5054046789595134,0.5054046789595134,0.3491736409044189,0.6161332052420969,162.4080119701602
4832,1449600,402.6666666666667,0.4925542416290925,0.4925542416290925,0.3285487909754254,0.6119149811955924,164.15222648949282
4833,1449900,402.75,0.5145185043904105,0.5145185043904105,0.3316757333195054,0.608254898610984,165.9361227752477
4834,1450200,402.8333333333333,0.5177927558015025,0.5177927558015025,0.3399495754784687,0.6201077149166309,167.6005302485355
4835,1450500,402.9166666666667,0.5048658813648661,0.5048658813648661,0.3429171530505824,0.623206079884426,167.65793323707706
4836,1450800,403.0,0.4770082865845751,0.4770082865845751,0.3446783324153348,0.6223683444940734,167.3274523254764
4837,1451100,403.0833333333333,0.4622845603697155,0.4622845603697155,0.3315868682884579,0.6227305286434218,165.70482452733827
4838,1451400,403.1666666666667,0.4863911114922986,0.4863911114922986,0.3414200093219842,0.6297366417339653,166.83776295075927
4839,1451700,403.25,0.4851426581975857,0.4851426581975857,0.3423482384280899,0.6341374228913954,168.77422504544697
4840,1452000,403.3333333333333,0.4886403412804863,0.4886403412804863,0.34871014539891,0.6333186551088147,169.5447271224178
4841,1452300,403.4166666666667,0.5013452901453538,0.5013452901453538,0.3507653883639505,0.637797870525511,171.62195848458774
4842,1452600,403.5,0.5094321415368864,0.5094321415368864,0.3540947400218973,0.6383936687911748,169.51668502279728
4843,1452900,403.5833333333333,0.5083361973078573,0.5083361973078573,0.3609857054465882,0.6424350896437719,169.32085062557658
4844,1453200,403.6666666666667,0.4791285302860867,0.4791285302860867,0.3437394169664438,0.6338042068752707,168.7704432153779
4845,1453500,403.75,0.4836249183867186,0.4836249183867186,0.3467889413482827,0.6364432944197222,168.98066358558205
4846,1453800,403.8333333333333,0.4948156175999061,0.4948156175999061,0.3557364529309482,0.6405563746930801,169.17476821253382
4847,1454100,403.9166666666667,0.4708861442379123,0.4708861442379123,0.3476155898344044,0.6338998378322325,168.1021382112106
4848,1454400,404.0,0.4837464117778581,0.4837464117778581,0.3476527748972148,0.6303254988551292,167.69302374171227
4849,1454700,404.0833333333333,0.4574779859649028,0.4574779859649028,0.3361098481503409,0.6225112983241704,165.54731660493567
4850,1455000,404.1666666666667,0.4600152959672478,0.4600152959672478,0.3429690627051963,0.6292786505201984,165.98710976896484
4851,1455300,404.25,0.4594784649583144,0.4594784649583144,0.3421038575084208,0.6260437638712598,163.93617769345653
4852,1455600,404.3333333333333,0.4930932287619997,0.4930932287619997,0.3545334282410156,0.6263119662852946,159.7995123729042
4853,1455900,404.4166666666667,0.4842123453855171,0.4842123453855171,0.3517124953007146,0.6273066789511849,160.43093002868036
4854,1456200,404.5,0.538606709039427,0.538606709039427,0.3761921352745699,0.6385337374960496,162.57392346999475
4855,1456500,404.5833333333333,0.5058473560669021,0.5058473560669021,0.3582956681869023,0.6382418459182508,163.17386667151163
4856,1456800,404.6666666666667,0.4986316503638097,0.4986316503638097,0.3468157665084139,0.6413996028561122,163.32629276988584
4857,1457100,404.75,0.516512803035921,0.516512803035921,0.3649293082627183,0.6505922029047234,164.8184972155283
4858,1457400,404.8333333333333,0.544991986250873,0.544991986250873,0.3673787644346149,0.6547292523036076,164.02416043654836
4859,1457700,404.9166666666667,0.5188036101675974,0.5188036101675974,0.3505520003265661,0.6546677552184841,163.20958537166416
4860,1458000,405.0,0.5301876012849426,0.5301876012849426,0.3613535332068904,0.6486805067066271,161.29920167933227
4861,1458300,405.0833333333333,0.5509145776640854,0.5509145776640854,0.3742718215684864,0.653034914892444,162.47443068129073
4862,1458600,405.1666666666667,0.5470551869056731,0.5470551869056731,0.3751714512683097,0.6571394914052641,163.7595518178066
4863,1458900,405.25,0.5321118770377382,0.5321118770377382,0.3710374265585361,0.6593756940602867,165.17796408535975
4864,1459200,405.3333333333333,0.540258684112784,0.540258684112784,0.3751830374529661,0.6586796962959334,163.6671179875086
4865,1459500,405.4166666666667,0.5483820284574388,0.5483820284574388,0.3752851639290018,0.6640097355438064,163.8233374704173
4866,1459800,405.5,0.5546197205264205,0.5546197205264205,0.3760592601992776,0.666965598463225,163.78089857251302
4867,1460100,405.5833333333333,0.5541809053546025,0.5541809053546025,0.3771153307295329,0.6606632660138423,163.16751337926073
4868,1460400,405.6666666666667,0.5434361986395073,0.5434361986395073,0.379965329354297,0.6605500697314554,162.66441954228137
4869,1460700,405.75,0.5341839799544937,0.5341839799544937,0.3765594656363081,0.6592685971221811,163.92764114759242
4870,1461000,405.8333333333333,0.5255197648216626,0.5255197648216626,0.3762456465459915,0.6563206665211065,163.3455323187306
4871,1461300,405.9166666666667,0.5123050640492837,0.5123050640492837,0.3681832004944634,0.655510686215361,161.5374035166082
4872,1461600,406.0,0.4969232922462486,0.4969232922462486,0.3603073517279683,0.6506133783281384,160.38942984460192
4873,1461900,406.0833333333333,0.4505763154153347,0.4505763154153347,0.346761892385565,0.6507424159362355,161.7554529018315
4874,1462200,406.1666666666667,0.4535924400999925,0.4535924400999925,0.3307794181509877,0.6432703240986952,161.61527314271285
4875,1462500,406.25,0.4456048730062679,0.4456048730062679,0.3197112926678837,0.6462254634177153,162.53486537973032
4876,1462800,406.3333333333333,0.4287220365180086,0.4287220365180086,0.316981994138462,0.6459187091855696,162.7640744268882
4877,1463100,406.4166666666667,0.4327510174070305,0.4327510174070305,0.3171124934762775,0.6616601139234408,166.83561568861916
4878,1463400,406.5,0.4482846221335053,0.4482846221335053,0.3203773584722213,0.6667880915123507,167.87379138196837
4879,1463700,406.5833333333333,0.448889242837721,0.448889242837721,0.3137297147081502,0.6536530845054825,168.25386282630924
4880,1464000,406.6666666666667,0.4508561904017855,0.4508561904017855,0.3102683849590379,0.6641101877830782,168.85927998506074
4881,1464300,406.75,0.4493238947238512,0.4493238947238512,0.306823626269566,0.6543638991883471,168.7084896193011
4882,1464600,406.8333333333333,0.4451648754186498,0.4451648754186498,0.3084217040738271,0.646797762567873,169.92375136708867
4883,1464900,406.9166666666667,0.4796596860420784,0.4796596860420784,0.3198079980552718,0.6535030121148683,172.50781265238626
4884,1465200,407.0,0.4853862987893271,0.4853862987893271,0.3144610438474696,0.6622111209517659,173.27298947408488
4885,1465500,407.0833333333333,0.4781318550473977,0.4781318550473977,0.3088050492888631,0.6576235177166346,176.09867354647818
4886,1465800,407.1666666666667,0.4797576041264213,0.4797576041264213,0.3055943305854577,0.662220826970185,176.1823259657597
4887,1466100,407.25,0.4833839045221678,0.4833839045221678,0.3131168734049246,0.6623842084824213,175.71274357136784
4888,1466400,407.3333333333333,0.4739541372179892,0.4739541372179892,0.3148895321969183,0.6662086924336775,176.52097322846734
4889,1466700,407.4166666666667,0.4792907270931987,0.4792907270931987,0.3174985094248624,0.6605480144316354,179.38920191410017
4890,1467000,407.5,0.4872636159777566,0.4872636159777566,0.3248691261540971,0.6697644562763846,181.28882315074628
4891,1467300,407.5833333333333,0.4834716594093312,0.4834716594093312,0.3194774310827064,0.6702212284097429,181.8402225692641
4892,1467600,407.6666666666667,0.4723424862110931,0.4723424862110931,0.3198858069560087,0.6561470105336233,181.9225015128846
4893,1467900,407.75,0.47955519091686,0.47955519091686,0.3184695280634422,0.6593098500993155,182.8880163120823
4894,1468200,407.8333333333333,0.4770357342486844,0.4770357342486844,0.315304372099529,0.6563827836542572,183.61144329837805
4895,1468500,407.9166666666667,0.4793675688589403,0.4793675688589403,0.3181445831985203,0.6594901445142439,181.4896509868345
4896,1468800,408.0,0.4638779029722241,0.4638779029722241,0.3079738373876495,0.6507360935211154,177.62172105878383
4897,1469100,408.0833333333333,0.4774794528195755,0.4774794528195755,0.3176530180279552,0.6518872718710306,176.4151114656695
4898,1469400,408.1666666666667,0.4630451671095241,0.4630451671095241,0.3177700019483163,0.6568533681835419,173.455223170498
4899,1469700,408.25,0.4505832477084604,0.4505832477084604,0.3098866313962221,0.6455658854361371,174.43836306419377
4900,1470000,408.3333333333333,0.4239684689054643,0.4239684689054643,0.3042952008212514,0.6426426480205721,174.97759576023208
4901,1470300,408.4166666666667,0.4246759216152094,0.4246759216152094,0.3092030482404507,0.6532279726550566,175.5214710947692
4902,1470600,408.5,0.4358071149799706,0.4358071149799706,0.3044464457432113,0.6489558675054812,178.72821389354155
4903,1470900,408.5833333333333,0.4500237148433662,0.4500237148433662,0.3109393435508422,0.6593487801152843,182.1104679026233
4904,1471200,408.6666666666667,0.4570256023267539,0.4570256023267539,0.308141449716012,0.6658618764892809,181.1648661965711
4905,1471500,408.75,0.4616590353844129,0.4616590353844129,0.3053717650019185,0.658500860804568,184.3941849380711
4906,1471800,408.8333333333333,0.452772807920008,0.452772807920008,0.3070832976086384,0.6545338683937932,186.8198459223997
4907,1472100,408.9166666666667,0.4606466435688869,0.4606466435688869,0.3154759605564205,0.6627514248064718,187.93816683092783
4908,1472400,409.0,0.4446119502925174,0.4446119502925174,0.3117062289186081,0.6596788746084646,185.412966462016
4909,1472700,409.0833333333333,0.4388541898332307,0.4388541898332307,0.3084946458268036,0.6476782938022134,186.0847065417437
4910,1473000,409.1666666666667,0.417082520127841,0.417082520127841,0.3076640346322162,0.6406080751137254,183.67255340954927
4911,1473300,409.25,0.4320806903476897,0.4320806903476897,0.300962699347006,0.6339533307945288,179.40709687275486
4912,1473600,409.3333333333333,0.412673307794405,0.412673307794405,0.2938183441348053,0.6198538854495758,175.07396607148164
4913,1473900,409.4166666666667,0.3984792234934905,0.3984792234934905,0.2968128178387471,0.6433985116591716,173.5305809535485
4914,1474200,409.5,0.3997708122444042,0.3997708122444042,0.2988712555650716,0.6476816914078197,178.4099012411692
4915,1474500,409.5833333333333,0.4207290266433334,0.4207290266433334,0.3020449459564875,0.6578737441393613,181.5853448442149
4916,1474800,409.6666666666667,0.4246576615472457,0.4246576615472457,0.3038826621259202,0.6647502831174852,187.4307146618628
4917,1475100,409.75,0.4460335487808946,0.4460335487808946,0.3017344520316248,0.6539577902174569,187.60818258189408
4918,1475400,409.8333333333333,0.4836103874034507,0.4836103874034507,0.3119616829087386,0.6684137162652752,190.5725454747065
4919,1475700,409.9166666666667,0.490723383684527,0.490723383684527,0.3123038087482429,0.6637820519565197,195.20092560754173
4920,1476000,410.0,0.4946089081441224,0.4946089081441224,0.318548790679991,0.6635741317793985,194.9057329569576
4921,1476300,410.0833333333333,0.5183990906826372,0.5183990906826372,0.3270447090004806,0.6616502368011848,189.18177746260065
4922,1476600,410.1666666666667,0.4757750221754561,0.4757750221754561,0.3232576884367155,0.6559123973548096,182.01300330396035
4923,1476900,410.25,0.4906539687436211,0.4906539687436211,0.3240716218609358,0.6496855981607101,180.336704914268
4924,1477200,410.3333333333333,0.4893075513713799,0.4893075513713799,0.3235673858895188,0.6471590927018628,179.03981877781845
4925,1477500,410.4166666666667,0.5203188079269889,0.5203188079269889,0.3260954174597328,0.6519965145274584,179.91137350025784
4926,1477800,410.5,0.4908077632075704,0.4908077632075704,0.3186437032243575,0.583924710496324,164.02787674065067
4927,1478100,410.5833333333333,0.4823151761236484,0.4823151761236484,0.3221389473925358,0.5848603898520472,165.75242612342996
4928,1478400,410.6666666666667,0.4876360821573797,0.4876360821573797,0.3240684277396751,0.5902872777144962,168.31823564810017
4929,1478700,410.75,0.4843569748192915,0.4843569748192915,0.3264120928330217,0.5925314919919036,170.55667399048576
4930,1479000,410.8333333333333,0.4937729293099509,0.4937729293099509,0.3277743855022501,0.5929301303744957,171.37452064077974
4931,1479300,410.9166666666667,0.4928009095967787,0.4928009095967787,0.3283326647617258,0.5922341826193082,171.52712994821908
4932,1479600,411.0,0.4943027475028887,0.4943027475028887,0.330049567268119,0.5925011217364106,170.99274850291349
4933,1479900,411.0833333333333,0.492445140356652,0.492445140356652,0.3303011254568842,0.5890801643032191,169.30298914027696
4934,1480200,411.1666666666667,0.498113566241127,0.498113566241127,0.3327804715948666,0.5887528023728515,169.1502234397347
4935,1480500,411.25,0.4898528001813558,0.4898528001813558,0.3320557561173505,0.5885851176415134,168.00039884362133
4936,1480800,411.3333333333333,0.4622067537294185,0.4622067537294185,0.3219832329882752,0.5731988224391392,157.0259562466107
4937,1481100,411.4166666666667,0.4660425732442326,0.4660425732442326,0.3229556976719738,0.5766184349842682,158.31411221924117
4938,1481400,411.5,0.477247973319454,0.477247973319454,0.3259067681657578,0.5793196131682787,157.8732856296869
4939,1481700,411.5833333333333,0.4820334599944558,0.4820334599944558,0.3259384372044023,0.5784269741049806,157.4998628727978
4940,1482000,411.6666666666667,0.4824308560627303,0.4824308560627303,0.3255408684364206,0.5800999256500579,157.8888079188089
4941,1482300,411.75,0.4789210168806334,0.4789210168806334,0.3265895724369211,0.5808816706773462,159.3345710542712
4942,1482600,411.8333333333333,0.4734774218955795,0.4734774218955795,0.3252842870398846,0.5797975762162101,159.89941504122152
4943,1482900,411.9166666666667,0.4767000855843558,0.4767000855843558,0.3259493672651609,0.5794145961663055,160.08702588213612
4944,1483200,412.0,0.4717081038373446,0.4717081038373446,0.3244047815743792,0.5783293342377269,161.2711616420981
4945,1483500,412.0833333333333,0.4797363171810371,0.4797363171810371,0.3239875844593428,0.5791441901051932,160.45547981165578
4946,1483800,412.1666666666667,0.4778268101664014,0.4778268101664014,0.3225962736769533,0.578625436602504,160.88342980081217
4947,1484100,412.25,0.4744033381529013,0.4744033381529013,0.322579024345775,0.5808589665480794,160.91431186612806
4948,1484400,412.3333333333333,0.4800018057964096,0.4800018057964096,0.3229269153807655,0.5807509252331847,161.84398269250278
4949,1484700,412.4166666666667,0.4668000997886369,0.4668000997886369,0.3213963392871132,0.5801920237560101,162.6450567115146
4950,1485000,412.5,0.481083833421925,0.481083833421925,0.3203431124903665,0.5806852192325215,163.84029627814215
4951,1485300,412.5833333333333,0.4977697242852247,0.4977697242852247,0.3235735287457608,0.5831610031801999,166.83999238259568
4952,1485600,412.6666666666667,0.4986878884459692,0.4986878884459692,0.327158314765039,0.5834963312242961,170.20860729839495
4953,1485900,412.75,0.4986400699160283,0.4986400699160283,0.3298437768001169,0.5814984687587476,171.76142263960017
4954,1486200,412.8333333333333,0.5076640859235647,0.5076640859235647,0.3301253357042082,0.5773676720878078,170.34560231232118
4955,1486500,412.9166666666667,0.504824145307297,0.504824145307297,0.3295733606898859,0.5754409550627791,169.14184767887025
4956,1486800,413.0,0.497691217722524,0.497691217722524,0.3287559348313927,0.5757760841785661,168.40284929568654
4957,1487100,413.0833333333333,0.4988099728984569,0.4988099728984569,0.3303533036708587,0.5761654841133539,167.57153041753182
4958,1487400,413.1666666666667,0.4875609296293345,0.4875609296293345,0.3307872014662156,0.5752434212870683,166.32736567755387
4959,1487700,413.25,0.4671614281693189,0.4671614281693189,0.3288775725184077,0.5748077451462493,165.1059934761862
4960,1488000,413.3333333333333,0.4578216786528408,0.4578216786528408,0.325541956891768,0.5685608591587406,161.14652627670836
4961,1488300,413.4166666666667,0.463686602919721,0.463686602919721,0.3261272129799932,0.5684746900790715,160.08293349851013
4962,1488600,413.5,0.4710921325985755,0.4710921325985755,0.326202314808199,0.5686234698581786,160.0137938760082
4963,1488900,413.5833333333333,0.4642813505225217,0.4642813505225217,0.325801411800436,0.569742067944669,161.51530037786236
4964,1489200,413.6666666666667,0.4661565209035532,0.4661565209035532,0.3266241824770984,0.5703874658518943,162.4925546350398
4965,1489500,413.75,0.4653542745459652,0.4653542745459652,0.3262894816595244,0.5706075502318545,162.9830429259172
4966,1489800,413.8333333333333,0.4692873399770518,0.4692873399770518,0.3240006049909953,0.5700997718339906,162.48078829482898
4967,1490100,413.9166666666667,0.4659799156018497,0.4659799156018497,0.3229378073190804,0.5709648629211189,162.42496252553568
4968,1490400,414.0,0.4695156892818718,0.4695156892818718,0.3238089393121363,0.5720128650808649,163.86361602766692
4969,1490700,414.0833333333333,0.466495513044284,0.466495513044284,0.3271685221949261,0.5716863559945295,164.37126261608506
4970,1491000,414.1666666666667,0.4553360619390971,0.4553360619390971,0.3223047901551066,0.5688695568586054,163.61901304999947
4971,1491300,414.25,0.4551717471117615,0.4551717471117615,0.3216920179365323,0.5699519857338985,163.5594070919987
4972,1491600,414.3333333333333,0.4611337913938539,0.4611337913938539,0.3251230822513106,0.5727429852408673,163.48062210248628
4973,1491900,414.4166666666667,0.4704048060470149,0.4704048060470149,0.3251905424819809,0.5726109449786181,163.17099125182054
4974,1492200,414.5,0.4808945602071431,0.4808945602071431,0.3258968443147566,0.5739107682061598,163.02290559932814
4975,1492500,414.5833333333333,0.4675539721204894,0.4675539721204894,0.325688716202348,0.5744962913076985,162.6005269312639
4976,1492800,414.6666666666667,0.4587031687239387,0.4587031687239387,0.3250783896269469,0.5750394572070797,161.98754711677026
4977,1493100,414.75,0.4495336537047847,0.4495336537047847,0.3237223290569031,0.5769206753379493,162.2136328786482
4978,1493400,414.8333333333333,0.4557394279298702,0.4557394279298702,0.3229025356368652,0.5781921311958743,162.61074041643317
4979,1493700,414.9166666666667,0.4630862883103759,0.4630862883103759,0.3234598795443805,0.578638307356815,164.19968269116052
4980,1494000,415.0,0.4631480689362526,0.4631480689362526,0.3249867399178506,0.5790862996436847,164.92373163370354
4981,1494300,415.0833333333333,0.4590616077063617,0.4590616077063617,0.3283920153479178,0.5795314212236654,165.29390312063873
4982,1494600,415.1666666666667,0.4442529861389754,0.4442529861389754,0.3264132986168494,0.5800532414318291,165.0087567822007
4983,1494900,415.25,0.4335133001922508,0.4335133001922508,0.3223262449089442,0.5810809110258773,165.13326448067258
4984,1495200,415.3333333333333,0.4309639399076858,0.4309639399076858,0.3215081031297311,0.5829894932956847,166.67396487771202
4985,1495500,415.4166666666667,0.4285578478844927,0.4285578478844927,0.3218453405931854,0.5848918627375613,168.63208912408987
4986,1495800,415.5,0.4257567855616502,0.4257567855616502,0.3217348334849328,0.5874567344651578,170.2776866309471
4987,1496100,415.5833333333333,0.4220602354737513,0.4220602354737513,0.3192724435356318,0.5892024292514412,171.7102437368682
4988,1496400,415.6666666666667,0.4334443381508606,0.4334443381508606,0.3160549945505915,0.5899567042396485,173.82414574085436
4989,1496700,415.75,0.4357156715772668,0.4357156715772668,0.3190884324809006,0.5928753062441098,176.51881565483035
4990,1497000,415.8333333333333,0.4415452839590299,0.4415452839590299,0.3204986840898094,0.5942895333036753,176.87026697319246
4991,1497300,415.9166666666667,0.435416443477697,0.435416443477697,0.319522190636295,0.5918249805994281,176.50518712862726
4992,1497600,416.0,0.4360731089628384,0.4360731089628384,0.3195705650106474,0.5920660397950261,175.99731753776956
4993,1497900,416.0833333333333,0.4338029315082356,0.4338029315082356,0.3196918449200431,0.5923838581523716,176.369683127685
4994,1498200,416.1666666666667,0.4319697963232718,0.4319697963232718,0.3203857572557088,0.5938244755920802,177.64604927051846
4995,1498500,416.25,0.451003409903966,0.451003409903966,0.3130522942175042,0.5706804156981284,170.7238083863879
4996,1498800,416.3333333333333,0.4565386501973849,0.4565386501973849,0.316174820803899,0.5742885732340864,172.90484418722338
4997,1499100,416.4166666666667,0.4755905076413489,0.4755905076413489,0.3212574864673377,0.5811383914986219,172.98122285550508
4998,1499400,416.5,0.4680813787237198,0.4680813787237198,0.3174724761883884,0.5821239101896413,172.98951728535926
4999,1499700,416.5833333333333,0.4649399137419484,0.4649399137419484,0.3161490354762636,0.5826642717606254,173.34996863587926
5000,1500000,416.6666666666667,0.462070555439041,0.462070555439041,0.314267261158055,0.5753801576883998,173.86089507912038
5001,1500300,416.75,0.4812978093552442,0.4812978093552442,0.3215508598510473,0.578536723126832,175.8427814942459
5002,1500600,416.8333333333333,0.4669203053248992,0.4669203053248992,0.3219539997153519,0.5761580640566634,174.26044251120874
5003,1500900,416.9166666666667,0.4704019506223599,0.4704019506223599,0.3216257575660302,0.5745702682715157,174.14717831620095
5004,1501200,417.0,0.4797421838092571,0.4797421838092571,0.3247790900214143,0.5746137396675334,173.95881868536782
5005,1501500,417.0833333333333,0.4691848091532994,0.4691848091532994,0.3247617373710518,0.5726727867978643,174.13094201384973
5006,1501800,417.1666666666667,0.4566859299336679,0.4566859299336679,0.3238636273663769,0.5722686784428173,174.3521294185329
5007,1502100,417.25,0.4543516472236213,0.4543516472236213,0.3230622548770355,0.572667253588779,174.1252302356659
5008,1502400,417.3333333333333,0.4485256428838643,0.4485256428838643,0.3231295353024109,0.5739347690687632,173.22885134512975
5009,1502700,417.4166666666667,0.4529754928609015,0.4529754928609015,0.322901541483683,0.5769430274986633,173.5517197103126
5010,1503000,417.5,0.458646078404134,0.458646078404134,0.3228605846192754,0.5775089467278708,174.30222135783495
5011,1503300,417.5833333333333,0.4655537333166965,0.4655537333166965,0.3222876439532261,0.5815911972842356,175.52969987950115
5012,1503600,417.6666666666667,0.4634977739870217,0.4634977739870217,0.3231516474151304,0.5852813697461662,176.56999261883493
5013,1503900,417.75,0.4599500982670363,0.4599500982670363,0.3227899986781501,0.5861630936544371,176.6550451042635
5014,1504200,417.8333333333333,0.4598436792336479,0.4598436792336479,0.3185422362398082,0.5822671073709068,174.4949344803997
5015,1504500,417.9166666666667,0.4719284085313248,0.4719284085313248,0.3186640519615508,0.580198494134931,174.65204683659607
5016,1504800,418.0,0.4799034005919843,0.4799034005919843,0.3188501125400381,0.5798693679487268,174.76120992450484
5017,1505100,418.0833333333333,0.4771109546383332,0.4771109546383332,0.3197597517428676,0.5823156021954233,175.75753096442273
5018,1505400,418.1666666666667,0.4664253386295548,0.4664253386295548,0.319100667102872,0.5833644271684614,176.61392437335238
5019,1505700,418.25,0.4709293679201197,0.4709293679201197,0.3200123479505182,0.585975760983127,177.27379343148894
5020,1506000,418.3333333333333,0.4658691739362214,0.4658691739362214,0.3202765342531678,0.5881918433769999,177.83052714119657
5021,1506300,418.4166666666667,0.4616108110297776,0.4616108110297776,0.320132659743843,0.5905660354384753,178.10226670500052
5022,1506600,418.5,0.4657176844627987,0.4657176844627987,0.3192036329057869,0.5921734185241595,178.1248503519532
5023,1506900,418.5833333333333,0.4576268328883786,0.4576268328883786,0.31944435553822,0.5947304894284504,179.4510352850975
5024,1507200,418.6666666666667,0.4476139246842288,0.4476139246842288,0.3171523186687039,0.596262758525269,179.00336752007783
5025,1507500,418.75,0.4662356342259482,0.4662356342259482,0.3164148911901868,0.5997732153757395,179.30937561566753
5026,1507800,418.8333333333333,0.4812491439695343,0.4812491439695343,0.3171498047270221,0.6021320126031259,178.9499796063695
5027,1508100,418.9166666666667,0.470863780080183,0.470863780080183,0.3151865518950478,0.5981604931849576,177.31595104460737
5028,1508400,419.0,0.4662889718888303,0.4662889718888303,0.3146030630418782,0.5977111064703589,178.19588234920425
5029,1508700,419.0833333333333,0.4746606503591525,0.4746606503591525,0.3167956978064488,0.60065606581193,178.9536691547492
5030,1509000,419.1666666666667,0.4776793455098286,0.4776793455098286,0.3188766005951592,0.6030174874348009,179.2259857050674
5031,1509300,419.25,0.4857926941732416,0.4857926941732416,0.3214012306363843,0.604349771230483,178.99963685166043
5032,1509600,419.3333333333333,0.4828605821531158,0.4828605821531158,0.3216614802710746,0.6043491442060999,178.45048756337786
5033,1509900,419.4166666666667,0.4812363549527614,0.4812363549527614,0.3224222205333856,0.605674023354817,177.43316238015393
5034,1510200,419.5,0.4754663730302607,0.4754663730302607,0.3200654512402691,0.6056967550333126,176.74173635152147
5035,1510500,419.5833333333333,0.4711588809619889,0.4711588809619889,0.3196721994761717,0.6067458214345258,176.69257866420344
5036,1510800,419.6666666666667,0.4736141839000731,0.4736141839000731,0.3199322716500102,0.6075328929689737,176.83987642628574
5037,1511100,419.75,0.4616592835972791,0.4616592835972791,0.3182691743384542,0.6078328280586592,177.00010273931463
5038,1511400,419.8333333333333,0.4687791433989794,0.4687791433989794,0.3173409408066703,0.6066950361337927,175.8166292952393
5039,1511700,419.9166666666667,0.4732824036046317,0.4732824036046317,0.3176233550308675,0.6072463828308308,175.91001905982966
5040,1512000,420.0,0.4699809023922905,0.4699809023922905,0.3166378876378863,0.6070875081422075,176.28298743848296
5041,1512300,420.0833333333333,0.467291785085668,0.467291785085668,0.3187346739839212,0.6094071049687805,176.2674694577528
5042,1512600,420.1666666666667,0.4779432252368953,0.4779432252368953,0.3197702251426961,0.6089355354204417,175.65519425028532
5043,1512900,420.25,0.4759391642571556,0.4759391642571556,0.3187204701760655,0.6104341048101009,176.03770848755804
5044,1513200,420.3333333333333,0.467882127781225,0.467882127781225,0.3149540860478456,0.611440025790919,176.14962876500118
5045,1513500,420.4166666666667,0.4679010005501227,0.4679010005501227,0.3162438611674113,0.6125135196902881,177.58803549915774
5046,1513800,420.5,0.4739208579063413,0.4739208579063413,0.3159440423414945,0.6144716797805432,179.40389086637447
5047,1514100,420.5833333333333,0.4735866814124864,0.4735866814124864,0.3163823695686766,0.6172700324678794,182.1486430348744
5048,1514400,420.6666666666667,0.4826022831405071,0.4826022831405071,0.3176119871255827,0.6195546817973403,183.7961537009664
5049,1514700,420.75,0.4907265790019026,0.4907265790019026,0.3198796497116837,0.6228788427650871,184.4471516035061
5050,1515000,420.8333333333333,0.4880852511105643,0.4880852511105643,0.3202853814870781,0.6224617772804638,182.9772591168458
5051,1515300,420.9166666666667,0.4832261155437963,0.4832261155437963,0.3176336714225576,0.6177762368197458,181.0492588566683
5052,1515600,421.0,0.4827970539669003,0.4827970539669003,0.3188192637123067,0.6181465719094054,181.4350613524348
5053,1515900,421.0833333333333,0.476013467330763,0.476013467330763,0.3208224873737631,0.6207582368480417,182.14463300066643
5054,1516200,421.1666666666667,0.4645956625649073,0.4645956625649073,0.3197402983179965,0.6239203392871692,182.4427776405473
5055,1516500,421.25,0.4672983006943587,0.4672983006943587,0.3197876278334867,0.6249019217532336,182.4193584019436
5056,1516800,421.3333333333333,0.4690921457287157,0.4690921457287157,0.31944282218175,0.6260656055651197,182.3417311730142
5057,1517100,421.4166666666667,0.4376909392705475,0.4376909392705475,0.3156762793637434,0.627366948188351,181.45538729488896
5058,1517400,421.5,0.3917402634962467,0.3917402634962467,0.3086453692344588,0.628827726968242,178.82417735785938
5059,1517700,421.5833333333333,0.3633755819251645,0.3633755819251645,0.3033092338023707,0.6372622826953576,175.25538717193294
5060,1518000,421.6666666666667,0.3723661427383466,0.3723661427383466,0.3044399505419768,0.6506968539339973,172.49276783879023
5061,1518300,421.75,0.3581048373819224,0.3581048373819224,0.300870788150708,0.655518674908641,172.6901471730587
5062,1518600,421.8333333333333,0.377645273094185,0.377645273094185,0.3031936322185645,0.6587263617982022,174.19120540065998
5063,1518900,421.9166666666667,0.424403016538621,0.424403016538621,0.3150579048313441,0.6729936328195123,177.4884693512669
5064,1519200,422.0,0.4259174922211354,0.4259174922211354,0.3122911013104614,0.6796965530711926,180.0384193037847
5065,1519500,422.0833333333333,0.3982567486602035,0.3982567486602035,0.3050541105964593,0.6824925004975412,177.1233945925842
5066,1519800,422.1666666666667,0.3825796957469744,0.3825796957469744,0.3055028857230753,0.6785554060755649,179.0790286142823
5067,1520100,422.25,0.3762750276634176,0.3762750276634176,0.3038401629871941,0.6844598234463193,179.93717273933655
5068,1520400,422.3333333333333,0.3822254973731129,0.3822254973731129,0.3078455346504177,0.6865604117109951,179.98587399142195
5069,1520700,422.4166666666667,0.4049863372616755,0.4049863372616755,0.3088778954462813,0.688066577087991,179.05378985260268
5070,1521000,422.5,0.4181429483075936,0.4181429483075936,0.3154680260213838,0.6856047569173368,179.66506473312106
5071,1521300,422.5833333333333,0.4089117784586352,0.4089117784586352,0.2727768225700385,0.5673142995798507,160.8909825869847
5072,1521600,422.6666666666667,0.4302323341757234,0.4302323341757234,0.279446194506689,0.5664139150531519,164.97589020516978
5073,1521900,422.75,0.424511989224167,0.424511989224167,0.2811747187341499,0.5727534134746691,168.21306837719413
5074,1522200,422.8333333333333,0.4188317228275353,0.4188317228275353,0.2779038964101597,0.5655625394149169,166.4192622266949
5075,1522500,422.9166666666667,0.4307534882398986,0.4307534882398986,0.2893793271977691,0.5759424156235512,166.0012757767008
5076,1522800,423.0,0.4230517852100203,0.4230517852100203,0.2826613501881536,0.5766640224631417,167.32269262768912
5077,1523100,423.0833333333333,0.4408380698575616,0.4408380698575616,0.2820980287398593,0.586583738627779,168.75972571586408
5078,1523400,423.1666666666667,0.4675964341886421,0.4675964341886421,0.2932053855088811,0.6073041890669193,174.21134385652104
5079,1523700,423.25,0.4804109197750771,0.4804109197750771,0.3009877361966234,0.610084508870276,182.519864798092
5080,1524000,423.3333333333333,0.4749658188934735,0.4749658188934735,0.2928956661152648,0.6002862624780887,183.5417032739244
5081,1524300,423.4166666666667,0.4931833470739968,0.4931833470739968,0.305020099829852,0.6045157372466917,184.4338229547847
5082,1524600,423.5,0.476696282646397,0.476696282646397,0.2992311488708671,0.6080042079580152,187.841890873187
5083,1524900,423.5833333333333,0.4689697869944997,0.4689697869944997,0.2973211592937934,0.5971335446055659,182.87779606682653
5084,1525200,423.6666666666667,0.4386647129165448,0.4386647129165448,0.2912405984283721,0.5905904345439231,178.0912936469149
5085,1525500,423.75,0.4288819820557952,0.4288819820557952,0.2903442962323981,0.5973486310642753,175.54425554101195
5086,1525800,423.8333333333333,0.4488892428299888,0.4488892428299888,0.2878748984434733,0.5814096353519637,171.30151569084765
5087,1526100,423.9166666666667,0.4775957083513142,0.4775957083513142,0.3071622110144736,0.5957331903531673,170.7136730632718
5088,1526400,424.0,0.484772473191992,0.484772473191992,0.3059154435080432,0.5994921179412941,174.80295173845806
5089,1526700,424.0833333333333,0.4812616947148476,0.4812616947148476,0.3026904533442062,0.6012781009026512,179.3134987749248
5090,1527000,424.1666666666667,0.5094763514180145,0.5094763514180145,0.3204120617176572,0.6164007046301238,180.71577240846187
5091,1527300,424.25,0.4838523658247529,0.4838523658247529,0.309507958079735,0.61221793309404,182.09630486938187
5092,1527600,424.3333333333333,0.4664828464688749,0.4664828464688749,0.2974789185745984,0.5920630659749755,179.8835471481388
5093,1527900,424.4166666666667,0.4665713806462473,0.4665713806462473,0.2978782113974663,0.5980909255461956,177.19694478087484
5094,1528200,424.5,0.4550750586836061,0.4550750586836061,0.3002475462668381,0.6019594868286734,178.28449672287925
5095,1528500,424.5833333333333,0.4552615331440439,0.4552615331440439,0.2949258040606483,0.5977185933570541,176.9085764230368
5096,1528800,424.6666666666667,0.4517970174857135,0.4517970174857135,0.296187481608139,0.5979415389609625,179.00777596789183
5097,1529100,424.75,0.4473973776333267,0.4473973776333267,0.2918614416899304,0.5944168488855445,179.2581689608683
5098,1529400,424.8333333333333,0.4609610671903952,0.4609610671903952,0.2988493020398977,0.598947226304093,179.52791174121216
5099,1529700,424.9166666666667,0.4993561502513094,0.4993561502513094,0.3256695583564246,0.6215029349589452,178.3790971436547
5100,1530000,425.0,0.4853596820175733,0.4853596820175733,0.3300704116231669,0.629386899140105,173.33174199306308
5101,1530300,425.0833333333333,0.4862018075505986,0.4862018075505986,0.3274007551213009,0.6293380852272945,173.84139038142362
5102,1530600,425.1666666666667,0.4802907847776651,0.4802907847776651,0.3259231158388336,0.6382178631255283,173.4339297796225
5103,1530900,425.25,0.4890242000905485,0.4890242000905485,0.3222666278118031,0.6270354812707363,170.0998121593954
5104,1531200,425.3333333333333,0.4901046803357874,0.4901046803357874,0.3198231323138228,0.6333481781071062,169.60186508840596
5105,1531500,425.4166666666667,0.4752092505961002,0.4752092505961002,0.310490856308376,0.630957775024798,169.42892798077312
5106,1531800,425.5,0.4523386391281139,0.4523386391281139,0.3049471630250455,0.6407023353929688,170.0316334839186
5107,1532100,425.5833333333333,0.4555686699292976,0.4555686699292976,0.3105839665588538,0.6342578796965548,168.70070836488904
5108,1532400,425.6666666666667,0.4821054997756859,0.4821054997756859,0.3305578045634119,0.6618586988696322,169.5298436788288
5109,1532700,425.75,0.485241904982032,0.485241904982032,0.3235384945755035,0.6634085515787456,175.69681790034906
5110,1533000,425.8333333333333,0.4896350297294533,0.4896350297294533,0.317524347350882,0.6598226509804193,179.39774458984476
5111,1533300,425.9166666666667,0.4915228695895621,0.4915228695895621,0.3137061751565236,0.6642583876527012,179.56372130534052
5112,1533600,426.0,0.5005301354909724,0.5005301354909724,0.3203150763556261,0.6554466377869518,178.47599890117067
5113,1533900,426.0833333333333,0.5161658977773804,0.5161658977773804,0.327414621420632,0.6510100753484789,176.44641904870002
5114,1534200,426.1666666666667,0.5034305040988545,0.5034305040988545,0.328880425244146,0.6556115459746207,176.84476813582597
5115,1534500,426.25,0.4818921820083565,0.4818921820083565,0.3098128778853548,0.6504161306017894,176.76499104954448
5116,1534800,426.3333333333333,0.4727303895991044,0.4727303895991044,0.3073718713100039,0.6364787567628777,175.77783828523985
5117,1535100,426.4166666666667,0.5079898230183086,0.5079898230183086,0.3332673141073049,0.6552550070360453,174.25134283605266
5118,1535400,426.5,0.5015610391020351,0.5015610391020351,0.3157631210701019,0.646062156057493,174.6106659396391
5119,1535700,426.5833333333333,0.4942762041310089,0.4942762041310089,0.3159878991131373,0.6491758593824483,177.6547292135651
5120,1536000,426.6666666666667,0.4742877246525064,0.4742877246525064,0.3073113773580617,0.6384497805907146,174.22684943757332
5121,1536300,426.75,0.4878020934787087,0.4878020934787087,0.3122005141684418,0.6406654058280913,175.04381038742193
5122,1536600,426.8333333333333,0.4877612981731303,0.4877612981731303,0.3063178687266756,0.6405839719362247,176.63389585495275
5123,1536900,426.9166666666667,0.4720240605850593,0.4720240605850593,0.2994982683647686,0.6332721837206526,177.27634822455482
5124,1537200,427.0,0.4363340231163083,0.4363340231163083,0.2996056339547512,0.6355186839876206,179.36034583156967
5125,1537500,427.0833333333333,0.4273319087265637,0.4273319087265637,0.2934902665041153,0.6253954167648735,177.51658355044452
5126,1537800,427.1666666666667,0.4769814204287093,0.4769814204287093,0.3050938526441812,0.6301470069571037,176.09927315200983
5127,1538100,427.25,0.5038564863160357,0.5038564863160357,0.3153468945270306,0.659204930679232,178.32027364392758
5128,1538400,427.3333333333333,0.4879405072575368,0.4879405072575368,0.311011117354347,0.639711364393134,178.75993896924246
5129,1538700,427.4166666666667,0.4663445664383324,0.4663445664383324,0.3016942280690987,0.6364900663288966,177.47681106578938
5130,1539000,427.5,0.4659413876319204,0.4659413876319204,0.3005676967767486,0.6211634588018518,176.53143351695664
5131,1539300,427.5833333333333,0.4455107874596367,0.4455107874596367,0.29291570709027,0.6236403571450291,177.23948677734458
5132,1539600,427.6666666666667,0.4339330315408094,0.4339330315408094,0.2949738516562714,0.6193025435780799,175.96877575936418
5133,1539900,427.75,0.4632929003592567,0.4632929003592567,0.3111607886853858,0.6381080636361485,176.34379037456037
5134,1540200,427.8333333333333,0.462315044595032,0.462315044595032,0.308287591266235,0.6421315551010124,177.4687070594918
5135,1540500,427.9166666666667,0.4310455592749648,0.4310455592749648,0.2888525052200041,0.6107004196090966,175.95348693939755
5136,1540800,428.0,0.4232988124869524,0.4232988124869524,0.2897338033437464,0.6138194632794385,175.78374884978575
5137,1541100,428.0833333333333,0.4113313499326508,0.4113313499326508,0.2827006944440992,0.61100786408961,174.42965943642804
5138,1541400,428.1666666666667,0.423624899738488,0.423624899738488,0.2928390379743517,0.6214994113555858,173.4375009418469
5139,1541700,428.25,0.4703274584975535,0.4703274584975535,0.321998326082286,0.6410775466378916,174.6783688053189
5140,1542000,428.3333333333333,0.485229911032261,0.485229911032261,0.3400971716391447,0.6563824571582724,174.07788698099725
5141,1542300,428.4166666666667,0.495612024121443,0.495612024121443,0.3467188921065885,0.6637070631384473,174.18265095115063
5142,1542600,428.5,0.5049465703348636,0.5049465703348636,0.3596292866843264,0.6668669801545124,170.4585403125382
5143,1542900,428.5833333333333,0.5051709268683395,0.5051709268683395,0.3678990942485206,0.6687248435551328,166.74586184294648
5144,1543200,428.6666666666667,0.4922319402726706,0.4922319402726706,0.3597876481749001,0.669888119410003,165.14949006080772
5145,1543500,428.75,0.4960442046118335,0.4960442046118335,0.3602072370714215,0.6762240608460516,165.86705115047187
5146,1543800,428.8333333333333,0.5046349169035749,0.5046349169035749,0.3643207313472447,0.6797935988855536,165.56427405946644
5147,1544100,428.9166666666667,0.4970246206797838,0.4970246206797838,0.3672754263286439,0.680251388057259,165.09447332404633
5148,1544400,429.0,0.5324084549330275,0.5324084549330275,0.3744172934547298,0.6827532970696856,164.9488456221246
5149,1544700,429.0833333333333,0.517682922650964,0.517682922650964,0.3723253738057476,0.680376999551948,164.20225810152135
5150,1545000,429.1666666666667,0.4979574243227641,0.4979574243227641,0.3604190418390724,0.6722501949566181,162.53809421927514
5151,1545300,429.25,0.4890557110794176,0.4890557110794176,0.3532781325704666,0.6722009207175044,163.60611992853043
5152,1545600,429.3333333333333,0.4628024007740846,0.4628024007740846,0.3415185446516794,0.6658890494218798,162.83773340186002
5153,1545900,429.4166666666667,0.454969095568473,0.454969095568473,0.329409432542006,0.6633418182414897,162.92834853468892
5154,1546200,429.5,0.4465675175692696,0.4465675175692696,0.3170573144724139,0.662341049538556,163.0969799181341
5155,1546500,429.5833333333333,0.4352070238880713,0.4352070238880713,0.3079059938264684,0.6582396067008904,164.13289861601015
5156,1546800,429.6666666666667,0.4155727232537354,0.4155727232537354,0.2955026820462572,0.6415903180031849,163.5816576204994
5157,1547100,429.75,0.4138788877796512,0.4138788877796512,0.2869943574169413,0.6428183893534382,166.6265166849505
5158,1547400,429.8333333333333,0.4157225729550096,0.4157225729550096,0.2838646468379264,0.6344888019998112,168.76691010545474
5159,1547700,429.9166666666667,0.4003450450887517,0.4003450450887517,0.2726931415358115,0.6294249051224482,175.15364130825014
5160,1548000,430.0,0.4113840685923457,0.4113840685923457,0.2774630150458028,0.6749746704683373,175.70338804378736
5161,1548300,430.0833333333333,0.4201623093262586,0.4201623093262586,0.2709962987182291,0.6333132270100941,172.85233783236387
5162,1548600,430.1666666666667,0.4390739213649511,0.4390739213649511,0.2825816884764133,0.6489906013375539,171.46567100682972
5163,1548900,430.25,0.4285342750037491,0.4285342750037491,0.2812842385365137,0.6350713198832985,175.81559020835255
5164,1549200,430.3333333333333,0.4005408235191883,0.4005408235191883,0.2750240320693629,0.6263262781382996,176.24968103145034
5165,1549500,430.4166666666667,0.4165267158250085,0.4165267158250085,0.2778171104487757,0.6331730318306925,175.40100871900972
5166,1549800,430.5,0.3985361375875592,0.3985361375875592,0.2782707884127758,0.6360396865858702,176.93463927460562
5167,1550100,430.5833333333333,0.4073197902466583,0.4073197902466583,0.2838899599050702,0.6436560967429187,174.6451411764041
5168,1550400,430.6666666666667,0.3998415056483165,0.3998415056483165,0.2738549794374359,0.6282850675120528,173.36943454155335
5169,1550700,430.75,0.3949589635279393,0.3949589635279393,0.2741671019536879,0.6315426546326741,170.6882203044754
5170,1551000,430.8333333333333,0.382469395960056,0.382469395960056,0.268151336003697,0.6154771178333706,170.80472627348297
5171,1551300,430.9166666666667,0.4041088349913465,0.4041088349913465,0.2765358242063238,0.6281690111826307,170.1869149613692
5172,1551600,431.0,0.3774478974975341,0.3774478974975341,0.2715511582784225,0.6230108695777609,169.95092198887656
5173,1551900,431.0833333333333,0.3986302280018872,0.3986302280018872,0.2730271440619605,0.6174302356081736,170.14279659717366
5174,1552200,431.1666666666667,0.3933658197561557,0.3933658197561557,0.2734828594376035,0.6164422252358016,170.27564078012526
5175,1552500,431.25,0.3907988444856659,0.3907988444856659,0.2683057657089246,0.6134622953616332,169.90987844710062
5176,1552800,431.3333333333333,0.3887870552094,0.3887870552094,0.2679746703403757,0.6174637108314309,171.01070574208998
5177,1553100,431.4166666666667,0.3977080380912974,0.3977080380912974,0.2691587512661032,0.6182408974842013,173.02591144325805
5178,1553400,431.5,0.4205932917603142,0.4205932917603142,0.2744706702079725,0.6273387665308146,173.27084858371953
5179,1553700,431.5833333333333,0.4212520317555994,0.4212520317555994,0.2698460042918786,0.621581456293216,175.93264547812606
5180,1554000,431.6666666666667,0.4160038486097341,0.4160038486097341,0.2672147269220368,0.6196069463507564,176.93378080702988
5181,1554300,431.75,0.4171439486661452,0.4171439486661452,0.2684194208972161,0.6190666699358615,177.3968487298319
5182,1554600,431.8333333333333,0.4171174349502373,0.4171174349502373,0.2721641085252272,0.6238431481856718,177.69836553081484
5183,1554900,431.9166666666667,0.4168394056187243,0.4168394056187243,0.2784981393300536,0.6306096249250741,177.3195944926514
5184,1555200,432.0,0.433081455866366,0.433081455866366,0.3024020377176352,0.6473800608404916,179.71473496892855
5185,1555500,432.0833333333333,0.4450163996785338,0.4450163996785338,0.3024211691085098,0.6458756820225979,181.3010851088981
5186,1555800,432.1666666666667,0.4673867498443762,0.4673867498443762,0.310516867353209,0.6571168564233524,186.095334148098
5187,1556100,432.25,0.4673952512195491,0.4673952512195491,0.3112977658475194,0.6489902326166941,184.09682267585023
5188,1556400,432.3333333333333,0.460399783901683,0.460399783901683,0.3090803193653556,0.652407497425001,183.5952784891821
5189,1556700,432.4166666666667,0.4526736369257522,0.4526736369257522,0.3068370120383141,0.6635629226371362,183.26653650793696
5190,1557000,432.5,0.4667112168082497,0.4667112168082497,0.3099624505676314,0.6613784340772296,181.3822419119556
5191,1557300,432.5833333333333,0.4649837533822685,0.4649837533822685,0.315909052510508,0.6699527343736044,182.69028054804795
5192,1557600,432.6666666666667,0.4532134323848872,0.4532134323848872,0.3136328386225945,0.6671851720888422,183.02763353972853
5193,1557900,432.75,0.4443736719760524,0.4443736719760524,0.3112048836312541,0.6624143005895129,179.92618309040432
5194,1558200,432.8333333333333,0.4476718119569049,0.4476718119569049,0.3144257645965072,0.6656163554525463,179.0093805707247
5195,1558500,432.9166666666667,0.440936874374142,0.440936874374142,0.3081038416885752,0.6597902466611166,179.21890977284642
5196,1558800,433.0,0.4318906828639935,0.4318906828639935,0.291728363773687,0.6426457580512113,179.5816579340157
5197,1559100,433.0833333333333,0.4304415720265094,0.4304415720265094,0.2921607618409444,0.6429259108334062,178.2142105215989
5198,1559400,433.1666666666667,0.438935269475953,0.438935269475953,0.2962147150582429,0.6499219515459325,179.05646500210148
5199,1559700,433.25,0.4319542179262737,0.4319542179262737,0.292476699410416,0.6458810894469927,180.7042012191101
5200,1560000,433.3333333333333,0.4384533726102944,0.4384533726102944,0.2950294333744827,0.6475930866187195,179.96607305631625
5201,1560300,433.4166666666667,0.4245128364097774,0.4245128364097774,0.2956649775427526,0.6484392358035573,177.0400226066104
5202,1560600,433.5,0.3679571923201629,0.3679571923201629,0.2898833313608557,0.6690089887719797,171.29306109310804
5203,1560900,433.5833333333333,0.3990085363388059,0.3990085363388059,0.2915617577428747,0.677293672891166,176.5925101951229
5204,1561200,433.6666666666667,0.397826699415841,0.397826699415841,0.2918331695765987,0.6819159751015964,180.87109949523804
5205,1561500,433.75,0.4198724234976422,0.4198724234976422,0.287121544814692,0.6691456142479804,179.14025245179363
5206,1561800,433.8333333333333,0.4189754400796031,0.4189754400796031,0.2871955132096762,0.6689632911023063,181.00566523234863
5207,1562100,433.9166666666667,0.468824024413659,0.468824024413659,0.2924254021993485,0.6677649017271974,181.13635842241385
5208,1562400,434.0,0.4970014259098039,0.4970014259098039,0.2997906796331333,0.6886455123986625,183.52903213641648
5209,1562700,434.0833333333333,0.4999641917585365,0.4999641917585365,0.3021609992515749,0.6805166156311365,189.43161645130195
5210,1563000,434.1666666666667,0.5073735724378496,0.5073735724378496,0.3009769958455778,0.6727160469207932,185.47235213602727
5211,1563300,434.25,0.4711199572493681,0.4711199572493681,0.3021307683642867,0.6752928642616471,175.4759928610803
5212,1563600,434.3333333333333,0.4822115456625422,0.4822115456625422,0.3044188731399322,0.6790842076047723,176.56804925285925
5213,1563900,434.4166666666667,0.4907031178971187,0.4907031178971187,0.3078377048396667,0.6781946618039136,173.91279447815316
5214,1564200,434.5,0.5017101907148606,0.5017101907148606,0.3172380896118595,0.5971562447586666,169.50279993327328
5215,1564500,434.5833333333333,0.5053275419444585,0.5053275419444585,0.321773530409588,0.5940601581480441,170.90762389882826
5216,1564800,434.6666666666667,0.5048793678361219,0.5048793678361219,0.3221938308661553,0.5896712371973485,171.16016963239937
5217,1565100,434.75,0.4996448135957469,0.4996448135957469,0.322835880178745,0.5875753295130839,171.93022545585467
5218,1565400,434.8333333333333,0.4896783284055517,0.4896783284055517,0.3217104385538802,0.5851920450606003,171.21191824743408
5219,1565700,434.9166666666667,0.5008496382372151,0.5008496382372151,0.3231692328685665,0.5836438397081902,171.79595808918313
5220,1566000,435.0,0.5174423125701221,0.5174423125701221,0.3252335510602802,0.5811771788248212,170.41838227480133
5221,1566300,435.0833333333333,0.4893048024759066,0.4893048024759066,0.3202781011418593,0.5684806436057986,161.58057579623477
5222,1566600,435.1666666666667,0.4869140859541864,0.4869140859541864,0.3221421305726217,0.5694756737569464,162.54459243915042
5223,1566900,435.25,0.4872021229286494,0.4872021229286494,0.3240957408416566,0.5695152371879504,162.01137159947044
5224,1567200,435.3333333333333,0.4829939949803224,0.4829939949803224,0.3215427209691303,0.5664325500891448,161.3283642340636
5225,1567500,435.4166666666667,0.4916296783501538,0.4916296783501538,0.318951857283832,0.5650556220271714,161.6760664956293
5226,1567800,435.5,0.4883765854486609,0.4883765854486609,0.3195594607329953,0.5672155709770649,162.18850357900735
5227,1568100,435.5833333333333,0.4837988141106404,0.4837988141106404,0.3218540447514222,0.5692447875573391,162.211249182476
5228,1568400,435.6666666666667,0.4783388448924553,0.4783388448924553,0.3217868585896686,0.56915727039663,161.57930518066456
5229,1568700,435.75,0.4770476589357939,0.4770476589357939,0.3213816971313654,0.5692553306982769,161.33460595082528
5230,1569000,435.8333333333333,0.4890784094973305,0.4890784094973305,0.3214719874102892,0.5696157189888689,162.21073514957322
5231,1569300,435.9166666666667,0.4959031521789425,0.4959031521789425,0.3230765608268058,0.5712429741533783,164.01402868470387
5232,1569600,436.0,0.491165194569564,0.491165194569564,0.3250101240669808,0.5709856582850948,165.0154882431002
5233,1569900,436.0833333333333,0.4820011395749037,0.4820011395749037,0.3243988502316364,0.5694944738372549,164.55519831538925
5234,1570200,436.1666666666667,0.4983937088066964,0.4983937088066964,0.3233519458189256,0.5684639904557223,164.0004268286219
5235,1570500,436.25,0.4947415375128025,0.4947415375128025,0.3250166273698571,0.5692494408871087,163.74811050478127
5236,1570800,436.3333333333333,0.4828041675614142,0.4828041675614142,0.324867768791633,0.5690860721153937,162.75297520642877
5237,1571100,436.4166666666667,0.4747329079038723,0.4747329079038723,0.3225171641605655,0.5689207447253641,161.73199927968406
5238,1571400,436.5,0.4780885031426572,0.4780885031426572,0.3198069019199394,0.5695256407747156,160.34977652625057
5239,1571700,436.5833333333333,0.5021705328963925,0.5021705328963925,0.3229263641160502,0.569624550688278,160.02821026982627
5240,1572000,436.6666666666667,0.5032829868637212,0.5032829868637212,0.3264295457642852,0.568733119199024,161.25290485691878
5241,1572300,436.75,0.501834750381403,0.501834750381403,0.3268422419529913,0.5683149387773248,162.43967681503466
5242,1572600,436.8333333333333,0.504014825835458,0.504014825835458,0.3258843512545276,0.5673344072051801,162.51480766244256
5243,1572900,436.9166666666667,0.4934071444990235,0.4934071444990235,0.3226729970481776,0.565277917709017,162.10130872921434
5244,1573200,437.0,0.4954584089918188,0.4954584089918188,0.3211927372269879,0.5647813318076371,162.2363287635624
5245,1573500,437.0833333333333,0.4940835898296336,0.4940835898296336,0.3229542522819978,0.5657056160736775,162.6175665795448
5246,1573800,437.1666666666667,0.4895934400586579,0.4895934400586579,0.3256612488341856,0.5662458503334756,161.76987845808227
5247,1574100,437.25,0.4937503007645178,0.4937503007645178,0.3260770390133293,0.5649720923516108,160.65968350581082
5248,1574400,437.3333333333333,0.4964126553577618,0.4964126553577618,0.326677807219785,0.5640864594657902,160.5339740378254
5249,1574700,437.4166666666667,0.4826382688482206,0.4826382688482206,0.3236921617817841,0.5632257886006097,161.00166172067313
5250,1575000,437.5,0.4792563365055961,0.4792563365055961,0.3246258786145953,0.5642913889683858,161.95131832669986
5251,1575300,437.5833333333333,0.4917191959059751,0.4917191959059751,0.3266470881693607,0.5641733179634116,161.7210579542944
5252,1575600,437.6666666666667,0.4761263076251946,0.4761263076251946,0.3254505221817798,0.5630652238992953,161.28631808664133
5253,1575900,437.75,0.4715915837310681,0.4715915837310681,0.3216237433617369,0.5640838738561542,160.13230788281516
5254,1576200,437.8333333333333,0.4878258218175095,0.4878258218175095,0.3224357303208097,0.5643826771431764,159.2791944057078
5255,1576500,437.9166666666667,0.4837747173039914,0.4837747173039914,0.3228672671252641,0.5649777805765217,159.5556433199184
5256,1576800,438.0,0.4769041415891832,0.4769041415891832,0.3217027844627774,0.564450472814378,159.30578731812236
5257,1577100,438.0833333333333,0.4841119405542757,0.4841119405542757,0.3219980831590079,0.5655787191477245,159.28460945697992
5258,1577400,438.1666666666667,0.4900331897423542,0.4900331897423542,0.3237792398735542,0.5664675683222246,160.5656090438541
5259,1577700,438.25,0.4841695870220306,0.4841695870220306,0.3247998685035357,0.566421281539162,161.59517441416654
5260,1578000,438.3333333333333,0.4730189939471178,0.4730189939471178,0.3242541804399414,0.5668602661320429,161.23649587655436
5261,1578300,438.4166666666667,0.4819765446595735,0.4819765446595735,0.3219068413063716,0.5660438814755296,160.2937844598648
5262,1578600,438.5,0.4687921838580152,0.4687921838580152,0.3209641260287791,0.5684291351812911,159.83823290383015
5263,1578900,438.5833333333333,0.4675092675823731,0.4675092675823731,0.3219743070049073,0.5692258227611623,161.30566912511387
5264,1579200,438.6666666666667,0.4735873592249948,0.4735873592249948,0.3226648064578356,0.5700335256962039,162.05054662192433
5265,1579500,438.75,0.4631658794797296,0.4631658794797296,0.3223530290911982,0.5713178074319901,161.98292169441848
5266,1579800,438.8333333333333,0.4585800829874702,0.4585800829874702,0.3227334714931579,0.5722083240102384,161.57710409036952
5267,1580100,438.9166666666667,0.43934033801553,0.43934033801553,0.3229276033790484,0.5725232895621546,161.9573991064705
5268,1580400,439.0,0.4339337756437267,0.4339337756437267,0.3221482286704257,0.5718721333176077,161.42111211057855
5269,1580700,439.0833333333333,0.4442896341456228,0.4442896341456228,0.3213169915612404,0.5724573704227546,161.40667111176387
5270,1581000,439.1666666666667,0.4605396684744092,0.4605396684744092,0.3200799216948903,0.5731834264901963,162.5414045482152
5271,1581300,439.25,0.442597821722816,0.442597821722816,0.3202618715324806,0.5740383758909279,163.78607995163966
5272,1581600,439.3333333333333,0.441993089483443,0.441993089483443,0.324446373191286,0.5755604406813647,165.2666988831561
5273,1581900,439.4166666666667,0.4321060349284449,0.4321060349284449,0.3219495819249958,0.5742559299249964,166.38154509608407
5274,1582200,439.5,0.4071103645381302,0.4071103645381302,0.3198513766152012,0.5752942445086529,166.65283364742538
5275,1582500,439.5833333333333,0.4106120431390491,0.4106120431390491,0.3203410891034866,0.5778398904334306,166.92814234794344
5276,1582800,439.6666666666667,0.4149418322930029,0.4149418322930029,0.3225985318513154,0.5784642895506885,167.53975109894805
5277,1583100,439.75,0.4151692793095773,0.4151692793095773,0.3233317154329143,0.5797717397065931,168.69016432520783
5278,1583400,439.8333333333333,0.4270087094728983,0.4270087094728983,0.3220838917523978,0.5798931715873885,169.25347045722265
5279,1583700,439.9166666666667,0.4428139847242069,0.4428139847242069,0.323296761469152,0.5802481562547183,169.5027095268117
5280,1584000,440.0,0.4383661299792523,0.4383661299792523,0.3234934867869735,0.5794160700842396,169.5388932783336
5281,1584300,440.0833333333333,0.4262989527131222,0.4262989527131222,0.3233268660661824,0.5790701097551578,169.61521992768004
5282,1584600,440.1666666666667,0.426315668466929,0.426315668466929,0.323148063953465,0.5789696444972852,169.9274117507749
5283,1584900,440.25,0.4269207155188519,0.4269207155188519,0.3227850950435258,0.5789365929284027,169.92365459917107
5284,1585200,440.3333333333333,0.4073966861958186,0.4073966861958186,0.3221573631009117,0.5797152800231494,169.83295434184367
5285,1585500,440.4166666666667,0.4070478125186355,0.4070478125186355,0.3224611006188111,0.5805642316555069,168.81493338191137
5286,1585800,440.5,0.4173156363865734,0.4173156363865734,0.3230360932670893,0.5807561199976569,168.38618295149035
5287,1586100,440.5833333333333,0.4097998094277714,0.4097998094277714,0.3096539465011416,0.5508622541778395,160.70595380136945
5288,1586400,440.6666666666667,0.4148299024008665,0.4148299024008665,0.3126091417368052,0.5600906640285147,162.03482414898355
5289,1586700,440.75,0.4519594936103408,0.4519594936103408,0.3153800995362969,0.5656755427426637,165.75827876249411
5290,1587000,440.8333333333333,0.4604218962037016,0.4604218962037016,0.3180281768555419,0.5678144008060513,169.8194809590285
5291,1587300,440.9166666666667,0.4551921556500298,0.4551921556500298,0.317271891901876,0.5676039306401836,171.2670951208478
5292,1587600,441.0,0.4612615264980945,0.4612615264980945,0.3181154272997691,0.5688267501237244,171.9225141920918
5293,1587900,441.0833333333333,0.4512633345180893,0.4512633345180893,0.3199492376816266,0.5681400906625395,171.31936458531703
5294,1588200,441.1666666666667,0.4500389342336149,0.4500389342336149,0.3228931846572123,0.5693411518950415,171.78075457548536
5295,1588500,441.25,0.4445442606874217,0.4445442606874217,0.320828865999324,0.5681496150996023,171.05888473858053
5296,1588800,441.3333333333333,0.4334702287304572,0.4334702287304572,0.3200819168214857,0.5679959138460529,170.83432587843413
5297,1589100,441.4166666666667,0.4102987720820506,0.4102987720820506,0.3190043951723285,0.5677221411976502,169.74614782676815
5298,1589400,441.5,0.4083582851562626,0.4083582851562626,0.3194711395841965,0.5683893546949575,169.07640402415075
5299,1589700,441.5833333333333,0.4270725864580159,0.4270725864580159,0.3176664613267551,0.5686821923995281,168.94698621498912
5300,1590000,441.6666666666667,0.4499035717825222,0.4499035717825222,0.3202502474119154,0.5710004148772063,170.89761713344294
5301,1590300,441.75,0.45063731244511,0.45063731244511,0.3214813964780193,0.5708834403560692,174.44110749974482
5302,1590600,441.8333333333333,0.4572010191444745,0.4572010191444745,0.3232541508704672,0.5711152678072826,175.44991601354025
5303,1590900,441.9166666666667,0.431768437028779,0.431768437028779,0.3203950354636772,0.5670992297579696,172.9468301702106
5304,1591200,442.0,0.4289817801335068,0.4289817801335068,0.3174134730468835,0.5661634207135351,171.41648413146865
5305,1591500,442.0833333333333,0.4331086148950763,0.4331086148950763,0.3192142243180059,0.5685404803438207,171.36412475012244
5306,1591800,442.1666666666667,0.4371922248327143,0.4371922248327143,0.3189025237235888,0.5696009608461173,171.96590359993175
5307,1592100,442.25,0.4475963552158015,0.4475963552158015,0.3199835960991414,0.5710293515672069,173.2389750800894
5308,1592400,442.3333333333333,0.4332529039076305,0.4332529039076305,0.3185426628002569,0.5732307182757603,175.00249940101085
5309,1592700,442.4166666666667,0.4379149564682714,0.4379149564682714,0.3184332352475985,0.5762381970209554,177.00463910396186
5310,1593000,442.5,0.4183067698671601,0.4183067698671601,0.3181220211859616,0.578824419198809,176.6701987475463
5311,1593300,442.5833333333333,0.4363683988002111,0.4363683988002111,0.3193474212554921,0.5820569598337771,175.312449142506
5312,1593600,442.6666666666667,0.4407788582860694,0.4407788582860694,0.3196247947139654,0.5835665143495095,174.43240732593446
5313,1593900,442.75,0.441125435486832,0.441125435486832,0.32027144555229,0.5845863308537079,173.5320399007118
5314,1594200,442.8333333333333,0.4592905257883934,0.4592905257883934,0.3184710086149545,0.5851752346641976,172.9697829048802
5315,1594500,442.9166666666667,0.4609694957490741,0.4609694957490741,0.3192500881937835,0.5845535990060964,174.16374202539748
5316,1594800,443.0,0.4383788938782181,0.4383788938782181,0.3171063493354009,0.5830927496278338,175.3784871281629
5317,1595100,443.0833333333333,0.422282546295027,0.422282546295027,0.3163629293320558,0.5833090176604141,175.8080187971633
5318,1595400,443.1666666666667,0.4466544524710642,0.4466544524710642,0.3163167955817719,0.5849596715889519,176.5828343472474
5319,1595700,443.25,0.4662375081920256,0.4662375081920256,0.3182907302164977,0.588168180369188,178.6525901225215
5320,1596000,443.3333333333333,0.4446496213943031,0.4446496213943031,0.3199721502663822,0.591363366945907,181.0527541126133
5321,1596300,443.4166666666667,0.4389000325786089,0.4389000325786089,0.3196502760972175,0.5925332295575916,182.36215007608524
5322,1596600,443.5,0.4205334743760732,0.4205334743760732,0.270583955885566,0.5182257050528466,137.3859322521348
5323,1596900,443.5833333333333,0.4590754315640163,0.4590754315640163,0.2833472960194651,0.5599716091747164,144.57127737137913
5324,1597200,443.6666666666667,0.4598694691727308,0.4598694691727308,0.2899732008272035,0.5846169963744033,151.76909761777216
5325,1597500,443.75,0.4733009965311738,0.4733009965311738,0.2991384262235348,0.592105741254734,158.72156392901397
5326,1597800,443.8333333333333,0.464198134104928,0.464198134104928,0.3150284718294205,0.5755599343357453,157.88219760703998
5327,1598100,443.9166666666667,0.4653719371745634,0.4653719371745634,0.3188730293760113,0.580887673625447,163.4920411339859
5328,1598400,444.0,0.4625568087477307,0.4625568087477307,0.3198358982798412,0.5794797144790093,165.0069503117135
5329,1598700,444.0833333333333,0.4401056289866707,0.4401056289866707,0.3179949748708739,0.5839036344839728,165.08904615922648
5330,1599000,444.1666666666667,0.4509428908081233,0.4509428908081233,0.3181759047912901,0.5821443483686275,165.7631228914675
5331,1599300,444.25,0.457364735176892,0.457364735176892,0.3166909244971543,0.5865246383155285,167.5276316977549
5332,1599600,444.3333333333333,0.4219684098896213,0.4219684098896213,0.3138741287025247,0.5910781858607397,168.0590451183438
5333,1599900,444.4166666666667,0.3908656367441503,0.3908656367441503,0.3088651344058964,0.5985915903153447,167.8321851461274
5334,1600200,444.5,0.4172364847446832,0.4172364847446832,0.311800687196779,0.6083801472090106,166.75090514771594
5335,1600500,444.5833333333333,0.4133761830446202,0.4133761830446202,0.3140873319734402,0.619428605471201,166.87775404758577
5336,1600800,444.6666666666667,0.3916169226448167,0.3916169226448167,0.3110885519342812,0.6220092812196886,168.12864078837077
5337,1601100,444.75,0.3625509860529648,0.3625509860529648,0.299275880614763,0.618545046668544,169.03412862799465
5338,1601400,444.8333333333333,0.3802826452327971,0.3802826452327971,0.3027813578354987,0.6407801943741682,171.37588561376893
5339,1601700,444.9166666666667,0.3852120587339132,0.3852120587339132,0.3040834273834215,0.6388536281773849,177.84241261306332
5340,1602000,445.0,0.3775505565738724,0.3775505565738724,0.3034846440839491,0.6498860226720975,180.04590564354385
5341,1602300,445.0833333333333,0.3865115921357222,0.3865115921357222,0.3072006005641514,0.6539611664151964,182.6134222392292
5342,1602600,445.1666666666667,0.3772550085974295,0.3772550085974295,0.30879125542725,0.6571085541767627,182.52622357327647
5343,1602900,445.25,0.3667656588685258,0.3667656588685258,0.3039682647711278,0.6525866391576877,183.2001172894153
5344,1603200,445.3333333333333,0.3610741591652202,0.3610741591652202,0.2997015941629949,0.6445374816347257,182.1452587894748
5345,1603500,445.4166666666667,0.3803441952883711,0.3803441952883711,0.3088304630139979,0.6526567446507081,182.3309518790368
5346,1603800,445.5,0.3735438354713952,0.3735438354713952,0.3033746544308435,0.6514950922948464,182.79414528519573
5347,1604100,445.5833333333333,0.3721315534343329,0.3721315534343329,0.3016400538344774,0.6435026854491733,184.3823904440964
5348,1604400,445.6666666666667,0.4086188509134952,0.4086188509134952,0.3135678483916693,0.6580070562873495,186.72227428338743
5349,1604700,445.75,0.4026372415019382,0.4026372415019382,0.312947968131025,0.6617068893505519,189.9314792082472
5350,1605000,445.8333333333333,0.4200974351991497,0.4200974351991497,0.3178754787134942,0.6649797860199819,191.3701649507956
5351,1605300,445.9166666666667,0.4035373482277724,0.4035373482277724,0.3148606222819513,0.6656138576143138,187.78499445344767
5352,1605600,446.0,0.4221183287563061,0.4221183287563061,0.2795607747798003,0.5538981548471789,169.74483877102838
5353,1605900,446.0833333333333,0.4269711567939621,0.4269711567939621,0.2838805733099373,0.5565620133817635,171.4554923322556
5354,1606200,446.1666666666667,0.3987591698776364,0.3987591698776364,0.2717645116195072,0.5442216956931728,168.106548812144
5355,1606500,446.25,0.4175779323843521,0.4175779323843521,0.2708972998965465,0.544320980198828,169.4586854527857
5356,1606800,446.3333333333333,0.4470267447029672,0.4470267447029672,0.2826348630393427,0.5667569812720363,175.70943419939928
5357,1607100,446.4166666666667,0.499330410638992,0.499330410638992,0.3020417550971445,0.5773389671115591,181.0162889906732
5358,1607400,446.5,0.4836229626021221,0.4836229626021221,0.3045544214531536,0.5991715728049833,189.8506620275865
5359,1607700,446.5833333333333,0.4797719765116487,0.4797719765116487,0.3013252124179727,0.5876756026945642,186.95673850496675
5360,1608000,446.6666666666667,0.4762744176752395,0.4762744176752395,0.2976046194815548,0.5807844697308621,182.6054269334716
5361,1608300,446.75,0.4644911743472622,0.4644911743472622,0.290152981857642,0.5711680295905658,179.21524761335712
5362,1608600,446.8333333333333,0.4641198261083827,0.4641198261083827,0.2921313978818691,0.5775841406818417,177.25219405171623
5363,1608900,446.9166666666667,0.4578412322176267,0.4578412322176267,0.2882223640948149,0.5715995400359671,175.90952208832937
5364,1609200,447.0,0.4385058378109721,0.4385058378109721,0.2871530432246128,0.5739165421315245,175.53139076694447
5365,1609500,447.0833333333333,0.4466070172843922,0.4466070172843922,0.2918340798168948,0.5780537255462851,174.10337920898064
5366,1609800,447.1666666666667,0.4358913614168942,0.4358913614168942,0.2875926746904704,0.5757055709162555,174.22668280912737
5367,1610100,447.25,0.4273095510916684,0.4273095510916684,0.2824032717202836,0.5805082005149688,174.89410596770324
5368,1610400,447.3333333333333,0.4347334454865957,0.4347334454865957,0.288393440413333,0.5852795025312738,175.1119909114026
5369,1610700,447.4166666666667,0.4128677108423487,0.4128677108423487,0.2757843639792467,0.580803820563526,175.38373674245614
5370,1611000,447.5,0.4273186668926232,0.4273186668926232,0.274686966550905,0.5781006786886724,176.50089490642856
5371,1611300,447.5833333333333,0.453554953645184,0.453554953645184,0.2835405740773771,0.5863176720008905,175.75523311799532
5372,1611600,447.6666666666667,0.4442810824788663,0.4442810824788663,0.2786190009124396,0.5816091202047323,175.26812057201676
5373,1611900,447.75,0.456343305244329,0.456343305244329,0.2877282536527025,0.5931080188537797,177.30993593785328
5374,1612200,447.8333333333333,0.4471374883643004,0.4471374883643004,0.28634062231454,0.5865927468164926,176.78127594276566
5375,1612500,447.9166666666667,0.4687543340719264,0.4687543340719264,0.2892865572973904,0.5880180390316935,175.24367760884877
5376,1612800,448.0,0.4668905091925892,0.4668905091925892,0.2859642598762854,0.5860474132928918,174.26299581284394
5377,1613100,448.0833333333333,0.4374541630035324,0.4374541630035324,0.2797850904793588,0.5764026881452637,173.48376200265213
5378,1613400,448.1666666666667,0.4443839892223658,0.4443839892223658,0.2865028977879086,0.5819060409621972,173.34167498583585
5379,1613700,448.25,0.4343837743469491,0.4343837743469491,0.2779368165914171,0.5777811299334629,174.4905873521139
5380,1614000,448.3333333333333,0.4359924595450031,0.4359924595450031,0.2764601683219115,0.5834345180554924,174.18663354962985
5381,1614300,448.4166666666667,0.4259070577424675,0.4259070577424675,0.2715262089898305,0.580428617713386,174.56239314780677
5382,1614600,448.5,0.443203007500035,0.443203007500035,0.2795306791291399,0.5887283941075642,174.47571711730637
5383,1614900,448.5833333333333,0.4408455412509723,0.4408455412509723,0.2728303243154278,0.5801718717376773,174.47483161002506
5384,1615200,448.6666666666667,0.4385301113661546,0.4385301113661546,0.274714572805342,0.5830490487651065,175.76111208835027
5385,1615500,448.75,0.4488035989970684,0.4488035989970684,0.2727413628159497,0.5795830513403681,175.98130492635707
5386,1615800,448.8333333333333,0.4709170352444565,0.4709170352444565,0.2950662505712715,0.6014580401430182,176.56167768362673
5387,1616100,448.9166666666667,0.5008226280859902,0.5008226280859902,0.3186432737344073,0.6215424002131644,176.74573069079992
5388,1616400,449.0,0.5191173215188165,0.5191173215188165,0.3308518714373624,0.6256589265310258,178.70112263577496
5389,1616700,449.0833333333333,0.5065013287646334,0.5065013287646334,0.3245297405872181,0.6188344377753623,180.680740935064
5390,1617000,449.1666666666667,0.5056921709527664,0.5056921709527664,0.3234326934194115,0.6242769467950579,182.3135613497115
5391,1617300,449.25,0.492649485107409,0.492649485107409,0.3210880025111599,0.6212468674836135,180.40904956541988
5392,1617600,449.3333333333333,0.4945944778513702,0.4945944778513702,0.3204072942774468,0.6220217552448623,177.82251107859122
5393,1617900,449.4166666666667,0.481501750635907,0.481501750635907,0.3149110101102812,0.6251542762043031,178.11999090132122
5394,1618200,449.5,0.4559063889146814,0.4559063889146814,0.3038499891273383,0.615814533660081,177.37644851878488
5395,1618500,449.5833333333333,0.4753351360801762,0.4753351360801762,0.3175221909352429,0.6324562194870719,177.2897946184294
5396,1618800,449.6666666666667,0.4816744672573682,0.4816744672573682,0.3180159169483957,0.6302507799815344,175.94059461373527
5397,1619100,449.75,0.4697133464541856,0.4697133464541856,0.3131423799003052,0.6272006367280241,176.05039752734805
5398,1619400,449.8333333333333,0.4749742150427873,0.4749742150427873,0.3169358407222387,0.6384504145300254,175.7139176241028
5399,1619700,449.9166666666667,0.4475032725727784,0.4475032725727784,0.3064313863728671,0.621016417930356,176.09075868174142
5400,1620000,450.0,0.4720452941981407,0.4720452941981407,0.3185877543050318,0.6308851777271052,176.1384923690283
5401,1620300,450.0833333333333,0.4656434555565657,0.4656434555565657,0.3183675607368686,0.6368057332226993,177.06700789008926
5402,1620600,450.1666666666667,0.4579026033937481,0.4579026033937481,0.3081230543259928,0.624908236382987,175.32599260697742
5403,1620900,450.25,0.4741205706203256,0.4741205706203256,0.3089755627274494,0.621154493052893,172.10950153265748
5404,1621200,450.3333333333333,0.4456042538741844,0.4456042538741844,0.3003294907252056,0.6182975698285562,171.75850618380798
5405,1621500,450.4166666666667,0.4322046154444182,0.4322046154444182,0.298906626377516,0.6109551409969185,170.53480885123145
5406,1621800,450.5,0.4232712474503847,0.4232712474503847,0.2901596990532772,0.5978084772452578,169.92500442716369
5407,1622100,450.5833333333333,0.4401276157648255,0.4401276157648255,0.3022494090235952,0.6138987191253188,170.37532549057008
5408,1622400,450.6666666666667,0.4395620148530125,0.4395620148530125,0.2928807506450783,0.6145103470873748,171.86188563898625
5409,1622700,450.75,0.4585673914460676,0.4585673914460676,0.3079155614577447,0.6250786845768154,174.35714442311664
5410,1623000,450.8333333333333,0.4379748637114097,0.4379748637114097,0.2982903311892249,0.6298152938121715,175.2755562397506
5411,1623300,450.9166666666667,0.439051805527046,0.439051805527046,0.3038180525666202,0.6230953720098966,174.93838743802667
5412,1623600,451.0,0.3960754360990755,0.3960754360990755,0.2843969059707794,0.602732737875245,173.54221957707128
5413,1623900,451.0833333333333,0.4012394796799785,0.4012394796799785,0.2915558185327269,0.6029107089060601,172.301352763594
5414,1624200,451.1666666666667,0.4324679422683924,0.4324679422683924,0.3034020457142205,0.6059304425735073,172.6083743652109
5415,1624500,451.25,0.4948130947212699,0.4948130947212699,0.3297112266065092,0.6130970407819265,171.1805511903253
5416,1624800,451.3333333333333,0.4643360350060981,0.4643360350060981,0.335394473656098,0.622163470881832,173.13910509792012
5417,1625100,451.4166666666667,0.4706004841657056,0.4706004841657056,0.3343512064026446,0.6289576828764537,173.42252786700763
5418,1625400,451.5,0.5198920800780658,0.5198920800780658,0.3593253966256944,0.6435982676731994,173.20472981957573
5419,1625700,451.5833333333333,0.5040888543971359,0.5040888543971359,0.35030243546528,0.6486459008123993,172.26191010592916
5420,1626000,451.6666666666667,0.4915151487487936,0.4915151487487936,0.3496401609292991,0.6563412884550041,170.52451015400953
5421,1626300,451.75,0.4949431659778369,0.4949431659778369,0.346649815624723,0.6644899428775372,170.87606957898373
5422,1626600,451.8333333333333,0.5070498074475152,0.5070498074475152,0.3438804037664499,0.6641004395257117,170.3551124169104
5423,1626900,451.9166666666667,0.4958661280338436,0.4958661280338436,0.3417709813707781,0.6557490850612027,168.20702117090187
5424,1627200,452.0,0.5092173968873369,0.5092173968873369,0.3457242220397892,0.6579312246989443,167.791601397158
5425,1627500,452.0833333333333,0.4955427509754028,0.4955427509754028,0.3402350812093497,0.6610946347105127,167.9431309125237
5426,1627800,452.1666666666667,0.4683878883402911,0.4683878883402911,0.334187407308944,0.6608784897853989,168.0482624471399
5427,1628100,452.25,0.4762245165808308,0.4762245165808308,0.3446146824298544,0.6642883239291428,169.80195071240004
5428,1628400,452.3333333333333,0.4996249244114172,0.4996249244114172,0.353946760381694,0.6623670851146438,172.4167619368228
5429,1628700,452.4166666666667,0.4980392739257062,0.4980392739257062,0.3549582015749145,0.6633807808557838,172.91763903233942
5430,1629000,452.5,0.4718658524273393,0.4718658524273393,0.3381437667083186,0.6608765787454173,171.3882139765654
5431,1629300,452.5833333333333,0.4627191516810655,0.4627191516810655,0.3346185433007473,0.6563716863405061,170.56464358740584
5432,1629600,452.6666666666667,0.4756617900425299,0.4756617900425299,0.3424777716074061,0.6459473477784631,169.7265388830212
5433,1629900,452.75,0.4893081032163726,0.4893081032163726,0.346008391787366,0.6410856272146956,169.8319522453781
5434,1630200,452.8333333333333,0.5051453911514455,0.5051453911514455,0.3512004693575292,0.6535418694931617,170.70466638148162
5435,1630500,452.9166666666667,0.4665986627758197,0.4665986627758197,0.3330798007637172,0.6521660663858195,173.06126577800092
5436,1630800,453.0,0.4786338081057424,0.4786338081057424,0.3349806881939703,0.6468720178241553,172.59049384302247
5437,1631100,453.0833333333333,0.5068774185521892,0.5068774185521892,0.335473804799587,0.6416188388560018,173.3032041566608
5438,1631400,453.1666666666667,0.5052431519134759,0.5052431519134759,0.3285059808691132,0.6378350815266008,170.63210849497705
5439,1631700,453.25,0.5306540427350417,0.5306540427350417,0.3476496655952141,0.645096940174167,169.6890975503288
5440,1632000,453.3333333333333,0.5326846969590561,0.5326846969590561,0.3495379553793104,0.6481199336260375,169.5143511703702
5441,1632300,453.4166666666667,0.5325131485132695,0.5325131485132695,0.3614625972460933,0.6529833880866454,168.39509834944025
5442,1632600,453.5,0.5443406706903046,0.5443406706903046,0.3704881855142787,0.6562229750602218,166.50927354116794
5443,1632900,453.5833333333333,0.53693084340793,0.53693084340793,0.35907811317099,0.6518686823868654,165.21021064816887
5444,1633200,453.6666666666667,0.5213097838022152,0.5213097838022152,0.3636027078176985,0.6542976065831234,165.24871862994817
5445,1633500,453.75,0.5331427791791568,0.5331427791791568,0.370160978224626,0.6575681814888659,164.36810417663438
5446,1633800,453.8333333333333,0.5361810959201798,0.5361810959201798,0.3726970754583503,0.661754988286825,163.87576658777397
5447,1634100,453.9166666666667,0.5364180933869562,0.5364180933869562,0.3741069267348912,0.6629880142754522,163.9178357950754
5448,1634400,454.0,0.4800812148195149,0.4800812148195149,0.3624623323257226,0.659564396056479,161.9363092611
5449,1634700,454.0833333333333,0.4730721316686472,0.4730721316686472,0.3572591380375174,0.6541514764956345,160.32863252431213
5450,1635000,454.1666666666667,0.4839444649997441,0.4839444649997441,0.3678000378012531,0.6547023354809692,161.7380976809499
5451,1635300,454.25,0.4917350277762063,0.4917350277762063,0.3626228456793821,0.6543904974538637,161.89697203771652
5452,1635600,454.3333333333333,0.4906767162517635,0.4906767162517635,0.367838998082256,0.6630896977182085,162.31569347235697
5453,1635900,454.4166666666667,0.4838200010015459,0.4838200010015459,0.3605742882024611,0.6648620643080618,163.64757034313683
5454,1636200,454.5,0.4797080548513849,0.4797080548513849,0.348523931354011,0.6604439631107498,163.74674300982153
5455,1636500,454.5833333333333,0.4692300342304326,0.4692300342304326,0.3450010712401909,0.6564430682103495,163.68233337388705
5456,1636800,454.6666666666667,0.4617337000079268,0.4617337000079268,0.3319674708978914,0.65616974743401,165.19066799887503
5457,1637100,454.75,0.4716720211871689,0.4716720211871689,0.3321674254288925,0.6523308096026956,168.14369934456604
5458,1637400,454.8333333333333,0.4744706094271034,0.4744706094271034,0.3217628886212478,0.6570368262764736,171.2572046292375
5459,1637700,454.9166666666667,0.4706658215281486,0.4706658215281486,0.3119011196608566,0.6249363576946797,169.52319505646372
5460,1638000,455.0,0.4804854973426946,0.4804854973426946,0.3155860908630763,0.6382688676601184,170.9569278486772
5461,1638300,455.0833333333333,0.5077993694879841,0.5077993694879841,0.3221981125715133,0.6421711199217224,175.2053310070427
5462,1638600,455.1666666666667,0.5074995866855735,0.5074995866855735,0.3164139323010742,0.6389064377968994,178.5983339544145
5463,1638900,455.25,0.5090448101999485,0.5090448101999485,0.3173174695303912,0.6370960326486433,180.4568224136812
5464,1639200,455.3333333333333,0.4882135455188333,0.4882135455188333,0.308253985840818,0.626787265610149,181.9579746077244
5465,1639500,455.4166666666667,0.5004963102536436,0.5004963102536436,0.3192703366836774,0.6378745913529787,180.66638961990185
5466,1639800,455.5,0.4858495112091425,0.4858495112091425,0.3119710881737668,0.6276460018518442,180.3605903881077
5467,1640100,455.5833333333333,0.4657861699517291,0.4657861699517291,0.3115273418283109,0.6435065260749369,173.75291809385254
5468,1640400,455.6666666666667,0.4811319618829738,0.4811319618829738,0.3130494908234183,0.6469114091768888,177.351352561532
5469,1640700,455.75,0.4813966718153172,0.4813966718153172,0.3095719426222342,0.6385182956446724,177.7865326128949
5470,1641000,455.8333333333333,0.498936140447631,0.498936140447631,0.3240968886005076,0.6427263219384134,177.8389712818247
5471,1641300,455.9166666666667,0.5089011590574313,0.5089011590574313,0.3144126478139757,0.6407840532443555,178.652583264657
5472,1641600,456.0,0.4863513489366433,0.4863513489366433,0.302588804493443,0.6233937504378254,177.66238473623994
5473,1641900,456.0833333333333,0.4977450895978051,0.4977450895978051,0.3138819686573377,0.6282820249083468,176.1231470573264
5474,1642200,456.1666666666667,0.5056737051143856,0.5056737051143856,0.3166259104002534,0.6325752010822203,175.21371594128578
5475,1642500,456.25,0.5119624735741725,0.5119624735741725,0.3129340804366898,0.6375898059076754,174.05942631395544
5476,1642800,456.3333333333333,0.5202290295246437,0.5202290295246437,0.3185730118064518,0.6331563012383372,174.2692614810399
5477,1643100,456.4166666666667,0.5229086755761464,0.5229086755761464,0.3271109477893721,0.6335820138175845,174.20140082542505
5478,1643400,456.5,0.5038752667280347,0.5038752667280347,0.3227850432997675,0.6307584139128772,173.42749212596894
5479,1643700,456.5833333333333,0.4942749157544938,0.4942749157544938,0.3229221253103409,0.6306109912897888,172.20316888932803
5480,1644000,456.6666666666667,0.4886386411457954,0.4886386411457954,0.3182480523703019,0.6252645661350752,169.87789749382753
5481,1644300,456.75,0.4968472311976866,0.4968472311976866,0.3207672795879227,0.6321274305450996,168.1091759596312
5482,1644600,456.8333333333333,0.4920588158853799,0.4920588158853799,0.3157089997345629,0.6172873691387526,167.93598910552984
5483,1644900,456.9166666666667,0.4910770049789909,0.4910770049789909,0.3256141656396151,0.6314629768118861,170.6405330937195
5484,1645200,457.0,0.4865581911285101,0.4865581911285101,0.3210579615931896,0.6306948108514179,172.37594819590075
5485,1645500,457.0833333333333,0.4903981769455569,0.4903981769455569,0.3205884685605503,0.6294825592072021,172.21227529313225
5486,1645800,457.1666666666667,0.4975418508216321,0.4975418508216321,0.3254979062005301,0.623117646683673,174.05092452215655
5487,1646100,457.25,0.4865563228994338,0.4865563228994338,0.3308078749785639,0.6324314929164159,173.21663372812563
5488,1646400,457.3333333333333,0.4850695703156316,0.4850695703156316,0.3291104114311171,0.6315081334872232,173.15057418157957
5489,1646700,457.4166666666667,0.4875578021392773,0.4875578021392773,0.3169706440136633,0.6197594787293825,171.46028596393194
5490,1647000,457.5,0.4894136464488018,0.4894136464488018,0.3159265373824479,0.6177453642076559,173.7666484944362
5491,1647300,457.5833333333333,0.5100419512369623,0.5100419512369623,0.3237203515473382,0.6258137453066258,175.57912005121182
5492,1647600,457.6666666666667,0.512223545424422,0.512223545424422,0.3245048243910099,0.6283523972703217,177.54982136427404
5493,1647900,457.75,0.525763438409944,0.525763438409944,0.3270284574617771,0.633851663666407,180.847521521358
5494,1648200,457.8333333333333,0.5172338500251074,0.5172338500251074,0.3215769816496199,0.6300249832209117,182.08277046615825
5495,1648500,457.9166666666667,0.5211376130889724,0.5211376130889724,0.322878371551368,0.6314194531117607,181.9730795978573
5496,1648800,458.0,0.5252441878872518,0.5252441878872518,0.3234867012429305,0.6359418147973723,182.74154451513667
5497,1649100,458.0833333333333,0.5397534774932186,0.5397534774932186,0.3278184524701997,0.6359324653398384,179.99785042286118
5498,1649400,458.1666666666667,0.534309539903437,0.534309539903437,0.3230384673382419,0.628600208616155,176.13911338006866
5499,1649700,458.25,0.4755047765505286,0.4755047765505286,0.3101158584870663,0.6240153326731932,166.16007830378936
5500,1650000,458.3333333333333,0.4789465821202306,0.4789465821202306,0.3057334316245516,0.6225440437978064,164.05275877712828
5501,1650300,458.4166666666667,0.5122379287282559,0.5122379287282559,0.3129658545467238,0.6325410524907145,164.14355369073672
5502,1650600,458.5,0.4960215568930077,0.4960215568930077,0.3150267062257929,0.5687718107506045,156.41081058135757
5503,1650900,458.5833333333333,0.4989939738758747,0.4989939738758747,0.3190755513726148,0.5672592434180186,161.67207334456202
5504,1651200,458.6666666666667,0.5062814349810412,0.5062814349810412,0.3236883266918633,0.5673764275128848,163.5887796831932
5505,1651500,458.75,0.5081049685844397,0.5081049685844397,0.3273636500363621,0.5644391746551999,163.52240966157223
5506,1651800,458.8333333333333,0.4971645759983985,0.4971645759983985,0.3292871286887461,0.562555517427614,163.2628976995888
5507,1652100,458.9166666666667,0.4834434170395507,0.4834434170395507,0.3277493646986738,0.5606662744625175,161.29129965544723
5508,1652400,459.0,0.5017398437413185,0.5017398437413185,0.3285251614137774,0.5569300475231002,160.31875288106917
5509,1652700,459.0833333333333,0.5000730058808792,0.5000730058808792,0.3286818758543307,0.5519602524464053,156.48423321564837
5510,1653000,459.1666666666667,0.4935938982593475,0.4935938982593475,0.3299568820319386,0.5502459493316988,157.57328351966393
5511,1653300,459.25,0.4836819649517699,0.4836819649517699,0.3262543337270524,0.5476618457353941,157.74429521426342
5512,1653600,459.3333333333333,0.4864646847874878,0.4864646847874878,0.3261712446100389,0.5486133582027204,157.82077128946375
5513,1653900,459.4166666666667,0.4924639772862588,0.4924639772862588,0.3279403921768916,0.5506049981389016,158.26161729707948
5514,1654200,459.5,0.4715219265341847,0.4715219265341847,0.3277855461040765,0.5514553329342207,158.30655929959366
5515,1654500,459.5833333333333,0.4647775282041566,0.4647775282041566,0.3260145150560271,0.5520904510592585,156.99475477844706
5516,1654800,459.6666666666667,0.4706072311192061,0.4706072311192061,0.3246323713997568,0.5521724020119387,155.94547182152294
5517,1655100,459.75,0.4669659686655417,0.4669659686655417,0.3248438044452868,0.5532430624772914,154.67609056606858
5518,1655400,459.8333333333333,0.4712499561554003,0.4712499561554003,0.3246850932523796,0.554594376735923,154.05677924003663
5519,1655700,459.9166666666667,0.4960241949526757,0.4960241949526757,0.325256354729835,0.5550558599508085,154.44653612309992
5520,1656000,460.0,0.4931655075932071,0.4931655075932071,0.3272833927344055,0.5535536050723827,155.4286610030901
5521,1656300,460.0833333333333,0.4730272771769061,0.4730272771769061,0.3262763357676039,0.5507277012162048,155.4722084649662
5522,1656600,460.1666666666667,0.4755743822657069,0.4755743822657069,0.3252577615011943,0.5491272923036001,155.5154551566516
5523,1656900,460.25,0.4815026792756089,0.4815026792756089,0.3241626360241507,0.5493748513113016,155.04629412790644
5524,1657200,460.3333333333333,0.4687395372954681,0.4687395372954681,0.3219056446313427,0.5488909566530821,155.04257037416912
5525,1657500,460.4166666666667,0.4794348647162761,0.4794348647162761,0.3250012086722177,0.5504488043851948,155.44419062104566
5526,1657800,460.5,0.4768414350089884,0.4768414350089884,0.324645645418344,0.551294735790487,155.19805163700363
5527,1658100,460.5833333333333,0.4797385657034702,0.4797385657034702,0.3222818888195456,0.5525070225119331,154.77114357105148
5528,1658400,460.6666666666667,0.4822210069837383,0.4822210069837383,0.3248170379021628,0.5536871916684334,155.4803025118673
5529,1658700,460.75,0.4717568599264497,0.4717568599264497,0.3230166911012963,0.5535443927475748,156.1627041838164
5530,1659000,460.8333333333333,0.4325068117617304,0.4325068117617304,0.3185209435337179,0.5535773353057265,155.88517735650558
5531,1659300,460.9166666666667,0.4713272009649755,0.4713272009649755,0.3186157360669929,0.5530765609415638,154.2846644684207
5532,1659600,461.0,0.4878381920209675,0.4878381920209675,0.3228362289247328,0.5547334125094759,157.68242903115552
5533,1659900,461.0833333333333,0.4929500346114979,0.4929500346114979,0.3233436847261197,0.5508764385571442,159.46023724401795
5534,1660200,461.1666666666667,0.4958032042339216,0.4958032042339216,0.3243994274848705,0.5504465221365493,161.79715687950466
5535,1660500,461.25,0.4939535293509342,0.4939535293509342,0.3235888942376639,0.5495114482483501,162.4031507231969
5536,1660800,461.3333333333333,0.4894153019975428,0.4894153019975428,0.3227365677300036,0.5494251124283778,162.37825483129183
5537,1661100,461.4166666666667,0.4770740920076339,0.4770740920076339,0.3226066588192709,0.5496313257494523,162.33438364925624
5538,1661400,461.5,0.4762327150221972,0.4762327150221972,0.3233349914837603,0.5515212957463197,162.9020960220963
5539,1661700,461.5833333333333,0.4865253226976527,0.4865253226976527,0.3215876635291964,0.5531063710642756,161.7086133115776
5540,1662000,461.6666666666667,0.5135757882913362,0.5135757882913362,0.3251935535997573,0.5544924142035594,162.3964635775541
5541,1662300,461.75,0.5124845049338124,0.5124845049338124,0.3247220944980374,0.5514306510471042,163.2121502451555
5542,1662600,461.8333333333333,0.508125616704222,0.508125616704222,0.325944239859221,0.5512661148052699,164.00524153833493
5543,1662900,461.9166666666667,0.5071999984552045,0.5071999984552045,0.3230683448425612,0.5478988210255245,163.31738794458178
5544,1663200,462.0,0.5032052531568934,0.5032052531568934,0.3242107591743369,0.5479816913701644,162.6853078296806
5545,1663500,462.0833333333333,0.5079926751634237,0.5079926751634237,0.3262578271991037,0.5482960063203332,162.32523334872815
5546,1663800,462.1666666666667,0.5070987803934544,0.5070987803934544,0.3260562514367318,0.5479733308770031,162.08080542819562
5547,1664100,462.25,0.4973947709712812,0.4973947709712812,0.3251856246921897,0.5492350448076623,162.52273285515238
5548,1664400,462.3333333333333,0.4969225523796923,0.4969225523796923,0.325972783616392,0.5502294120059884,162.27852109397358
5549,1664700,462.4166666666667,0.4956781666008984,0.4956781666008984,0.3253735867100892,0.5486825664119483,159.44308446108153
5550,1665000,462.5,0.4972121387544476,0.4972121387544476,0.3252585241887126,0.5518582783392647,160.82153692386743
5551,1665300,462.5833333333333,0.4931757094971032,0.4931757094971032,0.3240604137071043,0.5536175329397894,161.68533871572257
5552,1665600,462.6666666666667,0.4926446249174451,0.4926446249174451,0.3250406512737372,0.5561481078352716,164.42339049825972
5553,1665900,462.75,0.4931194455224894,0.4931194455224894,0.3260691439662135,0.558803793037598,167.67487212788484
5554,1666200,462.8333333333333,0.4967802245789872,0.4967802245789872,0.327511194105483,0.5599224639602673,169.0768559057333
5555,1666500,462.9166666666667,0.4990638430780857,0.4990638430780857,0.325892684276064,0.5583819016478119,167.26592244743262
5556,1666800,463.0,0.4993372610782476,0.4993372610782476,0.325921839074713,0.557839798651149,166.51662137069343
5557,1667100,463.0833333333333,0.4945924587788518,0.4945924587788518,0.3253656608063715,0.559173794350858,166.58848295773998
5558,1667400,463.1666666666667,0.4903360308488447,0.4903360308488447,0.3250160848093918,0.5606454857188818,167.048241502061
5559,1667700,463.25,0.4905083139261026,0.4905083139261026,0.3241471029156418,0.5625294035369126,167.5195062383762
5560,1668000,463.3333333333333,0.4879812536885866,0.4879812536885866,0.3241055642736157,0.5657194623566387,168.66403903341714
5561,1668300,463.4166666666667,0.5124847252630775,0.5124847252630775,0.3274215032423854,0.5704998520953181,170.93673604772937
5562,1668600,463.5,0.5163149988216486,0.5163149988216486,0.3283260407080116,0.5715873715936394,173.31485436970766
5563,1668900,463.5833333333333,0.5116282440498704,0.5116282440498704,0.3288529597682261,0.5711911032987819,173.84755509297096
5564,1669200,463.6666666666667,0.5081622813468054,0.5081622813468054,0.3295468043883771,0.570354743809474,173.54693000803988
5565,1669500,463.75,0.4987122591804053,0.4987122591804053,0.328262171173173,0.5682983500170514,172.16787688579694
5566,1669800,463.8333333333333,0.5111044823081933,0.5111044823081933,0.3289227792762337,0.5674108955153883,171.29930129669634
5567,1670100,463.9166666666667,0.5006317256282677,0.5006317256282677,0.3270787155177711,0.5620268533405178,168.21619669628407
5568,1670400,464.0,0.4746048705261048,0.4746048705261048,0.3210095763448688,0.5586648129777467,165.8175620659007
5569,1670700,464.0833333333333,0.4671354946852287,0.4671354946852287,0.3201756247245572,0.5615043890109263,164.47662388830926
5570,1671000,464.1666666666667,0.4166322800367821,0.4166322800367821,0.3150665153759993,0.5660863564555303,163.02910950281276
5571,1671300,464.25,0.4395644858521876,0.4395644858521876,0.3155538995108034,0.5726326495251554,160.2777586627753
5572,1671600,464.3333333333333,0.456191954502289,0.456191954502289,0.3148260895482213,0.5822919191068268,159.79307217970796
5573,1671900,464.4166666666667,0.513970917000708,0.513970917000708,0.3266599931062008,0.588841723116955,165.94735169486466
5574,1672200,464.5,0.5229126720203695,0.5229126720203695,0.3295554327121937,0.5859696985211438,169.83298664808703
5575,1672500,464.5833333333333,0.5098935105652146,0.5098935105652146,0.3280121675293876,0.580525614606598,170.4264974487248
5576,1672800,464.6666666666667,0.4948120478545206,0.4948120478545206,0.325452035251356,0.5736794403925594,169.40326906588223
5577,1673100,464.75,0.4975721714022871,0.4975721714022871,0.3251390614096883,0.5717296944261284,168.93774479344825
5578,1673400,464.8333333333333,0.4974093375192439,0.4974093375192439,0.3246783782969835,0.5701538959396216,168.81507219378125
5579,1673700,464.9166666666667,0.4902242657034831,0.4902242657034831,0.3210957709098919,0.5643272686663431,166.71655889656245
5580,1674000,465.0,0.4916351460577368,0.4916351460577368,0.3190763418096104,0.5616678252834355,166.77525050781884
5581,1674300,465.0833333333333,0.4843271653471027,0.4843271653471027,0.3177895139068764,0.5611302872975159,166.7016702326261
5582,1674600,465.1666666666667,0.4828486674106103,0.4828486674106103,0.3192964645480293,0.5620795393900797,165.92671010119463
5583,1674900,465.25,0.495359498666874,0.495359498666874,0.3209940248851316,0.5663371665455488,166.46545878112096
5584,1675200,465.3333333333333,0.4905070988253238,0.4905070988253238,0.3210126343222958,0.5689182572130361,167.1656097146459
5585,1675500,465.4166666666667,0.4959125413201006,0.4959125413201006,0.3219762553726936,0.5724454784432084,168.43136470501307
5586,1675800,465.5,0.4962034239995669,0.4962034239995669,0.3212574776087966,0.5748031030869591,169.74032358874427
5587,1676100,465.5833333333333,0.4884083094707309,0.4884083094707309,0.3202742097436875,0.5775756936691384,170.42133276725775
5588,1676400,465.6666666666667,0.5089739226364863,0.5089739226364863,0.322708494921905,0.5808825656583958,171.62399670387865
5589,1676700,465.75,0.5111845445608714,0.5111845445608714,0.3241066549561732,0.5820832667585654,172.27694280407954
5590,1677000,465.8333333333333,0.5055925131933892,0.5055925131933892,0.3225583143800929,0.5802684863368037,170.35967776921785
5591,1677300,465.9166666666667,0.4718830954308083,0.4718830954308083,0.3159581523912693,0.5730561542656303,166.93684723056916
5592,1677600,466.0,0.4657070357625097,0.4657070357625097,0.3139699001622394,0.5742572139918329,166.32728276969644
5593,1677900,466.0833333333333,0.4747683910316363,0.4747683910316363,0.3142416741358944,0.5804568012692779,167.434680512312
5594,1678200,466.1666666666667,0.4804983109956727,0.4804983109956727,0.315397503172923,0.5835467727476562,169.19242106947982
5595,1678500,466.25,0.4961790807801165,0.4961790807801165,0.3193105984373907,0.5876117360424656,171.4627474823849
5596,1678800,466.3333333333333,0.4948041764282796,0.4948041764282796,0.3190025358477308,0.5872810091955861,173.2743461728111
5597,1679100,466.4166666666667,0.4914724843776861,0.4914724843776861,0.318647554963312,0.5900030312535225,174.9937246493192
5598,1679400,466.5,0.4749881839364526,0.4749881839364526,0.3169476442220739,0.5916078261243654,174.98932864684684
5599,1679700,466.5833333333333,0.4295904181259983,0.4295904181259983,0.3102440956187067,0.5930813805653228,171.64442552096267
5600,1680000,466.6666666666667,0.4156834567465423,0.4156834567465423,0.3069807690333552,0.5965149696280324,167.6943254794368
5601,1680300,466.75,0.4433134240832767,0.4433134240832767,0.3109197250226652,0.6062730139833161,167.62967157663232
5602,1680600,466.8333333333333,0.4739564278261453,0.4739564278261453,0.3173726603267628,0.6117453841659111,168.55345995645249
5603,1680900,466.9166666666667,0.4958955120265004,0.4958955120265004,0.3203317036473657,0.6125523688347374,171.13252186817607
5604,1681200,467.0,0.50997826879657,0.50997826879657,0.3240587785930866,0.606375889485563,173.13193356973662
5605,1681500,467.0833333333333,0.5079305176085168,0.5079305176085168,0.3224861235919496,0.5959961899605345,173.29778077579397
5606,1681800,467.1666666666667,0.4853929176916016,0.4853929176916016,0.3188976968663882,0.5876905752616826,172.3580559756162
5607,1682100,467.25,0.4857484938858711,0.4857484938858711,0.3170121396771653,0.5868345427917804,173.0534881565532
5608,1682400,467.3333333333333,0.4868246430921309,0.4868246430921309,0.3163117496859978,0.5912033948172324,174.65388613099338
5609,1682700,467.4166666666667,0.4904701704173968,0.4904701704173968,0.3155743946618628,0.5956097053359555,175.825855988039
5610,1683000,467.5,0.4818710470989545,0.4818710470989545,0.3154491844646385,0.5992756916359777,175.88556911821686
5611,1683300,467.5833333333333,0.4825078927594609,0.4825078927594609,0.3171879769050076,0.5999000182734813,176.86301184457164
5612,1683600,467.6666666666667,0.4906549770689821,0.4906549770689821,0.3189857170608221,0.601420017335094,178.12114553933523
5613,1683900,467.75,0.5005841604022323,0.5005841604022323,0.3211128609472606,0.6016315302454422,179.0313643615158
5614,1684200,467.8333333333333,0.4997343546102444,0.4997343546102444,0.3219199193199836,0.6010099670504739,177.3844375009065
5615,1684500,467.9166666666667,0.487017674553663,0.487017674553663,0.3194421930202647,0.5916957015115238,174.82027796959736
5616,1684800,468.0,0.4527465120440955,0.4527465120440955,0.3098791157517316,0.5626326027881735,167.5089917910676
5617,1685100,468.0833333333333,0.434893079124751,0.434893079124751,0.3118803195414618,0.5642887980587676,167.87024423660097
5618,1685400,468.1666666666667,0.4175657844446501,0.4175657844446501,0.3110853375549779,0.5716142473089941,168.14603939187705
5619,1685700,468.25,0.4257578376980291,0.4257578376980291,0.3104296853701627,0.5818347775728814,169.02907991217958
5620,1686000,468.3333333333333,0.4661078308538467,0.4661078308538467,0.3137988570844183,0.5886808049882521,168.2568386081297
5621,1686300,468.4166666666667,0.4795366837980317,0.4795366837980317,0.3143223466865413,0.595821684118788,171.75148130268272
5622,1686600,468.5,0.4783733190803423,0.4783733190803423,0.3155518009761565,0.6019031403993946,174.80878505127967
5623,1686900,468.5833333333333,0.4780944259890317,0.4780944259890317,0.3151691910500818,0.6011012818776469,176.26978479517655
5624,1687200,468.6666666666667,0.4771042285306478,0.4771042285306478,0.3172861089930506,0.6001033027275628,177.04356247633194
5625,1687500,468.75,0.4773286512885185,0.4773286512885185,0.3191943774994615,0.5967726452304515,177.08475691507854
5626,1687800,468.8333333333333,0.4904979502310877,0.4904979502310877,0.3181409736878511,0.598991961766298,176.05243073761676
5627,1688100,468.9166666666667,0.4697059142631977,0.4697059142631977,0.3158874947102345,0.5925465231324805,173.4391375747768
5628,1688400,469.0,0.4554383734369155,0.4554383734369155,0.3142521577232397,0.5906896367214619,171.74744794291146
5629,1688700,469.0833333333333,0.4468788938259627,0.4468788938259627,0.3107367768888244,0.5936378030330047,170.09116579793547
5630,1689000,469.1666666666667,0.4259769377857214,0.4259769377857214,0.3106373592973394,0.6023607971295313,170.4004933085732
5631,1689300,469.25,0.380677888122571,0.380677888122571,0.3078971662019427,0.6042438998161307,167.67062994887723
5632,1689600,469.3333333333333,0.3624101544783358,0.3624101544783358,0.3057415659834693,0.6130758315567088,166.84201118232963
5633,1689900,469.4166666666667,0.3602555129444897,0.3602555129444897,0.3012972437439856,0.613321633264763,166.12151143412086
5634,1690200,469.5,0.3556108051070089,0.3556108051070089,0.3043009859887613,0.6295816735231489,167.13370734112564
5635,1690500,469.5833333333333,0.3734965651600267,0.3734965651600267,0.3102253922313855,0.6393837784804662,168.27619396665943
5636,1690800,469.6666666666667,0.3807670617110846,0.3807670617110846,0.3131734486019821,0.6488543345916818,170.85599516601653
5637,1691100,469.75,0.3944270297342911,0.3944270297342911,0.3206209356381232,0.6576954897427255,170.30732184574197
5638,1691400,469.8333333333333,0.4344711731032994,0.4344711731032994,0.3318881158105858,0.6648782580103767,170.8854518955862
5639,1691700,469.9166666666667,0.4200035572972989,0.4200035572972989,0.3326979042178072,0.6675467773752353,172.0837173739153
5640,1692000,470.0,0.406652933504524,0.406652933504524,0.3257173150535533,0.6687471867576849,173.01424853095696
5641,1692300,470.0833333333333,0.4207354786919381,0.4207354786919381,0.332916207236003,0.6727809273130534,173.3085312550175
5642,1692600,470.1666666666667,0.4172398949057085,0.4172398949057085,0.3252098177506666,0.6761234039213603,174.14251292874542
5643,1692900,470.25,0.430108039262818,0.430108039262818,0.3220037033887428,0.6772468527158119,173.7722644650351
5644,1693200,470.3333333333333,0.4473975651293991,0.4473975651293991,0.3343035519916512,0.6777666152195905,174.1689769630813
5645,1693500,470.4166666666667,0.4275150913063156,0.4275150913063156,0.3292883348426162,0.6726406207406704,175.1402551692889
5646,1693800,470.5,0.4463771941677837,0.4463771941677837,0.3339835670824962,0.6760538717777695,176.6686773591524
5647,1694100,470.5833333333333,0.4557814466665963,0.4557814466665963,0.3356002979090409,0.677391429041041,177.70460583576502
5648,1694400,470.6666666666667,0.4472972807219371,0.4472972807219371,0.3307469617334832,0.67316248787149,175.91529096385202
5649,1694700,470.75,0.4368582517681507,0.4368582517681507,0.325879099021593,0.6732813928154707,175.22114579433443
5650,1695000,470.8333333333333,0.4415273706146554,0.4415273706146554,0.3265017207151608,0.6768969297530278,175.93466195784816
5651,1695300,470.9166666666667,0.4437527355017236,0.4437527355017236,0.3287517112074167,0.67994642432214,176.2150283361643
5652,1695600,471.0,0.4304565129700887,0.4304565129700887,0.3246066817523694,0.67975213606215,177.2214944244549
5653,1695900,471.0833333333333,0.432728105592558,0.432728105592558,0.3270705249749533,0.6835107482382662,178.71297851803365
5654,1696200,471.1666666666667,0.438554670036009,0.438554670036009,0.3269971393385077,0.683696919022754,179.82225175388515
5655,1696500,471.25,0.4398823304010572,0.4398823304010572,0.3269298552109661,0.6834308358076345,179.37165623339183
5656,1696800,471.3333333333333,0.4538964043667737,0.4538964043667737,0.3273033144416111,0.6862185665572212,179.31779538914665
5657,1697100,471.4166666666667,0.4559894355892558,0.4559894355892558,0.3264099807925351,0.6865095900791373,179.207656577853
5658,1697400,471.5,0.4367269259519811,0.4367269259519811,0.3224451041025346,0.6832438505862654,178.41800067861118
5659,1697700,471.5833333333333,0.4322445960917913,0.4322445960917913,0.3250559399075149,0.6818151821864378,177.79044592859634
5660,1698000,471.6666666666667,0.427235445695594,0.427235445695594,0.2898357572067891,0.5878079676029466,158.47053959891906
5661,1698300,471.75,0.4509567095383059,0.4509567095383059,0.3111588812199103,0.6232136818364026,164.2704228206681
5662,1698600,471.8333333333333,0.4488788596982881,0.4488788596982881,0.318972529046904,0.6371129348026049,167.31521203568334
5663,1698900,471.9166666666667,0.4618627027908411,0.4618627027908411,0.3193604564967225,0.6452560619629922,168.42387791178828
5664,1699200,472.0,0.4450269106479048,0.4450269106479048,0.3112831473386877,0.6509307278209442,168.70077843333357
5665,1699500,472.0833333333333,0.4400301446027418,0.4400301446027418,0.3140057146337126,0.6528914906861037,169.9112475420786
5666,1699800,472.1666666666667,0.4420601198143267,0.4420601198143267,0.321455798693151,0.6652211780249411,170.82671577816183
5667,1700100,472.25,0.4440265260860278,0.4440265260860278,0.3167291521965469,0.6549519083617483,171.05791386499357
5668,1700400,472.3333333333333,0.4563951194619687,0.4563951194619687,0.3219843224940958,0.6491091883843125,172.37195720912686
5669,1700700,472.4166666666667,0.482728016475856,0.482728016475856,0.3392542045905024,0.6562199714731984,174.38875189285577
5670,1701000,472.5,0.4861611121916548,0.4861611121916548,0.3384022380729213,0.6602929864839424,178.25895627068954
5671,1701300,472.5833333333333,0.4881759862589641,0.4881759862589641,0.3390747094542042,0.6604039268765035,179.82281131634144
5672,1701600,472.6666666666667,0.4996408172022923,0.4996408172022923,0.3427523009492672,0.6587743639001268,177.73030447349754
5673,1701900,472.75,0.5046577331471618,0.5046577331471618,0.340952202711049,0.6585565647668893,175.73619874598137
5674,1702200,472.8333333333333,0.5085560075876624,0.5085560075876624,0.3437558802484275,0.6599903324799552,174.5925314524519
5675,1702500,472.9166666666667,0.5108414843063542,0.5108414843063542,0.3451019095366359,0.6624850397018858,170.39426888968663
5676,1702800,473.0,0.5271255911353813,0.5271255911353813,0.3547491414635655,0.663507221723674,167.85011200692844
5677,1703100,473.0833333333333,0.522879034619991,0.522879034619991,0.3547377264596588,0.6629789487133176,167.26182413597988
5678,1703400,473.1666666666667,0.507941648962296,0.507941648962296,0.3564181583225018,0.66232642987865,167.0321735338475
5679,1703700,473.25,0.4692559617920799,0.4692559617920799,0.3381448838603423,0.6561578621863806,166.12719185079274
5680,1704000,473.3333333333333,0.4866197189196121,0.4866197189196121,0.3360253191740697,0.6497397518758964,164.44266843460133
5681,1704300,473.4166666666667,0.5025810093190481,0.5025810093190481,0.334939834911131,0.6473031401706912,164.34570084420892
5682,1704600,473.5,0.4638092738386333,0.4638092738386333,0.3083281488916837,0.648298563184621,166.09545389924165
5683,1704900,473.5833333333333,0.4628572251695423,0.4628572251695423,0.3186841543236019,0.636896275339828,167.4142825978364
5684,1705200,473.6666666666667,0.4667893770397985,0.4667893770397985,0.3272547519767962,0.6506962140821246,167.65739909558158
5685,1705500,473.75,0.4523728449097172,0.4523728449097172,0.3389824388036157,0.6591523906207131,167.2763851906503
5686,1705800,473.8333333333333,0.4557641257429441,0.4557641257429441,0.3400468678963425,0.6629019716016414,168.9383399750681
5687,1706100,473.9166666666667,0.4739287335698194,0.4739287335698194,0.34463029460209,0.6675934875883704,169.6126027582179
5688,1706400,474.0,0.4708743484039614,0.4708743484039614,0.3436381058964304,0.6679083762130136,170.0592641286599
5689,1706700,474.0833333333333,0.4634894277991312,0.4634894277991312,0.3449863642211859,0.6692202305406107,169.0966651797095
5690,1707000,474.1666666666667,0.4624526742245774,0.4624526742245774,0.3490507977484408,0.6711894927767649,168.04033089180206
5691,1707300,474.25,0.4791778472593412,0.4791778472593412,0.348678247009538,0.672894086665291,167.15320345567997
5692,1707600,474.3333333333333,0.4837962716575555,0.4837962716575555,0.3467258110278989,0.6768507143346248,166.7524689311971
5693,1707900,474.4166666666667,0.498485228999592,0.498485228999592,0.3580957086909275,0.6782405014503569,166.5566336940345
5694,1708200,474.5,0.5200194530942788,0.5200194530942788,0.3619224322405823,0.67710445784165,166.99120236311566
5695,1708500,474.5833333333333,0.4994903903839018,0.4994903903839018,0.3606020370351528,0.6772107697890707,166.43288930205125
5696,1708800,474.6666666666667,0.4821743264559505,0.4821743264559505,0.3544210225480073,0.668763569811001,164.7242210096163
5697,1709100,474.75,0.4704920778919365,0.4704920778919365,0.3509435864105761,0.6655283001394044,162.32378158644798
5698,1709400,474.8333333333333,0.4860892273528091,0.4860892273528091,0.3538194979178025,0.66734979965514,162.92608438909343
5699,1709700,474.9166666666667,0.4924185971813108,0.4924185971813108,0.358502785437544,0.6684853965372016,161.955734939292
5700,1710000,475.0,0.4822765500268632,0.4822765500268632,0.3558754082106228,0.6672033564404841,162.7715161565977
5701,1710300,475.0833333333333,0.4700438824064508,0.4700438824064508,0.34384547166099,0.6660221289114633,161.35851136892876
5702,1710600,475.1666666666667,0.5199430237506616,0.5199430237506616,0.3638736717486222,0.6715620324533608,161.74881995883715
5703,1710900,475.25,0.5278841183664946,0.5278841183664946,0.3684215588306942,0.6786697912710539,161.78286634384463
5704,1711200,475.3333333333333,0.5150663082997687,0.5150663082997687,0.3635590413445057,0.6731649034816239,159.36896544072854
5705,1711500,475.4166666666667,0.4869051880075112,0.4869051880075112,0.3615932201924803,0.6722259207437741,158.66840819060823
5706,1711800,475.5,0.4817062578417489,0.4817062578417489,0.3602327815252936,0.6758345704477619,158.5760886608265
5707,1712100,475.5833333333333,0.4784082645029986,0.4784082645029986,0.3591859106030489,0.6776213728348969,158.111774459978
5708,1712400,475.6666666666667,0.4858785775096605,0.4858785775096605,0.3589270823658259,0.680297775741706,158.95127852396402
5709,1712700,475.75,0.4819671722775111,0.4819671722775111,0.3544568401761742,0.6695210887145693,158.7878512200305
5710,1713000,475.8333333333333,0.50132636938603,0.50132636938603,0.3554026734397481,0.6731508018622399,159.42874699460833
5711,1713300,475.9166666666667,0.4810164949130392,0.4810164949130392,0.345611723376333,0.6706453878373815,158.74457609603644
5712,1713600,476.0,0.4621275180265177,0.4621275180265177,0.3377624708596352,0.6698726228518114,158.66911174499248
5713,1713900,476.0833333333333,0.4383858721337925,0.4383858721337925,0.3356416718554414,0.6676872877440244,157.74859296353193
5714,1714200,476.1666666666667,0.4380451089169194,0.4380451089169194,0.3265583865597471,0.6713943348640473,159.63581643474612
5715,1714500,476.25,0.4441641229457153,0.4441641229457153,0.3319974447321912,0.6725587124527376,158.75939610274287
5716,1714800,476.3333333333333,0.468484595743659,0.468484595743659,0.345942331278993,0.6761053017851548,158.5706003974704
5717,1715100,476.4166666666667,0.4891818725356411,0.4891818725356411,0.3600361238881496,0.6784882892957989,158.4745479626715
5718,1715400,476.5,0.5057468319307578,0.5057468319307578,0.3726468796796944,0.6821578208642636,158.8262135534119
5719,1715700,476.5833333333333,0.5000595810428148,0.5000595810428148,0.3711132302930264,0.6797450402243623,157.2368933488219
5720,1716000,476.6666666666667,0.4927878831990763,0.4927878831990763,0.3755866933830975,0.6799095601421982,157.07550801669794
5721,1716300,476.75,0.4972720338581224,0.4972720338581224,0.3734382761604289,0.679123967652737,156.42302454097356
5722,1716600,476.8333333333333,0.498213978532927,0.498213978532927,0.3659524389345092,0.6737699424339678,154.7514338723989
5723,1716900,476.9166666666667,0.4860236068750386,0.4860236068750386,0.3546187577905271,0.6642106519819871,153.24585196718644
5724,1717200,477.0,0.4975101154186655,0.4975101154186655,0.3648656413181732,0.6667967715972407,153.29831107016702
5725,1717500,477.0833333333333,0.4951947568877913,0.4951947568877913,0.3661412539520888,0.6709004671593017,154.05305758597325
5726,1717800,477.1666666666667,0.4964396669185892,0.4964396669185892,0.3655731560277432,0.6778295613284813,155.61702175420217
5727,1718100,477.25,0.5092530730196522,0.5092530730196522,0.3650256774939556,0.6804824930651109,155.96628488938043
5728,1718400,477.3333333333333,0.5278199163303937,0.5278199163303937,0.3695300019288831,0.6879350212235112,156.53595820066144
5729,1718700,477.4166666666667,0.5172081525678759,0.5172081525678759,0.3656242081043552,0.6851753401157876,156.6352446463885
5730,1719000,477.5,0.5218686114577628,0.5218686114577628,0.3672405295638025,0.6809543789480889,155.9381294814638
5731,1719300,477.5833333333333,0.5228450836392483,0.5228450836392483,0.3713276551731855,0.6801889085415946,154.8934034659568
5732,1719600,477.6666666666667,0.5057720061834093,0.5057720061834093,0.3696233396449708,0.674159786296852,155.80957969496808
5733,1719900,477.75,0.484013107682787,0.484013107682787,0.3714294881309963,0.6732545712531796,155.2892108447559
5734,1720200,477.8333333333333,0.4894871379820123,0.4894871379820123,0.3703059547377031,0.6767413145448485,157.23602545656567
5735,1720500,477.9166666666667,0.4907382163268841,0.4907382163268841,0.3660446008450259,0.6825083105705402,158.65385852723642
5736,1720800,478.0,0.4911202366965934,0.4911202366965934,0.3626940301268406,0.6831658108887018,158.96600461400087
5737,1721100,478.0833333333333,0.4857942947065222,0.4857942947065222,0.3698056390968146,0.6831178479116139,159.17367835078653
5738,1721400,478.1666666666667,0.4830047451205732,0.4830047451205732,0.3681198492632585,0.6823681915766956,158.92902154587145
5739,1721700,478.25,0.4540362336288907,0.4540362336288907,0.3642807432263261,0.6757526307580374,157.5038210115258
5740,1722000,478.3333333333333,0.4464266450166987,0.4464266450166987,0.3576272061873878,0.6749935896340206,156.65823046880416
5741,1722300,478.4166666666667,0.4508744936480701,0.4508744936480701,0.3494023574148412,0.6734162366386565,155.41100650563772
5742,1722600,478.5,0.4792963483810617,0.4792963483810617,0.3626462167724951,0.6730984669489539,155.55579884593456
5743,1722900,478.5833333333333,0.4922468426314288,0.4922468426314288,0.3618991473321389,0.6763051418094366,157.97364712309013
5744,1723200,478.6666666666667,0.4781216552794836,0.4781216552794836,0.3593873717004373,0.6779513211784203,159.47006447265954
5745,1723500,478.75,0.4667461715416072,0.4667461715416072,0.3606700427259421,0.6777900910140106,159.18714242870485
5746,1723800,478.8333333333333,0.4927633730673832,0.4927633730673832,0.3596368565643688,0.6788487152412781,159.58937932595467
5747,1724100,478.9166666666667,0.4822694508677175,0.4822694508677175,0.3524166569189443,0.6762449610066151,160.29179907015012
5748,1724400,479.0,0.4788373408582099,0.4788373408582099,0.3428954178907591,0.6749072539033594,160.85734800755648
5749,1724700,479.0833333333333,0.43094083725546,0.43094083725546,0.324411183880295,0.666511136810606,162.29095950670953
5750,1725000,479.1666666666667,0.433244872931373,0.433244872931373,0.3161078106942778,0.6646898200274052,162.85734365774232
5751,1725300,479.25,0.4470041051576642,0.4470041051576642,0.3102149952720082,0.6612947093255905,163.98375481020096
5752,1725600,479.3333333333333,0.4429808192998264,0.4429808192998264,0.3067588137553202,0.6666758614229846,163.61815013077415
5753,1725900,479.4166666666667,0.4393092747312132,0.4393092747312132,0.2983231607478596,0.6632136357700271,162.19725546513914
5754,1726200,479.5,0.4354917972559277,0.4354917972559277,0.3037943831306005,0.6686942904394264,162.75637007344926
5755,1726500,479.5833333333333,0.4295494167582552,0.4295494167582552,0.3018196491845775,0.6782301311727429,162.3501039046324
5756,1726800,479.6666666666667,0.4364195735385991,0.4364195735385991,0.3082406533683854,0.6896298683437075,162.0146008417194
5757,1727100,479.75,0.4195787137921862,0.4195787137921862,0.2955234407615442,0.6809132127012733,160.96567894753554
5758,1727400,479.8333333333333,0.4420071923506232,0.4420071923506232,0.3058950799035523,0.6933512280183808,162.50327858386632
5759,1727700,479.9166666666667,0.4394441725168155,0.4394441725168155,0.3022448087462986,0.6989495718628168,163.3534144150531
5760,1728000,480.0,0.4554151210003832,0.4554151210003832,0.3151229787267777,0.7063232621893677,164.65194513549034
5761,1728300,480.0833333333333,0.4440671791694542,0.4440671791694542,0.3099340422949818,0.69704312176351,165.0348891890135
5762,1728600,480.1666666666667,0.4517179712412405,0.4517179712412405,0.3118740628737404,0.6926265924324092,165.226697524933
5763,1728900,480.25,0.4544394479245143,0.4544394479245143,0.3095232887295198,0.6895270851033717,167.45308025241508
5764,1729200,480.3333333333333,0.4896459097833664,0.4896459097833664,0.3101217787193824,0.7030444846333973,170.96238809242658
5765,1729500,480.4166666666667,0.4926000986020741,0.4926000986020741,0.3074335453532332,0.698464344095597,174.86611788294306
5766,1729800,480.5,0.4947225110023593,0.4947225110023593,0.3072007662202016,0.6959403052947236,180.43588229946465
5767,1730100,480.5833333333333,0.4992136531287532,0.4992136531287532,0.3093288362710635,0.6920333034126599,180.8269503888592
5768,1730400,480.6666666666667,0.4899270949525064,0.4899270949525064,0.3124965152754049,0.6937192081133153,180.14899621767125
5769,1730700,480.75,0.4886369817613791,0.4886369817613791,0.3192174939796255,0.6977553880744057,176.0751927943596
5770,1731000,480.8333333333333,0.4765758510527955,0.4765758510527955,0.3212288715117173,0.6932726540152165,174.54880171333514
5771,1731300,480.9166666666667,0.4822964295139161,0.4822964295139161,0.3229983868637703,0.6953030292580754,176.3518475881192
5772,1731600,481.0,0.4690775207387738,0.4690775207387738,0.3168703499848273,0.6778435107169107,171.35015741272284
5773,1731900,481.0833333333333,0.458478606458289,0.458478606458289,0.313851750438478,0.6683221956952135,168.1732994483058
5774,1732200,481.1666666666667,0.4643577843731875,0.4643577843731875,0.3154110853755117,0.6727991976300461,168.04817825544552
5775,1732500,481.25,0.4658450157755506,0.4658450157755506,0.3115859799675307,0.6676615023198682,165.36350397584383
5776,1732800,481.3333333333333,0.4672427534087883,0.4672427534087883,0.3123513164559017,0.6678959170008101,167.55274409953432
5777,1733100,481.4166666666667,0.4848693446415231,0.4848693446415231,0.3179838265829947,0.684667083596797,173.92388942180986
5778,1733400,481.5,0.4567293530557196,0.4567293530557196,0.3164328153540447,0.6808999228283625,169.80344287984414
5779,1733700,481.5833333333333,0.4453570743886437,0.4453570743886437,0.3193684064275843,0.6860241397609532,167.36705910449407
5780,1734000,481.6666666666667,0.4604715612845683,0.4604715612845683,0.3240954284745512,0.6936894265616816,169.93209842718957
5781,1734300,481.75,0.4741305033495097,0.4741305033495097,0.3252311492763301,0.6952773209401188,171.26300934377426
5782,1734600,481.8333333333333,0.4681015944967866,0.4681015944967866,0.3187021584593659,0.6929405553713283,169.24350377008395
5783,1734900,481.9166666666667,0.4609655027115283,0.4609655027115283,0.3200069655612307,0.6919813539884688,170.43055525672693
5784,1735200,482.0,0.4742822461999932,0.4742822461999932,0.3198950742999296,0.6871868294800301,170.97166201300297
5785,1735500,482.0833333333333,0.4781004685040541,0.4781004685040541,0.3206981776776008,0.6871720727727324,172.02192409183436
5786,1735800,482.1666666666667,0.5057079825698313,0.5057079825698313,0.3269992140708029,0.6981484193455921,171.2037744510434
5787,1736100,482.25,0.4812382935581265,0.4812382935581265,0.3142376451906112,0.6028488568326416,160.08489332958513
5788,1736400,482.3333333333333,0.4570938161131498,0.4570938161131498,0.3037830812516048,0.5762866569381817,157.39755875034217
5789,1736700,482.4166666666667,0.4665357076883104,0.4665357076883104,0.3116713655563083,0.5895621238013073,161.1753860797561
5790,1737000,482.5,0.4753146304818705,0.4753146304818705,0.3147517235198403,0.6049778510637243,161.030419460087
5791,1737300,482.5833333333333,0.4618492862967708,0.4618492862967708,0.3108762150529855,0.59641477768771,156.97450138871756
5792,1737600,482.6666666666667,0.4436061911655136,0.4436061911655136,0.3091611784656004,0.6097485900179628,161.29858600306545
5793,1737900,482.75,0.4016351941130704,0.4016351941130704,0.3056883061396105,0.6169619276784989,162.432583259402
5794,1738200,482.8333333333333,0.398142352093043,0.398142352093043,0.3040896674358621,0.6217995503970909,161.7575006524266
5795,1738500,482.9166666666667,0.412949327845457,0.412949327845457,0.3032682346335856,0.6300306577966427,163.74698474215478
5796,1738800,483.0,0.4185591517346567,0.4185591517346567,0.3120330435124211,0.6497839059472126,166.01586624536608
5797,1739100,483.0833333333333,0.4359000666017236,0.4359000666017236,0.3194621594598317,0.6570268521862737,166.01867485299866
5798,1739400,483.1666666666667,0.4382461300347839,0.4382461300347839,0.3232635181738256,0.6575133004162872,165.60345718862044
5799,1739700,483.25,0.4351060657212429,0.4351060657212429,0.3218904558617276,0.6539690149301618,163.3600181436328
5800,1740000,483.3333333333333,0.4073798325279602,0.4073798325279602,0.3186841783890837,0.6530546871170215,162.54100748843848
5801,1740300,483.4166666666667,0.4180824078022122,0.4180824078022122,0.3202795723131211,0.6513385913222072,162.27975794215294
5802,1740600,483.5,0.4315954204885331,0.4315954204885331,0.3214132715780892,0.6523298222460705,161.5328496069016
5803,1740900,483.5833333333333,0.4307651927759212,0.4307651927759212,0.3247337491516415,0.6370737755907957,160.4575569286051
5804,1741200,483.6666666666667,0.4402113487027351,0.4402113487027351,0.3264777970718618,0.6366450664728411,160.7416281087192
5805,1741500,483.75,0.4423656047886542,0.4423656047886542,0.3261096949694111,0.6377512768339482,160.2784429474941
5806,1741800,483.8333333333333,0.4255541617423826,0.4255541617423826,0.3237465725792037,0.6374140647281143,158.96122011158866
5807,1742100,483.9166666666667,0.4391244571997065,0.4391244571997065,0.3247115642313861,0.6382011055595075,158.04414873600953
5808,1742400,484.0,0.4336220255083156,0.4336220255083156,0.3245221253224427,0.6169947925688193,154.12355165376346
5809,1742700,484.0833333333333,0.4206604270016369,0.4206604270016369,0.3233512150249196,0.616195478595356,154.6669487160562
5810,1743000,484.1666666666667,0.4076744989946159,0.4076744989946159,0.3222783904361024,0.6169218814975055,155.1099293483076
5811,1743300,484.25,0.401115509058786,0.401115509058786,0.3211124020128669,0.6190843537575523,156.5749790759399
5812,1743600,484.3333333333333,0.4194740939462538,0.4194740939462538,0.3208203590469823,0.6231649966879997,157.6338052826708
5813,1743900,484.4166666666667,0.4283999222200246,0.4283999222200246,0.3216677023111686,0.6265680185966707,159.65123016709174
5814,1744200,484.5,0.4302712377493937,0.4302712377493937,0.3223217296406503,0.6282837085607568,160.21656485595125
5815,1744500,484.5833333333333,0.4254187938643666,0.4254187938643666,0.3226592815988433,0.6306636371263656,160.82294591110357
5816,1744800,484.6666666666667,0.4266958172728363,0.4266958172728363,0.3233182744282045,0.6320315582965461,160.90194566926695
5817,1745100,484.75,0.4596832745443516,0.4596832745443516,0.3239385982839076,0.6315046202845673,161.3534260110721
5818,1745400,484.8333333333333,0.4858202073632214,0.4858202073632214,0.329367893691954,0.6324431610301237,163.68640497228873
5819,1745700,484.9166666666667,0.4698997686548921,0.4698997686548921,0.3302577813466388,0.6164931371929204,163.17657046921482
5820,1746000,485.0,0.469599797764443,0.469599797764443,0.3305179250918751,0.6043162785894507,162.3846130020902
5821,1746300,485.0833333333333,0.477764965945143,0.477764965945143,0.3112636792950508,0.5850254319547619,158.72971002542187
5822,1746600,485.1666666666667,0.4764410223418142,0.4764410223418142,0.3108689521386366,0.5775055286360945,155.63815928453124
5823,1746900,485.25,0.4791658939384844,0.4791658939384844,0.3135556857760347,0.5863496415983371,155.74918851062793
5824,1747200,485.3333333333333,0.4767987342384765,0.4767987342384765,0.3149679759653604,0.5932189488798606,156.51076524622593
5825,1747500,485.4166666666667,0.4815833394120381,0.4815833394120381,0.3187457780527882,0.5942894649699448,158.44062446462155
5826,1747800,485.5,0.4913554272031386,0.4913554272031386,0.3193674937496344,0.5975117858832447,159.25658231608944
5827,1748100,485.5833333333333,0.4916776821460933,0.4916776821460933,0.3221216749313967,0.5985645359699456,159.74193495190977
5828,1748400,485.6666666666667,0.4985289018869563,0.4985289018869563,0.3264583874107345,0.5997247630994285,162.28262414280064
5829,1748700,485.75,0.5012610125088619,0.5012610125088619,0.326741847017047,0.5998172345242351,162.51144917182822
5830,1749000,485.8333333333333,0.4964018113244827,0.4964018113244827,0.3236999389601924,0.6012731863231172,162.18339448210918
5831,1749300,485.9166666666667,0.4900244195286822,0.4900244195286822,0.3229940786594292,0.597186741111725,162.538183871976
5832,1749600,486.0,0.4897471677966227,0.4897471677966227,0.3232042213765585,0.5955534295337973,164.18795565243917
5833,1749900,486.0833333333333,0.4934426809714082,0.4934426809714082,0.3258944961113669,0.5899813967022468,162.88083116600922
5834,1750200,486.1666666666667,0.4912519582887973,0.4912519582887973,0.3265224405420502,0.5903365447269227,164.38423136240408
5835,1750500,486.25,0.4917766378177858,0.4917766378177858,0.3275179737951706,0.5927418774705572,163.9482954499089
5836,1750800,486.3333333333333,0.4902732540921481,0.4902732540921481,0.3279259667163941,0.5935547926561628,163.45808030599892
5837,1751100,486.4166666666667,0.4878952013767844,0.4878952013767844,0.3249224058011686,0.5907268529015844,162.7989715882316
5838,1751400,486.5,0.4939023666265536,0.4939023666265536,0.3238247672716782,0.5909383964732409,162.46343454434714
5839,1751700,486.5833333333333,0.4837110297466676,0.4837110297466676,0.3226914683977765,0.5875500153719901,161.06610887934806
5840,1752000,486.6666666666667,0.4916789502632337,0.4916789502632337,0.3236979091070533,0.5863945176930954,159.32515827240198
5841,1752300,486.75,0.4897787818094577,0.4897787818094577,0.3239018348174381,0.5882877777262422,161.67878296944048
5842,1752600,486.8333333333333,0.4959846828395963,0.4959846828395963,0.3245185639434022,0.5904102798351815,161.55184446854008
5843,1752900,486.9166666666667,0.4846170075769982,0.4846170075769982,0.3235202284802174,0.5824416761124072,161.21767877636526
5844,1753200,487.0,0.4844747128525393,0.4844747128525393,0.3225281279261515,0.5848108164663234,161.1055922480256
5845,1753500,487.0833333333333,0.4816779406090081,0.4816779406090081,0.3221485576009368,0.5836304520203824,161.37982928280255
5846,1753800,487.1666666666667,0.4790033734910866,0.4790033734910866,0.3233341115276996,0.5870465808767622,163.0156309740478
5847,1754100,487.25,0.4874275914052651,0.4874275914052651,0.323736785776246,0.5887501587712682,163.32105778093523
5848,1754400,487.3333333333333,0.4899574049120038,0.4899574049120038,0.3247144283317936,0.5880278311124664,162.88947404088702
5849,1754700,487.4166666666667,0.4933643584328935,0.4933643584328935,0.3261923461425591,0.5897152335663151,162.70369216384935
5850,1755000,487.5,0.4895141537596537,0.4895141537596537,0.3260773856465411,0.5904592338616287,162.17861516581047
5851,1755300,487.5833333333333,0.4874463970099023,0.4874463970099023,0.3272445040020518,0.5913360225475871,162.9222137895785
5852,1755600,487.6666666666667,0.4754331736060667,0.4754331736060667,0.3245000235433499,0.5894353211410643,162.91452164661206
5853,1755900,487.75,0.4752301748205983,0.4752301748205983,0.3221117484860302,0.5901470224062619,162.70306367026063
5854,1756200,487.8333333333333,0.4926665007583494,0.4926665007583494,0.3241512122193007,0.5932181105381092,162.88090137091282
5855,1756500,487.9166666666667,0.4978465164491624,0.4978465164491624,0.3259400784430159,0.5914868600897504,162.862677102397
5856,1756800,488.0,0.4879164230970124,0.4879164230970124,0.3238489493350592,0.59018331553493,162.86725773262768
5857,1757100,488.0833333333333,0.4822288600031054,0.4822288600031054,0.3237013908430433,0.5883707811658191,162.0107833433135
5858,1757400,488.1666666666667,0.4838992933127342,0.4838992933127342,0.3232764527012338,0.5874979431302761,162.01949765119468
5859,1757700,488.25,0.491266388234085,0.491266388234085,0.328604598355488,0.5871702451046886,161.191755412023
5860,1758000,488.3333333333333,0.4875694661605652,0.4875694661605652,0.3280578079262388,0.5800261262955694,160.73743295163024
5861,1758300,488.4166666666667,0.4845569579581909,0.4845569579581909,0.3273082564516751,0.5800879723657446,161.02425299809482
5862,1758600,488.5,0.4819936417951816,0.4819936417951816,0.3272684483024158,0.5808738285933114,159.79601077764642
5863,1758900,488.5833333333333,0.4729004356919262,0.4729004356919262,0.3277481257430917,0.5801559011141446,159.9352175282493
5864,1759200,488.6666666666667,0.474316133716243,0.474316133716243,0.3268604622623782,0.5817791292337867,159.77571096877907
5865,1759500,488.75,0.4753326900073919,0.4753326900073919,0.3247190365547552,0.5824139856058792,159.50516904171573
5866,1759800,488.8333333333333,0.4483885277043353,0.4483885277043353,0.3208372208364301,0.5820503009990399,157.9674445668102
5867,1760100,488.9166666666667,0.4765853835310519,0.4765853835310519,0.3246820658999663,0.5829473633702705,157.7516160428659
5868,1760400,489.0,0.4833743564238533,0.4833743564238533,0.3241160478348622,0.582208541535137,159.09107745031235
5869,1760700,489.0833333333333,0.4670771781912861,0.4670771781912861,0.3208084981704903,0.578483053285521,158.6371973901061
5870,1761000,489.1666666666667,0.4664265153514426,0.4664265153514426,0.318602446121758,0.5756816043033767,159.35712230092898
5871,1761300,489.25,0.4773727240601203,0.4773727240601203,0.3195995993730494,0.5783696706702063,160.2288229786858
5872,1761600,489.3333333333333,0.476120546581299,0.476120546581299,0.3210411725974658,0.5812033585416582,161.45601768310686
5873,1761900,489.4166666666667,0.4766189035361363,0.4766189035361363,0.3227734110219691,0.5802205283467341,162.23059412817338
5874,1762200,489.5,0.472772301018723,0.472772301018723,0.3222176158331266,0.5802901175933163,163.15662230800896
5875,1762500,489.5833333333333,0.4807905869755314,0.4807905869755314,0.3236509052718557,0.576118767746097,162.061805302533
5876,1762800,489.6666666666667,0.4680181059410901,0.4680181059410901,0.3227657311330961,0.577582905835252,161.56577897165434
5877,1763100,489.75,0.4273722460599455,0.4273722460599455,0.3198542496053169,0.5773791224006724,159.89037769623377
5878,1763400,489.8333333333333,0.3835203818189417,0.3835203818189417,0.315022372036445,0.5766041589946282,157.3824500025156
5879,1763700,489.9166666666667,0.3896923003157941,0.3896923003157941,0.315981867545989,0.5823974465936176,156.27750892051833
5880,1764000,490.0,0.4255660271256921,0.4255660271256921,0.3190206963841514,0.5915039209815558,158.08095299192058
5881,1764300,490.0833333333333,0.4512248870803094,0.4512248870803094,0.3241467172537386,0.5978902095701628,159.3847958818678
5882,1764600,490.1666666666667,0.4897295356330081,0.4897295356330081,0.330987441244043,0.595066829734145,163.30077418216447
5883,1764900,490.25,0.4833146269332345,0.4833146269332345,0.330695765795416,0.5907252243344525,163.733842687214
5884,1765200,490.3333333333333,0.4767541217270625,0.4767541217270625,0.3284475836586578,0.5790346652769333,162.2498624879848
5885,1765500,490.4166666666667,0.4714849010481101,0.4714849010481101,0.3275526814734686,0.5751636866815337,162.55888668325412
5886,1765800,490.5,0.4771507386332173,0.4771507386332173,0.3278080955276534,0.5751387267895766,162.2096468766175
5887,1766100,490.5833333333333,0.4698012448472298,0.4698012448472298,0.3269629490575524,0.5716403982514461,159.19284028423596
5888,1766400,490.6666666666667,0.4683584577429333,0.4683584577429333,0.3273375558872536,0.5731213810289717,160.05124535922994
5889,1766700,490.75,0.4691024245540854,0.4691024245540854,0.3264131057255128,0.5752035871811804,160.25213353110814
5890,1767000,490.8333333333333,0.4655626645921235,0.4655626645921235,0.3247032052063955,0.5764151748322093,161.24496346807024
5891,1767300,490.9166666666667,0.4650509269687992,0.4650509269687992,0.3239556461518094,0.5757584960717161,160.18518429041256
5892,1767600,491.0,0.4554025686099951,0.4554025686099951,0.3210085595747503,0.5734281911339867,159.70379864349087
5893,1767900,491.0833333333333,0.4522089016541785,0.4522089016541785,0.3213389485692601,0.5733161501121243,160.26198334660225
5894,1768200,491.1666666666667,0.451709137548515,0.451709137548515,0.3136370503936368,0.559722449150256,156.21871359962026
5895,1768500,491.25,0.4354112328849953,0.4354112328849953,0.3159260901540012,0.5655331441490157,158.16726609035857
5896,1768800,491.3333333333333,0.3911232938609442,0.3911232938609442,0.3110333525279024,0.5715920718178156,156.3841632057003
5897,1769100,491.4166666666667,0.4656868041082922,0.4656868041082922,0.3203758466090994,0.5750917389501,155.7499558672707
5898,1769400,491.5,0.4829136327249969,0.4829136327249969,0.3253188258812509,0.5753546875263752,159.36861256605837
5899,1769700,491.5833333333333,0.4678603601382971,0.4678603601382971,0.330461020244216,0.5651332964797787,161.06625752123614
5900,1770000,491.6666666666667,0.4613679832532187,0.4613679832532187,0.3297659307187973,0.5624777157293342,160.8791065162584
5901,1770300,491.75,0.4592403136477835,0.4592403136477835,0.3306967930679828,0.5618679419955347,160.0368470816367
5902,1770600,491.8333333333333,0.4241813633872017,0.4241813633872017,0.3265300376012326,0.5611328088536539,158.91771348952648
5903,1770900,491.9166666666667,0.457056938395622,0.457056938395622,0.3287350977472151,0.5616622598152059,157.46950830747585
5904,1771200,492.0,0.4549261967858424,0.4549261967858424,0.3259875494062259,0.561626454501543,158.31933868245375
5905,1771500,492.0833333333333,0.4419411183179524,0.4419411183179524,0.3271772934228457,0.5624565538882804,159.40831645806128
5906,1771800,492.1666666666667,0.4473294070253635,0.4473294070253635,0.3278441377250077,0.5618498898299288,159.95561122447833
5907,1772100,492.25,0.4491179264611341,0.4491179264611341,0.3260751745774304,0.5624495786288431,160.75892760891134
5908,1772400,492.3333333333333,0.4468522516524311,0.4468522516524311,0.3247051215736762,0.5651262921112479,161.2765663236838
5909,1772700,492.4166666666667,0.4623746845764387,0.4623746845764387,0.3256285391810077,0.5683145963348011,162.04724868092174
5910,1773000,492.5,0.4455116864042229,0.4455116864042229,0.3257834388532706,0.5701358116575146,163.2602425667631
5911,1773300,492.5833333333333,0.4438585053623149,0.4438585053623149,0.323963974335022,0.5711660037882647,164.759624486221
5912,1773600,492.6666666666667,0.4419206739902391,0.4419206739902391,0.3214609984195589,0.5698216389610915,163.45775461703653
5913,1773900,492.75,0.4401563113997537,0.4401563113997537,0.3216553555688831,0.5741765237060606,166.12059190441795
5914,1774200,492.8333333333333,0.4182347249669598,0.4182347249669598,0.3187647467042563,0.5785216745047863,167.05396415828238
5915,1774500,492.9166666666667,0.4615393214432341,0.4615393214432341,0.3250839184134002,0.5843225497163779,167.22946143664376
5916,1774800,493.0,0.4722023302125756,0.4722023302125756,0.3258926582627334,0.5825665335759452,167.32446321726758
5917,1775100,493.0833333333333,0.4650069021002921,0.4650069021002921,0.3254342748722447,0.5774686894807095,167.17298033932633
5918,1775400,493.1666666666667,0.4607188657751886,0.4607188657751886,0.321170330483961,0.5715145288534321,166.66919662934603
5919,1775700,493.25,0.4400167029870619,0.4400167029870619,0.3201024472204446,0.5710435262682395,165.1337995986186
5920,1776000,493.3333333333333,0.387656906553767,0.387656906553767,0.316447832759875,0.5735067397222726,162.08100973908935
5921,1776300,493.4166666666667,0.3507851203008012,0.3507851203008012,0.3087521405887929,0.5658044405016487,157.0448527596973
5922,1776600,493.5,0.4088653101237107,0.4088653101237107,0.3148822556596785,0.5859937026053041,158.7273414699219
5923,1776900,493.5833333333333,0.4507354839113565,0.4507354839113565,0.3223928256633621,0.5907783102007392,158.03824987989378
5924,1777200,493.6666666666667,0.4204266776200864,0.4204266776200864,0.3232791433493346,0.5897273289182908,160.72335357006452
5925,1777500,493.75,0.442081664528679,0.442081664528679,0.3238348564320145,0.5847818868923295,162.0567902998584
5926,1777800,493.8333333333333,0.446979028997309,0.446979028997309,0.3234454698318278,0.5839926463503725,165.84254537174346
5927,1778100,493.9166666666667,0.4417686975203441,0.4417686975203441,0.3217321243875511,0.5831806993649296,164.94010892016428
5928,1778400,494.0,0.3992801399874635,0.3992801399874635,0.3162559479032734,0.5780666100831023,164.05981551760274
5929,1778700,494.0833333333333,0.362830969428609,0.362830969428609,0.3120634804729808,0.5851548292705451,164.27978614336985
5930,1779000,494.1666666666667,0.3523826188021156,0.3523826188021156,0.3088497379631862,0.5997132928257997,163.32191920833677
5931,1779300,494.25,0.3694915997395438,0.3694915997395438,0.314383931739779,0.613291905827035,164.33933831269692
5932,1779600,494.3333333333333,0.3988644755547205,0.3988644755547205,0.3197517600590411,0.6259411343960943,164.34520115833857
5933,1779900,494.4166666666667,0.4008378215609841,0.4008378215609841,0.3276111384434836,0.6343596309314347,165.43438046367433
5934,1780200,494.5,0.3991752741406854,0.3991752741406854,0.3231442489569741,0.6449621918603936,166.8708404949047
5935,1780500,494.5833333333333,0.4077895244188848,0.4077895244188848,0.3266495401755546,0.6570592264956483,167.7403802251426
5936,1780800,494.6666666666667,0.4169379394795003,0.4169379394795003,0.3330624327783254,0.660544152931328,167.48502561431283
5937,1781100,494.75,0.3935941100459899,0.3935941100459899,0.3300392115780272,0.6685352559107114,167.19551157752787
5938,1781400,494.8333333333333,0.3805909877193811,0.3805909877193811,0.3232456757412441,0.6734317379688164,167.68681708252603
5939,1781700,494.9166666666667,0.3826666021793062,0.3826666021793062,0.3239527633879524,0.683747551992882,167.09618012318725
5940,1782000,495.0,0.3695503890035686,0.3695503890035686,0.3226153374784687,0.6869609393978503,166.39220601280385
5941,1782300,495.0833333333333,0.3816034581295983,0.3816034581295983,0.3211713835295597,0.6926613450232155,166.7091194761458
5942,1782600,495.1666666666667,0.3818900485560823,0.3818900485560823,0.3232086933372924,0.6971479793795634,167.69140212280243
5943,1782900,495.25,0.3835917231802918,0.3835917231802918,0.3242776187370825,0.7050297524008945,168.05851666085226
5944,1783200,495.3333333333333,0.3820975315478719,0.3820975315478719,0.3221454725075473,0.708014369156361,168.4596434929884
5945,1783500,495.4166666666667,0.3863458860303483,0.3863458860303483,0.3259529976303761,0.7092665095017094,168.41874661581457
5946,1783800,495.5,0.3855674814625254,0.3855674814625254,0.3240900112391001,0.7107470594997942,168.87156524527035
5947,1784100,495.5833333333333,0.3871088452628104,0.3871088452628104,0.3267928644523926,0.717859568756835,169.54926997541074
5948,1784400,495.6666666666667,0.3766892738776663,0.3766892738776663,0.3271432647185387,0.7162499359925152,169.47793420524306
5949,1784700,495.75,0.392854756676797,0.392854756676797,0.3329978559307089,0.7179823376483767,168.71498181435072
5950,1785000,495.8333333333333,0.4057480662973233,0.4057480662973233,0.3363769326759565,0.7164219828227224,168.17070930355908
5951,1785300,495.9166666666667,0.422412973288309,0.422412973288309,0.3397560371821056,0.7190462882388798,167.82449840289408
5952,1785600,496.0,0.4078774536596845,0.4078774536596845,0.3366089532586792,0.7161561535857793,167.75616001465542
5953,1785900,496.0833333333333,0.3841840468159139,0.3841840468159139,0.3284331731819545,0.7132902784595896,168.46507820870255
5954,1786200,496.1666666666667,0.3870998387224207,0.3870998387224207,0.3310777731694467,0.7141945782088,169.80140243965565
5955,1786500,496.25,0.4267668400542215,0.4267668400542215,0.3086272863342092,0.6370960537675028,150.3206780190966
5956,1786800,496.3333333333333,0.4590654075236695,0.4590654075236695,0.3267688583330551,0.64034219563062,155.07411611140574
5957,1787100,496.4166666666667,0.4686757245213724,0.4686757245213724,0.3308743987040243,0.6519936485597182,157.5178153260328
5958,1787400,496.5,0.477242723240708,0.477242723240708,0.3328467347546264,0.6600200396616158,159.19956759697774
5959,1787700,496.5833333333333,0.4693097494131962,0.4693097494131962,0.326439042001179,0.6594218375698809,161.65692701943607
5960,1788000,496.6666666666667,0.4396532135133905,0.4396532135133905,0.3091959375323664,0.6536097699169809,160.89135644921328
5961,1788300,496.75,0.4364704325199856,0.4364704325199856,0.3084127895955921,0.6622030204469718,162.3229961519049
5962,1788600,496.8333333333333,0.4354077662298982,0.4354077662298982,0.3059817147688786,0.6611124847046054,163.45087945398978
5963,1788900,496.9166666666667,0.4563338568833929,0.4563338568833929,0.3256167289563135,0.6663457722047831,165.41351225228945
5964,1789200,497.0,0.4873227498839581,0.4873227498839581,0.3465000961042955,0.6851826481435495,166.71295227613336
5965,1789500,497.0833333333333,0.5092746584064509,0.5092746584064509,0.3552673872605341,0.6922053668957598,168.54120499508954
5966,1789800,497.1666666666667,0.5134039039627346,0.5134039039627346,0.3616054836960692,0.6898980158145491,167.86731146791308
5967,1790100,497.25,0.4997712303781588,0.4997712303781588,0.3591349452482424,0.6893044583954827,165.62028119459117
5968,1790400,497.3333333333333,0.4976198402307067,0.4976198402307067,0.3606701887921354,0.6917113444504167,162.29456649621434
5969,1790700,497.4166666666667,0.5079390416602244,0.5079390416602244,0.3646925856531445,0.6938150388634121,162.21660248351083
5970,1791000,497.5,0.488480357264823,0.488480357264823,0.3476990228311505,0.6909659341957762,161.3793269475463
5971,1791300,497.5833333333333,0.508115126735933,0.508115126735933,0.3621291261118251,0.6978561156671248,161.33595123013964
5972,1791600,497.6666666666667,0.5154406412886081,0.5154406412886081,0.3662927213984666,0.697168747608262,162.81416785584335
5973,1791900,497.75,0.5024099146385451,0.5024099146385451,0.3603652956234424,0.6962140138476244,162.76389720185747
5974,1792200,497.8333333333333,0.5040003616683572,0.5040003616683572,0.3592120718638495,0.6949479928210085,161.5927547216432
5975,1792500,497.9166666666667,0.5087452272192367,0.5087452272192367,0.3627259386401342,0.6935492765979802,160.78581859739302
5976,1792800,498.0,0.5133878598733752,0.5133878598733752,0.3630668909042225,0.6949091217435001,159.34207790038914
5977,1793100,498.0833333333333,0.5289859571067184,0.5289859571067184,0.3712371917099553,0.6905676360342593,158.55987156499066
5978,1793400,498.1666666666667,0.5210170184579582,0.5210170184579582,0.367566048892976,0.6921863175911918,159.89571609446355
5979,1793700,498.25,0.4699476475297832,0.4699476475297832,0.3506124132555365,0.6794517750322268,158.04913682999486
5980,1794000,498.3333333333333,0.5019697296339523,0.5019697296339523,0.3636789093149387,0.6792578336147905,156.43786860405174
5981,1794300,498.4166666666667,0.4718674053673732,0.4718674053673732,0.3536036268049306,0.6787863472754179,156.02836729343787
5982,1794600,498.5,0.4864155565197082,0.4864155565197082,0.3594500924009792,0.6807372448380866,156.3259203989613
5983,1794900,498.5833333333333,0.4869819337737575,0.4869819337737575,0.3580151123129115,0.6769092567185472,154.718786691064
5984,1795200,498.6666666666667,0.4788228307091322,0.4788228307091322,0.3560330202988247,0.6850133014932658,155.50664341667456
5985,1795500,498.75,0.5026749040092745,0.5026749040092745,0.3643954868405872,0.6855557551101773,156.49085782765428
5986,1795800,498.8333333333333,0.5537740622251406,0.5537740622251406,0.3796809482361114,0.6944431449815662,158.25522649288123
5987,1796100,498.9166666666667,0.5421041856698259,0.5421041856698259,0.375929333611977,0.6925354772779484,158.0805953398057
5988,1796400,499.0,0.5423485157412924,0.5423485157412924,0.3845600513018709,0.6975104429830207,158.1839747333595
5989,1796700,499.0833333333333,0.5385094532666939,0.5385094532666939,0.3848481075487799,0.6995001222293554,158.61659394625875
5990,1797000,499.1666666666667,0.5201584440870982,0.5201584440870982,0.3718771936448813,0.6935302674443065,159.32023268533305
5991,1797300,499.25,0.516854400227503,0.516854400227503,0.3701747633444818,0.68907490309932,157.97977379727394
5992,1797600,499.3333333333333,0.5020428517413861,0.5020428517413861,0.3631226594398407,0.6844835711907319,159.02443368249493
5993,1797900,499.4166666666667,0.4727238340431146,0.4727238340431146,0.3442225713686228,0.6787371980156102,158.35377100224898
5994,1798200,499.5,0.4871367090416243,0.4871367090416243,0.3457102278615849,0.6748997211698715,160.54177448747387
5995,1798500,499.5833333333333,0.4812027645644399,0.4812027645644399,0.338423830758634,0.6775834806449046,162.55527392834634
5996,1798800,499.6666666666667,0.4945196084618322,0.4945196084618322,0.3485058170847377,0.6802226259302755,162.8985772485756
5997,1799100,499.75,0.4979927287416472,0.4979927287416472,0.3477936574671537,0.6842258159110232,164.38344791851932
5998,1799400,499.8333333333333,0.4852216593553771,0.4852216593553771,0.3452351782972827,0.6801038036142806,166.23144385269185
5999,1799700,499.9166666666667,0.5027082106760477,0.5027082106760477,0.3517832256175573,0.681713464966752,165.0146437669409
6000,1800000,500.0,0.500199682723464,0.500199682723464,0.3504303327598245,0.6768110081333762,165.1998142003491
6001,1800300,500.0833333333333,0.481046889500814,0.481046889500814,0.344221690866262,0.6691764088115332,164.6497531617821
6002,1800600,500.1666666666667,0.4369801736978674,0.4369801736978674,0.3306679463808372,0.6616596049692243,165.04859089260842
6003,1800900,500.25,0.4351383311044275,0.4351383311044275,0.3345236747714548,0.6562221837395275,166.33152975302733
6004,1801200,500.3333333333333,0.4471519905897711,0.4471519905897711,0.3412860314075545,0.6559591899257946,167.6581332366634
6005,1801500,500.4166666666667,0.4708030223119331,0.4708030223119331,0.3552173992791784,0.6579472812390054,167.46383383264214
6006,1801800,500.5,0.4632547212177826,0.4632547212177826,0.3533058273146353,0.6567026519116144,167.66775036334096
6007,1802100,500.5833333333333,0.4586426966558627,0.4586426966558627,0.3552858467993709,0.6595431313282121,166.30823295635838
6008,1802400,500.6666666666667,0.462231351728726,0.462231351728726,0.3497291854009988,0.6493471892632765,161.80609010132045
6009,1802700,500.75,0.4674757234396086,0.4674757234396086,0.357402974715047,0.6584781979748388,162.49743667436124
6010,1803000,500.8333333333333,0.448237163787309,0.448237163787309,0.3520312518736004,0.6574754763454475,160.34674896998092
6011,1803300,500.9166666666667,0.4588664871225137,0.4588664871225137,0.3511216714660001,0.6549007282136826,159.8723327940056
6012,1803600,501.0,0.4383425539965928,0.4383425539965928,0.3414216719435968,0.6557578265679068,160.13206553059703
6013,1803900,501.0833333333333,0.4589679160204411,0.4589679160204411,0.3554051237084986,0.6639446582836852,161.9459891816492
6014,1804200,501.1666666666667,0.4774595894786868,0.4774595894786868,0.3661411784782462,0.6722939447151783,163.49641247462918
6015,1804500,501.25,0.4703007812531016,0.4703007812531016,0.3651326573322738,0.6740711194517335,163.48985637543544
6016,1804800,501.3333333333333,0.4700130755339194,0.4700130755339194,0.3695352609564623,0.6739303391154207,162.97622660441957
6017,1805100,501.4166666666667,0.4849583848705125,0.4849583848705125,0.3670027109665594,0.6784909069053513,163.14170424312016
6018,1805400,501.5,0.4840182314074136,0.4840182314074136,0.361509723004288,0.6785177201759516,162.53032204288553
6019,1805700,501.5833333333333,0.4815269278316968,0.4815269278316968,0.3645884373323704,0.6830052236231375,161.69847903599387
6020,1806000,501.6666666666667,0.4765150045960906,0.4765150045960906,0.3659378704016783,0.6824476396165233,160.69306941625814
6021,1806300,501.75,0.5023030035864066,0.5023030035864066,0.3747964805703829,0.6822067136687002,159.62085782162822
6022,1806600,501.8333333333333,0.4996158993341081,0.4996158993341081,0.378224477826094,0.6786787401369927,159.51975184188507
6023,1806900,501.9166666666667,0.5013029390234307,0.5013029390234307,0.3822168931728471,0.6768779279739909,159.43636735023483
6024,1807200,502.0,0.5071170031539795,0.5071170031539795,0.3863147099812828,0.678453418006743,159.12801540489403
6025,1807500,502.0833333333333,0.4747914836658706,0.4747914836658706,0.3721490713638982,0.669923032590042,158.43281316533205
6026,1807800,502.1666666666667,0.4771947884947316,0.4771947884947316,0.3617381471928542,0.6634726129896288,159.0171717241306
6027,1808100,502.25,0.475361061096193,0.475361061096193,0.3641658307091011,0.6650822699554572,160.10066667559906
6028,1808400,502.3333333333333,0.4503083205804593,0.4503083205804593,0.3567704834589149,0.6677138711378826,160.7755413376704
6029,1808700,502.4166666666667,0.4566611945144528,0.4566611945144528,0.3535860587910903,0.6637878848285187,158.70301650273365
6030,1809000,502.5,0.411609970554104,0.411609970554104,0.3215356564134122,0.6333734843789091,157.3076203446741
6031,1809300,502.5833333333333,0.399248326697003,0.399248326697003,0.3122261366223903,0.6313586810740041,158.5842479530171
6032,1809600,502.6666666666667,0.433589452456652,0.433589452456652,0.3175108176905918,0.6578003341589521,161.7519363529078
6033,1809900,502.75,0.4567520975097398,0.4567520975097398,0.3212327268065473,0.6629941590433207,166.54585795158465
6034,1810200,502.8333333333333,0.4631617265018987,0.4631617265018987,0.3199815460336881,0.6589313882153195,167.1944274843562
6035,1810500,502.9166666666667,0.4621474456980939,0.4621474456980939,0.3155949010112421,0.6585166524096248,167.48303042197776
6036,1810800,503.0,0.4447751620920694,0.4447751620920694,0.3113220999880524,0.6589366957424151,165.44545395678654
6037,1811100,503.0833333333333,0.4366058398068443,0.4366058398068443,0.3144390775905394,0.660353382234651,166.0459112004291
6038,1811400,503.1666666666667,0.4466629360749472,0.4466629360749472,0.320347793412401,0.6575552246434884,165.13292072616338
6039,1811700,503.25,0.45939826703653,0.45939826703653,0.3310063872880084,0.6659574950613623,165.96069641019213
6040,1812000,503.3333333333333,0.4818439811225817,0.4818439811225817,0.3368316662989976,0.6684510322121112,165.18895782017208
6041,1812300,503.4166666666667,0.4734963513971356,0.4734963513971356,0.3351484497388209,0.6694080249080855,166.67189295069588
6042,1812600,503.5,0.4682494204218791,0.4682494204218791,0.332502529873112,0.6669584393501264,167.41677864215754
6043,1812900,503.5833333333333,0.471345740702093,0.471345740702093,0.3319104892451591,0.6639847559657516,167.47405688601535
6044,1813200,503.6666666666667,0.4547572135925289,0.4547572135925289,0.3304208169138532,0.6632729014730068,167.77788335939516
6045,1813500,503.75,0.4471536002508022,0.4471536002508022,0.3136353742785568,0.652387054664333,167.4364906943641
6046,1813800,503.8333333333333,0.4636290137360749,0.4636290137360749,0.3268971081671672,0.6642610455916187,169.14134761879416
6047,1814100,503.9166666666667,0.4590846427087858,0.4590846427087858,0.3232254131053525,0.6608049225031852,170.76524105718917
6048,1814400,504.0,0.4511142647363322,0.4511142647363322,0.315984650646768,0.6632930250671802,171.64958088194544
6049,1814700,504.0833333333333,0.4598218314046786,0.4598218314046786,0.318655412565402,0.6581088819154871,170.07417488831658
6050,1815000,504.1666666666667,0.4522172987745758,0.4522172987745758,0.3137529336537608,0.6635718345157544,170.66849400255845
6051,1815300,504.25,0.4644693434723013,0.4644693434723013,0.3198064353407875,0.6596875972864112,167.81656194510768
6052,1815600,504.3333333333333,0.499941909991629,0.499941909991629,0.3345364683042705,0.6671012639030217,169.49965205630113
6053,1815900,504.4166666666667,0.4866974772191751,0.4866974772191751,0.3251051107638614,0.6680417885056917,166.88221232306805
6054,1816200,504.5,0.4819107035313339,0.4819107035313339,0.3212120227486174,0.6653344759356277,167.03984153886657
6055,1816500,504.5833333333333,0.4806096453512609,0.4806096453512609,0.3215719303254351,0.6546675745633241,165.08774170961766
6056,1816800,504.6666666666667,0.4583296743353608,0.4583296743353608,0.3208466564636264,0.6619945140815745,166.81844041549718
6057,1817100,504.75,0.4578897135695204,0.4578897135695204,0.3242835022767998,0.66609751918989,164.74524531679202
6058,1817400,504.8333333333333,0.4465636328162515,0.4465636328162515,0.3190432632630787,0.6491584008458522,163.2049139315245
6059,1817700,504.9166666666667,0.4365762337086802,0.4365762337086802,0.318781512186497,0.6471454650209081,160.5813737638813
6060,1818000,505.0,0.43758824699936,0.43758824699936,0.3141671879336837,0.6456326095205825,159.55274727888576
6061,1818300,505.0833333333333,0.432832178407152,0.432832178407152,0.3094661287412985,0.6385376186659644,160.88663722162724
6062,1818600,505.1666666666667,0.4333346936412243,0.4333346936412243,0.3088401868665336,0.6406395429276485,162.1930399260749
6063,1818900,505.25,0.4439194158572122,0.4439194158572122,0.308661188661125,0.6391022192512467,162.36473459070123
6064,1819200,505.3333333333333,0.4330070447543854,0.4330070447543854,0.3085119291622201,0.6393885716169112,161.92870298419447
6065,1819500,505.4166666666667,0.4317485589948135,0.4317485589948135,0.3055487331203556,0.633237141851633,162.00581563528127
6066,1819800,505.5,0.4607725278135124,0.4607725278135124,0.3078643625168512,0.6414432008144587,164.69519295660692
6067,1820100,505.5833333333333,0.4702198995515201,0.4702198995515201,0.3113221284904912,0.6424688318495033,169.2466789779891
6068,1820400,505.6666666666667,0.4690723339724673,0.4690723339724673,0.3141326380992221,0.6472631974283729,170.3367018803973
6069,1820700,505.75,0.4697720202327852,0.4697720202327852,0.3142433309928154,0.647106636879999,171.67531582421788
6070,1821000,505.8333333333333,0.4688690004522225,0.4688690004522225,0.3158135836159074,0.6484979496364651,172.33335829510978
6071,1821300,505.9166666666667,0.4540963823651662,0.4540963823651662,0.3129545872124958,0.6560163981497069,168.57957780076788
6072,1821600,506.0,0.4532011038112811,0.4532011038112811,0.3100030352679012,0.6553038123322399,169.7153466528679
6073,1821900,506.0833333333333,0.4661264318771063,0.4661264318771063,0.3138403850361986,0.6644211019906128,173.99627212053358
6074,1822200,506.1666666666667,0.4610438538256624,0.4610438538256624,0.3152273812074501,0.6687231148152971,172.0949484997032
6075,1822500,506.25,0.4380140215409813,0.4380140215409813,0.3095471082985276,0.6699772932558279,167.08329114786852
6076,1822800,506.3333333333333,0.4707211422830594,0.4707211422830594,0.3120866848581534,0.6729938284966309,167.84236520315756
6077,1823100,506.4166666666667,0.499329967380552,0.499329967380552,0.3254948615930929,0.6811279165661193,165.15106860898425
6078,1823400,506.5,0.466363281220538,0.466363281220538,0.3122062024129207,0.590179495205302,158.28898935919975
6079,1823700,506.5833333333333,0.4780650074410976,0.4780650074410976,0.3172390203918822,0.5896977221211114,158.86264286537946
6080,1824000,506.6666666666667,0.4736592785370407,0.4736592785370407,0.3183905023249809,0.5922312189464028,159.98988222655828
6081,1824300,506.75,0.4777694255788932,0.4777694255788932,0.320357354091152,0.5937200144482943,159.3494304929177
6082,1824600,506.8333333333333,0.4726087568058451,0.4726087568058451,0.322344123220894,0.593020277020409,160.43771156302554
6083,1824900,506.9166666666667,0.4542333635660275,0.4542333635660275,0.323016634366339,0.5930649098699728,160.86432917699688
6084,1825200,507.0,0.4403850431183506,0.4403850431183506,0.3214089126439629,0.5901130956915888,159.92011033625286
6085,1825500,507.0833333333333,0.4372205022049507,0.4372205022049507,0.3202963206758823,0.5898156778474721,158.40015763585356
6086,1825800,507.1666666666667,0.4223669995333308,0.4223669995333308,0.3200156394603469,0.5894852674872211,155.09317349414076
6087,1826100,507.25,0.4065078043690591,0.4065078043690591,0.3170195731465541,0.5905102012942797,155.80636329723922
6088,1826400,507.3333333333333,0.3911340609238262,0.3911340609238262,0.3139942441861628,0.5941900918212906,156.55156962224058
6089,1826700,507.4166666666667,0.4050995384476765,0.4050995384476765,0.3074535246036864,0.5944396328863109,158.5576188894228
6090,1827000,507.5,0.4231118327402242,0.4231118327402242,0.3094328438647025,0.6021825169867774,163.50714049842867
6091,1827300,507.5833333333333,0.4340204391215937,0.4340204391215937,0.3138971761871324,0.6129549641212871,164.92676322320602
6092,1827600,507.6666666666667,0.4384777075487084,0.4384777075487084,0.3181866671200373,0.6171424372897243,164.46754735162543
6093,1827900,507.75,0.4441837104591168,0.4441837104591168,0.3228310423395403,0.615422032466146,163.89121579857786
6094,1828200,507.8333333333333,0.4442069044684225,0.4442069044684225,0.3218483512639851,0.6128040485627677,163.65321125784604
6095,1828500,507.9166666666667,0.4389220997197742,0.4389220997197742,0.3213781817069907,0.6085698851291713,162.41413382897915
6096,1828800,508.0,0.4368976979355785,0.4368976979355785,0.3211489083002314,0.6094449969072222,160.33881927444364
6097,1829100,508.0833333333333,0.4345050784210422,0.4345050784210422,0.3187848557628724,0.6060196058668941,159.23716736307253
6098,1829400,508.1666666666667,0.4202922566360946,0.4202922566360946,0.3172073288766457,0.6035097597191923,157.96236557489465
6099,1829700,508.25,0.4304346275601621,0.4304346275601621,0.3192775891676319,0.6105632909255574,157.25113301406898
6100,1830000,508.3333333333333,0.4318148007237827,0.4318148007237827,0.3220130553090476,0.6113117846047014,160.69171203959135
6101,1830300,508.4166666666667,0.4379180728904603,0.4379180728904603,0.326562887187896,0.6106672200730187,163.15857452859117
6102,1830600,508.5,0.4417634110140604,0.4417634110140604,0.326536919430988,0.610080615679422,165.04688686083958
6103,1830900,508.5833333333333,0.4306240727261796,0.4306240727261796,0.3244685011181401,0.6100571697320396,165.7180556538572
6104,1831200,508.6666666666667,0.3871957463946768,0.3871957463946768,0.3176415865983424,0.6091893285270624,164.36162571262727
6105,1831500,508.75,0.3808530802067156,0.3808530802067156,0.3108066996370758,0.6154499032630927,163.99811140023866
6106,1831800,508.8333333333333,0.388573947797548,0.388573947797548,0.3131480141860803,0.6276460484356325,163.4157064875378
6107,1832100,508.9166666666667,0.3934106708530113,0.3934106708530113,0.320350545198286,0.6386122578030533,166.0807702085782
6108,1832400,509.0,0.3989014381775467,0.3989014381775467,0.3225445688734064,0.6458102267063993,167.9769299722695
6109,1832700,509.0833333333333,0.4028240308151916,0.4028240308151916,0.3229949555511902,0.6484082347312721,167.38912528498415
6110,1833000,509.1666666666667,0.3787578127589908,0.3787578127589908,0.3156938628460261,0.6340857849020275,167.95384300432386
6111,1833300,509.25,0.3956519741671778,0.3956519741671778,0.3106946749376021,0.6445120652290492,169.491880383741
6112,1833600,509.3333333333333,0.4033679218645092,0.4033679218645092,0.3139789789327399,0.6552275195066515,170.54045930047093
6113,1833900,509.4166666666667,0.4042379767411516,0.4042379767411516,0.3243337030404948,0.6522159524069584,171.82590466891335
6114,1834200,509.5,0.4023669987922996,0.4023669987922996,0.3226181813724939,0.6549601005233151,171.7975484936135
6115,1834500,509.5833333333333,0.4293466342321916,0.4293466342321916,0.3281059387278384,0.6602138269963026,173.36774559249668
6116,1834800,509.6666666666667,0.453377091723469,0.453377091723469,0.3412623105464467,0.664348819801292,173.4271116927241
6117,1835100,509.75,0.4419013917149297,0.4419013917149297,0.3359300770620493,0.662765228817383,172.6239455463694
6118,1835400,509.8333333333333,0.4129384621721848,0.4129384621721848,0.3197760268408224,0.6562910960062052,171.37015578417368
6119,1835700,509.9166666666667,0.4695952719141641,0.4695952719141641,0.3367039191673194,0.659705880672321,171.9566342558502
6120,1836000,510.0,0.5250643463390672,0.5250643463390672,0.3479067400524986,0.6545007932135208,173.12203150289054
6121,1836300,510.0833333333333,0.5289864286122993,0.5289864286122993,0.3494373773457339,0.636657014467969,173.3500070615732
6122,1836600,510.1666666666667,0.5026239076022285,0.5026239076022285,0.3359780898058305,0.6075042814567672,171.7590234317474
6123,1836900,510.25,0.4801644846587968,0.4801644846587968,0.327414938676015,0.5886012633948512,168.6693876382748
6124,1837200,510.3333333333333,0.4812604234722193,0.4812604234722193,0.3258758610064103,0.5843863772240877,169.44116225377311
6125,1837500,510.4166666666667,0.4841740697010374,0.4841740697010374,0.3269129241474964,0.5854754186204905,170.2264217764238
6126,1837800,510.5,0.4868502705095741,0.4868502705095741,0.3268099739484166,0.5861046583241933,170.0774195225296
6127,1838100,510.5833333333333,0.4854844011507238,0.4854844011507238,0.3268205170031356,0.5825590152860656,166.93047683042144
6128,1838400,510.6666666666667,0.4858667028946323,0.4858667028946323,0.3269947006053418,0.5840074875946573,166.35025974282038
6129,1838700,510.75,0.4796633947232465,0.4796633947232465,0.3262203982943171,0.5847081230723509,166.96619178864847
6130,1839000,510.8333333333333,0.4831116442322653,0.4831116442322653,0.3268697951522918,0.5868859977396474,166.94403958179595
6131,1839300,510.9166666666667,0.4867908070215158,0.4867908070215158,0.3317090180197232,0.5891890665907243,165.6324254954643
6132,1839600,511.0,0.4838866924771791,0.4838866924771791,0.3321393720621592,0.5869183120076042,164.11329304175152
6133,1839900,511.0833333333333,0.4813796139665029,0.4813796139665029,0.3302964920845887,0.5811891036146554,162.7024994125008
6134,1840200,511.1666666666667,0.4791570288070729,0.4791570288070729,0.3307390372976361,0.5802125314198886,162.81361215047323
6135,1840500,511.25,0.4799861001498188,0.4799861001498188,0.3306538355087515,0.579758693644269,162.87976471201273
6136,1840800,511.3333333333333,0.4758332739082834,0.4758332739082834,0.3300355141684212,0.5804533376264248,163.22861346345564
6137,1841100,511.4166666666667,0.4695905101993663,0.4695905101993663,0.3273379402552315,0.5813354898592199,163.88405678464846
6138,1841400,511.5,0.431052301307391,0.431052301307391,0.32296603892021,0.5838211400244464,163.02742404956837
6139,1841700,511.5833333333333,0.4432749304694358,0.4432749304694358,0.3239488937123539,0.588119579158904,163.14162754335766
6140,1842000,511.6666666666667,0.4815337519535654,0.4815337519535654,0.3267581657967319,0.5917355304837075,164.99948066721112
6141,1842300,511.75,0.4889401407446378,0.4889401407446378,0.3303263640881222,0.593795205830099,167.6509485776505
6142,1842600,511.8333333333333,0.4826433272505721,0.4826433272505721,0.3333844014926194,0.5930334937345864,169.54652959064484
6143,1842900,511.9166666666667,0.4825337300605049,0.4825337300605049,0.3333114449112046,0.5910238640829051,170.0495620010698
6144,1843200,512.0,0.4845331834069402,0.4845331834069402,0.3326473146883054,0.5905894307209816,169.6761800247525
6145,1843500,512.0833333333334,0.4652003838600014,0.4652003838600014,0.3292000461468221,0.584106576302133,166.04914338744956
6146,1843800,512.1666666666666,0.4663965146490215,0.4663965146490215,0.3269051380785752,0.5813534787245126,164.26303692593498
6147,1844100,512.25,0.4728947567224614,0.4728947567224614,0.3278617662042915,0.5823144051649266,166.1712146193139
6148,1844400,512.3333333333334,0.4666925105877927,0.4666925105877927,0.3294529001515968,0.5836601349433864,167.53489096247924
6149,1844700,512.4166666666666,0.4533009005111556,0.4533009005111556,0.3270125790947253,0.5828068670102402,166.93491998013124
6150,1845000,512.5,0.4276722078826522,0.4276722078826522,0.3224047590734472,0.5784952065391331,162.03617752053705
6151,1845300,512.5833333333334,0.4790499428247576,0.4790499428247576,0.3275741113932429,0.5823927553880112,162.80493156556963
6152,1845600,512.6666666666666,0.4906192853996832,0.4906192853996832,0.3305996354547016,0.5827919679940134,164.9616150971082
6153,1845900,512.75,0.4806275062836375,0.4806275062836375,0.330793376277711,0.5807423204307793,166.12887721307345
6154,1846200,512.8333333333334,0.4713173741500307,0.4713173741500307,0.3307831870766698,0.5807875356648037,166.81024611885738
6155,1846500,512.9166666666666,0.449469399401313,0.449469399401313,0.3268916361867817,0.5805534295123485,165.970725692726
6156,1846800,513.0,0.4509053727142501,0.4509053727142501,0.3254480235906502,0.581975789141387,164.68217239386396
6157,1847100,513.0833333333334,0.4765821339408599,0.4765821339408599,0.3260262151843972,0.5836546155172004,164.37166907289946
6158,1847400,513.1666666666666,0.466148593239854,0.466148593239854,0.3261827352728755,0.5823071054100117,164.65301960774315
6159,1847700,513.25,0.4698915868388623,0.4698915868388623,0.3291792678096193,0.5803026926642284,163.8038805067638
6160,1848000,513.3333333333334,0.4732714471044348,0.4732714471044348,0.3307006720957557,0.5771562010701176,163.4998814731095
6161,1848300,513.4166666666666,0.4652844821945051,0.4652844821945051,0.3316853923551364,0.5741366393878559,164.04489072675906
6162,1848600,513.5,0.4507303182654848,0.4507303182654848,0.3312669082956496,0.5739099508962017,165.09051007669487
6163,1848900,513.5833333333334,0.4604133772900924,0.4604133772900924,0.3297363404179664,0.5743471551646785,166.56732934830293
6164,1849200,513.6666666666666,0.4552037729726917,0.4552037729726917,0.3302956243059176,0.5756561991474526,167.2334401385474
6165,1849500,513.75,0.4457526776537811,0.4457526776537811,0.3298136000591062,0.5755938009068394,166.42580412559198
6166,1849800,513.8333333333334,0.4457070740473585,0.4457070740473585,0.3283149347540873,0.5714016065396827,160.76192197658133
6167,1850100,513.9166666666666,0.4520327447936023,0.4520327447936023,0.3298799971006291,0.5731032659358675,161.19701616027547
6168,1850400,514.0,0.4744208915526632,0.4744208915526632,0.3330743400330985,0.5744205125648,162.591759658567
6169,1850700,514.0833333333334,0.4638174921198441,0.4638174921198441,0.3235431494503915,0.5578876067628157,158.4518061810443
6170,1851000,514.1666666666666,0.4714923205021316,0.4714923205021316,0.3252329610646402,0.5638389941261375,158.8827535020296
6171,1851300,514.25,0.4695218693038192,0.4695218693038192,0.3248231675889755,0.5646118561741876,160.3485169653552
6172,1851600,514.3333333333334,0.4579504876283659,0.4579504876283659,0.32484251563113,0.5673708949157389,161.47124513558947
6173,1851900,514.4166666666666,0.4661838740513335,0.4661838740513335,0.3257064847450762,0.5706628162686153,163.54205912953623
6174,1852200,514.5,0.4698095719140764,0.4698095719140764,0.3273665723948984,0.5734511670439033,165.03777176306272
6175,1852500,514.5833333333334,0.4407855012836858,0.4407855012836858,0.3259053658309654,0.5749970434448088,165.5619011509692
6176,1852800,514.6666666666666,0.4263372099398349,0.4263372099398349,0.3238938493409689,0.5781866653161618,165.34842799372478
6177,1853100,514.75,0.4188047912022167,0.4188047912022167,0.3215043983215164,0.582551307499837,166.38794337567464
6178,1853400,514.8333333333334,0.4619930718528478,0.4619930718528478,0.3259926627561354,0.5870041091521834,168.42137883283883
6179,1853700,514.9166666666666,0.4866946834949278,0.4866946834949278,0.329671290852231,0.586348802660181,170.43035346557727
6180,1854000,515.0,0.4898823489621235,0.4898823489621235,0.3278366472586103,0.5855428273568511,172.30810969325162
6181,1854300,515.0833333333334,0.4684282409304991,0.4684282409304991,0.3228846052937043,0.5775597244546588,171.0644823349263
6182,1854600,515.1666666666666,0.4658763019173578,0.4658763019173578,0.3228235042130321,0.5767477760109398,171.52348543960994
6183,1854900,515.25,0.4650897997188692,0.4650897997188692,0.3251604048785949,0.576765390856084,171.75922207638598
6184,1855200,515.3333333333334,0.4627762561288042,0.4627762561288042,0.3254740439154608,0.5772995670010239,172.09760658804453
6185,1855500,515.4166666666666,0.4714842471127868,0.4714842471127868,0.3278369238232829,0.5792931978886594,171.85777434107592
6186,1855800,515.5,0.4764435979656342,0.4764435979656342,0.3285210709429746,0.5796975121546127,171.0672434760011
6187,1856100,515.5833333333334,0.4581223168475435,0.4581223168475435,0.3274382801030682,0.5807803750559453,170.24616475371022
6188,1856400,515.6666666666666,0.4519275187912621,0.4519275187912621,0.3247437946044529,0.5811206921791114,170.36425588402318
6189,1856700,515.75,0.4126771034404428,0.4126771034404428,0.3211681821224336,0.5818544447173506,170.7723364184016
6190,1857000,515.8333333333334,0.3817421520560263,0.3817421520560263,0.3167562422656831,0.5839564972692132,168.28623312698872
6191,1857300,515.9166666666666,0.4555968672443556,0.4555968672443556,0.32543741562399,0.5916098378812532,168.58008762579473
6192,1857600,516.0,0.4814358306794709,0.4814358306794709,0.3335558830551567,0.5941740463165226,171.32492426491063
6193,1857900,516.0833333333334,0.4706566100131691,0.4706566100131691,0.3322850958405966,0.5885189266404737,172.1070982031029
6194,1858200,516.1666666666666,0.459532973017581,0.459532973017581,0.3236635552412431,0.5769979379394937,170.34651751827096
6195,1858500,516.25,0.4630077682377153,0.4630077682377153,0.3208924728981812,0.5764381192172146,171.38578933224554
6196,1858800,516.3333333333334,0.4639446731258442,0.4639446731258442,0.3228543938716246,0.5802350171840454,172.40622562571437
6197,1859100,516.4166666666666,0.4605309129040251,0.4605309129040251,0.3226871699085676,0.5829622159230793,172.74800941000942
6198,1859400,516.5,0.44880152844946,0.44880152844946,0.321038508002902,0.5852579000401236,172.9826708013853
6199,1859700,516.5833333333334,0.474947678931224,0.474947678931224,0.3240454797585601,0.5879739603959406,172.2655394148882
6200,1860000,516.6666666666666,0.488040833130598,0.488040833130598,0.3296248522160033,0.5894864977388812,172.56955973595927
6201,1860300,516.75,0.48039273967386,0.48039273967386,0.3287752632982272,0.5890248039081094,173.1183914859376
6202,1860600,516.8333333333334,0.4714293557532804,0.4714293557532804,0.3263404863654417,0.58766361645983,174.01039572709567
6203,1860900,516.9166666666666,0.4678580066549263,0.4678580066549263,0.3229294795071543,0.5889767740283229,174.5742589712515
6204,1861200,517.0,0.4658006967739405,0.4658006967739405,0.3253114239006061,0.5891272661692717,174.12038551880764
6205,1861500,517.0833333333334,0.4676363928225135,0.4676363928225135,0.3255923197162976,0.5872250340523502,173.0268562570565
6206,1861800,517.1666666666666,0.4648420066429845,0.4648420066429845,0.3232402644314602,0.5838813239304507,172.38742231946347
6207,1862100,517.25,0.4562367769190315,0.4562367769190315,0.3223108073942605,0.5824829839202557,172.36772000392472
6208,1862400,517.3333333333334,0.4641887418034595,0.4641887418034595,0.3225350708763615,0.5843559094228027,174.5627672425477
6209,1862700,517.4166666666666,0.4475004018540774,0.4475004018540774,0.3227244185548141,0.5871369117350537,174.78195095782496
6210,1863000,517.5,0.4372999062317539,0.4372999062317539,0.32134773223365,0.590500273847554,173.24635746874247
6211,1863300,517.5833333333334,0.4807429906856533,0.4807429906856533,0.3252474775441413,0.5937045813940652,172.88673997762672
6212,1863600,517.6666666666666,0.4814236022705537,0.4814236022705537,0.3268625420236773,0.5942993620964748,174.57847797978252
6213,1863900,517.75,0.4621305150425995,0.4621305150425995,0.3243208144933615,0.5942944649968083,175.1194899872923
6214,1864200,517.8333333333334,0.4711990697909418,0.4711990697909418,0.3256197708109707,0.595867961363201,175.59798177111253
6215,1864500,517.9166666666666,0.4674543780130241,0.4674543780130241,0.3270263238342596,0.5966244967873895,175.60746387941376
6216,1864800,518.0,0.4690741553061722,0.4690741553061722,0.3280667623530555,0.5974038258384292,175.79789741472118
6217,1865100,518.0833333333334,0.4743065514472862,0.4743065514472862,0.3284004612564484,0.5959840842621077,175.33151848969828
6218,1865400,518.1666666666666,0.4645046277581083,0.4645046277581083,0.3280644227199284,0.5943370279067538,174.25483495607244
6219,1865700,518.25,0.4726198537417831,0.4726198537417831,0.3248308182344619,0.5904034418939952,173.87598016440765
6220,1866000,518.3333333333334,0.4759356902087667,0.4759356902087667,0.3263017707179947,0.5912489046779424,173.95822400944226
6221,1866300,518.4166666666666,0.4705137751312572,0.4705137751312572,0.3271729774781463,0.5903959026105923,174.47589885694347
6222,1866600,518.5,0.4625405400485488,0.4625405400485488,0.3273557020394664,0.5915078575853251,174.83098965658428
6223,1866900,518.5833333333334,0.4439942553957752,0.4439942553957752,0.3240192856696478,0.5925914479175165,174.34770211710494
6224,1867200,518.6666666666666,0.4596010590298351,0.4596010590298351,0.3241310692202288,0.5961268084258119,174.0842736043359
6225,1867500,518.75,0.4584577649125153,0.4584577649125153,0.3226108312291399,0.596456707342723,174.46074807600155
6226,1867800,518.8333333333334,0.4235212412032859,0.4235212412032859,0.3211998218945147,0.5972438197758462,174.3803878051272
6227,1868100,518.9166666666666,0.3855730888559203,0.3855730888559203,0.3185662252902012,0.5990167473407612,172.11554379611982
6228,1868400,519.0,0.3718735754465626,0.3718735754465626,0.3167130317346425,0.6057010588725498,169.97090318321392
6229,1868700,519.0833333333334,0.3710441100440959,0.3710441100440959,0.3130604405694628,0.6098308538980733,168.10025973572374
6230,1869000,519.1666666666666,0.3836898120921649,0.3836898120921649,0.3167306509554287,0.6237602380337288,168.27570206291725
6231,1869300,519.25,0.3782957907598996,0.3782957907598996,0.3163646182503653,0.6312192471220658,169.5104813787679
6232,1869600,519.3333333333334,0.3724974638373354,0.3724974638373354,0.3176690004345453,0.6374096243400669,171.164561029712
6233,1869900,519.4166666666666,0.3797161660358791,0.3797161660358791,0.3198653678618594,0.6424623486664244,172.0427278378096
6234,1870200,519.5,0.3757265330112603,0.3757265330112603,0.3222788169936105,0.6435907902752036,171.74400314955105
6235,1870500,519.5833333333334,0.3763890740200514,0.3763890740200514,0.322658645504187,0.6437105007941712,172.53065571962682
6236,1870800,519.6666666666666,0.3828166464311641,0.3828166464311641,0.3203484228322186,0.6383294091849022,171.904704482649
6237,1871100,519.75,0.369547527465447,0.369547527465447,0.3147751436559701,0.6357864697709514,172.49137357446284
6238,1871400,519.8333333333334,0.3968758625292593,0.3968758625292593,0.3144020995899626,0.6401131590632081,175.10037408284288
6239,1871700,519.9166666666666,0.4274623885409519,0.4274623885409519,0.3167905237717177,0.6472483999431892,177.21151088089738
6240,1872000,520.0,0.4308225326926344,0.4308225326926344,0.3194325052508878,0.6509212094954855,178.67038030125926
6241,1872300,520.0833333333334,0.3988568580789617,0.3988568580789617,0.3155263796571485,0.6399180323337212,176.5247145278638
6242,1872600,520.1666666666666,0.4127571663051038,0.4127571663051038,0.3162853472184075,0.6451432450091875,179.19657396828603
6243,1872900,520.25,0.4242111986025081,0.4242111986025081,0.3170054108010506,0.6494822423091745,182.4826185562416
6244,1873200,520.3333333333334,0.4338670017978508,0.4338670017978508,0.316865018080773,0.6555935976379413,184.20325665588803
6245,1873500,520.4166666666666,0.4499059453426237,0.4499059453426237,0.3187672700708305,0.6610269111918112,184.77565353057028
6246,1873800,520.5,0.4582881035997296,0.4582881035997296,0.3214343483942039,0.6647587452084209,184.8586006077624
6247,1874100,520.5833333333334,0.461055345221009,0.461055345221009,0.323972923470476,0.6642634356477783,183.7833097147304
6248,1874400,520.6666666666666,0.4603497372218641,0.4603497372218641,0.3254673091826744,0.6634970564790325,183.576415607652
6249,1874700,520.75,0.4658600625376072,0.4658600625376072,0.3297832124416283,0.6648045961179286,183.4105968711297
6250,1875000,520.8333333333334,0.4704669260362902,0.4704669260362902,0.3344410918993944,0.6650314715084622,182.99203863616032
6251,1875300,520.9166666666666,0.4660125266206958,0.4660125266206958,0.3341449296749708,0.6644309945756945,182.8715957480047
6252,1875600,521.0,0.4565267915001059,0.4565267915001059,0.3325818208988016,0.6649446319604914,183.6195627153156
6253,1875900,521.0833333333334,0.4414304400509035,0.4414304400509035,0.3291805038374533,0.6655471631008375,183.58506195020365
6254,1876200,521.1666666666666,0.4517520839539816,0.4517520839539816,0.3283297956899366,0.6666134132858702,184.46057100974795
6255,1876500,521.25,0.4519530705736225,0.4519530705736225,0.326254885994648,0.6671174956483729,185.0394939022862
6256,1876800,521.3333333333334,0.4573005191231952,0.4573005191231952,0.3276359194764016,0.6670535855124929,184.4957191923511
6257,1877100,521.4166666666666,0.4459167409035374,0.4459167409035374,0.3270132610081124,0.6647012868967023,184.5651825045765
6258,1877400,521.5,0.4401512583541483,0.4401512583541483,0.3253398488763637,0.6644919575897889,184.43935894420608
6259,1877700,521.5833333333334,0.4522666695425704,0.4522666695425704,0.3007892686830112,0.5865003091856592,162.61077310326905
6260,1878000,521.6666666666666,0.4760137558759358,0.4760137558759358,0.3065737359789552,0.6058834487582933,166.09771317729445
6261,1878300,521.75,0.490488822774107,0.490488822774107,0.3156287636924169,0.6186331013464713,169.73389108321282
6262,1878600,521.8333333333334,0.495584862268083,0.495584862268083,0.3314645838184835,0.6330083998881416,170.76813966176994
6263,1878900,521.9166666666666,0.4966105982320344,0.4966105982320344,0.3378662815297621,0.635702083628374,170.79199123614328
6264,1879200,522.0,0.5079973083893299,0.5079973083893299,0.3480892112542635,0.6407364535336566,171.47227750894092
6265,1879500,522.0833333333334,0.4979645940669309,0.4979645940669309,0.3455781897854604,0.6429943048253352,171.54703313781462
6266,1879800,522.1666666666666,0.5154933249632782,0.5154933249632782,0.3506133904999191,0.6463045231181218,172.74008576665247
6267,1880100,522.25,0.525196935821652,0.525196935821652,0.3500039030047541,0.6478602090501587,173.0530890292035
6268,1880400,522.3333333333334,0.5124390925821914,0.5124390925821914,0.3410623653016982,0.6458751576834653,171.98017839245335
6269,1880700,522.4166666666666,0.5136315986233796,0.5136315986233796,0.3482846881146959,0.6467670616184811,172.5659819910266
6270,1881000,522.5,0.5202507160213168,0.5202507160213168,0.3499073081503273,0.6523886808974785,172.44209146480102
6271,1881300,522.5833333333334,0.5154744214573358,0.5154744214573358,0.3486237035334807,0.6449011541469745,173.95339242625528
6272,1881600,522.6666666666666,0.5084290561181484,0.5084290561181484,0.3473800126828703,0.6415081057138823,173.99157354205036
6273,1881900,522.75,0.4906974354069734,0.4906974354069734,0.3358614905655849,0.6362030722525351,173.3150036129244
6274,1882200,522.8333333333334,0.4978315310895905,0.4978315310895905,0.3414323234111771,0.6394178324718913,173.70393300202883
6275,1882500,522.9166666666666,0.4733994198980658,0.4733994198980658,0.336167493954669,0.6413882308239655,173.7991036703477
6276,1882800,523.0,0.4672624082698234,0.4672624082698234,0.3367761905346867,0.6392282176835207,170.6688540387365
6277,1883100,523.0833333333334,0.4626465599433347,0.4626465599433347,0.3318204946695463,0.6396411869172083,169.08191057352974
6278,1883400,523.1666666666666,0.4765556023506936,0.4765556023506936,0.3325820707324276,0.6395480468857055,170.88696108714336
6279,1883700,523.25,0.484560249780414,0.484560249780414,0.3370743825467662,0.6380131426117618,167.93780623097908
6280,1884000,523.3333333333334,0.4930688119497209,0.4930688119497209,0.3360902453167246,0.6360121607489455,166.04009800025702
6281,1884300,523.4166666666666,0.4746172480509474,0.4746172480509474,0.338251398286749,0.6370254454329483,165.7892724168421
6282,1884600,523.5,0.4955633588837648,0.4955633588837648,0.3478473367325396,0.6390944145029589,166.45321131079768
6283,1884900,523.5833333333334,0.4946047020482233,0.4946047020482233,0.3419826593498938,0.6387952949852126,167.07527166273627
6284,1885200,523.6666666666666,0.4782012166271826,0.4782012166271826,0.3376021007428056,0.6400787862116054,166.554925000179
6285,1885500,523.75,0.4512811606464866,0.4512811606464866,0.3383528584808521,0.6417436356343276,165.9483778247161
6286,1885800,523.8333333333334,0.4469527670632275,0.4469527670632275,0.3395902288780801,0.6428243999234845,166.2909378270406
6287,1886100,523.9166666666666,0.4566831597472187,0.4566831597472187,0.3447530902577463,0.6467735878149765,166.400215407272
6288,1886400,524.0,0.4398110442556701,0.4398110442556701,0.3427953261437015,0.6436991608682241,162.9265435407437
6289,1886700,524.0833333333334,0.4120784652857348,0.4120784652857348,0.3288549781997116,0.6388721326431409,161.43735738073374
6290,1887000,524.1666666666666,0.4291309570017713,0.4291309570017713,0.3300522372270499,0.608339602533912,157.60892430002687
6291,1887300,524.25,0.4899108165716521,0.4899108165716521,0.3499534084754959,0.6231391279813563,160.71536839798102
6292,1887600,524.3333333333334,0.5008328914836431,0.5008328914836431,0.3607953485551767,0.6234239305380577,162.62349767544617
6293,1887900,524.4166666666666,0.4990135352204954,0.4990135352204954,0.3590753105630903,0.6235428372679273,164.04626556033435
6294,1888200,524.5,0.4737298267373825,0.4737298267373825,0.3452850254658133,0.6174163083793354,164.33568110792544
6295,1888500,524.5833333333334,0.4896502115923193,0.4896502115923193,0.3551673920208669,0.6230449178767276,165.9686732619185
6296,1888800,524.6666666666666,0.5062986816983549,0.5062986816983549,0.3510907227863031,0.6202805780413871,163.6508698583474
6297,1889100,524.75,0.5193120411741244,0.5193120411741244,0.3530092813543605,0.6189861311185608,163.15814233769512
6298,1889400,524.8333333333334,0.4933031948936006,0.4933031948936006,0.3522977300453449,0.6145926935778945,162.86043459569456
6299,1889700,524.9166666666666,0.4866122967663679,0.4866122967663679,0.3561315809032807,0.6124413201370776,163.6220557248621
6300,1890000,525.0,0.4831109331535338,0.4831109331535338,0.3537286380250014,0.6086183784574084,164.15698837350973
6301,1890300,525.0833333333334,0.4728994796163356,0.4728994796163356,0.3529605337006216,0.606390359623515,163.81162525841404
6302,1890600,525.1666666666666,0.4814861191912978,0.4814861191912978,0.3515900664724681,0.6075953628547806,163.11739749345685
6303,1890900,525.25,0.4903104009274367,0.4903104009274367,0.3509624479261813,0.606550073938799,163.67750353703477
6304,1891200,525.3333333333334,0.4825230452513765,0.4825230452513765,0.3508384425323754,0.6049242134074855,164.07789181910402
6305,1891500,525.4166666666666,0.4988560011728017,0.4988560011728017,0.3530328476718727,0.6070248708469907,163.7473356788527
6306,1891800,525.5,0.4646935131289449,0.4646935131289449,0.3382310198166526,0.600990653547154,163.1007728306807
6307,1892100,525.5833333333334,0.4737183318914919,0.4737183318914919,0.3466214025216998,0.6079553154539438,163.30034704231667
6308,1892400,525.6666666666666,0.4684170861057034,0.4684170861057034,0.3487446125333859,0.6145145802423171,163.71176712258915
6309,1892700,525.75,0.4743722272108343,0.4743722272108343,0.347313987886321,0.6170765882782601,163.19504195890818
6310,1893000,525.8333333333334,0.4802946365830444,0.4802946365830444,0.3444901243056923,0.6128270217867337,163.3743899364661
6311,1893300,525.9166666666666,0.4787109099356852,0.4787109099356852,0.3496266552374893,0.6147422312170814,162.88921601632222
6312,1893600,526.0,0.4895317935315402,0.4895317935315402,0.3385215226688128,0.6018404038956541,159.42620828169166
6313,1893900,526.0833333333334,0.5044484619191375,0.5044484619191375,0.333771939734564,0.5975672405292866,157.45282896151133
6314,1894200,526.1666666666666,0.5054930946811725,0.5054930946811725,0.3353998231701363,0.6094811395942301,156.85512885351096
6315,1894500,526.25,0.5077016973112274,0.5077016973112274,0.3414782494239016,0.6172791771266771,156.82665849494933
6316,1894800,526.3333333333334,0.4901707356058193,0.4901707356058193,0.3327955072020555,0.6125589366191403,156.80543893895415
6317,1895100,526.4166666666666,0.4954996556964586,0.4954996556964586,0.3372525070545646,0.6159817418002961,156.97805530601445
6318,1895400,526.5,0.4823362771546402,0.4823362771546402,0.3361869789218635,0.6199516389916944,159.16370632104395
6319,1895700,526.5833333333334,0.4691376739772996,0.4691376739772996,0.320230332531861,0.6097046181299475,157.18686144441736
6320,1896000,526.6666666666666,0.4799420521649544,0.4799420521649544,0.3181835216641608,0.6035499173473116,155.20884136184202
6321,1896300,526.75,0.4367313287986063,0.4367313287986063,0.2920678913648405,0.5951983028761146,154.8443107087301
6322,1896600,526.8333333333334,0.4845194396171493,0.4845194396171493,0.316787192419428,0.613109873793283,157.13395218323498
6323,1896900,526.9166666666666,0.5342849802488749,0.5342849802488749,0.339834817617923,0.6059654803990427,154.2533825131999
6324,1897200,527.0,0.534162118268907,0.534162118268907,0.3392929782072215,0.5953291413915733,154.62529872854952
6325,1897500,527.0833333333334,0.4971119874179315,0.4971119874179315,0.3116492723060192,0.5851595323012929,152.83572840168432
6326,1897800,527.1666666666666,0.5173661170435572,0.5173661170435572,0.3280659834117738,0.5938858360476155,153.48902460074518
6327,1898100,527.25,0.5092217303112748,0.5092217303112748,0.3336183491576687,0.5975102007401236,153.12918308075345
6328,1898400,527.3333333333334,0.4940011198185364,0.4940011198185364,0.3376782733539137,0.6003540884353473,152.9097717986166
6329,1898700,527.4166666666666,0.4792155014219276,0.4792155014219276,0.3342421874842445,0.601348285743977,152.28905106836538
6330,1899000,527.5,0.4837693383806295,0.4837693383806295,0.3322666650924832,0.5999538284552397,150.13469455013953
6331,1899300,527.5833333333334,0.4779131524787643,0.4779131524787643,0.3340573287553009,0.606781269188097,150.40770291698755
6332,1899600,527.6666666666666,0.4770807757662044,0.4770807757662044,0.3316538245716994,0.6067660889665366,150.18140646039726
6333,1899900,527.75,0.4689766184345658,0.4689766184345658,0.3304722599473793,0.6027277128185817,149.62478038323633
6334,1900200,527.8333333333334,0.4695848675639437,0.4695848675639437,0.3324222497376737,0.6131563819260365,151.91283461359566
6335,1900500,527.9166666666666,0.4861570007103877,0.4861570007103877,0.333346828521681,0.619882150111951,153.39095285392
6336,1900800,528.0,0.4719916395329143,0.4719916395329143,0.3307930764922243,0.6255240201802806,154.83799003076788
6337,1901100,528.0833333333334,0.4911364217898802,0.4911364217898802,0.3431357483587646,0.6364035034695367,155.8517276253705
6338,1901400,528.1666666666666,0.461747559584919,0.461747559584919,0.3295405076613129,0.6326096134896309,154.60622286571763
6339,1901700,528.25,0.4666703513944488,0.4666703513944488,0.3366168129406098,0.6338473691998215,153.92870972973068
6340,1902000,528.3333333333334,0.4672870922502152,0.4672870922502152,0.3355175905820374,0.6327008906657259,151.61954836436615
6341,1902300,528.4166666666666,0.4640330352751768,0.4640330352751768,0.3355414238691227,0.6282895711600937,151.09106588912647
6342,1902600,528.5,0.4605114343707623,0.4605114343707623,0.336080302618308,0.6266665443501104,151.58603846128565
6343,1902900,528.5833333333334,0.4785264866252181,0.4785264866252181,0.3428761327815566,0.6321793913902912,152.88226392154655
6344,1903200,528.6666666666666,0.4690737407330098,0.4690737407330098,0.3336356916980966,0.6227518253863082,151.77646934535588
6345,1903500,528.75,0.4498147342431113,0.4498147342431113,0.3234386458739667,0.6212872211839897,150.19768041562438
6346,1903800,528.8333333333334,0.4704810908200502,0.4704810908200502,0.3368674444551424,0.6327508383047343,152.5148822108319
6347,1904100,528.9166666666666,0.4635381269968949,0.4635381269968949,0.341551140844761,0.639848232657197,154.96162884498676
6348,1904400,529.0,0.4701578698071948,0.4701578698071948,0.3458368055263322,0.6416318840870954,156.61805193794763
6349,1904700,529.0833333333334,0.4676347247269767,0.4676347247269767,0.3450356755577665,0.640626004393422,153.95802708818107
6350,1905000,529.1666666666666,0.45881226514885,0.45881226514885,0.3398739944209777,0.6400512663313275,155.16737324492735
6351,1905300,529.25,0.4536207180477038,0.4536207180477038,0.3344506628755306,0.6370383418379745,154.510729235742
6352,1905600,529.3333333333334,0.4623043811100639,0.4623043811100639,0.3355447282533179,0.6364456015387647,153.55867968800956
6353,1905900,529.4166666666666,0.4609116725328137,0.4609116725328137,0.3295650871056529,0.6300607661491064,152.07768680067988
6354,1906200,529.5,0.4575004662006938,0.4575004662006938,0.3267817168500531,0.6280526028722946,153.14796700355697
6355,1906500,529.5833333333334,0.4670192705123002,0.4670192705123002,0.3271238367950753,0.636013949186501,152.06006797599554
6356,1906800,529.6666666666666,0.4638426629222204,0.4638426629222204,0.3249099751616576,0.6398825434036352,151.6038305395766
6357,1907100,529.75,0.4487794178250298,0.4487794178250298,0.3184575261637184,0.6280128177598618,153.2387320316093
6358,1907400,529.8333333333334,0.4542168952207971,0.4542168952207971,0.3251410139656804,0.639647043548947,155.4013696862186
6359,1907700,529.9166666666666,0.4686160115708848,0.4686160115708848,0.3265905093196358,0.6447302572170069,157.9632258934448
6360,1908000,530.0,0.4704785666040039,0.4704785666040039,0.3242599906440365,0.6426926156673011,162.11229993816042
6361,1908300,530.0833333333334,0.4648585551294676,0.4648585551294676,0.3275236896268968,0.6486823249934802,163.4718639999081
6362,1908600,530.1666666666666,0.4549731829070892,0.4549731829070892,0.3281342694738514,0.6530224703326584,162.41788461521008
6363,1908900,530.25,0.4573781851566196,0.4573781851566196,0.3303758406120283,0.6520485016832723,163.21414820496798
6364,1909200,530.3333333333334,0.4720668148795638,0.4720668148795638,0.3327591549654369,0.6536523430284901,165.1000956504602
6365,1909500,530.4166666666666,0.485246573470097,0.485246573470097,0.3349821227630132,0.6566769449793747,167.0273648351864
6366,1909800,530.5,0.4959126797928825,0.4959126797928825,0.3390579404980284,0.6588732655610346,165.5196350877098
6367,1910100,530.5833333333334,0.4506891405401781,0.4506891405401781,0.3200365785396819,0.6153343670683158,152.32884935865405
6368,1910400,530.6666666666666,0.4429625436780312,0.4429625436780312,0.3227292802512518,0.6235330339779157,154.89363568004626
6369,1910700,530.75,0.4440200660765325,0.4440200660765325,0.3276806463487725,0.6314962734880751,156.13989444315274
6370,1911000,530.8333333333334,0.4398050527418423,0.4398050527418423,0.3313064212463494,0.6352251664457216,155.9666678557543
6371,1911300,530.9166666666666,0.4309516182900056,0.4309516182900056,0.3292872921732453,0.6355268127529868,154.08242534860483
6372,1911600,531.0,0.4308604691749613,0.4308604691749613,0.3085612281929645,0.5740051973586117,145.02114910537912
6373,1911900,531.0833333333334,0.4377527575389104,0.4377527575389104,0.3180089850287045,0.5920004339414023,148.84055049738902
6374,1912200,531.1666666666666,0.4339685532182504,0.4339685532182504,0.3156635306726327,0.5974875490375736,146.42775269835906
6375,1912500,531.25,0.4394745452911888,0.4394745452911888,0.3168970407661482,0.6043971037949546,149.58800909675256
6376,1912800,531.3333333333334,0.4187409469301947,0.4187409469301947,0.3127712792773271,0.6062291140961205,144.20499772334065
6377,1913100,531.4166666666666,0.4275106888709483,0.4275106888709483,0.315615703445072,0.6119218198914907,144.75320150710988
6378,1913400,531.5,0.4322659232135223,0.4322659232135223,0.3184225424692371,0.6111833910803873,143.2798758689924
6379,1913700,531.5833333333334,0.4318817761202541,0.4318817761202541,0.3202420869331762,0.6166751078075746,145.650490288048
6380,1914000,531.6666666666666,0.4373113242393218,0.4373113242393218,0.3234563198196268,0.6231533355014724,148.92814464227632
6381,1914300,531.75,0.4332931344013384,0.4332931344013384,0.3247127245935506,0.6282416319931949,152.14723610240424
6382,1914600,531.8333333333334,0.4484560486987933,0.4484560486987933,0.3264854063645906,0.6329763696590052,154.9144451068537
6383,1914900,531.9166666666666,0.448349541556005,0.448349541556005,0.3279297497530665,0.6364543531773732,157.09994973816978
6384,1915200,532.0,0.4442419283876104,0.4442419283876104,0.3287561306083142,0.6376225779368059,158.89655929538674
6385,1915500,532.0833333333334,0.4479171659841,0.4479171659841,0.329329031036175,0.6408057324826928,160.70534737564006
6386,1915800,532.1666666666666,0.44691583522093,0.44691583522093,0.3296256416426307,0.6432078607639519,163.57346199939246
6387,1916100,532.25,0.4352478615935837,0.4352478615935837,0.3276863678009549,0.6460019852949012,163.8148780497668
6388,1916400,532.3333333333334,0.4407420019238025,0.4407420019238025,0.3286644179747079,0.6486040776674065,164.71014318581524
6389,1916700,532.4166666666666,0.4299249268935669,0.4299249268935669,0.327734163223212,0.6510908230586167,165.8763519020689
6390,1917000,532.5,0.4363852252265849,0.4363852252265849,0.3291835105101561,0.653648443864037,166.48479804489426
6391,1917300,532.5833333333334,0.4004888904961335,0.4004888904961335,0.3250448975516994,0.6564816576245498,168.4745134409363
6392,1917600,532.6666666666666,0.4007829133150718,0.4007829133150718,0.3196252020292224,0.6593386015078391,167.50368566711626
6393,1917900,532.75,0.4932177453257332,0.4932177453257332,0.3330907675219617,0.6692163914666326,171.86522197306277
6394,1918200,532.8333333333334,0.5245284342802183,0.5245284342802183,0.3475613938774261,0.6679635148273841,175.1314498438019
6395,1918500,532.9166666666666,0.5145561541389917,0.5145561541389917,0.3453562255310098,0.652140488099927,173.44044521160038
6396,1918800,533.0,0.4973271946405239,0.4973271946405239,0.3401157693324754,0.6348024833729599,167.84843173953382
6397,1919100,533.0833333333334,0.4962213386091886,0.4962213386091886,0.3388388391090939,0.6216093455724465,161.85344699901916
6398,1919400,533.1666666666666,0.4896230129402916,0.4896230129402916,0.3397445511927015,0.6183117045687125,161.3287515881734
6399,1919700,533.25,0.4813936058009526,0.4813936058009526,0.3397677906891623,0.6166181084342474,160.61441630578022
6400,1920000,533.3333333333334,0.4739518968963234,0.4739518968963234,0.3387704425495659,0.6156820502812086,160.4629161925194
6401,1920300,533.4166666666666,0.4708331725290713,0.4708331725290713,0.3377602894777677,0.6159213000648089,159.62599227111815
6402,1920600,533.5,0.4598117325108358,0.4598117325108358,0.3353880271853443,0.6072281978550939,151.19710238105
6403,1920900,533.5833333333334,0.4551880113594898,0.4551880113594898,0.3355081865614179,0.6086128176682841,151.4823690078045
6404,1921200,533.6666666666666,0.4565164568949053,0.4565164568949053,0.3360813272744796,0.6089406551172954,152.00297350556067
6405,1921500,533.75,0.4592644932431254,0.4592644932431254,0.3366989338404054,0.6085585595631756,151.6224945227619
6406,1921800,533.8333333333334,0.4551182173325065,0.4551182173325065,0.3352883478076442,0.6075203355945292,150.6743487328827
6407,1922100,533.9166666666666,0.4518407864320931,0.4518407864320931,0.3345054078599068,0.6080026694464058,151.57487419783564
6408,1922400,534.0,0.4471803316078528,0.4471803316078528,0.3297798828722331,0.6057362418278991,151.31969335870653
6409,1922700,534.0833333333334,0.4570222227235222,0.4570222227235222,0.3316950024719708,0.6086645115676349,153.47092737524252
6410,1923000,534.1666666666666,0.4649960378735092,0.4649960378735092,0.3336188477795932,0.6102094712327687,154.96622054591697
6411,1923300,534.25,0.4737074226065217,0.4737074226065217,0.3323826362714583,0.6099477439224849,156.0817899895308
6412,1923600,534.3333333333334,0.4634111002973944,0.4634111002973944,0.3303284837560837,0.6113224501772203,156.1018987049742
6413,1923900,534.4166666666666,0.4800754921063435,0.4800754921063435,0.331757263461337,0.6138736772566322,158.06416437585895
6414,1924200,534.5,0.476547098266466,0.476547098266466,0.3323214675246981,0.6164705047816902,159.21593461003923
6415,1924500,534.5833333333334,0.4794249240765845,0.4794249240765845,0.3332213837610209,0.6195114680560384,160.34655766053024
6416,1924800,534.6666666666666,0.4824414807944759,0.4824414807944759,0.3344851430412338,0.6222290762900734,161.00648404017744
6417,1925100,534.75,0.4818088645151473,0.4818088645151473,0.3342072014792157,0.6231864106250259,161.79681094993265
6418,1925400,534.8333333333334,0.4724238608534347,0.4724238608534347,0.3338580792363555,0.6250352785801864,161.93092466331856
6419,1925700,534.9166666666666,0.4749362879418146,0.4749362879418146,0.3343064761244229,0.6259591788423235,162.39671351524407
6420,1926000,535.0,0.4787374996521911,0.4787374996521911,0.334889781385181,0.6252077416341648,161.86035874209884
6421,1926300,535.0833333333334,0.4825293635318974,0.4825293635318974,0.3358872454633603,0.6249783851025983,161.1484613387625
6422,1926600,535.1666666666666,0.4810502437088905,0.4810502437088905,0.3353357547880794,0.6221495329298681,160.07826136288546
6423,1926900,535.25,0.4742265341413178,0.4742265341413178,0.3346873244514433,0.6212945005381987,160.4247829034151
6424,1927200,535.3333333333334,0.4766150534323351,0.4766150534323351,0.3348773341609192,0.6216677508581979,160.67725064903348
6425,1927500,535.4166666666666,0.4759099184433444,0.4759099184433444,0.3350076662771999,0.6215307240385947,160.62419456033237
6426,1927800,535.5,0.4721557868716677,0.4721557868716677,0.3342358157979495,0.6228093840682559,160.6940624114878
6427,1928100,535.5833333333334,0.4789151977512668,0.4789151977512668,0.3344523677701735,0.6234797423187689,160.82641152142875
6428,1928400,535.6666666666666,0.471477064214978,0.471477064214978,0.3340786842490586,0.6239571220078141,161.09410656652824
6429,1928700,535.75,0.4673362902911839,0.4673362902911839,0.333094649844699,0.6228083960642203,160.740526858093
6430,1929000,535.8333333333334,0.4708448086968518,0.4708448086968518,0.3330682116146618,0.6217546128305032,161.37735880974716
6431,1929300,535.9166666666666,0.4713616052939957,0.4713616052939957,0.3335402884536697,0.6241222294276761,161.88015911760746
6432,1929600,536.0,0.4593199777457621,0.4593199777457621,0.3330059768467198,0.625399913671422,162.64901506309874
6433,1929900,536.0833333333334,0.4622356256691908,0.4622356256691908,0.3311080852885034,0.625595295118082,162.66688282836745
6434,1930200,536.1666666666666,0.4631162921957416,0.4631162921957416,0.3323781582728678,0.6280378154821339,163.7909984747571
6435,1930500,536.25,0.4681470131825315,0.4681470131825315,0.3313778075703815,0.6285832985290966,164.2626835354639
6436,1930800,536.3333333333334,0.4693295339234886,0.4693295339234886,0.3318084050103374,0.6303089296073481,165.09699671438835
6437,1931100,536.4166666666666,0.4786958516639418,0.4786958516639418,0.3319439105891792,0.6275880497237862,165.29470363300416
6438,1931400,536.5,0.4752706589935794,0.4752706589935794,0.3331531814135131,0.6264118430414032,165.87621283716052
6439,1931700,536.5833333333334,0.471360543383938,0.471360543383938,0.3329866689708287,0.6258596874975064,166.42205373516504
6440,1932000,536.6666666666666,0.4618828552926103,0.4618828552926103,0.3307243026618238,0.6250393386279043,166.21729941002636
6441,1932300,536.75,0.4632835174006019,0.4632835174006019,0.3283303663067651,0.6227195586122376,165.0761516852875
6442,1932600,536.8333333333334,0.4814629231849403,0.4814629231849403,0.3310105127515654,0.624130400132431,166.25213631424316
6443,1932900,536.9166666666666,0.4892734698905464,0.4892734698905464,0.3334346008027308,0.6282952302599064,166.90579503780177
6444,1933200,537.0,0.4924999861777285,0.4924999861777285,0.3365192773630921,0.6296855222120697,168.0677489115711
6445,1933500,537.0833333333334,0.4894400623074353,0.4894400623074353,0.3363404253974197,0.6263407263910518,166.72435241671286
6446,1933800,537.1666666666666,0.4746745779362489,0.4746745779362489,0.3343049840645397,0.6198141265108004,164.38567003312443
6447,1934100,537.25,0.4613558424408436,0.4613558424408436,0.3336161701931528,0.6165397557230285,163.49816153415736
6448,1934400,537.3333333333334,0.4444283646627125,0.4444283646627125,0.3340132586524293,0.6179631911522004,162.85503823263414
6449,1934700,537.4166666666666,0.435195563401667,0.435195563401667,0.331002975593693,0.615704480659604,160.3212977201579
6450,1935000,537.5,0.4312180423503398,0.4312180423503398,0.3306454894206543,0.6192726335004768,160.24487470036053
6451,1935300,537.5833333333334,0.4366416400308907,0.4366416400308907,0.3316865034793392,0.6199741856520746,158.195519403219
6452,1935600,537.6666666666666,0.4404615045989131,0.4404615045989131,0.3310974836470819,0.6217817866589856,160.5480084100509
6453,1935900,537.75,0.4428360741496399,0.4428360741496399,0.3310333239334534,0.622685246358393,160.36047812866929
6454,1936200,537.8333333333334,0.4357069677113275,0.4357069677113275,0.3307748303057056,0.6244077801922864,161.9603917027447
6455,1936500,537.9166666666666,0.4340579364340132,0.4340579364340132,0.3290078963354227,0.6260683907554178,162.57810460254936
6456,1936800,538.0,0.4414870260876892,0.4414870260876892,0.3303746672415644,0.6297864551760947,164.41791966052324
6457,1937100,538.0833333333334,0.4365219509273478,0.4365219509273478,0.3285659351698229,0.6293106332816183,165.82859133193247
6458,1937400,538.1666666666666,0.4372186786660977,0.4372186786660977,0.3283532615377428,0.6311324829456012,165.79769263763774
6459,1937700,538.25,0.4430550623735046,0.4430550623735046,0.3287708450829286,0.633235590972697,167.00890739342483
6460,1938000,538.3333333333334,0.4561428983312121,0.4561428983312121,0.3302921825537144,0.635064498483618,167.88443401483323
6461,1938300,538.4166666666666,0.4658584196469666,0.4658584196469666,0.3323560986977487,0.6355556343340362,169.08345625128825
6462,1938600,538.5,0.4591057488568817,0.4591057488568817,0.3329901417505864,0.6358145415436357,169.919804523418
6463,1938900,538.5833333333334,0.4654834484386465,0.4654834484386465,0.3332394087896891,0.6346623244130628,169.7052590430442
6464,1939200,538.6666666666666,0.4704681881076177,0.4704681881076177,0.3332872625824816,0.6311010389200222,169.15268874465607
6465,1939500,538.75,0.460812722574462,0.460812722574462,0.3294992053813103,0.6301252217851632,168.95423686915066
6466,1939800,538.8333333333334,0.4644215897124828,0.4644215897124828,0.3285692399573193,0.630759304191108,170.57555441148742
6467,1940100,538.9166666666666,0.4628412886788092,0.4628412886788092,0.3280604452615678,0.6329593207807777,171.66378428553242
6468,1940400,539.0,0.4585000111806723,0.4585000111806723,0.3286686213851893,0.6344731491362013,171.5687535433518
6469,1940700,539.0833333333334,0.4516982043079376,0.4516982043079376,0.3289098220199928,0.6361773595375327,171.0579995991756
6470,1941000,539.1666666666666,0.450969652151963,0.450969652151963,0.330070236140653,0.6382183151252898,170.0666049979558
6471,1941300,539.25,0.4631076279636695,0.4631076279636695,0.3323715802064575,0.6399148665140402,169.77250114416728
6472,1941600,539.3333333333334,0.4642864340191548,0.4642864340191548,0.3365035556230863,0.6458113162801744,170.11236501246466
6473,1941900,539.4166666666666,0.4732264643681828,0.4732264643681828,0.3396877111163574,0.6414939366929263,168.66774105313607
6474,1942200,539.5,0.4708750399014049,0.4708750399014049,0.3368637666903685,0.6360461476740352,168.05694821455816
6475,1942500,539.5833333333334,0.4521637939662974,0.4521637939662974,0.326131894377066,0.6139979166741821,162.08929414951314
6476,1942800,539.6666666666666,0.4511135656194096,0.4511135656194096,0.3258066459989042,0.6143476235465615,162.56051059330392
6477,1943100,539.75,0.4577162709534267,0.4577162709534267,0.3273189289596943,0.6178717954271248,164.7212270252901
6478,1943400,539.8333333333334,0.4515128084031101,0.4515128084031101,0.3065562983999564,0.5581033785796795,162.00799689653195
6479,1943700,539.9166666666666,0.4567319750055661,0.4567319750055661,0.3143378486921458,0.5670336615849451,165.4139601330691
6480,1944000,540.0,0.477063601723704,0.477063601723704,0.3208447296845733,0.575640223054777,166.5452963527061
6481,1944300,540.0833333333334,0.4830119687166949,0.4830119687166949,0.3252295959841126,0.581363931497996,167.1716591980021
6482,1944600,540.1666666666666,0.4913821903967149,0.4913821903967149,0.3291568808873686,0.5852134967268058,167.01611667998012
6483,1944900,540.25,0.4957930862157468,0.4957930862157468,0.3351309716811588,0.587134830765279,167.64486135398008
6484,1945200,540.3333333333334,0.4909028939453362,0.4909028939453362,0.3339890659858227,0.5873174802367703,167.5432830713109
6485,1945500,540.4166666666666,0.4898186834317181,0.4898186834317181,0.3308110797101329,0.5888205968919881,168.93264428415813
6486,1945800,540.5,0.4867619676093471,0.4867619676093471,0.3341396394604558,0.5914983391408187,170.02656205406558
6487,1946100,540.5833333333334,0.5073195285356631,0.5073195285356631,0.3349775860652152,0.5941437313509401,169.35754441122046
6488,1946400,540.6666666666666,0.5226294257707258,0.5226294257707258,0.3397915915006101,0.5941793609787308,170.67371298683423
6489,1946700,540.75,0.5136860136821608,0.5136860136821608,0.3394722634028311,0.5902719501578396,169.23863450362995
6490,1947000,540.8333333333334,0.5029710893281388,0.5029710893281388,0.3349754084286919,0.5879745450196583,170.12349651469134
6491,1947300,540.9166666666666,0.5056137620956999,0.5056137620956999,0.334176682873884,0.589229060054717,170.94708366750194
6492,1947600,541.0,0.5035075810716384,0.5035075810716384,0.336469032908967,0.5902027434747115,171.9323736793852
6493,1947900,541.0833333333334,0.4917851484111316,0.4917851484111316,0.3364484984541804,0.5902667430052703,171.62596694886682
6494,1948200,541.1666666666666,0.4966906966741732,0.4966906966741732,0.3352132493134387,0.5908826305032845,170.41864862557165
6495,1948500,541.25,0.493871681432565,0.493871681432565,0.3349044258859474,0.5934432327789985,170.42634334971356
6496,1948800,541.3333333333334,0.5058212975874091,0.5058212975874091,0.3382870942728677,0.5941050226786522,168.97188918591925
6497,1949100,541.4166666666666,0.5152824473492958,0.5152824473492958,0.3409551876276017,0.5904132295418928,168.01801583567078
6498,1949400,541.5,0.5222422038418033,0.5222422038418033,0.34268583717689,0.5832341913304302,166.65972821902346
6499,1949700,541.5833333333334,0.4877756052263954,0.4877756052263954,0.3281181514695918,0.5707944100931223,163.35159384120195
6500,1950000,541.6666666666666,0.4870066072391196,0.4870066072391196,0.3268327384159484,0.5734614588203617,165.3792484700236
6501,1950300,541.75,0.4880444242931309,0.4880444242931309,0.3297998950553121,0.5795976766809168,165.36835323488356
6502,1950600,541.8333333333334,0.493300815455848,0.493300815455848,0.3348506634442189,0.5844306944825266,165.80341684649815
6503,1950900,541.9166666666666,0.4967543732519225,0.4967543732519225,0.3354429520676492,0.5876197957266313,165.55839897777375
6504,1951200,542.0,0.4950002422003405,0.4950002422003405,0.335812038574812,0.5885810987496501,166.53579877037333
6505,1951500,542.0833333333334,0.505309630282327,0.505309630282327,0.3414325672253608,0.5915538607366911,167.59338471995093
6506,1951800,542.1666666666666,0.5060558496256964,0.5060558496256964,0.3429246274405523,0.5915821687146052,167.84047283863748
6507,1952100,542.25,0.5076933304712421,0.5076933304712421,0.3408796460307403,0.591402520047795,168.11998531146213
6508,1952400,542.3333333333334,0.5039633956514383,0.5039633956514383,0.3384496325436092,0.5913620185305877,168.94487595522736
6509,1952700,542.4166666666666,0.4623607489830359,0.4623607489830359,0.3344887227527841,0.5978010711271616,167.75155493047086
6510,1953000,542.5,0.4466463032431874,0.4466463032431874,0.3423411717444115,0.6080807963763258,165.4878367043695
6511,1953300,542.5833333333334,0.4642431677223004,0.4642431677223004,0.3420548398545685,0.6093919815870359,164.6461518810681
6512,1953600,542.6666666666666,0.4545794799566251,0.4545794799566251,0.3391314502537229,0.60827590637316,164.78999555402115
6513,1953900,542.75,0.421566033767442,0.421566033767442,0.3334881604533309,0.6084485284790875,165.78680901800942
6514,1954200,542.8333333333334,0.4141252880180104,0.4141252880180104,0.329924372718077,0.615002324334774,164.71933020709383
6515,1954500,542.9166666666666,0.4082539438155446,0.4082539438155446,0.326907839830544,0.6181285780708395,165.05949315737027
6516,1954800,543.0,0.4067038294853428,0.4067038294853428,0.3297628697586494,0.6266926377174826,165.65643436662518
6517,1955100,543.0833333333334,0.4003595821845023,0.4003595821845023,0.3288428735406473,0.6289073509708398,166.37005087661984
6518,1955400,543.1666666666666,0.413528544858193,0.413528544858193,0.3332968774157271,0.6386704834408715,167.11097222991825
6519,1955700,543.25,0.4030122491777669,0.4030122491777669,0.3331941875839149,0.6383205414598319,169.0370036596285
6520,1956000,543.3333333333334,0.3930005959018571,0.3930005959018571,0.3285314823395397,0.636813408021886,168.2083300120506
6521,1956300,543.4166666666666,0.4041076877882995,0.4041076877882995,0.3352677072825324,0.6492477661009729,168.157385045485
6522,1956600,543.5,0.4296625454896228,0.4296625454896228,0.3464020236952652,0.6566683697812368,168.21190162448852
6523,1956900,543.5833333333334,0.4385783531485556,0.4385783531485556,0.3483669724516474,0.6619442619726186,168.82921191937845
6524,1957200,543.6666666666666,0.4509999203645429,0.4509999203645429,0.3530901377757285,0.6665385289603575,169.89242241533503
6525,1957500,543.75,0.447906380190569,0.447906380190569,0.3527238847188707,0.6672837507296234,170.23442822416098
6526,1957800,543.8333333333334,0.431785930871233,0.431785930871233,0.3402415017428992,0.6544450551423641,168.50858358781352
6527,1958100,543.9166666666666,0.4413175375268593,0.4413175375268593,0.348734763442544,0.6648934209142081,167.9210292286199
6528,1958400,544.0,0.4478390239246143,0.4478390239246143,0.3474365992323842,0.6624543944637189,168.0651785156651
6529,1958700,544.0833333333334,0.4371841870596734,0.4371841870596734,0.3467198940157923,0.665388208081191,168.30603607827507
6530,1959000,544.1666666666666,0.4289685858000926,0.4289685858000926,0.3462795673090231,0.6677156205245989,167.68009723297902
6531,1959300,544.25,0.446315932714345,0.446315932714345,0.3548073804146112,0.671311196349306,167.95731710092977
6532,1959600,544.3333333333334,0.4458198144648917,0.4458198144648917,0.3501446223755079,0.6700918674468983,167.06689059484222
6533,1959900,544.4166666666666,0.4684624110979769,0.4684624110979769,0.3340048584180535,0.5915728573798642,147.4581457062886
6534,1960200,544.5,0.5110585140096672,0.5110585140096672,0.3644700932196151,0.6184870322204716,151.592110050437
6535,1960500,544.5833333333334,0.5370303435767964,0.5370303435767964,0.372507077116942,0.6280319888493378,154.25921105548437
6536,1960800,544.6666666666666,0.5275023617482327,0.5275023617482327,0.3770390578191411,0.6310339466136284,155.9296120559374
6537,1961100,544.75,0.5427879530115901,0.5427879530115901,0.3884327281091354,0.6336933559040459,156.46212379994407
6538,1961400,544.8333333333334,0.5414494792023644,0.5414494792023644,0.3845676656324173,0.6344471804904996,157.38296584221948
6539,1961700,544.9166666666666,0.5344609129716066,0.5344609129716066,0.3779794414367604,0.6331916365539748,157.70179656737272
6540,1962000,545.0,0.5252459326138853,0.5252459326138853,0.3814029201095644,0.6333791508336892,157.69101689623378
6541,1962300,545.0833333333334,0.5226607621111624,0.5226607621111624,0.3808181259326635,0.6345415561280746,157.51624824830597
6542,1962600,545.1666666666666,0.5080918888950786,0.5080918888950786,0.3823991936162277,0.6299198566376388,156.76389907729563
6543,1962900,545.25,0.5060290172779786,0.5060290172779786,0.3811356763614865,0.6326492066600895,157.39169390522417
6544,1963200,545.3333333333334,0.5226168707035971,0.5226168707035971,0.3821913501631568,0.6364535795362418,157.6469115536026
6545,1963500,545.4166666666666,0.5340033412004025,0.5340033412004025,0.3806723162717469,0.6329307402302504,155.7675297286394
6546,1963800,545.5,0.5529518942456116,0.5529518942456116,0.3825056950656989,0.6362835191964652,157.43592767064337
6547,1964100,545.5833333333334,0.5793137561553077,0.5793137561553077,0.3847049465586509,0.6400014370342042,158.3639346005576
6548,1964400,545.6666666666666,0.5760418113768402,0.5760418113768402,0.3813103569878486,0.6380241445808592,159.09929657367798
6549,1964700,545.75,0.5679398427690759,0.5679398427690759,0.3840278901859224,0.637906251732186,156.37176961492762
6550,1965000,545.8333333333334,0.5482999537277758,0.5482999537277758,0.3803435375457347,0.6360900781183351,156.75586166444356
6551,1965300,545.9166666666666,0.541819970226572,0.541819970226572,0.3794453323842231,0.6303891088631497,155.80902763117004
6552,1965600,546.0,0.5469349617860761,0.5469349617860761,0.3821278127358897,0.630702830334097,155.7413520606617
6553,1965900,546.0833333333334,0.5377788537862367,0.5377788537862367,0.3811850446584276,0.630188797931283,155.12774622521275
6554,1966200,546.1666666666666,0.5303599226040197,0.5303599226040197,0.3757888663841267,0.6311804888185873,155.87822683998678
6555,1966500,546.25,0.5411573414706685,0.5411573414706685,0.3805821415744561,0.6337560522467482,156.73832708975652
6556,1966800,546.3333333333334,0.5160767106282849,0.5160767106282849,0.362778363683805,0.6256264288433451,157.71823838890103
6557,1967100,546.4166666666666,0.534246373796632,0.534246373796632,0.3682517518078033,0.6306589159656705,159.39599210051654
6558,1967400,546.5,0.5306078304562531,0.5306078304562531,0.3643044327975126,0.6350394327600911,160.4770853382472
6559,1967700,546.5833333333334,0.5550251617649382,0.5550251617649382,0.3728275983532176,0.6387878663557666,161.08314649312794
6560,1968000,546.6666666666666,0.5431626586571816,0.5431626586571816,0.3729029762500628,0.6363668322186424,161.73939319977632
6561,1968300,546.75,0.5285105641540251,0.5285105641540251,0.3733967119828054,0.6313561714146692,163.03085169318706
6562,1968600,546.8333333333334,0.51875278824254,0.51875278824254,0.3738917183846852,0.6291149616825088,162.98296658715034
6563,1968900,546.9166666666666,0.5063757785033243,0.5063757785033243,0.3744964657979742,0.6298431442986069,161.60126636535745
6564,1969200,547.0,0.4913938797762652,0.4913938797762652,0.367363660257251,0.6315720844288245,160.94566765097073
6565,1969500,547.0833333333334,0.5011069440277949,0.5011069440277949,0.3735960805071077,0.6336489489649053,160.80773840050767
6566,1969800,547.1666666666666,0.5206231721271403,0.5206231721271403,0.3746702338153696,0.6362829049088348,160.56087803421445
6567,1970100,547.25,0.5113164786954575,0.5113164786954575,0.3756782089713487,0.6384779922637598,161.14459954549503
6568,1970400,547.3333333333334,0.5599071915216408,0.5599071915216408,0.3922459700878027,0.6400055791646142,162.02839572646016
6569,1970700,547.4166666666666,0.5619868799307047,0.5619868799307047,0.3865042000663233,0.6339688655341577,162.71822140001228
6570,1971000,547.5,0.5567936460699159,0.5567936460699159,0.3834976885296675,0.6338936970546896,160.35020774024537
6571,1971300,547.5833333333334,0.5635124358641351,0.5635124358641351,0.3824266158268187,0.6370973604518729,159.49005530599783
6572,1971600,547.6666666666666,0.5358591109820803,0.5358591109820803,0.3744072602836621,0.6330845580590061,158.57475457589683
6573,1971900,547.75,0.554918550478511,0.554918550478511,0.3814043600463557,0.6335321589773188,157.73564638150674
6574,1972200,547.8333333333334,0.5469988752909599,0.5469988752909599,0.3809799120909136,0.6286533334151055,156.62554726966695
6575,1972500,547.9166666666666,0.5335335557130739,0.5335335557130739,0.3750223916745348,0.6300653221773088,156.5891459083192
6576,1972800,548.0,0.5223211595205385,0.5223211595205385,0.3721144069695719,0.6327521586811549,156.73848279498375
6577,1973100,548.0833333333334,0.5289118274167831,0.5289118274167831,0.3774258529395851,0.6352346326289818,156.96957103215846
6578,1973400,548.1666666666666,0.5487822521098253,0.5487822521098253,0.3827790902280199,0.6335491882105169,157.31339680060535
6579,1973700,548.25,0.5392550964013842,0.5392550964013842,0.3785501601811025,0.6273095474305274,156.57619525364714
6580,1974000,548.3333333333334,0.5113945325701001,0.5113945325701001,0.3645119984944666,0.6216775842720009,155.47398693828197
6581,1974300,548.4166666666666,0.5333510244206974,0.5333510244206974,0.376486773696243,0.6237456092496604,155.49581132186307
6582,1974600,548.5,0.5498465464635452,0.5498465464635452,0.3773292577810316,0.6273233545913792,156.5888391628796
6583,1974900,548.5833333333334,0.5553324570789306,0.5553324570789306,0.3754346822296996,0.6290394867952838,156.88346271250683
6584,1975200,548.6666666666666,0.5582420348732887,0.5582420348732887,0.3745729611001714,0.6206892219676222,154.30240056270358
6585,1975500,548.75,0.5767894381300454,0.5767894381300454,0.3770608792304025,0.6165114527391162,154.6792355289765
6586,1975800,548.8333333333334,0.5692208504130806,0.5692208504130806,0.3771193534909313,0.6186343652662124,155.8687159896171
6587,1976100,548.9166666666666,0.5818577746710021,0.5818577746710021,0.3808715308281732,0.620055613226018,156.17702629213963
6588,1976400,549.0,0.5719143103329937,0.5719143103329937,0.3742755957658497,0.6165319124501604,157.48109169888747
6589,1976700,549.0833333333334,0.5576200198001561,0.5576200198001561,0.3718126511059497,0.6205814703722801,159.2031715478368
6590,1977000,549.1666666666666,0.5571533173628915,0.5571533173628915,0.3667482242590046,0.6184009580527772,160.04478521474283
6591,1977300,549.25,0.5611688025134265,0.5611688025134265,0.3721428838262759,0.6202955254704059,160.49852679610797
6592,1977600,549.3333333333334,0.5515928841743073,0.5515928841743073,0.3679328342624386,0.6180272381250633,160.42237848255837
6593,1977900,549.4166666666666,0.5424450917108631,0.5424450917108631,0.3684469988794515,0.6176985492421111,160.6245326931488
6594,1978200,549.5,0.5437513789955973,0.5437513789955973,0.3715440835496789,0.6194741241323164,161.2672824087802
6595,1978500,549.5833333333334,0.5234126196751616,0.5234126196751616,0.3660488702030903,0.6206601385425078,161.48074559636626
6596,1978800,549.6666666666666,0.5351313239935654,0.5351313239935654,0.3697016619675611,0.6203545381307201,157.8339393067155
6597,1979100,549.75,0.5299352668767631,0.5299352668767631,0.3678618379580674,0.6228369690615035,158.60114643111734
6598,1979400,549.8333333333334,0.5374510877980172,0.5374510877980172,0.3755272935327242,0.6225502989561803,158.3850087049664
6599,1979700,549.9166666666666,0.5475793316022068,0.5475793316022068,0.3893301306778762,0.6190068693396735,159.22784871303705
6600,1980000,550.0,0.5498190292833355,0.5498190292833355,0.385342591364959,0.6181518084980346,158.06811070792276
6601,1980300,550.0833333333334,0.5679496929660344,0.5679496929660344,0.3873263489932058,0.616995698449425,157.32409604873644
6602,1980600,550.1666666666666,0.5748091319269178,0.5748091319269178,0.3866648336912438,0.6176033876590007,156.90302437705418
6603,1980900,550.25,0.5392866539120978,0.5392866539120978,0.3838541468922155,0.6172297774920922,155.252689258631
6604,1981200,550.3333333333334,0.5316991926392233,0.5316991926392233,0.3723964993037643,0.6162134353987131,154.65962920609633
6605,1981500,550.4166666666666,0.5186064597365238,0.5186064597365238,0.3652203427380282,0.6165985976163363,154.51211359429115
6606,1981800,550.5,0.512780847009697,0.512780847009697,0.3694126871004962,0.6239512686038263,155.4283370752725
6607,1982100,550.5833333333334,0.5251529049987425,0.5251529049987425,0.3782747539795658,0.6236126342041622,154.94908448444184
6608,1982400,550.6666666666666,0.546906746477798,0.546906746477798,0.3824564490930127,0.6267812818228077,155.8626721287123
6609,1982700,550.75,0.538936573040601,0.538936573040601,0.3734197740872352,0.6261230740063127,156.75778031722135
6610,1983000,550.8333333333334,0.5482377527348208,0.5482377527348208,0.3816258652710466,0.6249597743221847,157.10686032771244
6611,1983300,550.9166666666666,0.559741208704979,0.559741208704979,0.3822209812969948,0.6238583877796423,157.31432156791072
6612,1983600,551.0,0.5522767412157705,0.5522767412157705,0.3814841114736921,0.6184220482938083,156.97047990455204
6613,1983900,551.0833333333334,0.5312280072451423,0.5312280072451423,0.3758180319098,0.615267780102813,155.12697152612247
6614,1984200,551.1666666666666,0.5351141101348762,0.5351141101348762,0.380434838230343,0.6150287462790068,154.39293510113615
6615,1984500,551.25,0.5329427362883664,0.5329427362883664,0.3787321211060191,0.6126755816821206,154.05314862925496
6616,1984800,551.3333333333334,0.5238014375899034,0.5238014375899034,0.3754383256424228,0.6166569771699688,153.7208126932108
6617,1985100,551.4166666666666,0.5253688051994863,0.5253688051994863,0.3777867623186802,0.6197719667139068,154.05105074673114
6618,1985400,551.5,0.5175022723765035,0.5175022723765035,0.3692322284844425,0.6191994946906371,153.80541688986918
6619,1985700,551.5833333333334,0.5331186422449737,0.5331186422449737,0.3765400602024759,0.6204190495832206,153.89184679496006
6620,1986000,551.6666666666666,0.5296568326821037,0.5296568326821037,0.3729947919266451,0.620488336959092,154.49332232538774
6621,1986300,551.75,0.5392093631285336,0.5392093631285336,0.37467496798417,0.6197878712737624,155.42839787154577
6622,1986600,551.8333333333334,0.5483810732867092,0.5483810732867092,0.3772876240355495,0.6145917625326369,156.31541654477354
6623,1986900,551.9166666666666,0.5441657981802714,0.5441657981802714,0.3821529519567659,0.6132079636400769,157.44023465957022
6624,1987200,552.0,0.5427907152424227,0.5427907152424227,0.3780779439904421,0.612136999119386,157.52226969504508
6625,1987500,552.0833333333334,0.543900914168921,0.543900914168921,0.3847557608920268,0.6119568200495493,157.01889277440114
6626,1987800,552.1666666666666,0.5444311424422953,0.5444311424422953,0.3810667621109722,0.6108496138679004,155.37891028525098
6627,1988100,552.25,0.5390203686823596,0.5390203686823596,0.3757099829814219,0.609240878976587,154.0065603389093
6628,1988400,552.3333333333334,0.5476075290566644,0.5476075290566644,0.3777865627318314,0.6126436482026745,153.963501815181
6629,1988700,552.4166666666666,0.5481332849932458,0.5481332849932458,0.3790626349344403,0.6156346391525767,154.45002740575944
6630,1989000,552.5,0.542092645559972,0.542092645559972,0.3781262507286836,0.6179490307196883,154.32594840793297
6631,1989300,552.5833333333334,0.5490446857052318,0.5490446857052318,0.3753297651739261,0.612120765912642,153.30376268775427
6632,1989600,552.6666666666666,0.5188914282709085,0.5188914282709085,0.3549461616070519,0.5909976430379786,152.27680035319227
6633,1989900,552.75,0.5133952188947984,0.5133952188947984,0.3514358716367243,0.5929288809784266,152.51246927949876
6634,1990200,552.8333333333334,0.5091182536756611,0.5091182536756611,0.3463971431886684,0.5899707977431585,153.8783245683487
6635,1990500,552.9166666666666,0.4990769162257107,0.4990769162257107,0.345310701068875,0.5935056218539183,158.08997992215194
6636,1990800,553.0,0.4838963481535537,0.4838963481535537,0.3341268315685399,0.5911534513434102,158.49770098075703
6637,1991100,553.0833333333334,0.4572498434278102,0.4572498434278102,0.3374302516040347,0.5975846845483405,160.06082018470326
6638,1991400,553.1666666666666,0.4629608094722545,0.4629608094722545,0.3453735062811366,0.6022704734068699,161.36904468604862
6639,1991700,553.25,0.4473454131637629,0.4473454131637629,0.3428897536508011,0.5963984077174962,162.48602503467094
6640,1992000,553.3333333333334,0.44795219405864,0.44795219405864,0.3565095064234994,0.6018562937801505,162.91345424052912
6641,1992300,553.4166666666666,0.4309342796326472,0.4309342796326472,0.3482081795767048,0.6062141672032966,163.11125840847112
6642,1992600,553.5,0.4451634650821661,0.4451634650821661,0.3607795462338166,0.6078240361900986,162.6835970594915
6643,1992900,553.5833333333334,0.4502401611907056,0.4502401611907056,0.3638279865091438,0.6131291976841773,165.22054335069862
6644,1993200,553.6666666666666,0.4593903036450289,0.4593903036450289,0.367260835333475,0.6173976455454107,164.2820837016024
6645,1993500,553.75,0.5015324699308733,0.5015324699308733,0.3627558983718388,0.6174795272997913,164.83116116481298
6646,1993800,553.8333333333334,0.5108689773896357,0.5108689773896357,0.3547540050037466,0.6151625244533295,165.34490508297048
6647,1994100,553.9166666666666,0.5072945209631242,0.5072945209631242,0.3502719161226696,0.6147877174136832,165.79073475653715
6648,1994400,554.0,0.4991640769089215,0.4991640769089215,0.3501163482666032,0.607093953843759,164.75539796635576
6649,1994700,554.0833333333334,0.521108781478901,0.521108781478901,0.3613375554128438,0.609674465183324,164.37596806723218
6650,1995000,554.1666666666666,0.5007598229141417,0.5007598229141417,0.3560707580035566,0.6111080513858034,163.60603801560745
6651,1995300,554.25,0.4724998429497937,0.4724998429497937,0.3450074661009669,0.6098128581578206,160.29877257024435
6652,1995600,554.3333333333334,0.4771669971022533,0.4771669971022533,0.346945916196117,0.6133553280178999,159.93136332989744
6653,1995900,554.4166666666666,0.4823792196341127,0.4823792196341127,0.3455999453159196,0.6053051830684062,158.5974865916977
6654,1996200,554.5,0.4983248746039816,0.4983248746039816,0.3555522746417004,0.6074013109064555,160.63385334452846
6655,1996500,554.5833333333334,0.4728503547389044,0.4728503547389044,0.3387637024857141,0.5983593142287303,159.444600739968
6656,1996800,554.6666666666666,0.4157660947421864,0.4157660947421864,0.2917813023493364,0.5511561334648579,151.95465307071137
6657,1997100,554.75,0.4282340077784332,0.4282340077784332,0.2978399045616068,0.5605374337309996,156.78944736668817
6658,1997400,554.8333333333334,0.4375342482503678,0.4375342482503678,0.3068682822633907,0.5767445778213648,161.49061747249456
6659,1997700,554.9166666666666,0.4462364702234433,0.4462364702234433,0.3146880435070444,0.5867757156930884,163.79249861768645
6660,1998000,555.0,0.4648105801788986,0.4648105801788986,0.3250830150693495,0.59342085682121,166.1301755888367
6661,1998300,555.0833333333334,0.4605218929046288,0.4605218929046288,0.3220722616628373,0.5954201279191019,165.94174864635167
6662,1998600,555.1666666666666,0.4634308054391389,0.4634308054391389,0.326662295662617,0.5929333081444302,164.37889672844483
6663,1998900,555.25,0.4644997004707928,0.4644997004707928,0.3257573129395704,0.5917410510515881,163.53029462180433
6664,1999200,555.3333333333334,0.4535379922038307,0.4535379922038307,0.3256753957404974,0.5915475320476498,164.4132961969574
6665,1999500,555.4166666666666,0.4406592086760948,0.4406592086760948,0.3206371429614119,0.5914342494122488,163.80163117585732
6666,1999800,555.5,0.445403754535326,0.445403754535326,0.3231741739621704,0.5945841137650609,164.24074620638208
6667,2000100,555.5833333333334,0.4657746272129784,0.4657746272129784,0.3287026302129684,0.598187752522714,164.17543519329698
6668,2000400,555.6666666666666,0.4435628888275305,0.4435628888275305,0.3278504416067672,0.5990876524888756,164.51122298502932
6669,2000700,555.75,0.4439409699645641,0.4439409699645641,0.3281661428214091,0.5982127474807344,163.5941518272454
6670,2001000,555.8333333333334,0.4397657771145462,0.4397657771145462,0.3262281644819616,0.5990448950557233,162.90531332853925
6671,2001300,555.9166666666666,0.4404216183211574,0.4404216183211574,0.3265553516910938,0.5974644298375005,161.7579467420668
6672,2001600,556.0,0.4482136487572824,0.4482136487572824,0.3264369543632713,0.5965078408588114,161.00833055676554
6673,2001900,556.0833333333334,0.4274786234483955,0.4274786234483955,0.3272933038489626,0.596159460585327,161.12508572291085
6674,2002200,556.1666666666666,0.4324549836277361,0.4324549836277361,0.3240837804979944,0.5975290993083634,161.5541873580205
6675,2002500,556.25,0.4516695204355351,0.4516695204355351,0.3276541047798517,0.597374655251778,162.7645189225908
6676,2002800,556.3333333333334,0.4499513102896917,0.4499513102896917,0.3271360697059549,0.5972608404493225,163.79609164956256
6677,2003100,556.4166666666666,0.4496485190822208,0.4496485190822208,0.3245191851508039,0.596697611087119,163.0551498919459
6678,2003400,556.5,0.4865448532112257,0.4865448532112257,0.323186010437539,0.5943455790193021,165.76370088216194
6679,2003700,556.5833333333334,0.500786587996052,0.500786587996052,0.3319969720429191,0.5935348381930199,171.0271074903557
6680,2004000,556.6666666666666,0.4919789479552883,0.4919789479552883,0.3316148952122527,0.5908839980987535,172.79472976385887
6681,2004300,556.75,0.4857907524139933,0.4857907524139933,0.3273809357713736,0.5826672751113963,170.97344272639742
6682,2004600,556.8333333333334,0.4799262609202469,0.4799262609202469,0.3234564559647858,0.5781644390694372,170.33229914296427
6683,2004900,556.9166666666666,0.4797066916674494,0.4797066916674494,0.3225863053606623,0.5792111947926409,172.19260224799677
6684,2005200,557.0,0.4733472364672246,0.4733472364672246,0.3251578323524135,0.5818285623410153,172.7171533330416
6685,2005500,557.0833333333334,0.475216813743162,0.475216813743162,0.3261479414799436,0.5848270719666316,172.71949113083065
6686,2005800,557.1666666666666,0.4810289570332739,0.4810289570332739,0.3287742096200223,0.5866015741163578,172.3745592933021
6687,2006100,557.25,0.4934912168271566,0.4934912168271566,0.3323632302179488,0.5876952520320834,171.6112619979659
6688,2006400,557.3333333333334,0.4946246935741222,0.4946246935741222,0.3337382268284857,0.5858273013419879,169.70348408622044
6689,2006700,557.4166666666666,0.4949483379685275,0.4949483379685275,0.3344252596452441,0.5859027932192656,169.3089055823629
6690,2007000,557.5,0.4871773112163318,0.4871773112163318,0.3314607826433868,0.5839407102363129,168.81643275708436
6691,2007300,557.5833333333334,0.4867050956882035,0.4867050956882035,0.3317487264326895,0.5821227646184387,166.97492139604182
6692,2007600,557.6666666666666,0.4744649005188415,0.4744649005188415,0.322935330664074,0.5732281079032348,165.54320884396876
6693,2007900,557.75,0.4743029527105483,0.4743029527105483,0.3216609256455718,0.5742893758297334,166.70614978514382
6694,2008200,557.8333333333334,0.4726929555005216,0.4726929555005216,0.3224426436172061,0.5783910083033567,167.184660052864
6695,2008500,557.9166666666666,0.4841136741288989,0.4841136741288989,0.327065070728833,0.5818301950459356,168.37537615895727
6696,2008800,558.0,0.4844192228635414,0.4844192228635414,0.3280654706248824,0.5848427928493108,168.6296736987784
6697,2009100,558.0833333333334,0.4858595435458332,0.4858595435458332,0.3305707534606908,0.5866309032874729,169.3722328872973
6698,2009400,558.1666666666666,0.4832793497476665,0.4832793497476665,0.3302307751626867,0.587493150286599,170.06950880379117
6699,2009700,558.25,0.488662202732655,0.488662202732655,0.3306300872898946,0.5884461186589773,170.38548651257335
6700,2010000,558.3333333333334,0.4904975625341549,0.4904975625341549,0.3319168277054503,0.5892291398820504,169.90160348148362
6701,2010300,558.4166666666666,0.4882660308827038,0.4882660308827038,0.3293204745012532,0.5895320902615654,169.4811658792247
6702,2010600,558.5,0.4867361091422879,0.4867361091422879,0.3318999882535878,0.5889186222830657,169.1683711986017
6703,2010900,558.5833333333334,0.4937118228806826,0.4937118228806826,0.3332036006149962,0.5886793087128205,169.43000924060138
6704,2011200,558.6666666666666,0.4948505368240978,0.4948505368240978,0.3320251083024796,0.5889757967543346,169.07983763097718
6705,2011500,558.75,0.4978602480856843,0.4978602480856843,0.3316573418601823,0.5893575129752948,168.9209112409732
6706,2011800,558.8333333333334,0.50310758699928,0.50310758699928,0.3337113861877117,0.589279033174689,168.59978212173152
6707,2012100,558.9166666666666,0.5030732910452682,0.5030732910452682,0.3352718855715836,0.5898498096923888,168.52395021295982
6708,2012400,559.0,0.5066170040072763,0.5066170040072763,0.3351455275615426,0.5906878464487016,168.7212342101332
6709,2012700,559.0833333333334,0.503583908470266,0.503583908470266,0.336168545871932,0.5907764535037338,168.8547127790724
6710,2013000,559.1666666666666,0.5054531202629015,0.5054531202629015,0.3378403695102892,0.5918932924573606,168.6316127504603
6711,2013300,559.25,0.5020373508337205,0.5020373508337205,0.3374860762770184,0.5902312188311246,169.14499260686463
6712,2013600,559.3333333333334,0.4937088722052745,0.4937088722052745,0.3368597278271298,0.5869648281573958,169.1507456023755
6713,2013900,559.4166666666666,0.5014351478783927,0.5014351478783927,0.3382406435371219,0.5862305845115695,168.63365770617105
6714,2014200,559.5,0.5024156650150475,0.5024156650150475,0.33703373268353,0.584863209214049,165.70494222050613
6715,2014500,559.5833333333334,0.4933872909507062,0.4933872909507062,0.3355112049584476,0.5840581487006921,167.2518668487379
6716,2014800,559.6666666666666,0.4977206586820681,0.4977206586820681,0.3350563291035562,0.5839349774079513,167.56272586578936
6717,2015100,559.75,0.5020077001919883,0.5020077001919883,0.3328059633419233,0.5760171450788254,166.2894499787572
6718,2015400,559.8333333333334,0.4969785976487585,0.4969785976487585,0.3333497080430142,0.577440400659455,165.70203714431906
6719,2015700,559.9166666666666,0.4969341508557985,0.4969341508557985,0.3354529138374977,0.5792349710807208,166.33255929532314
6720,2016000,560.0,0.488439599931822,0.488439599931822,0.3335757432232464,0.5785904478172528,167.0219094588386
6721,2016300,560.0833333333334,0.4875115557993213,0.4875115557993213,0.3324021933433803,0.5783958061792936,168.900944245194
6722,2016600,560.1666666666666,0.4905559310359952,0.4905559310359952,0.3333691765750068,0.5800796167168588,170.40941870346228
6723,2016900,560.25,0.4949216179064766,0.4949216179064766,0.3336649263576248,0.5815377639313705,171.35971415563014
6724,2017200,560.3333333333334,0.4948363937452751,0.4948363937452751,0.3336431536812847,0.5812079659958105,170.91364037647068
6725,2017500,560.4166666666666,0.4974396585943404,0.4974396585943404,0.3320707439779815,0.5810820004870165,171.1361739187492
6726,2017800,560.5,0.4993955162890851,0.4993955162890851,0.3334220615448472,0.5803404675865467,170.9526252065465
6727,2018100,560.5833333333334,0.5040484037147309,0.5040484037147309,0.3351944305619209,0.5800737240474781,171.35126020229646
6728,2018400,560.6666666666666,0.5019354739975856,0.5019354739975856,0.3349455931809179,0.5800584677883173,171.34106887561248
6729,2018700,560.75,0.5001431985847716,0.5001431985847716,0.3357166919128623,0.5803068112578176,171.24890318849913
6730,2019000,560.8333333333334,0.5055526250921687,0.5055526250921687,0.336717153256714,0.5799046104339385,170.0365121389282
6731,2019300,560.9166666666666,0.5011109988478716,0.5011109988478716,0.3353229345752652,0.5791093288428619,169.6278315202409
6732,2019600,561.0,0.4870291200247944,0.4870291200247944,0.3347057448081977,0.5760020185349459,168.13971775941212
6733,2019900,561.0833333333334,0.4864729892783712,0.4864729892783712,0.3347231444408314,0.5773075179367791,168.8321796856182
6734,2020200,561.1666666666666,0.4902595463697503,0.4902595463697503,0.3339775614954295,0.5770573483018182,168.93768285617682
6735,2020500,561.25,0.4911306560021261,0.4911306560021261,0.3347970937594303,0.5770174202947741,169.30330853565013
6736,2020800,561.3333333333334,0.4853316971060223,0.4853316971060223,0.334035208253459,0.5773402072613879,169.94819707015026
6737,2021100,561.4166666666666,0.4900361283224704,0.4900361283224704,0.3359146787272701,0.5784214105553561,170.49273950691108
6738,2021400,561.5,0.5008505491409194,0.5008505491409194,0.3374743717335167,0.5759937609583868,170.21393467768152
6739,2021700,561.5833333333334,0.5136370030868783,0.5136370030868783,0.3394847674471889,0.5756352096036542,168.83425072462035
6740,2022000,561.6666666666666,0.5014549663047181,0.5014549663047181,0.3357833798732876,0.5748348769737234,167.5091155353499
6741,2022300,561.75,0.4929307362423873,0.4929307362423873,0.3309410581577081,0.5735821876533671,166.2957703177908
6742,2022600,561.8333333333334,0.4930136532426428,0.4930136532426428,0.3309103378396946,0.5737493628697662,166.57755458447923
6743,2022900,561.9166666666666,0.4916089665866658,0.4916089665866658,0.3316289117326794,0.5723896092723918,167.71337393052025
6744,2023200,562.0,0.4955219818703659,0.4955219818703659,0.3305360176835196,0.5684367005520033,167.42668163053804
6745,2023500,562.0833333333334,0.4947227190338683,0.4947227190338683,0.3314214291432916,0.570683442910041,168.6605852815062
6746,2023800,562.1666666666666,0.4913058508427669,0.4913058508427669,0.3297973162843666,0.5699676590051559,168.12649458058357
6747,2024100,562.25,0.4867064364962241,0.4867064364962241,0.3298616137519183,0.5699205560265337,168.31735025635166
6748,2024400,562.3333333333334,0.4881474727045807,0.4881474727045807,0.3306204172749402,0.5689982210770401,168.80076884869436
6749,2024700,562.4166666666666,0.4878333587116932,0.4878333587116932,0.3327421299520766,0.5701183870250751,169.41763042963996
6750,2025000,562.5,0.4898334761055136,0.4898334761055136,0.3305691364833282,0.5696249928766394,168.89612154036365
6751,2025300,562.5833333333334,0.5000858128764315,0.5000858128764315,0.3300426908112652,0.5698070825910438,168.6636607890138
6752,2025600,562.6666666666666,0.4910498043213771,0.4910498043213771,0.3291477212522239,0.5693097543979336,168.1477762802125
6753,2025900,562.75,0.4993506626992667,0.4993506626992667,0.3297038661623474,0.5716336077308593,168.22131477568618
6754,2026200,562.8333333333334,0.4983268661335178,0.4983268661335178,0.3295163413914861,0.5733492071368443,167.8844564022475
6755,2026500,562.9166666666666,0.5009438384596534,0.5009438384596534,0.3313624550142517,0.5781850018547593,168.2207288584251
6756,2026800,563.0,0.4907196920876405,0.4907196920876405,0.3314361950151279,0.5807763104345307,169.42214865733968
6757,2027100,563.0833333333334,0.4953787280855461,0.4953787280855461,0.3326972982823871,0.5815902656465698,169.8441284448384
6758,2027400,563.1666666666666,0.4950499159653895,0.4950499159653895,0.3326210784523046,0.5851768225203491,170.53694703331473
6759,2027700,563.25,0.5011045348942128,0.5011045348942128,0.3345516170791546,0.5868171219191103,170.45740076005112
6760,2028000,563.3333333333334,0.4957211450301411,0.4957211450301411,0.3327928855407483,0.5902666321197512,170.82321259695257
6761,2028300,563.4166666666666,0.4955428472521845,0.4955428472521845,0.3336813224219985,0.5929335466144403,171.63270149213457
6762,2028600,563.5,0.4966855555349529,0.4966855555349529,0.33447681862377,0.5963568464781775,172.3261552765747
6763,2028900,563.5833333333334,0.4862395005242217,0.4862395005242217,0.3321485625622014,0.5982924853377787,173.3909896431554
6764,2029200,563.6666666666666,0.4773511195034268,0.4773511195034268,0.3333531459472887,0.6005222703156242,173.47480108606914
6765,2029500,563.75,0.4769638349388372,0.4769638349388372,0.3334566691089033,0.6013037488663328,174.10973746542246
6766,2029800,563.8333333333334,0.4832147818607313,0.4832147818607313,0.3332946624350984,0.6013410397726292,174.21980389737865
6767,2030100,563.9166666666666,0.4827196184268653,0.4827196184268653,0.3337526883826964,0.6058388304167951,174.08576025519497
6768,2030400,564.0,0.4751061748971752,0.4751061748971752,0.3319202421149428,0.606522766230058,173.51515706891033
6769,2030700,564.0833333333334,0.4801870677198127,0.4801870677198127,0.3330204501933628,0.6110814433848278,173.6436118837949
6770,2031000,564.1666666666666,0.4933906475792328,0.4933906475792328,0.3327884354197868,0.6144043491081511,173.3773552352046
6771,2031300,564.25,0.4878850245524517,0.4878850245524517,0.3339303652445469,0.6184198926562908,173.92799169071804
6772,2031600,564.3333333333334,0.4924167204000719,0.4924167204000719,0.3360722854824882,0.6199834436482946,174.2822388973619
6773,2031900,564.4166666666666,0.4977739948436536,0.4977739948436536,0.3367432560169871,0.6216627716774341,175.21597905251454
6774,2032200,564.5,0.5008086428951379,0.5008086428951379,0.3376528300333545,0.621551716382436,172.8610033700577
6775,2032500,564.5833333333334,0.4998799464502305,0.4998799464502305,0.3368868215042458,0.6209302220622467,173.1308175393669
6776,2032800,564.6666666666666,0.4923375015562377,0.4923375015562377,0.3356196511802528,0.6217170988171816,171.94387220110832
6777,2033100,564.75,0.480210429951085,0.480210429951085,0.3313655468027138,0.6191960711947626,171.11311325230707
6778,2033400,564.8333333333334,0.4783909056894779,0.4783909056894779,0.3306044181650149,0.6182515355789243,170.69723122678153
6779,2033700,564.9166666666666,0.4870665052209589,0.4870665052209589,0.334328221393281,0.6207304684624663,170.67758749726414
6780,2034000,565.0,0.4829790088657069,0.4829790088657069,0.3317739612980414,0.622367382098281,170.64683137448944
6781,2034300,565.0833333333334,0.4795975007683348,0.4795975007683348,0.330158050198683,0.6188368954233542,171.33885536249616
6782,2034600,565.1666666666666,0.4804799229223435,0.4804799229223435,0.3312062978354614,0.6214547798658935,172.59396778963108
6783,2034900,565.25,0.4778096262756829,0.4778096262756829,0.3283041126639385,0.624289592237046,173.11173222290242
6784,2035200,565.3333333333334,0.4833019780548024,0.4833019780548024,0.3285642489943035,0.6266067187705285,174.24672077597756
6785,2035500,565.4166666666666,0.482982650479771,0.482982650479771,0.3298263697676253,0.6284392917325243,174.1259354240415
6786,2035800,565.5,0.486960814908758,0.486960814908758,0.3302006969697172,0.6295328306699185,175.49086609982814
6787,2036100,565.5833333333334,0.4922546410275885,0.4922546410275885,0.3297360423050004,0.6315004047574081,174.96977191331723
6788,2036400,565.6666666666666,0.4720316707819979,0.4720316707819979,0.3302734270356944,0.6333230514160006,173.66908216838857
6789,2036700,565.75,0.4315666254284311,0.4315666254284311,0.3242226533884893,0.6330794274471929,171.29375067938437
6790,2037000,565.8333333333334,0.3980489001766695,0.3980489001766695,0.3172473155211008,0.6360659164221342,168.08961851197
6791,2037300,565.9166666666666,0.3855506609934994,0.3855506609934994,0.3195048444457183,0.6448610452520256,165.07785299760496
6792,2037600,566.0,0.386340409921955,0.386340409921955,0.3152753582653061,0.6561450373098037,162.39917041976818
6793,2037900,566.0833333333334,0.3891115539035242,0.3891115539035242,0.3172375016204197,0.6666262125231572,163.05887040434712
6794,2038200,566.1666666666666,0.3813265296539815,0.3813265296539815,0.3219263563106498,0.6736292674120417,165.4350069025066
6795,2038500,566.25,0.3790928061525869,0.3790928061525869,0.3197598441281292,0.6795734483944443,167.10572114533355
6796,2038800,566.3333333333334,0.3894780991782614,0.3894780991782614,0.3237321352953813,0.685227331031853,168.3277752617742
6797,2039100,566.4166666666666,0.4125502488514543,0.4125502488514543,0.3368828182015989,0.6858354661950294,169.18930680916316
6798,2039400,566.5,0.3765048323308715,0.3765048323308715,0.3146528789615323,0.6655618592220176,164.52944831237863
6799,2039700,566.5833333333334,0.3772803946746501,0.3772803946746501,0.3178675445305685,0.6768686008326702,166.06251970513355
6800,2040000,566.6666666666666,0.4208835800939371,0.4208835800939371,0.335988688607761,0.6867667218737421,167.22448687831053
6801,2040300,566.75,0.437765598686613,0.437765598686613,0.3362990925208339,0.6732574404077144,165.50099322004635
6802,2040600,566.8333333333334,0.4195001515767102,0.4195001515767102,0.3202823493544167,0.685680054192788,166.4382786509052
6803,2040900,566.9166666666666,0.3901443574866474,0.3901443574866474,0.3173348944527763,0.6932538424705972,166.79020150673148
6804,2041200,567.0,0.4465689988307707,0.4465689988307707,0.3431640924776314,0.712367197462159,167.2104129195383
6805,2041500,567.0833333333334,0.4850186432003174,0.4850186432003174,0.3512622832667643,0.6834232229433186,165.74275561160516
6806,2041800,567.1666666666666,0.4720646563053619,0.4720646563053619,0.3480536880726944,0.6816502316857742,167.38762872145745
6807,2042100,567.25,0.4123124836633217,0.4123124836633217,0.3185786070820267,0.6696764827809727,166.28711757226358
6808,2042400,567.3333333333334,0.4496328762335183,0.4496328762335183,0.3364879475377774,0.6638924577375614,167.0455696365374
6809,2042700,567.4166666666666,0.5009444429398147,0.5009444429398147,0.3451182556308104,0.604527942158682,147.67822779759763
6810,2043000,567.5,0.5402459949391831,0.5402459949391831,0.3678246477576815,0.6215850350175903,149.92833871360577
6811,2043300,567.5833333333334,0.5628756955311589,0.5628756955311589,0.3783018696529477,0.6309265300367011,151.2825908724264
6812,2043600,567.6666666666666,0.5580016436612848,0.5580016436612848,0.3877839501160448,0.634683928424498,151.4152473608218
6813,2043900,567.75,0.5490723798712933,0.5490723798712933,0.3877403164883037,0.6387548016528676,151.03566254281546
6814,2044200,567.8333333333334,0.5695319383040734,0.5695319383040734,0.3927645016553618,0.6223780074687004,150.05288176089908
6815,2044500,567.9166666666666,0.5503792352982027,0.5503792352982027,0.3862815891195001,0.6161171787976009,149.86476652097198
6816,2044800,568.0,0.5721779261883204,0.5721779261883204,0.3936886712467715,0.6168941259140817,151.0029005889021
6817,2045100,568.0833333333334,0.5645329261093999,0.5645329261093999,0.3835576045744506,0.6117419117195981,151.48298984448735
6818,2045400,568.1666666666666,0.5363046975038471,0.5363046975038471,0.3792824509679048,0.6142003881688044,152.24951133605654
6819,2045700,568.25,0.5124592510186444,0.5124592510186444,0.3767257725444755,0.6134595150244836,152.57846539177083
6820,2046000,568.3333333333334,0.5211035322377068,0.5211035322377068,0.381877643559917,0.6202512183765707,153.56539891141233
6821,2046300,568.4166666666666,0.5353463969472262,0.5353463969472262,0.3857332965214211,0.6279145000736599,155.92901696297432
6822,2046600,568.5,0.5227421617094551,0.5227421617094551,0.3790343618709057,0.6272210798599127,157.6862621955325
6823,2046900,568.5833333333334,0.5175642136905804,0.5175642136905804,0.3758963467478208,0.6286653130319338,160.05014497962514
6824,2047200,568.6666666666666,0.5420052374060382,0.5420052374060382,0.3843875838275341,0.6312654746436773,160.4922039503573
6825,2047500,568.75,0.562719629948943,0.562719629948943,0.3921328287993016,0.6311334245494069,161.12825801623353
6826,2047800,568.8333333333334,0.5731522661864389,0.5731522661864389,0.390695118672876,0.6316422964371607,161.3807463846578
6827,2048100,568.9166666666666,0.5651023071088167,0.5651023071088167,0.3926352703174685,0.6308610673387792,161.40613204724949
6828,2048400,569.0,0.5280629701698024,0.5280629701698024,0.3849003860303955,0.6311298378923196,160.85291793343893
6829,2048700,569.0833333333334,0.5270685726984721,0.5270685726984721,0.3787826168482436,0.6338747071222901,159.85374518278553
6830,2049000,569.1666666666666,0.4976647136114575,0.4976647136114575,0.37126827638895,0.6310174685550022,159.2372139073876
6831,2049300,569.25,0.4946469663418673,0.4946469663418673,0.375586943599656,0.633077445509237,158.88312851833803
6832,2049600,569.3333333333334,0.5207960572041229,0.5207960572041229,0.389847042853065,0.6361650653604731,159.46039808831594
6833,2049900,569.4166666666666,0.5385285506929672,0.5385285506929672,0.3910862457508944,0.6399881459255602,159.66321301360128
6834,2050200,569.5,0.5276416589735385,0.5276416589735385,0.3817228283034254,0.6449686844041612,159.30971372047003
6835,2050500,569.5833333333334,0.5132225949668041,0.5132225949668041,0.3755919551343956,0.6462342060686261,159.15009235211414
6836,2050800,569.6666666666666,0.5200070517126273,0.5200070517126273,0.377473791262285,0.649567878901837,160.12071530899846
6837,2051100,569.75,0.5217284662284184,0.5217284662284184,0.3788821340832449,0.6485481130223998,159.13285921031226
6838,2051400,569.8333333333334,0.5266771996684717,0.5266771996684717,0.3818747429920963,0.645705383565472,156.30510634537706
6839,2051700,569.9166666666666,0.516740015249166,0.516740015249166,0.3817279618729901,0.6448661624718287,157.03051537172232
6840,2052000,570.0,0.5364635210435029,0.5364635210435029,0.3967947144959483,0.6342935702808015,156.26535532797882
6841,2052300,570.0833333333334,0.5588584761168442,0.5588584761168442,0.4022383946974674,0.6359884107828384,155.88727424444642
6842,2052600,570.1666666666666,0.5231885857645154,0.5231885857645154,0.3891291268116832,0.6320258809009159,155.20334455485937
6843,2052900,570.25,0.5151515158365136,0.5151515158365136,0.382489361088734,0.6320352206031279,154.4082602001532
6844,2053200,570.3333333333334,0.5448154877306602,0.5448154877306602,0.3882295853972798,0.6346006665079416,155.4410629000799
6845,2053500,570.4166666666666,0.535673839947923,0.535673839947923,0.3845904282937462,0.6339078370662168,155.71840889513572
6846,2053800,570.5,0.5338682135920135,0.5338682135920135,0.3875946666485348,0.6386375705790687,157.12068835537983
6847,2054100,570.5833333333334,0.5272282690199389,0.5272282690199389,0.3892240386967554,0.6377433757571602,157.4804491040407
6848,2054400,570.6666666666666,0.5214530568496848,0.5214530568496848,0.3905826407709936,0.6365045472687358,156.9290022497779
6849,2054700,570.75,0.521670666842332,0.521670666842332,0.3920813468835043,0.6383209044630239,156.7274881691728
6850,2055000,570.8333333333334,0.5146124248487133,0.5146124248487133,0.3853207285792295,0.636123555258936,156.39575970282266
6851,2055300,570.9166666666666,0.5181157136216016,0.5181157136216016,0.3870652554573429,0.6350739922286469,155.57441858657947
6852,2055600,571.0,0.4930248820683418,0.4930248820683418,0.3851006151665563,0.6342345843256398,155.58722583317802
6853,2055900,571.0833333333334,0.5088964852534618,0.5088964852534618,0.3898515160029834,0.636259493624724,154.85917786497347
6854,2056200,571.1666666666666,0.5111701460016089,0.5111701460016089,0.3865125592841735,0.6379117489591338,155.40780672910188
6855,2056500,571.25,0.5091958399875379,0.5091958399875379,0.389395743015167,0.6356442412044878,156.377563379983
6856,2056800,571.3333333333334,0.5154639835377128,0.5154639835377128,0.3928039432911399,0.6336283570777654,155.68492545547056
6857,2057100,571.4166666666666,0.5090578128070116,0.5090578128070116,0.388483374231434,0.6203891177917424,154.31392226883182
6858,2057400,571.5,0.4927550322661942,0.4927550322661942,0.3779658575184367,0.6197372308200272,153.72929385312972
6859,2057700,571.5833333333334,0.4988029117323804,0.4988029117323804,0.3783269867237221,0.6224705436843332,154.27724275469708
6860,2058000,571.6666666666666,0.523774308149647,0.523774308149647,0.3868710151728343,0.6310730643201449,154.55527702254815
6861,2058300,571.75,0.5154220131706818,0.5154220131706818,0.3760474752471592,0.6355812478196623,155.42840200733997
6862,2058600,571.8333333333334,0.5281828599360121,0.5281828599360121,0.37388794866906,0.6407853026394927,155.49492215558217
6863,2058900,571.9166666666666,0.5248940887653729,0.5248940887653729,0.3692098414217464,0.6309476104708261,154.56738417997954
6864,2059200,572.0,0.5258169061264351,0.5258169061264351,0.3670085501602692,0.6210169890502293,153.22911970894674
6865,2059500,572.0833333333334,0.5036096764799399,0.5036096764799399,0.3555590615646154,0.6100052862686627,152.1253801033219
6866,2059800,572.1666666666666,0.5266097669832067,0.5266097669832067,0.3568184553585592,0.6067055795718391,151.23218893255296
6867,2060100,572.25,0.5138233139697734,0.5138233139697734,0.3570402178056456,0.60596532475501,153.5965402772518
6868,2060400,572.3333333333334,0.5218377276159972,0.5218377276159972,0.3638170286246047,0.6101453388615776,154.0210799219403
6869,2060700,572.4166666666666,0.5364086549734405,0.5364086549734405,0.3684488556548764,0.6187842674014384,155.46196775922033
6870,2061000,572.5,0.5356640040844124,0.5356640040844124,0.367363945586429,0.617074603033623,155.77435403517967
6871,2061300,572.5833333333334,0.5408616837297492,0.5408616837297492,0.3742801295715835,0.6115119655299233,154.24363989753803
6872,2061600,572.6666666666666,0.5563787658235722,0.5563787658235722,0.3840605885765497,0.6112239930185251,154.31617859111432
6873,2061900,572.75,0.56467360138468,0.56467360138468,0.3856180418406104,0.6115330666470649,155.06969606260628
6874,2062200,572.8333333333334,0.5608922221010977,0.5608922221010977,0.3796157454045012,0.6105257495493756,155.85819844761022
6875,2062500,572.9166666666666,0.539053994760307,0.539053994760307,0.3726804828498051,0.6144837792892566,155.99399860469322
6876,2062800,573.0,0.5276144089300017,0.5276144089300017,0.3653676767534781,0.6133818636604043,156.04943877577446
6877,2063100,573.0833333333334,0.5329611471183355,0.5329611471183355,0.3767626271709805,0.6138321040202956,155.84586086718215
6878,2063400,573.1666666666666,0.5584192024574217,0.5584192024574217,0.3812261076237559,0.6129526414389725,154.02559944566053
6879,2063700,573.25,0.5339367073421775,0.5339367073421775,0.371348941713271,0.6100340468158049,155.04807975756785
6880,2064000,573.3333333333334,0.5331477746086828,0.5331477746086828,0.3691455749221231,0.6098413691675554,155.48855056120175
6881,2064300,573.4166666666666,0.5374406233478436,0.5374406233478436,0.3696030562786013,0.6084142323425628,151.90982767230972
6882,2064600,573.5,0.5534586739964739,0.5534586739964739,0.3781252021886623,0.6122220608660268,152.2491845731986
6883,2064900,573.5833333333334,0.5567826767550162,0.5567826767550162,0.3827800881771633,0.6122803427426847,153.20333568992467
6884,2065200,573.6666666666666,0.5581649736390628,0.5581649736390628,0.3798659777163149,0.6092700300980736,153.17527800971678
6885,2065500,573.75,0.5453091206496254,0.5453091206496254,0.3717188740009599,0.6068755278564016,152.70503357237698
6886,2065800,573.8333333333334,0.5452124190723577,0.5452124190723577,0.3761461381390069,0.605727967142501,153.6759715058273
6887,2066100,573.9166666666666,0.5555137603031599,0.5555137603031599,0.3826118263715063,0.6067194189538214,153.70509658599917
6888,2066400,574.0,0.5294198287395683,0.5294198287395683,0.3662654781816968,0.5987518442308968,154.8026634420219
6889,2066700,574.0833333333334,0.5313831322747259,0.5313831322747259,0.3732725490046845,0.6005251958790364,154.49169656267128
6890,2067000,574.1666666666666,0.535028367785843,0.535028367785843,0.3697243099732759,0.60367601345747,155.80582457242022
6891,2067300,574.25,0.5086937508586441,0.5086937508586441,0.3472056640638962,0.5981897992949015,154.91373350016923
6892,2067600,574.3333333333334,0.5246435971001945,0.5246435971001945,0.3601894328203167,0.6004546290255176,156.370509549825
6893,2067900,574.4166666666666,0.5225641309990594,0.5225641309990594,0.3642395699493566,0.6058243111053376,156.95021391232578
6894,2068200,574.5,0.520538854948327,0.520538854948327,0.37083588143311,0.6077289242641604,155.94257676067252
6895,2068500,574.5833333333334,0.5300106694652718,0.5300106694652718,0.3736180601248091,0.608227325737546,155.5886204571677
6896,2068800,574.6666666666666,0.5270257755542357,0.5270257755542357,0.3702069188687933,0.6072095707157485,156.1638024296074
6897,2069100,574.75,0.5361786934831336,0.5361786934831336,0.3727097829118238,0.6102467464432624,156.15885716465775
6898,2069400,574.8333333333334,0.5455590954094776,0.5455590954094776,0.3674282630689033,0.6120141682740313,156.23151514322993
6899,2069700,574.9166666666666,0.526301450455671,0.526301450455671,0.3568823841761935,0.6055757120576166,155.1049343466146
6900,2070000,575.0,0.5177887886289539,0.5177887886289539,0.3563179516627334,0.6083658732288868,156.66609366706425
6901,2070300,575.0833333333334,0.5042155758706425,0.5042155758706425,0.3331656311879838,0.5955068741201845,156.57657223316284
6902,2070600,575.1666666666666,0.4972928581183441,0.4972928581183441,0.3327903898966285,0.6016966235290699,157.84360416684115
6903,2070900,575.25,0.487447798142917,0.487447798142917,0.3252753467004663,0.6044489862281667,157.69674451099166
6904,2071200,575.3333333333334,0.4585370019819759,0.4585370019819759,0.3140229204487821,0.6045996591325931,158.93631207792004
6905,2071500,575.4166666666666,0.4701529892042289,0.4701529892042289,0.3192965708061268,0.6170337611800099,159.1364339298448
6906,2071800,575.5,0.4984735912854643,0.4984735912854643,0.3221084880925879,0.6213190489116055,158.67159167737742
6907,2072100,575.5833333333334,0.5133000823997896,0.5133000823997896,0.3291621946488129,0.6201171303571528,161.42014600357166
6908,2072400,575.6666666666666,0.4937415315078935,0.4937415315078935,0.3157078868132508,0.6073930847074818,162.10897896839336
6909,2072700,575.75,0.5157248925823187,0.5157248925823187,0.319604774797194,0.5991240904993341,164.4367419295262
6910,2073000,575.8333333333334,0.5318026991850959,0.5318026991850959,0.3270773157098435,0.6058899186756199,168.05987337088953
6911,2073300,575.9166666666666,0.503750550395234,0.503750550395234,0.3185622714907073,0.606005141839369,167.15972582345884
6912,2073600,576.0,0.4988375332993676,0.4988375332993676,0.3166964565195209,0.5952199116426524,169.569506771019
6913,2073900,576.0833333333334,0.5235454472196323,0.5235454472196323,0.3270911455324226,0.5995941038885612,166.97906504954128
6914,2074200,576.1666666666666,0.498917515031172,0.498917515031172,0.3267489997110063,0.6006844934193168,164.1119469083687
6915,2074500,576.25,0.4713724899641323,0.4713724899641323,0.3277785234641497,0.5993570902020553,163.00576608211475
6916,2074800,576.3333333333334,0.4752464789319539,0.4752464789319539,0.3281454275330736,0.601520655161975,163.88858989443176
6917,2075100,576.4166666666666,0.4818143908648563,0.4818143908648563,0.3217597205705843,0.6038389176821681,166.2019469947731
6918,2075400,576.5,0.4849350053401266,0.4849350053401266,0.3214447965747111,0.5927575210647356,165.88799808643867
6919,2075700,576.5833333333334,0.4932413694999003,0.4932413694999003,0.3226094202733817,0.5948010459292121,165.73510784181067
6920,2076000,576.6666666666666,0.4923341730332832,0.4923341730332832,0.3232060650960188,0.5915481704592369,166.63852070497475
6921,2076300,576.75,0.4745601647841136,0.4745601647841136,0.3164439126621703,0.5849425428248033,166.83886465194874
6922,2076600,576.8333333333334,0.4841181949954781,0.4841181949954781,0.3206882327340078,0.5913091820076888,166.38982000918648
6923,2076900,576.9166666666666,0.4779162959600255,0.4779162959600255,0.3185526781944886,0.5860608770413773,166.5358787363095
6924,2077200,577.0,0.4772773186850949,0.4772773186850949,0.3176860474550382,0.5867109308409714,169.85541774673973
6925,2077500,577.0833333333334,0.4896576628991181,0.4896576628991181,0.315483305016818,0.5836469726546968,168.18110080895968
6926,2077800,577.1666666666666,0.4949992549520086,0.4949992549520086,0.3117300589450734,0.5828514470808555,168.40064737139622
6927,2078100,577.25,0.4847855949809448,0.4847855949809448,0.3032749097806055,0.5671321846187647,166.5859594396437
6928,2078400,577.3333333333334,0.4934722782394291,0.4934722782394291,0.3078964039907733,0.58149778896296,165.0602509569089
6929,2078700,577.4166666666666,0.4911043053969748,0.4911043053969748,0.3060042374882213,0.574387793430336,168.12036127976967
6930,2079000,577.5,0.5039882395002574,0.5039882395002574,0.3109546881843784,0.5837187507941459,169.9785932582672
6931,2079300,577.5833333333334,0.4913608178637338,0.4913608178637338,0.3089374481497685,0.5897928159905651,171.8652247050181
6932,2079600,577.6666666666666,0.4933717246215209,0.4933717246215209,0.3070276396989404,0.586462203089952,172.6273371291625
6933,2079900,577.75,0.5146019426748721,0.5146019426748721,0.3095645044797982,0.5882051677106096,170.2866972066965
6934,2080200,577.8333333333334,0.4438476906009055,0.4438476906009055,0.291634994257645,0.5927207866819315,161.43844978154095
6935,2080500,577.9166666666666,0.4677421648811902,0.4677421648811902,0.2938977292169138,0.5977987482337201,166.08879708053522
6936,2080800,578.0,0.4695300928764573,0.4695300928764573,0.2985227836408561,0.611816779722296,171.0426239815697
6937,2081100,578.0833333333334,0.4636954405107579,0.4636954405107579,0.29745958168088,0.6077971115306441,174.27796053522164
6938,2081400,578.1666666666666,0.480641654561278,0.480641654561278,0.2959610562235685,0.5994842245417893,172.45748934833694
6939,2081700,578.25,0.4842831359132968,0.4842831359132968,0.2989536182457957,0.6006807321443586,161.6363037045898
6940,2082000,578.3333333333334,0.4765387144805613,0.4765387144805613,0.2944858030963024,0.6025749065891052,163.61272347365676
6941,2082300,578.4166666666666,0.5002391395386331,0.5002391395386331,0.3037004848489152,0.6170800534380095,162.97590282493252
6942,2082600,578.5,0.4813472715389262,0.4813472715389262,0.3048981967117434,0.5901847990553664,157.61456254046948
6943,2082900,578.5833333333334,0.4765358470980024,0.4765358470980024,0.3095637623577398,0.5982117189496828,161.48665980835705
6944,2083200,578.6666666666666,0.4722150336354277,0.4722150336354277,0.3115639044072367,0.6028321367306898,163.17579612304093
6945,2083500,578.75,0.4755247852820459,0.4755247852820459,0.3131445769681287,0.6038077428686722,164.80392064340828
6946,2083800,578.8333333333334,0.4750169853035735,0.4750169853035735,0.312058931986491,0.6046096064055533,165.8755092002874
6947,2084100,578.9166666666666,0.4627619280827253,0.4627619280827253,0.3103014203913653,0.6054233284093623,167.53058095516084
6948,2084400,579.0,0.4674420414504809,0.4674420414504809,0.3076110771897486,0.6062211862229204,168.49382709997894
6949,2084700,579.0833333333334,0.4731899539443583,0.4731899539443583,0.3094065657657787,0.6118230105368437,169.57492021363473
6950,2085000,579.1666666666666,0.4801738675150692,0.4801738675150692,0.3112629061193644,0.6153813955523243,169.17403948641572
6951,2085300,579.25,0.4808862566001637,0.4808862566001637,0.3129018875384508,0.6181775264285773,169.447776239639
6952,2085600,579.3333333333334,0.4865823556856151,0.4865823556856151,0.3137010612775072,0.6206647961051805,170.18607916141818
6953,2085900,579.4166666666666,0.4866254614541371,0.4866254614541371,0.3158466477707597,0.6223554196776013,170.83892806044787
6954,2086200,579.5,0.4863821875410895,0.4863821875410895,0.3178722835620736,0.6235679637723364,171.13738183580148
6955,2086500,579.5833333333334,0.4831407202641643,0.4831407202641643,0.315879741123634,0.623308119161437,171.5531700969432
6956,2086800,579.6666666666666,0.490476795478744,0.490476795478744,0.320471438893809,0.623206372783642,171.47687221845925
6957,2087100,579.75,0.480883518361459,0.480883518361459,0.3174907826596081,0.6230550770649428,171.57568908523197
6958,2087400,579.8333333333334,0.4934132096240515,0.4934132096240515,0.3175544567985367,0.6172608088127333,170.20455875097937
6959,2087700,579.9166666666666,0.4963233966773037,0.4963233966773037,0.3193652167958759,0.618982307591672,170.0752190898029
6960,2088000,580.0,0.5090632236318049,0.5090632236318049,0.3211393985183472,0.6201135047857464,170.0080014031677
6961,2088300,580.0833333333334,0.4883888792360389,0.4883888792360389,0.3137112196982524,0.6011248141830656,165.08253775768472
6962,2088600,580.1666666666666,0.4789961509424769,0.4789961509424769,0.3102282806441567,0.6053548777307449,166.64266465054183
6963,2088900,580.25,0.4842255704091993,0.4842255704091993,0.3135782492496956,0.6069358146859328,167.67653099167612
6964,2089200,580.3333333333334,0.4888517820933374,0.4888517820933374,0.3162734096795336,0.6109998719888992,167.9702108699648
6965,2089500,580.4166666666666,0.4988096137613068,0.4988096137613068,0.3168444780509071,0.6124722496398372,169.44903647665282
6966,2089800,580.5,0.5152008440789098,0.5152008440789098,0.323857256673685,0.6108591558004933,173.9642239860912
6967,2090100,580.5833333333334,0.5037679329632797,0.5037679329632797,0.3215071662438512,0.5948222467231086,176.44813744032572
6968,2090400,580.6666666666666,0.4943206707515191,0.4943206707515191,0.3201423833327745,0.5907310926519893,179.1844942729158
6969,2090700,580.75,0.4960211691237594,0.4960211691237594,0.3230968318094748,0.5864247258504226,179.64478423636825
6970,2091000,580.8333333333334,0.4964056330479441,0.4964056330479441,0.3238206952704131,0.5830902976116161,179.28878739939532
6971,2091300,580.9166666666666,0.4958833621277627,0.4958833621277627,0.3227863219564186,0.5810410300413408,178.32672221962966
6972,2091600,581.0,0.5008665877205759,0.5008665877205759,0.3235527816382685,0.5805423333983104,177.79232668598183
6973,2091900,581.0833333333334,0.4990625393116465,0.4990625393116465,0.3228381700630271,0.5814017286714102,177.52466077791803
6974,2092200,581.1666666666666,0.4965377287784121,0.4965377287784121,0.3232318698425729,0.5822684092747809,177.96744190209034
6975,2092500,581.25,0.5037587848331808,0.5037587848331808,0.3269964870745604,0.5821539996089106,177.48711059275496
6976,2092800,581.3333333333334,0.4971541387836342,0.4971541387836342,0.3274688271332869,0.5808317129902644,176.73671820186124
6977,2093100,581.4166666666666,0.4954456612361615,0.4954456612361615,0.3274889492149043,0.5796074060711437,176.5807134717441
6978,2093400,581.5,0.5004532271675773,0.5004532271675773,0.3270452288001222,0.5768369511239979,174.40854824607376
6979,2093700,581.5833333333334,0.4923827603031698,0.4923827603031698,0.3244518689218272,0.5752955121662072,172.49208698957517
6980,2094000,581.6666666666666,0.4903171535618492,0.4903171535618492,0.3241169032899135,0.5752284251670605,171.11673309152104
6981,2094300,581.75,0.4919321477328257,0.4919321477328257,0.3252737440112743,0.5755907034840001,170.58688168013927
6982,2094600,581.8333333333334,0.4829376737236259,0.4829376737236259,0.3236918708541931,0.5745200405241212,170.89887821992662
6983,2094900,581.9166666666666,0.4800503692145554,0.4800503692145554,0.3215291500576836,0.5725298790686143,170.62783982997095
6984,2095200,582.0,0.4780062124779149,0.4780062124779149,0.3216422620820284,0.5737037944036663,172.23271442655593
6985,2095500,582.0833333333334,0.4800355453343685,0.4800355453343685,0.3242612276207323,0.5757128738614529,173.14532888151305
6986,2095800,582.1666666666666,0.4821687826866677,0.4821687826866677,0.325359410868869,0.5766641696213267,173.5293701228212
6987,2096100,582.25,0.488866633561389,0.488866633561389,0.3251101889630683,0.5776768397489038,173.2176489793407
6988,2096400,582.3333333333334,0.4848927921611176,0.4848927921611176,0.3250142787931003,0.5780930258993346,173.74963727530368
6989,2096700,582.4166666666666,0.4889170659090678,0.4889170659090678,0.3239030369231207,0.5783677007961283,175.2402956178927
6990,2097000,582.5,0.4923916265861381,0.4923916265861381,0.323580043491819,0.5779076997985075,176.17973437511907
6991,2097300,582.5833333333334,0.4954319305031663,0.4954319305031663,0.3247168668596487,0.5777648217198806,176.12563650116013
6992,2097600,582.6666666666666,0.4938627908915368,0.4938627908915368,0.3261699395992679,0.5777489073464606,176.13291851732222
6993,2097900,582.75,0.4955888238041488,0.4955888238041488,0.3259135326251172,0.5765859230021326,175.56294786369358
6994,2098200,582.8333333333334,0.4956409267803673,0.4956409267803673,0.3256183869237439,0.57561737948029,174.83185217673903
6995,2098500,582.9166666666666,0.4913598028967579,0.4913598028967579,0.3255319346873029,0.5761938418289938,174.8301191173134
6996,2098800,583.0,0.4789991783508568,0.4789991783508568,0.3256709865365855,0.5773953202540939,175.24245787075566
6997,2099100,583.0833333333334,0.483273669332646,0.483273669332646,0.3244216597656561,0.5778318337205111,175.89265578445256
6998,2099400,583.1666666666666,0.476787464768499,0.476787464768499,0.3226065026219256,0.5784956185853395,176.9359304829486
6999,2099700,583.25,0.4738902541213848,0.4738902541213848,0.3211312805250429,0.5789683675746563,177.428319453047
7000,2100000,583.3333333333334,0.4757702719696008,0.4757702719696008,0.3211540341401573,0.5810131210709965,178.87726152899802
7001,2100300,583.4166666666666,0.4775759774853084,0.4775759774853084,0.3234796786607313,0.5825424151548463,180.03439241097695
7002,2100600,583.5,0.4713509507994654,0.4713509507994654,0.3234163900635776,0.582709798076729,180.4991286784557
7003,2100900,583.5833333333334,0.4745051918889078,0.4745051918889078,0.3214459626782316,0.5821990577978499,181.26418911186465
7004,2101200,583.6666666666666,0.4810599759145187,0.4810599759145187,0.3213917495617196,0.5826203732268084,181.62386983774468
7005,2101500,583.75,0.4837940218977927,0.4837940218977927,0.3237709816507311,0.5836894059618237,181.38747899456163
7006,2101800,583.8333333333334,0.4860169412745603,0.4860169412745603,0.3236662573346647,0.5832586007702563,181.66045500843845
7007,2102100,583.9166666666666,0.4849495552707844,0.4849495552707844,0.3225912010596872,0.5830493354991582,181.8695569261354
7008,2102400,584.0,0.4821490524377501,0.4821490524377501,0.3233462136920105,0.5844991563475396,182.57652978688216
7009,2102700,584.0833333333334,0.4838390223988699,0.4838390223988699,0.3257099030895523,0.5855030313686983,182.5257108509361
7010,2103000,584.1666666666666,0.4796315324969116,0.4796315324969116,0.3250277645183067,0.5855567516811303,182.2956609007867
7011,2103300,584.25,0.4797530426246446,0.4797530426246446,0.3246310519529986,0.5853432867629661,181.6682255319437
7012,2103600,584.3333333333334,0.4737099060877506,0.4737099060877506,0.3246099096258716,0.5853392022347599,181.89409892236696
7013,2103900,584.4166666666666,0.471425680238375,0.471425680238375,0.3245186971158402,0.5849014293904197,181.6119060389238
7014,2104200,584.5,0.4697053086726054,0.4697053086726054,0.3244739244987397,0.5827120864194393,179.56989632694302
7015,2104500,584.5833333333334,0.4594485428024416,0.4594485428024416,0.3221634488722535,0.5800920853300373,178.9454092196721
7016,2104800,584.6666666666666,0.4505376672875994,0.4505376672875994,0.3194865515404902,0.5786348710014892,178.7001485069759
7017,2105100,584.75,0.4508490196314378,0.4508490196314378,0.3199602605322396,0.5784723580983648,178.58057020288138
7018,2105400,584.8333333333334,0.458648797579409,0.458648797579409,0.3227775836343481,0.5806474736246274,178.9171137050728
7019,2105700,584.9166666666666,0.4508328205735668,0.4508328205735668,0.3225910385072666,0.5808613601721938,179.1380579538291
7020,2106000,585.0,0.4556780815416538,0.4556780815416538,0.3220395995145233,0.5812862878479956,178.52649571271309
7021,2106300,585.0833333333334,0.4597849231460567,0.4597849231460567,0.3222619735977941,0.582533583583604,178.4634240542944
7022,2106600,585.1666666666666,0.4628550531815983,0.4628550531815983,0.3223602135684147,0.584392200807912,178.0525313460227
7023,2106900,585.25,0.454600491670155,0.454600491670155,0.3226907228701202,0.5832423686154299,177.56388323015918
7024,2107200,585.3333333333334,0.4636333792061013,0.4636333792061013,0.3223065204381042,0.5839681153539192,178.1948653512115
7025,2107500,585.4166666666666,0.4578383361729284,0.4578383361729284,0.3210958656634621,0.5845532391044093,178.830218818467
7026,2107800,585.5,0.4655548502962029,0.4655548502962029,0.3211001330733813,0.582570008695752,178.230777981416
7027,2108100,585.5833333333334,0.4632520921662026,0.4632520921662026,0.3218893125823421,0.5794752962632014,178.22363082938543
7028,2108400,585.6666666666666,0.4522466682884518,0.4522466682884518,0.322774221739832,0.5786258117545092,178.1611867302872
7029,2108700,585.75,0.4406611310354187,0.4406611310354187,0.3206642569873438,0.5782197116225753,177.50779060652658
7030,2109000,585.8333333333334,0.4400800676377897,0.4400800676377897,0.318595647593179,0.5793408795412082,177.7994292197203
7031,2109300,585.9166666666666,0.439768228680654,0.439768228680654,0.3194965777435087,0.5814774701139658,178.63897378220864
7032,2109600,586.0,0.4417038507684329,0.4417038507684329,0.322303182140219,0.5835287578006454,178.43824109250463
7033,2109900,586.0833333333334,0.443444440569642,0.443444440569642,0.323836076553928,0.5848483393275505,179.10216578069537
7034,2110200,586.1666666666666,0.4333170723199699,0.4333170723199699,0.320150918584864,0.5849566836336658,179.79489475796302
7035,2110500,586.25,0.4276570855354785,0.4276570855354785,0.3196634602060118,0.5858560612736907,181.03833604839252
7036,2110800,586.3333333333334,0.4378266012169016,0.4378266012169016,0.3193380485753256,0.58806723076062,182.67243270133736
7037,2111100,586.4166666666666,0.4448146492422076,0.4448146492422076,0.3199025935895322,0.590233019652725,184.12254441107336
7038,2111400,586.5,0.444411927875351,0.444411927875351,0.3202412521398077,0.5871748128635766,181.3599925919851
7039,2111700,586.5833333333334,0.4382549148982733,0.4382549148982733,0.315739994920291,0.5858409555467825,181.3445237631772
7040,2112000,586.6666666666666,0.4325651232044912,0.4325651232044912,0.3152873882038869,0.5870878109696078,182.8929507825143
7041,2112300,586.75,0.4492055578296023,0.4492055578296023,0.3120649525934864,0.5844721569379627,182.91602505003968
7042,2112600,586.8333333333334,0.450599927033829,0.450599927033829,0.3151391826877304,0.5881007799278593,184.8518023121028
7043,2112900,586.9166666666666,0.4455526112950174,0.4455526112950174,0.3166051134444297,0.5886213667215257,183.90252224130128
7044,2113200,587.0,0.4486702864201956,0.4486702864201956,0.3146544390580379,0.5864611456585719,184.53768971157217
7045,2113500,587.0833333333334,0.4634081743066465,0.4634081743066465,0.3139824476286806,0.5887325063375164,187.18922830238927
7046,2113800,587.1666666666666,0.467235119217141,0.467235119217141,0.3162486957888779,0.5910788988262542,188.15647082886224
7047,2114100,587.25,0.4638727493037215,0.4638727493037215,0.3199621093798239,0.5930966398455392,187.62382509853288
7048,2114400,587.3333333333334,0.461472483193648,0.461472483193648,0.319964946331096,0.592645840562682,186.8833855285417
7049,2114700,587.4166666666666,0.4542553697202405,0.4542553697202405,0.3212614953396323,0.5929266816983191,185.42695800973104
7050,2115000,587.5,0.4623207963259699,0.4623207963259699,0.3110574099804007,0.5731194215364712,175.02142291827428
7051,2115300,587.5833333333334,0.4624395219585563,0.4624395219585563,0.3151718686190656,0.5710997515281611,175.32919863367988
7052,2115600,587.6666666666666,0.4534005436326792,0.4534005436326792,0.3139919528867732,0.5738469955628144,178.44682217461695
7053,2115900,587.75,0.4678702202621774,0.4678702202621774,0.3213102364053518,0.5775028733817924,179.71446678843554
7054,2116200,587.8333333333334,0.4671368315755106,0.4671368315755106,0.321361051481597,0.5781536818523788,179.9005587014371
7055,2116500,587.9166666666666,0.4613677796455827,0.4613677796455827,0.3178766778894948,0.5760677447738176,180.27290960243425
7056,2116800,588.0,0.4621461699046627,0.4621461699046627,0.315087555647505,0.5789953346583123,182.09638310900547
7057,2117100,588.0833333333334,0.4620995632550995,0.4620995632550995,0.3190314205466478,0.5807980576753407,183.0194017844897
7058,2117400,588.1666666666666,0.4700706247365992,0.4700706247365992,0.3229732884875201,0.5830159830769214,182.64091915483016
7059,2117700,588.25,0.4786392403719933,0.4786392403719933,0.323315452470532,0.5845039581875243,182.2290625516237
7060,2118000,588.3333333333334,0.4747648945092331,0.4747648945092331,0.3242233798093452,0.5865390220417738,182.90084109697503
7061,2118300,588.4166666666666,0.4844857625989546,0.4844857625989546,0.3265390162493745,0.588329452147857,183.93097826985303
7062,2118600,588.5,0.4859452214519465,0.4859452214519465,0.3270839340300296,0.5889652185218097,184.499419117786
7063,2118900,588.5833333333334,0.4869512949957645,0.4869512949957645,0.3259658615057827,0.5884688481939248,182.8893748287776
7064,2119200,588.6666666666666,0.4823621725374874,0.4823621725374874,0.3250347314612124,0.5875303357304792,182.93234426825737
7065,2119500,588.75,0.4776040109089344,0.4776040109089344,0.3221265911035413,0.5871642013010168,184.1793965312335
7066,2119800,588.8333333333334,0.4792036132960316,0.4792036132960316,0.3245240279953757,0.5892648442093519,184.64100335175823
7067,2120100,588.9166666666666,0.4841996584694492,0.4841996584694492,0.3257811838274729,0.589866300413806,184.0694314575847
7068,2120400,589.0,0.487102485291692,0.487102485291692,0.3258195388465498,0.5902670582224722,184.1693908832239
7069,2120700,589.0833333333334,0.4764415357746312,0.4764415357746312,0.3245360221259751,0.591062149911555,184.18784782656792
7070,2121000,589.1666666666666,0.4733012242684365,0.4733012242684365,0.3215032126209317,0.5916591121978991,183.98183294568372
7071,2121300,589.25,0.4699472441965222,0.4699472441965222,0.3225972086069542,0.593667350399251,183.63746678134623
7072,2121600,589.3333333333334,0.4473349743747607,0.4473349743747607,0.3180992159353514,0.5948667477593234,183.89166736726392
7073,2121900,589.4166666666666,0.4184018119899143,0.4184018119899143,0.3113680711552103,0.597466186968472,181.9777688117433
7074,2122200,589.5,0.3992089660403435,0.3992089660403435,0.3061776204940362,0.6035952072260226,178.01213429102256
7075,2122500,589.5833333333334,0.3967055917564077,0.3967055917564077,0.3085350379663807,0.6157466046767361,174.8187687236692
7076,2122800,589.6666666666666,0.4167267956589328,0.4167267956589328,0.3164417425515939,0.6285923562996343,172.15682681301752
7077,2123100,589.75,0.4091583138955301,0.4091583138955301,0.3149514416616557,0.6216949160655516,167.67429163741016
7078,2123400,589.8333333333334,0.4318922644511863,0.4318922644511863,0.3176329572257692,0.6150832036105354,168.05792035897863
7079,2123700,589.9166666666666,0.44132228025099,0.44132228025099,0.3193139720512779,0.638692534181493,170.70287589129725
7080,2124000,590.0,0.4278120621484012,0.4278120621484012,0.3131041691690688,0.6254732822090142,172.17062850744986
7081,2124300,590.0833333333334,0.45266346276937,0.45266346276937,0.3212064989678558,0.6474969908822992,173.67899505164553
7082,2124600,590.1666666666666,0.4499650171251687,0.4499650171251687,0.315330703498028,0.6509567398857201,176.95987071985712
7083,2124900,590.25,0.4770215161109798,0.4770215161109798,0.3202032480778657,0.6521662347977581,180.13874407756597
7084,2125200,590.3333333333334,0.455490803020555,0.455490803020555,0.3091199402661772,0.634983131037456,179.8686945386716
7085,2125500,590.4166666666666,0.4533562076930229,0.4533562076930229,0.3050133388219866,0.6311725929485814,179.70755565591307
7086,2125800,590.5,0.4676323008943119,0.4676323008943119,0.3073908776005372,0.6379636103146299,183.80792991497023
7087,2126100,590.5833333333334,0.4800078837504711,0.4800078837504711,0.3177026871379461,0.6515477444888078,186.9555917127068
7088,2126400,590.6666666666666,0.4483787869264252,0.4483787869264252,0.3143785318144115,0.6515776968318462,183.9091262707273
7089,2126700,590.75,0.4624021117252302,0.4624021117252302,0.3181621313848733,0.6582152876295277,185.49755413836496
7090,2127000,590.8333333333334,0.4730213345926171,0.4730213345926171,0.318205032986426,0.6565902225588881,184.83883348416
7091,2127300,590.9166666666666,0.4767099593868807,0.4767099593868807,0.3225279898879819,0.6634386165905976,182.506506134997
7092,2127600,591.0,0.4536587569739136,0.4536587569739136,0.3078407847838761,0.6560327329543219,180.97816031481693
7093,2127900,591.0833333333334,0.488777510733664,0.488777510733664,0.324463543430827,0.6516941068416603,179.246459843781
7094,2128200,591.1666666666666,0.4728477472191502,0.4728477472191502,0.3273167882021573,0.6572411372307813,176.17628674476884
7095,2128500,591.25,0.4945265844649696,0.4945265844649696,0.3345156869376756,0.6596247533766711,174.66052894261162
7096,2128800,591.3333333333334,0.4881258948776971,0.4881258948776971,0.3367436980500661,0.659794738744622,174.8598349028848
7097,2129100,591.4166666666666,0.4859134812187256,0.4859134812187256,0.3339954427770665,0.6634192729835162,174.94357486971552
7098,2129400,591.5,0.4654500795954778,0.4654500795954778,0.3223636043612776,0.6553446350992506,175.00153465357556
7099,2129700,591.5833333333334,0.4664280944724615,0.4664280944724615,0.3295974167256085,0.6695451839560664,175.35193329052797
7100,2130000,591.6666666666666,0.4361986729877029,0.4361986729877029,0.2778741314788441,0.5549465396470384,153.69952696752853
7101,2130300,591.75,0.4578059310088205,0.4578059310088205,0.2828899029078447,0.5548523583250695,156.60814360733923
7102,2130600,591.8333333333334,0.4533857821640019,0.4533857821640019,0.2835283301791947,0.5508559694683146,157.581188094696
7103,2130900,591.9166666666666,0.4579450569347441,0.4579450569347441,0.2732591917076875,0.5385025643329249,157.72503143509363
7104,2131200,592.0,0.4429234648081583,0.4429234648081583,0.2747873176316349,0.5376918718601831,157.518066790991
7105,2131500,592.0833333333334,0.4283489167963821,0.4283489167963821,0.2630061037257161,0.5314522215567461,155.726313207186
7106,2131800,592.1666666666666,0.4377710949335112,0.4377710949335112,0.2700837380906742,0.5321147338034619,157.84479782767892
7107,2132100,592.25,0.4601777394288411,0.4601777394288411,0.2781305805266613,0.5527793070176971,164.73810313519618
7108,2132400,592.3333333333334,0.4839888975022698,0.4839888975022698,0.2842520353274285,0.552357543002039,167.0435543482182
7109,2132700,592.4166666666666,0.4800335470628015,0.4800335470628015,0.2998465453659904,0.5806674769689643,172.11664346790323
7110,2133000,592.5,0.5103692191737715,0.5103692191737715,0.3055309333960712,0.5800411444286883,176.48029536907356
7111,2133300,592.5833333333334,0.5107839133034844,0.5107839133034844,0.310356407698316,0.5836369870015025,182.42132734214508
7112,2133600,592.6666666666666,0.5071551836723216,0.5071551836723216,0.3083672348476747,0.5794540231418435,184.31294537238307
7113,2133900,592.75,0.5379497562875422,0.5379497562875422,0.3289983087620742,0.5909542892093687,181.4493499278452
7114,2134200,592.8333333333334,0.5142684889466839,0.5142684889466839,0.3306916969268992,0.5941590099041095,179.1288327103244
7115,2134500,592.9166666666666,0.4965324464085436,0.4965324464085436,0.3274673851629254,0.5934480912922625,176.75603822133988
7116,2134800,593.0,0.5053950738342681,0.5053950738342681,0.3345464101765703,0.5999049924432559,174.62964832928824
7117,2135100,593.0833333333334,0.497673534892368,0.497673534892368,0.3229197649655754,0.5990743370635738,169.69805126656394
7118,2135400,593.1666666666666,0.4495502365333255,0.4495502365333255,0.3094651267743957,0.5769430595637591,157.08608449961673
7119,2135700,593.25,0.4694097625122446,0.4694097625122446,0.325882868890298,0.5967572678261183,158.40546640191843
7120,2136000,593.3333333333334,0.4968967989175228,0.4968967989175228,0.3533912853588745,0.618269826109838,162.12699987165237
7121,2136300,593.4166666666666,0.4778537235612186,0.4778537235612186,0.3566469702078076,0.6203279023412223,161.65557376714153
7122,2136600,593.5,0.4560882827833478,0.4560882827833478,0.3540339658582754,0.6174280043891214,160.42907693883382
7123,2136900,593.5833333333334,0.4965243088162197,0.4965243088162197,0.3645965671082248,0.6177268712372567,159.63737788242187
7124,2137200,593.6666666666666,0.5294533349035536,0.5294533349035536,0.3711451049296436,0.6177852129734621,159.24203178120044
7125,2137500,593.75,0.5211191410516622,0.5211191410516622,0.3679140268135199,0.6131236709838781,158.84457708818786
7126,2137800,593.8333333333334,0.5290049305028225,0.5290049305028225,0.3646271193335893,0.6028455564071941,154.13647157096526
7127,2138100,593.9166666666666,0.561044118107913,0.561044118107913,0.3806492796448292,0.6146418989791242,154.16714040716502
7128,2138400,594.0,0.5320748750643917,0.5320748750643917,0.3608565785977118,0.6037639091553852,152.79839154957438
7129,2138700,594.0833333333334,0.5240199951639551,0.5240199951639551,0.3562703115635907,0.6172696829157773,153.3460954327176
7130,2139000,594.1666666666666,0.4790863199292275,0.4790863199292275,0.3267426243139132,0.5931701492146415,151.53142764613509
7131,2139300,594.25,0.4863819280450712,0.4863819280450712,0.3284906368679121,0.5913111514194267,151.51841242960373
7132,2139600,594.3333333333334,0.4892635675685358,0.4892635675685358,0.325077971708922,0.5815821875014607,154.12197525004794
7133,2139900,594.4166666666666,0.4583425049436242,0.4583425049436242,0.314060373124502,0.5701087890032424,155.19240470974543
7134,2140200,594.5,0.4843868051832862,0.4843868051832862,0.3321469357794172,0.5906139859512491,155.91572769998083
7135,2140500,594.5833333333334,0.5009062427348,0.5009062427348,0.339808442941834,0.5961689377064525,157.39103348577055
7136,2140800,594.6666666666666,0.4900218686753002,0.4900218686753002,0.3220765590424526,0.5795481892054294,157.0417663357047
7137,2141100,594.75,0.5011270666049489,0.5011270666049489,0.3259325773481327,0.5879291533451189,158.61035786320411
7138,2141400,594.8333333333334,0.4753404491734034,0.4753404491734034,0.2990599754534113,0.5674578709063897,158.35152099105434
7139,2141700,594.9166666666666,0.462235245976282,0.462235245976282,0.2987407487818534,0.566335012093241,162.71627621133584
7140,2142000,595.0,0.449964444724972,0.449964444724972,0.2992622619905567,0.5630207924416831,161.86287802854372
7141,2142300,595.0833333333334,0.445467181698863,0.445467181698863,0.2992051014290495,0.5605567075133764,160.0234736854631
7142,2142600,595.1666666666666,0.5138287293948636,0.5138287293948636,0.3184975850668398,0.5764271594517921,161.40664471207486
7143,2142900,595.25,0.4814933240292075,0.4814933240292075,0.3114141399448915,0.5614254377365907,162.80298620275292
7144,2143200,595.3333333333334,0.5004311279169238,0.5004311279169238,0.3262652276815543,0.5940974852412025,166.5676948194041
7145,2143500,595.4166666666666,0.4794572081266759,0.4794572081266759,0.3188461478786276,0.5861253314331906,170.4414695215069
7146,2143800,595.5,0.4595960752262499,0.4595960752262499,0.295578610538404,0.5618040230734984,168.96317703516428
7147,2144100,595.5833333333334,0.4289573420201005,0.4289573420201005,0.2896361134732951,0.5578074676401695,167.54962739025905
7148,2144400,595.6666666666666,0.446932984797899,0.446932984797899,0.296896196973928,0.5623498191821842,164.07843271229734
7149,2144700,595.75,0.4501893811488618,0.4501893811488618,0.2973267583111791,0.5593628574988654,161.93117462889168
7150,2145000,595.8333333333334,0.4306869824630195,0.4306869824630195,0.2800390921296986,0.5470105197151971,160.8369818642442
7151,2145300,595.9166666666666,0.423644747830272,0.423644747830272,0.2851638953312122,0.5363601513931202,159.98733349930072
7152,2145600,596.0,0.5096314807410984,0.5096314807410984,0.3183798688419921,0.5527322195386066,162.7917827981724
7153,2145900,596.0833333333334,0.5012356890885632,0.5012356890885632,0.3219178004795527,0.5666639532694944,165.9919611386034
7154,2146200,596.1666666666666,0.5355412639034317,0.5355412639034317,0.342511355433426,0.5806431243961796,166.58238890660985
7155,2146500,596.25,0.5374145468938597,0.5374145468938597,0.3519944848239714,0.5947953758406889,163.792872482278
7156,2146800,596.3333333333334,0.5533527208859083,0.5533527208859083,0.3716899120004657,0.6055503900804534,165.782042831853
7157,2147100,596.4166666666666,0.5690629753331984,0.5690629753331984,0.3772941700500888,0.6071388327016437,165.2002591730474
7158,2147400,596.5,0.5360187465624576,0.5360187465624576,0.3765771778802638,0.6046394064674844,161.15044772954028
7159,2147700,596.5833333333334,0.5289693156185709,0.5289693156185709,0.3745409042162465,0.6063150840105407,159.82475768519316
7160,2148000,596.6666666666666,0.5391549712999394,0.5391549712999394,0.3812742034877878,0.6093325607148853,158.77927647082754
7161,2148300,596.75,0.5314559072642187,0.5314559072642187,0.3759673364816925,0.604041876068625,156.21314278348632
7162,2148600,596.8333333333334,0.5428257644419778,0.5428257644419778,0.3830705630049419,0.6084538621318585,156.63765490189527
7163,2148900,596.9166666666666,0.5445697608923634,0.5445697608923634,0.3864802500915364,0.6107443790344328,156.1147787668729
7164,2149200,597.0,0.5378043686599404,0.5378043686599404,0.3809229511477318,0.6111900209164634,156.17437804771853
7165,2149500,597.0833333333334,0.5033812000739829,0.5033812000739829,0.3651645891429162,0.6060941728837721,155.9236132854209
7166,2149800,597.1666666666666,0.5135269430488769,0.5135269430488769,0.3723193576246446,0.6089314736705429,156.2889633355597
7167,2150100,597.25,0.5387168853764437,0.5387168853764437,0.3813882803076371,0.6129481027197741,157.0306735579846
7168,2150400,597.3333333333334,0.5564823051546675,0.5564823051546675,0.3915209727944467,0.6164146747610482,158.85060763855392
7169,2150700,597.4166666666666,0.5668027810395699,0.5668027810395699,0.3919095162535222,0.6170703477445715,159.8946196468749
7170,2151000,597.5,0.5570082779109417,0.5570082779109417,0.3861753885700831,0.6152834610580581,157.86431959236694
7171,2151300,597.5833333333334,0.5405161542304586,0.5405161542304586,0.3809164261004172,0.6146193368788352,157.2173381669443
7172,2151600,597.6666666666666,0.534447834352571,0.534447834352571,0.3754903949350141,0.6151080487567858,155.59437779011262
7173,2151900,597.75,0.5033835408642654,0.5033835408642654,0.3529113133100601,0.6100404907475302,153.64374172848142
7174,2152200,597.8333333333334,0.5024006372559053,0.5024006372559053,0.3436768639835767,0.5947888181184319,154.28627837782048
7175,2152500,597.9166666666666,0.4693197847481367,0.4693197847481367,0.3146190159478222,0.5721351799191537,156.86915526431366
7176,2152800,598.0,0.4329802682675462,0.4329802682675462,0.2893688582791033,0.5405589589037808,155.0724799459582
7177,2153100,598.0833333333334,0.4256013853145193,0.4256013853145193,0.2897725421428808,0.5489616613546365,157.82962436822444
7178,2153400,598.1666666666666,0.4261265816957091,0.4261265816957091,0.2789883235282991,0.5376710287603621,158.33023965260995
7179,2153700,598.25,0.4397345916236671,0.4397345916236671,0.276249627735752,0.5348251468479338,165.15563103280846
7180,2154000,598.3333333333334,0.4502593427122539,0.4502593427122539,0.2819477310126262,0.5449863910335101,171.53732595675837
7181,2154300,598.4166666666666,0.4140616863377351,0.4140616863377351,0.2648767463740011,0.5270893451905835,168.78380215890738
7182,2154600,598.5,0.4385384923143837,0.4385384923143837,0.2672281250698874,0.5286289574232423,165.67741889264045
7183,2154900,598.5833333333334,0.4170876437561541,0.4170876437561541,0.2652902368225565,0.525587678149779,165.00485986714662
7184,2155200,598.6666666666666,0.4022055662214557,0.4022055662214557,0.2594454440375629,0.519916316726751,163.390349526399
7185,2155500,598.75,0.4256626632626764,0.4256626632626764,0.2683718671533774,0.5344847272222915,164.55740812405753
7186,2155800,598.8333333333334,0.4607769743329781,0.4607769743329781,0.2819542679109358,0.5484051650066336,165.54982813968573
7187,2156100,598.9166666666666,0.4377093801277162,0.4377093801277162,0.2720291353504393,0.5447456513569039,166.83939078503826
7188,2156400,599.0,0.4309398371075825,0.4309398371075825,0.2740406928918292,0.5487351127402489,167.54359746334734
7189,2156700,599.0833333333334,0.4264607452310288,0.4264607452310288,0.2670364113005392,0.533996252558952,164.92283184748464
7190,2157000,599.1666666666666,0.4478616608675505,0.4478616608675505,0.270650554880233,0.5321487377254093,164.7934837171293
7191,2157300,599.25,0.4538734380507696,0.4538734380507696,0.2763516108842164,0.5395384937621864,166.54577914091826
7192,2157600,599.3333333333334,0.4484715826736592,0.4484715826736592,0.275979512871671,0.5494880313205428,170.65109040085915
7193,2157900,599.4166666666666,0.4331513471440328,0.4331513471440328,0.2730693631723572,0.5474507479597779,170.40311694015224
7194,2158200,599.5,0.4329493529923999,0.4329493529923999,0.2675078691477679,0.5379602846723164,166.43812387137643
7195,2158500,599.5833333333334,0.446459864269249,0.446459864269249,0.2901044352046815,0.5764178619128463,163.80125908856257
7196,2158800,599.6666666666666,0.4292985438377282,0.4292985438377282,0.3072014298143098,0.5861508002961937,167.84227330960462
7197,2159100,599.75,0.4036880224988707,0.4036880224988707,0.3023334411838741,0.577996183231177,168.56914280610516
7198,2159400,599.8333333333334,0.4412180635146034,0.4412180635146034,0.3110588552899344,0.5790847117277114,165.07682300457634
7199,2159700,599.9166666666666,0.4494875973417558,0.4494875973417558,0.309883884789076,0.5871024350658955,167.91222327215277
7200,2160000,600.0,0.4416913335995621,0.4416913335995621,0.3028770602827837,0.5741123573285326,170.52646807172215
7201,2160300,600.0833333333334,0.4517939465570223,0.4517939465570223,0.3005472983665687,0.5662818641619889,172.69372105030808
7202,2160600,600.1666666666666,0.4460372556961657,0.4460372556961657,0.2985514725829352,0.5625472655976689,173.8946985441914
7203,2160900,600.25,0.4497942218900865,0.4497942218900865,0.2923177755609338,0.5597310592267798,175.51724112703238
7204,2161200,600.3333333333334,0.4903075689699756,0.4903075689699756,0.2903700826999351,0.5514276118427025,174.9519210597397
7205,2161500,600.4166666666666,0.5068695591298223,0.5068695591298223,0.2933768028400588,0.5718446090414059,175.17213345079733
7206,2161800,600.5,0.500575759591121,0.500575759591121,0.2948108080918971,0.5653482243817485,175.9121392373485
7207,2162100,600.5833333333334,0.4807344193278071,0.4807344193278071,0.2828404215423364,0.5621403846305983,172.93288320350706
7208,2162400,600.6666666666666,0.4782226438875545,0.4782226438875545,0.2804064158748978,0.5718352099866181,173.74891232100137
7209,2162700,600.75,0.4935108025868738,0.4935108025868738,0.2825747119444001,0.5713442315112105,175.56067293026888
7210,2163000,600.8333333333334,0.4922685249540547,0.4922685249540547,0.2885461956508233,0.5749969860902563,175.35641676301822
7211,2163300,600.9166666666666,0.4743260076391794,0.4743260076391794,0.2830006279593508,0.5754983450620216,174.01994043489455
7212,2163600,601.0,0.4603391439207999,0.4603391439207999,0.2756765426564277,0.5577023774870842,172.02066372939893
7213,2163900,601.0833333333334,0.478951904206789,0.478951904206789,0.2749095506699158,0.5559433919016604,169.51387603803082
7214,2164200,601.1666666666666,0.4678984489231231,0.4678984489231231,0.2744174989892902,0.5488160720477286,171.63844836050637
7215,2164500,601.25,0.4724168571706657,0.4724168571706657,0.2770804383471823,0.5575711279227954,171.4876966002303
7216,2164800,601.3333333333334,0.4621853249548796,0.4621853249548796,0.276087873984271,0.5586948288994863,172.30934625984406
7217,2165100,601.4166666666666,0.4815863115056988,0.4815863115056988,0.2865095968295961,0.5690240670744965,171.9550471569712
7218,2165400,601.5,0.4920544410341446,0.4920544410341446,0.2971433278708107,0.5835160338600827,174.20679943712696
7219,2165700,601.5833333333334,0.4785386639935965,0.4785386639935965,0.3005952613817374,0.580372944578847,176.34417950053614
7220,2166000,601.6666666666666,0.4735065709782861,0.4735065709782861,0.2957724840795299,0.5749237549028425,175.59763168941984
7221,2166300,601.75,0.4793946154000182,0.4793946154000182,0.2887967099588394,0.5607671303917934,175.48316434990713
7222,2166600,601.8333333333334,0.4703108124195388,0.4703108124195388,0.2794882998895387,0.5476338510160109,172.98752066356167
7223,2166900,601.9166666666666,0.4920421952425889,0.4920421952425889,0.2844661061659679,0.5642536164688734,172.29786076611228
7224,2167200,602.0,0.4964276286899896,0.4964276286899896,0.2936218026284339,0.5722915458815061,173.89259899190677
7225,2167500,602.0833333333334,0.4979708361184064,0.4979708361184064,0.300512959169511,0.5772757857291835,171.9520045587706
7226,2167800,602.1666666666666,0.5108371082789651,0.5108371082789651,0.3005288450387456,0.5738049867607878,170.0474455049969
7227,2168100,602.25,0.4582948562401555,0.4582948562401555,0.2966090393920492,0.5723100640296743,160.28456031778137
7228,2168400,602.3333333333334,0.4673555291639328,0.4673555291639328,0.2922700299561483,0.5678787751719573,161.6717703234757
7229,2168700,602.4166666666666,0.4800365390158421,0.4800365390158421,0.3043504360552602,0.5831483682950978,161.5642866721178
7230,2169000,602.5,0.4648165092883631,0.4648165092883631,0.3055522830777202,0.5795905696565729,155.65983451588494
7231,2169300,602.5833333333334,0.4675630448344177,0.4675630448344177,0.3098961715721541,0.5856102528741434,159.959337413079
7232,2169600,602.6666666666666,0.4556614979730063,0.4556614979730063,0.3105249200139461,0.5891921458851342,160.65710635966738
7233,2169900,602.75,0.450565574854862,0.450565574854862,0.3064179172007296,0.5914861444007025,161.44224853329013
7234,2170200,602.8333333333334,0.4469370005355458,0.4469370005355458,0.3049661432340386,0.5969649422030421,162.827719958538
7235,2170500,602.9166666666666,0.4540041070010635,0.4540041070010635,0.3044412295735347,0.6027836400720561,163.08034505466853
7236,2170800,603.0,0.4537398447517219,0.4537398447517219,0.304483028926315,0.6077135485001186,166.48339581155932
7237,2171100,603.0833333333334,0.47016417863703,0.47016417863703,0.3079033725036474,0.6133722226083856,168.30651936132566
7238,2171400,603.1666666666666,0.4760504428066725,0.4760504428066725,0.3099897472788539,0.6157345620351057,169.49832506388347
7239,2171700,603.25,0.4795336583538244,0.4795336583538244,0.309617281833766,0.6175916658938918,170.75192115183108
7240,2172000,603.3333333333334,0.4848767838223298,0.4848767838223298,0.3092482875988983,0.6175325822708864,170.22550691522713
7241,2172300,603.4166666666666,0.4988618439577897,0.4988618439577897,0.3121217149788457,0.61799505182519,170.4828182644796
7242,2172600,603.5,0.4996937976403793,0.4996937976403793,0.3136829693076678,0.6179512224678895,171.11190187863392
7243,2172900,603.5833333333334,0.4973945825439514,0.4973945825439514,0.3146061614272558,0.616837645989625,171.11078658482987
7244,2173200,603.6666666666666,0.4901598807460701,0.4901598807460701,0.309907803318012,0.6027961025797199,169.17487342639802
7245,2173500,603.75,0.5036170117629861,0.5036170117629861,0.3158352909919108,0.6065548113774835,170.0358291429052
7246,2173800,603.8333333333334,0.499416101541891,0.499416101541891,0.3128624128402254,0.5922422051818045,164.47942558305496
7247,2174100,603.9166666666666,0.4772207541846279,0.4772207541846279,0.3100292884565722,0.5949338833749885,162.1397779932341
7248,2174400,604.0,0.4730263481431336,0.4730263481431336,0.3107164550858897,0.5952508689550369,163.943249830517
7249,2174700,604.0833333333334,0.4781785323812506,0.4781785323812506,0.3095697259893244,0.5984484432623458,165.02178261428804
7250,2175000,604.1666666666666,0.4629882853288518,0.4629882853288518,0.299498107137117,0.5788258958494101,155.16785060490673
7251,2175300,604.25,0.4794661086210488,0.4794661086210488,0.31193123944503,0.5864014538409088,163.34017745903546
7252,2175600,604.3333333333334,0.4876161527584944,0.4876161527584944,0.3178685745496433,0.5943085899392004,169.25386508817792
7253,2175900,604.4166666666666,0.485454952725342,0.485454952725342,0.3186030422421253,0.5966891349182968,172.8906089211319
7254,2176200,604.5,0.4783134703386425,0.4783134703386425,0.3161423085346612,0.5932870524367363,170.1050312749909
7255,2176500,604.5833333333334,0.4957471378170344,0.4957471378170344,0.3158404417055431,0.5921206349101674,170.2522808948395
7256,2176800,604.6666666666666,0.5031155521797354,0.5031155521797354,0.319648170238257,0.5909233430046774,170.80886371300153
7257,2177100,604.75,0.4959404293349923,0.4959404293349923,0.3191873814213807,0.5841257450368538,172.5835240964009
7258,2177400,604.8333333333334,0.4927476557408036,0.4927476557408036,0.3168173212881803,0.5805675033733927,174.36569431188528
7259,2177700,604.9166666666666,0.4993540917285253,0.4993540917285253,0.3197900702803645,0.5827851945196378,176.1647521464284
7260,2178000,605.0,0.4968459578755063,0.4968459578755063,0.3223823441776863,0.583913067101195,177.74626047341235
7261,2178300,605.0833333333334,0.4950421818447613,0.4950421818447613,0.3215322346996409,0.5837232611654131,178.7722171590999
7262,2178600,605.1666666666666,0.5028595810347991,0.5028595810347991,0.3192736660705109,0.5815380587878196,178.28564008349127
7263,2178900,605.25,0.4984419427617253,0.4984419427617253,0.3194176471159374,0.5834942961607722,178.79049082096986
7264,2179200,605.3333333333334,0.4883328063497462,0.4883328063497462,0.3197409760931368,0.5857196481591553,180.13408295253447
7265,2179500,605.4166666666666,0.4943479749718975,0.4943479749718975,0.3191147668686518,0.5871683555301009,180.78780496948923
7266,2179800,605.5,0.4964925647206505,0.4964925647206505,0.319642035997787,0.5859631383796309,179.62396097649673
7267,2180100,605.5833333333334,0.4974651273589803,0.4974651273589803,0.3209643419754285,0.5860064664619221,179.18728006522218
7268,2180400,605.6666666666666,0.4970242897321716,0.4970242897321716,0.3221957234966568,0.5863939515084015,178.617096286306
7269,2180700,605.75,0.4951679533103177,0.4951679533103177,0.3222516824503552,0.5855069058077561,177.57088348533767
7270,2181000,605.8333333333334,0.492691356216017,0.492691356216017,0.320237440581092,0.5822147333671714,175.27436429680634
7271,2181300,605.9166666666666,0.4891598694586764,0.4891598694586764,0.3189746159508597,0.5824278132457202,176.41153674099365
7272,2181600,606.0,0.4894011480902633,0.4894011480902633,0.3200638671972814,0.5853320381169956,178.11642935070725
7273,2181900,606.0833333333334,0.4890294794610776,0.4890294794610776,0.3210521699744875,0.5863869358348855,177.8637105817977
7274,2182200,606.1666666666666,0.4954684988169184,0.4954684988169184,0.3217790743772601,0.5869714072753368,178.48184335298902
7275,2182500,606.25,0.4976124997855663,0.4976124997855663,0.3206384796036997,0.5872734234220738,180.37342607268064
7276,2182800,606.3333333333334,0.4977743151326927,0.4977743151326927,0.3213258002628522,0.5892127413491073,181.68429172586096
7277,2183100,606.4166666666666,0.4951405891557429,0.4951405891557429,0.3212114546443835,0.5906389336796112,182.0258270833924
7278,2183400,606.5,0.4973046155382009,0.4973046155382009,0.3217894903602034,0.590750334621191,181.19722582146187
7279,2183700,606.5833333333334,0.4981430545153567,0.4981430545153567,0.3184121198761904,0.5875181830085807,179.39072964986826
7280,2184000,606.6666666666666,0.4925586320600102,0.4925586320600102,0.3169155896249813,0.5859067299073147,178.0913620432505
7281,2184300,606.75,0.497114562328366,0.497114562328366,0.3196527936808699,0.5867066389669822,179.21414891950965
7282,2184600,606.8333333333334,0.4990444035839179,0.4990444035839179,0.3210171573072549,0.5863235658409044,178.8457987435194
7283,2184900,606.9166666666666,0.494665226228387,0.494665226228387,0.3200504566556349,0.585363204061675,178.39527766350253
7284,2185200,607.0,0.4947944002354316,0.4947944002354316,0.3216336616072807,0.586498203143665,178.47350609426056
7285,2185500,607.0833333333334,0.4933734944068831,0.4933734944068831,0.3220699536808877,0.586885644810435,177.8266071147077
7286,2185800,607.1666666666666,0.4955003666775829,0.4955003666775829,0.3227737463833267,0.5867073800397355,177.87673901217977
7287,2186100,607.25,0.4851350906667293,0.4851350906667293,0.3212036496995659,0.583934960977122,175.2500544991711
7288,2186400,607.3333333333334,0.4823971627636236,0.4823971627636236,0.3206075211714309,0.5830455645706243,176.47341249503148
7289,2186700,607.4166666666666,0.4858646284892161,0.4858646284892161,0.3234105826785475,0.5865398711520375,178.51103305073673
7290,2187000,607.5,0.4814503636974141,0.4814503636974141,0.3220139160374027,0.5851999265919864,178.13161941508676
7291,2187300,607.5833333333334,0.4781913008696203,0.4781913008696203,0.3190959797611363,0.5844737300936949,175.65756147187832
7292,2187600,607.6666666666666,0.4811218415496414,0.4811218415496414,0.3193110123940439,0.583026448760044,175.8631938119004
7293,2187900,607.75,0.4756000054108543,0.4756000054108543,0.3168115589607505,0.582982757413656,174.64130827459394
7294,2188200,607.8333333333334,0.4662592708609017,0.4662592708609017,0.3167249566854044,0.5831120153379528,175.04255070270514
7295,2188500,607.9166666666666,0.4688188400742579,0.4688188400742579,0.3164416003504068,0.5864885842685974,178.47959855870778
7296,2188800,608.0,0.4778066888603327,0.4778066888603327,0.3171498345260478,0.5869719421790689,180.260273268016
7297,2189100,608.0833333333334,0.4843436672342765,0.4843436672342765,0.3192056410181539,0.5886973086782468,181.66267728850863
7298,2189400,608.1666666666666,0.4908707529525016,0.4908707529525016,0.3196231850590667,0.5909478785842041,182.97046030577783
7299,2189700,608.25,0.495221267821555,0.495221267821555,0.3166439118243829,0.5896034604416157,182.60225974154287
7300,2190000,608.3333333333334,0.4828210577801866,0.4828210577801866,0.3149616778352799,0.5882492177283375,178.8215731179988
7301,2190300,608.4166666666666,0.4810143972160496,0.4810143972160496,0.3153924844752526,0.5911420874666151,179.50009993641848
7302,2190600,608.5,0.4862404206196952,0.4862404206196952,0.3169028460371509,0.5909199791507123,177.935070167435
7303,2190900,608.5833333333334,0.4798322536010251,0.4798322536010251,0.3175166539700449,0.5904457286598972,177.94706178692502
7304,2191200,608.6666666666666,0.4795799091061822,0.4795799091061822,0.3158293969162817,0.5893693087431296,177.39586860389562
7305,2191500,608.75,0.4758634999733045,0.4758634999733045,0.3157983358319613,0.5908951754965055,178.03282544824845
7306,2191800,608.8333333333334,0.4730656787469025,0.4730656787469025,0.3179676657921794,0.5911666020570215,177.2341168992407
7307,2192100,608.9166666666666,0.4690020106745002,0.4690020106745002,0.3172719107172034,0.5900633473186283,177.3632327852575
7308,2192400,609.0,0.4610452996397766,0.4610452996397766,0.3170453176477013,0.591587054488657,176.98972317524948
7309,2192700,609.0833333333334,0.4559271587106392,0.4559271587106392,0.3175453443085506,0.591413984588642,176.82715380212494
7310,2193000,609.1666666666666,0.4390225975309855,0.4390225975309855,0.3184561217126755,0.5928524129427949,178.58231685351188
7311,2193300,609.25,0.4449138787283302,0.4449138787283302,0.3170427290089436,0.5936746618692494,178.61875847500178
7312,2193600,609.3333333333334,0.4545670293522176,0.4545670293522176,0.3180982630551774,0.595704124170705,179.24382425107174
7313,2193900,609.4166666666666,0.4474067717164535,0.4474067717164535,0.3168689528217668,0.5970533727116439,179.37030417323464
7314,2194200,609.5,0.4485795146320485,0.4485795146320485,0.3161676877765005,0.598426550037151,180.2930216523748
7315,2194500,609.5833333333334,0.4532389910605864,0.4532389910605864,0.3141325976775928,0.5980917173905401,179.73482617713034
7316,2194800,609.6666666666666,0.4462077120008451,0.4462077120008451,0.3153122417109385,0.5981624774722921,179.89032390877694
7317,2195100,609.75,0.4447786115815272,0.4447786115815272,0.3125306511100233,0.5991436427586856,180.168856320688
7318,2195400,609.8333333333334,0.4498105328195847,0.4498105328195847,0.3168116232310377,0.6021537925640894,180.2308407349268
7319,2195700,609.9166666666666,0.4702144865231001,0.4702144865231001,0.3215067382009992,0.6040197909394737,180.358307003066
7320,2196000,610.0,0.4591238634558863,0.4591238634558863,0.3185061363284766,0.6028852879861305,178.64500493070878
7321,2196300,610.0833333333334,0.4757847958089576,0.4757847958089576,0.3279181548874637,0.604858524867912,178.24398243815813
7322,2196600,610.1666666666666,0.4634950546389146,0.4634950546389146,0.3253720489221834,0.6048310748172739,178.06944131889674
7323,2196900,610.25,0.4559030289676702,0.4559030289676702,0.3229572548056554,0.6064791288867016,179.3420518925682
7324,2197200,610.3333333333334,0.4742138053440495,0.4742138053440495,0.3239696103400671,0.5989283865789301,176.31996458801956
7325,2197500,610.4166666666666,0.4584742990636909,0.4584742990636909,0.3249144974190495,0.595834433060097,175.53172538298887
7326,2197800,610.5,0.4360332883825304,0.4360332883825304,0.3204530830885082,0.5881843568839429,175.70937954750565
7327,2198100,610.5833333333334,0.4386166733542843,0.4386166733542843,0.3174232366193263,0.588621168997384,176.74988958057108
7328,2198400,610.6666666666666,0.4449682228909982,0.4449682228909982,0.3183040142351081,0.5916822745852037,178.05598907469988
7329,2198700,610.75,0.4422364512211789,0.4422364512211789,0.325284083116739,0.5958334411608611,180.0955220458271
7330,2199000,610.8333333333334,0.4352023852818984,0.4352023852818984,0.3257002614977515,0.598100266496987,179.88446083906754
7331,2199300,610.9166666666666,0.4418606570884336,0.4418606570884336,0.32438475644327,0.594986737206055,179.2669406860423
7332,2199600,611.0,0.4282832919019227,0.4282832919019227,0.31636991349107,0.5815167803513375,177.94821907738316
7333,2199900,611.0833333333334,0.4443330084825226,0.4443330084825226,0.3167687644281468,0.5803211616623494,178.83951764033986
7334,2200200,611.1666666666666,0.4347797188828863,0.4347797188828863,0.3146737631149044,0.5882907075166323,180.6952743818004
7335,2200500,611.25,0.4418527303728718,0.4418527303728718,0.3146711819033367,0.5909695234502865,179.75969696527287
7336,2200800,611.3333333333334,0.4492056659112629,0.4492056659112629,0.3185718037657604,0.5948713472029066,180.6229509573769
7337,2201100,611.4166666666666,0.451988332394652,0.451988332394652,0.3217260144336256,0.5938825696810148,180.0256288093653
7338,2201400,611.5,0.4721365873879054,0.4721365873879054,0.3378479102552147,0.5967258207046247,179.66776198832017
7339,2201700,611.5833333333334,0.4477078153970067,0.4477078153970067,0.3272980125737832,0.5953903231325477,180.2316917600048
7340,2202000,611.6666666666666,0.4620741989422141,0.4620741989422141,0.3299406900535273,0.5982574272019576,180.5119241943219
7341,2202300,611.75,0.4721964530812509,0.4721964530812509,0.3278265486831838,0.5977871337731826,180.4899907394927
7342,2202600,611.8333333333334,0.4625223563282599,0.4625223563282599,0.3279903594545806,0.5976257763897234,180.8500230767685
7343,2202900,611.9166666666666,0.4603606968270285,0.4603606968270285,0.326795714047628,0.6000091508585478,180.8809659076639
7344,2203200,612.0,0.467554916636253,0.467554916636253,0.3318430297403414,0.6022800489904563,181.3556126086839
7345,2203500,612.0833333333334,0.4446195163127605,0.4446195163127605,0.3271328743405836,0.601404842382933,181.63705269545827
7346,2203800,612.1666666666666,0.4605174150202442,0.4605174150202442,0.3319644190942281,0.5986748856004636,182.2801060516076
7347,2204100,612.25,0.4581442151639661,0.4581442151639661,0.3277215475162544,0.5989898647983813,182.82362475513528
7348,2204400,612.3333333333334,0.4640122433197302,0.4640122433197302,0.3258658794617581,0.5992082796701177,180.72610978181183
7349,2204700,612.4166666666666,0.4888904603439072,0.4888904603439072,0.3248775117205675,0.5791042977476654,173.2627966178875
7350,2205000,612.5,0.502306112328148,0.502306112328148,0.3284241190786496,0.5851474080197124,170.87837470709928
7351,2205300,612.5833333333334,0.4697676892671617,0.4697676892671617,0.3197329752496783,0.5829309410389387,170.0515653269741
7352,2205600,612.6666666666666,0.4841944224926583,0.4841944224926583,0.320320630202395,0.5766400400136269,168.17579821214085
7353,2205900,612.75,0.4985201932477711,0.4985201932477711,0.3273725939419294,0.5777030962520868,168.95743927486592
7354,2206200,612.8333333333334,0.4737416111689118,0.4737416111689118,0.3195718304750336,0.5773858580840071,168.8204272345846
7355,2206500,612.9166666666666,0.4814542416611184,0.4814542416611184,0.3189972158575728,0.5826746114133972,169.02813170637506
7356,2206800,613.0,0.4636463612263337,0.4636463612263337,0.3141259849496982,0.5730267279055203,168.08868943229572
7357,2207100,613.0833333333334,0.4234987200157651,0.4234987200157651,0.3186127830164534,0.5834458139856125,164.42350899771716
7358,2207400,613.1666666666666,0.3814624260144754,0.3814624260144754,0.3082439275200179,0.5909698988640658,162.98247281553543
7359,2207700,613.25,0.3587962649284166,0.3587962649284166,0.2924405575284666,0.5809988511811723,159.2472879698439
7360,2208000,613.3333333333334,0.3832045219913824,0.3832045219913824,0.2892888000012169,0.5844312690990832,161.61907554515983
7361,2208300,613.4166666666666,0.4602069973350123,0.4602069973350123,0.2999414343245245,0.6079848021442027,171.5115358118127
7362,2208600,613.5,0.4181540554850033,0.4181540554850033,0.294478287567964,0.6184000890635537,178.84860118693643
7363,2208900,613.5833333333334,0.4157125720292964,0.4157125720292964,0.294743856864284,0.6190498351856222,177.84165488691642
7364,2209200,613.6666666666666,0.4229419014759043,0.4229419014759043,0.2894807692026365,0.6153667119253277,181.5562462349715
7365,2209500,613.75,0.4343802329656888,0.4343802329656888,0.2890615931001655,0.6053892032346716,182.05275600486732
7366,2209800,613.8333333333334,0.4639308629122503,0.4639308629122503,0.2983531456880619,0.6157876288382663,183.2664570333432
7367,2210100,613.9166666666666,0.4382737065022763,0.4382737065022763,0.2945081195862418,0.6151249539015903,187.5246410341356
7368,2210400,614.0,0.4265516277627141,0.4265516277627141,0.2924637491578811,0.6188328346127198,187.4493015157529
7369,2210700,614.0833333333334,0.4362005449279861,0.4362005449279861,0.2874788659313798,0.613079111210891,185.532483209697
7370,2211000,614.1666666666666,0.4538964525676943,0.4538964525676943,0.2844718729955905,0.6086743468047391,184.6270225433876
7371,2211300,614.25,0.496416611521113,0.496416611521113,0.2982050822031946,0.6265977558439182,188.43118751151812
7372,2211600,614.3333333333334,0.4909808078104143,0.4909808078104143,0.2958427522620379,0.6281586979846582,192.46166086759013
7373,2211900,614.4166666666666,0.4595395358228421,0.4595395358228421,0.295482891134124,0.6353842045812415,189.8891989739668
7374,2212200,614.5,0.4625940993025494,0.4625940993025494,0.3025576040490688,0.6320269072560387,190.34439541203827
7375,2212500,614.5833333333334,0.4595437199105202,0.4595437199105202,0.3024603376720085,0.6360359302730376,192.03043181651825
7376,2212800,614.6666666666666,0.4040315368047154,0.4040315368047154,0.2970927461714376,0.6309382546006398,190.24034692561227
7377,2213100,614.75,0.3975357916470114,0.3975357916470114,0.2868712016708867,0.6064099973770205,181.02567089115988
7378,2213400,614.8333333333334,0.3757373558069333,0.3757373558069333,0.2852902662408731,0.6046804918750672,177.75291750121116
7379,2213700,614.9166666666666,0.3667864214763479,0.3667864214763479,0.2813293941165452,0.5990280319880134,172.9016906991448
7380,2214000,615.0,0.356529590487176,0.356529590487176,0.2800428232060052,0.5926789092900797,170.26687864568123
7381,2214300,615.0833333333334,0.38735336343796,0.38735336343796,0.2837982607773186,0.6047086073558834,170.89433119128296
7382,2214600,615.1666666666666,0.4286341340787726,0.4286341340787726,0.2578778884173238,0.5077257001690648,154.88441615626988
7383,2214900,615.25,0.4602703621036738,0.4602703621036738,0.2590290278567274,0.5046403303459635,160.19341532755809
7384,2215200,615.3333333333334,0.499679210221263,0.499679210221263,0.2685903168891785,0.5343323950254436,171.0137320473021
7385,2215500,615.4166666666666,0.4984792477131323,0.4984792477131323,0.2667674440679718,0.5318752040651049,176.33530070663124
7386,2215800,615.5,0.4900549691768422,0.4900549691768422,0.272470367749857,0.544513647249467,182.19215034304725
7387,2216100,615.5833333333334,0.4572989501432004,0.4572989501432004,0.2730114141824544,0.5535298552713888,181.83243155727044
7388,2216400,615.6666666666666,0.4351575649673571,0.4351575649673571,0.2728861158239261,0.5403307735050494,173.57831546017175
7389,2216700,615.75,0.421458821199377,0.421458821199377,0.2613151876293882,0.517499562866833,162.11900340418111
7390,2217000,615.8333333333334,0.4120859526731709,0.4120859526731709,0.2596467255913613,0.5125694872286585,161.36473315154
7391,2217300,615.9166666666666,0.4129236116625304,0.4129236116625304,0.2595629860395999,0.5140954552560745,160.0819201291829
7392,2217600,616.0,0.3953709448160932,0.3953709448160932,0.2547959336745153,0.5057385405824807,158.52581216936136
7393,2217900,616.0833333333334,0.3896554143549371,0.3896554143549371,0.2548152249166659,0.5022309032583324,154.2622085411171
7394,2218200,616.1666666666666,0.3772157716911558,0.3772157716911558,0.2519462934945037,0.5053400384111969,154.69014257483914
7395,2218500,616.25,0.3787258040586365,0.3787258040586365,0.2491081173968203,0.4953768611854249,154.27807001451083
7396,2218800,616.3333333333334,0.3778547022677444,0.3778547022677444,0.2490870860953503,0.5015301977176849,154.5012387177413
7397,2219100,616.4166666666666,0.3953598700140763,0.3953598700140763,0.2503261555460886,0.5182771346136892,155.29917222312758
7398,2219400,616.5,0.4056734071853747,0.4056734071853747,0.2527289072477985,0.5261019289809684,159.41284845217018
7399,2219700,616.5833333333334,0.4057067109750556,0.4057067109750556,0.2584802179245049,0.528563930541064,158.66415402093486
7400,2220000,616.6666666666666,0.3960530664268271,0.3960530664268271,0.2536321334737694,0.5295370136561814,157.71984539353747
7401,2220300,616.75,0.3871766484249184,0.3871766484249184,0.2538634291578981,0.5264681037236248,158.309180411621
7402,2220600,616.8333333333334,0.3731539913570595,0.3731539913570595,0.2507245581201822,0.5044752968984609,157.96647313590108
7403,2220900,616.9166666666666,0.4218696453803276,0.4218696453803276,0.2841914965866687,0.5304052515125215,156.03406274608142
7404,2221200,617.0,0.4508595189439412,0.4508595189439412,0.2962170714094958,0.5342007759953201,155.4335331580728
7405,2221500,617.0833333333334,0.4638661758740226,0.4638661758740226,0.3013822002667588,0.5467731110617936,155.02838323179355
7406,2221800,617.1666666666666,0.4430082289844781,0.4430082289844781,0.2899594198971653,0.5405305378391329,154.7181269488008
7407,2222100,617.25,0.45531985852417,0.45531985852417,0.2874691445247802,0.5378522790216566,155.25978930507657
7408,2222400,617.3333333333334,0.4304478661868047,0.4304478661868047,0.2808611368646426,0.5442697428683859,160.00385791472343
7409,2222700,617.4166666666666,0.41272376447463,0.41272376447463,0.2696847080783012,0.5332768524608946,161.73909914586062
7410,2223000,617.5,0.4621479478414253,0.4621479478414253,0.291844035815385,0.5425645152042442,153.52521307133358
7411,2223300,617.5833333333334,0.4925148526231887,0.4925148526231887,0.3169797417146791,0.5601917646876222,153.92124414745433
7412,2223600,617.6666666666666,0.5013531164477347,0.5013531164477347,0.3107538652069999,0.5608848385865309,155.41226489122982
7413,2223900,617.75,0.4648391732968254,0.4648391732968254,0.2871221894577054,0.5531011264210147,157.3771699370811
7414,2224200,617.8333333333334,0.479309589199334,0.479309589199334,0.2908472143789551,0.5464855564479045,154.85813240181537
7415,2224500,617.9166666666666,0.4554685702903859,0.4554685702903859,0.2853568986427393,0.5533871506317539,155.5435024405603
7416,2224800,618.0,0.4055974222092778,0.4055974222092778,0.2676067848341725,0.5188482367220384,153.8418764146614
7417,2225100,618.0833333333334,0.430565765196484,0.430565765196484,0.2773091647923271,0.524366297876968,152.29528075971157
7418,2225400,618.1666666666666,0.4502664371920719,0.4502664371920719,0.2853523925837279,0.5304569784728896,152.63201859761062
7419,2225700,618.25,0.4433579271808142,0.4433579271808142,0.2779451069979642,0.5311350928434146,154.2202390158645
7420,2226000,618.3333333333334,0.4258305952089646,0.4258305952089646,0.2679339014183605,0.5244031941125152,152.96132125225847
7421,2226300,618.4166666666666,0.4310229152018712,0.4310229152018712,0.2740548070945888,0.5301171144416823,156.7352739820378
7422,2226600,618.5,0.4316771934738826,0.4316771934738826,0.272677351928743,0.5256319968083987,158.44840917385943
7423,2226900,618.5833333333334,0.4524693656923714,0.4524693656923714,0.2709342609946909,0.5274290673137487,155.64940244329935
7424,2227200,618.6666666666666,0.4398368622094039,0.4398368622094039,0.2687114942168724,0.532948899059838,155.72632544113196
7425,2227500,618.75,0.4211494928723135,0.4211494928723135,0.2662999503158561,0.5287773271553865,154.04767265319217
7426,2227800,618.8333333333334,0.4136188890340571,0.4136188890340571,0.2638687613010645,0.5312739978676996,152.05097207913244
7427,2228100,618.9166666666666,0.4272703995049871,0.4272703995049871,0.2629535366043576,0.5255771390614841,151.6157077518636
7428,2228400,619.0,0.403391654300845,0.403391654300845,0.2580190690851132,0.5233405120610033,154.596260600791
7429,2228700,619.0833333333334,0.3874777572115387,0.3874777572115387,0.2544128488164787,0.5143397569729292,153.86727627441675
7430,2229000,619.1666666666666,0.3998520813400643,0.3998520813400643,0.2513044935184043,0.5054526906730238,152.83546020149126
7431,2229300,619.25,0.4020059091714647,0.4020059091714647,0.2572805002808875,0.5018754012239911,151.6579571448605
7432,2229600,619.3333333333334,0.3877618779946448,0.3877618779946448,0.258179383518621,0.5147069404831605,153.46139385065382
7433,2229900,619.4166666666666,0.4057371598356817,0.4057371598356817,0.279388495089206,0.5308509757747999,156.81263125552698
7434,2230200,619.5,0.3940216285228193,0.3940216285228193,0.2753088781635796,0.52122446764753,156.4776179494876
7435,2230500,619.5833333333334,0.3821626116916266,0.3821626116916266,0.2710615497615198,0.5343081306970723,156.41904629030793
7436,2230800,619.6666666666666,0.3721717567109165,0.3721717567109165,0.2664542600004755,0.5239888017845514,156.170897233464
7437,2231100,619.75,0.3981025474038662,0.3981025474038662,0.2719073171581539,0.5296446732633381,157.34483651627252
7438,2231400,619.8333333333334,0.4123154557565418,0.4123154557565418,0.2719110309044761,0.5328816360411398,159.09611807180863
7439,2231700,619.9166666666666,0.404387199165454,0.404387199165454,0.274147881898734,0.5322830706436849,158.7230056280397
7440,2232000,620.0,0.3742241427008987,0.3742241427008987,0.264083797319024,0.512050116851379,157.96316161059838
7441,2232300,620.0833333333334,0.405639961108036,0.405639961108036,0.2745383935936323,0.5566427376177129,158.26761569261973
7442,2232600,620.1666666666666,0.4166070191595786,0.4166070191595786,0.2786864246741648,0.5611169149700258,160.6730860666818
7443,2232900,620.25,0.414315134341631,0.414315134341631,0.2799247796011366,0.553898291871068,159.14651637322956
7444,2233200,620.3333333333334,0.4618180803312379,0.4618180803312379,0.3111158855640187,0.5870099002021327,160.15424852441754
7445,2233500,620.4166666666666,0.5061267814465078,0.5061267814465078,0.339379777914161,0.612814251072865,160.3380451278343
7446,2233800,620.5,0.4823144831229052,0.4823144831229052,0.3476170416064022,0.6055890950050932,158.2703619746692
7447,2234100,620.5833333333334,0.4871611522736375,0.4871611522736375,0.3627350045786318,0.6063728698008808,157.35833059418488
7448,2234400,620.6666666666666,0.5189202480989178,0.5189202480989178,0.3738868383881794,0.6134163512032105,157.48720304508544
7449,2234700,620.75,0.5277096233967131,0.5277096233967131,0.3710013751057598,0.6146415553254426,157.33852139855557
7450,2235000,620.8333333333334,0.513572420003463,0.513572420003463,0.3694729880897371,0.6135261245649678,155.53914174803322
7451,2235300,620.9166666666666,0.5065903439304276,0.5065903439304276,0.370619775908543,0.6139126841006606,154.41893937116618
7452,2235600,621.0,0.5122419597056312,0.5122419597056312,0.3683054178372389,0.615081047600669,155.31919528185645
7453,2235900,621.0833333333334,0.5170929576595611,0.5170929576595611,0.3722969163138926,0.6175794848491204,154.55188913816164
7454,2236200,621.1666666666666,0.5238577719005093,0.5238577719005093,0.3771888385518289,0.6168656001984789,154.7515856859917
7455,2236500,621.25,0.5167198996615804,0.5167198996615804,0.3750577584316039,0.6178292615822857,155.84674978889717
7456,2236800,621.3333333333334,0.5361994006461205,0.5361994006461205,0.3806959144444527,0.6212821322722056,156.4976676137001
7457,2237100,621.4166666666666,0.539357349495318,0.539357349495318,0.3675238356893642,0.6167081023701666,155.8880729259984
7458,2237400,621.5,0.524945388959582,0.524945388959582,0.3553904778439024,0.6011040313031734,153.66635667830994
7459,2237700,621.5833333333334,0.5142146817453408,0.5142146817453408,0.3442979259026244,0.6024998607396325,154.5247159074411
7460,2238000,621.6666666666666,0.5196133203451991,0.5196133203451991,0.3383816186016569,0.5923022766875594,155.36925169143348
7461,2238300,621.75,0.4827876474553751,0.4827876474553751,0.3139076660697592,0.5769208189009257,155.37207546469514
7462,2238600,621.8333333333334,0.4692068525861952,0.4692068525861952,0.306859084093551,0.5664930989263889,155.1593885893081
7463,2238900,621.9166666666666,0.4715415050494924,0.4715415050494924,0.3024075201891976,0.5572215493422903,155.16354378427502
7464,2239200,622.0,0.4454526226370049,0.4454526226370049,0.290926264345409,0.5396681578744957,155.11488749179648
7465,2239500,622.0833333333334,0.4413762856852165,0.4413762856852165,0.2851090094782604,0.5416405248603048,157.67245946016223
7466,2239800,622.1666666666666,0.4376776434804806,0.4376776434804806,0.2795855588094088,0.5279246053475875,161.18313601835266
7467,2240100,622.25,0.4534094406323938,0.4534094406323938,0.2822486792078373,0.5428635016507544,167.63305707703603
7468,2240400,622.3333333333334,0.4385041074415435,0.4385041074415435,0.2793733032122325,0.5350149696008649,170.94442390898337
7469,2240700,622.4166666666666,0.440912600698208,0.440912600698208,0.2760366607434225,0.5332417629559663,169.36645109401553
7470,2241000,622.5,0.4387752485513455,0.4387752485513455,0.2769114944181114,0.5400544715980138,169.2529952398191
7471,2241300,622.5833333333334,0.4538367493072423,0.4538367493072423,0.2859706696870978,0.5476885923916421,170.2165063825614
7472,2241600,622.6666666666666,0.4601894471395296,0.4601894471395296,0.2848255916444205,0.5447701326921783,169.282926616149
7473,2241900,622.75,0.4287362590934801,0.4287362590934801,0.2796155954250364,0.5353663132653048,167.7922962535156
7474,2242200,622.8333333333334,0.4409832024834259,0.4409832024834259,0.2817836287407217,0.5473793261668058,168.7494342762045
7475,2242500,622.9166666666666,0.4372731986606968,0.4372731986606968,0.2799487345691127,0.5457742811524589,172.49843318241426
7476,2242800,623.0,0.4458749015445902,0.4458749015445902,0.2759518761312257,0.5410407563002001,171.28809912155398
7477,2243100,623.0833333333334,0.4455654514485696,0.4455654514485696,0.2745764401514067,0.5340624744650402,169.6063821789596
7478,2243400,623.1666666666666,0.4522899097164741,0.4522899097164741,0.2793283612158485,0.5340566381531254,169.01798054436588
7479,2243700,623.25,0.4514497011702583,0.4514497011702583,0.2773601083080192,0.5313127142643357,166.38110334227554
7480,2244000,623.3333333333334,0.4591842868650229,0.4591842868650229,0.2796662998024548,0.5453930114907817,168.55233619655428
7481,2244300,623.4166666666666,0.4624307609705059,0.4624307609705059,0.2786028323692973,0.5511663414148408,169.72769264052846
7482,2244600,623.5,0.470978645843127,0.470978645843127,0.2853366428016159,0.5657624020844619,173.0991772175345
7483,2244900,623.5833333333334,0.4689703862949045,0.4689703862949045,0.2866464400954463,0.5622142994004343,174.05214857793004
7484,2245200,623.6666666666666,0.4504119541714277,0.4504119541714277,0.2824830238392812,0.5519626087882474,169.8228216196139
7485,2245500,623.75,0.4382694474494885,0.4382694474494885,0.283168435801259,0.5494365495845425,166.10129546421948
7486,2245800,623.8333333333334,0.4676780069697114,0.4676780069697114,0.3013203876902542,0.5716811430078732,164.01966725956223
7487,2246100,623.9166666666666,0.4745910781049039,0.4745910781049039,0.3093114018196467,0.5657992744250757,166.4492393833372
7488,2246400,624.0,0.4968862366822607,0.4968862366822607,0.3094523809195062,0.5679042928301734,170.215512534071
7489,2246700,624.0833333333334,0.4995531868105785,0.4995531868105785,0.3146461051909724,0.5750417421688111,174.5186301752524
7490,2247000,624.1666666666666,0.4942118164517471,0.4942118164517471,0.31658509173725,0.574589086482148,174.1592841803504
7491,2247300,624.25,0.4845375755341978,0.4845375755341978,0.3141337463911466,0.5781586057544429,174.38620934108752
7492,2247600,624.3333333333334,0.4902159579060245,0.4902159579060245,0.3152905763593036,0.577242741696575,176.52475791734116
7493,2247900,624.4166666666666,0.4894484296113187,0.4894484296113187,0.3188893941717616,0.5768659280001308,177.04234324558087
7494,2248200,624.5,0.4986992810748499,0.4986992810748499,0.3179076068513012,0.5780698525687088,177.27554293211406
7495,2248500,624.5833333333334,0.5016747247420105,0.5016747247420105,0.3063855563550288,0.5620415012608232,175.9967219404771
7496,2248800,624.6666666666666,0.5098239158661486,0.5098239158661486,0.3049285759508232,0.5596702845664695,175.96016420344802
7497,2249100,624.75,0.5200222849603048,0.5200222849603048,0.3097641546711658,0.5625969792577742,175.94413290429878
7498,2249400,624.8333333333334,0.5195541320653154,0.5195541320653154,0.3136918678788699,0.5690857458988657,175.38137883687378
7499,2249700,624.9166666666666,0.5277165842099985,0.5277165842099985,0.3178699123166169,0.5712541130898093,175.02586655657586
7500,2250000,625.0,0.5201058261454741,0.5201058261454741,0.3165047945000808,0.5702608720791852,174.85340861486193
7501,2250300,625.0833333333334,0.5136845191514086,0.5136845191514086,0.3134964416934495,0.5641727385330477,169.7843762552981
7502,2250600,625.1666666666666,0.5030250458971375,0.5030250458971375,0.313008523004365,0.5632280328553793,168.93759825505185
7503,2250900,625.25,0.503582450320358,0.503582450320358,0.3056991245300468,0.5519669574451183,167.63330120258493
7504,2251200,625.3333333333334,0.503965495353295,0.503965495353295,0.3053519720213715,0.5587332056097408,166.96483031407743
7505,2251500,625.4166666666666,0.5013443215798146,0.5013443215798146,0.3083221138701423,0.5591301134147971,169.0817966496705
7506,2251800,625.5,0.502841684240432,0.502841684240432,0.3078169473077025,0.5559591230209876,170.23864994478404
7507,2252100,625.5833333333334,0.5082114109924991,0.5082114109924991,0.3107002193233391,0.5603899432296896,171.8155093349727
7508,2252400,625.6666666666666,0.4988397871577484,0.4988397871577484,0.3088214607949729,0.5715850298219411,174.16592772197723
7509,2252700,625.75,0.5099082030014452,0.5099082030014452,0.3105197809553116,0.5733739944601001,175.9736983286963
7510,2253000,625.8333333333334,0.5116956232521245,0.5116956232521245,0.3105032424087514,0.576974412335668,177.18362663279507
7511,2253300,625.9166666666666,0.5257341359049713,0.5257341359049713,0.305072098260112,0.5755673871066562,175.05268591714034
7512,2253600,626.0,0.4903884794639707,0.4903884794639707,0.3029564430864701,0.5899403703797998,174.62456797721134
7513,2253900,626.0833333333334,0.4708994677868323,0.4708994677868323,0.3026788978448464,0.5906671818726318,178.99798094130352
7514,2254200,626.1666666666666,0.4673621369962051,0.4673621369962051,0.2967184565946191,0.5800998092426042,174.4231909826035
7515,2254500,626.25,0.4143054697032858,0.4143054697032858,0.2963189540715429,0.5974032491384839,165.5467003361176
7516,2254800,626.3333333333334,0.4102562510068936,0.4102562510068936,0.2921923171235678,0.5996031516438342,165.14834579864075
7517,2255100,626.4166666666666,0.4232571686358175,0.4232571686358175,0.3010754322083069,0.5983971948293476,163.1634456572075
7518,2255400,626.5,0.400181488495495,0.400181488495495,0.2972350610006593,0.5848923413185378,158.20193964160032
7519,2255700,626.5833333333334,0.3983048312665728,0.3983048312665728,0.2999548231684902,0.5946685125900888,165.57148829180915
7520,2256000,626.6666666666666,0.418421353010797,0.418421353010797,0.3038762619301389,0.6064569242302408,168.80710238835613
7521,2256300,626.75,0.4250560066634169,0.4250560066634169,0.3059808203882424,0.613270441982455,169.4737139649919
7522,2256600,626.8333333333334,0.4258673299839919,0.4258673299839919,0.3074103009676499,0.6212197318339275,169.92317608548916
7523,2256900,626.9166666666666,0.4043118380723295,0.4043118380723295,0.3080248212134537,0.625117014381887,169.85629354271236
7524,2257200,627.0,0.42064694937809,0.42064694937809,0.3115823124445763,0.6241323710725996,169.92849866683517
7525,2257500,627.0833333333334,0.4607348777577564,0.4607348777577564,0.3120149954821172,0.6202235903058749,168.5685003067005
7526,2257800,627.1666666666666,0.4336469493912585,0.4336469493912585,0.3153236764997186,0.6234706009478279,168.891192729712
7527,2258100,627.25,0.4179937584311058,0.4179937584311058,0.3092502683738009,0.6235193350077386,166.95667937134633
7528,2258400,627.3333333333334,0.4176563197282678,0.4176563197282678,0.308398201310449,0.626930726328429,167.18745983461383
7529,2258700,627.4166666666666,0.4377775977113918,0.4377775977113918,0.3109658086438308,0.6302401895653237,168.86776736580333
7530,2259000,627.5,0.4426053883126523,0.4426053883126523,0.3139771671104789,0.6308797474766148,170.48856006000108
7531,2259300,627.5833333333334,0.4294083117224402,0.4294083117224402,0.3097535317257654,0.628285123773196,171.79040522928565
7532,2259600,627.6666666666666,0.4402101723233266,0.4402101723233266,0.3081892042301841,0.6256146663122596,172.4089405141694
7533,2259900,627.75,0.4361469146615078,0.4361469146615078,0.3126667238129216,0.6279362594902859,172.3315347642895
7534,2260200,627.8333333333334,0.4308032666074372,0.4308032666074372,0.3104907486586618,0.6211617197156608,173.34814285694853
7535,2260500,627.9166666666666,0.4362405061551831,0.4362405061551831,0.3108297617642585,0.6227129797231806,174.57725737821372
7536,2260800,628.0,0.5001589265229022,0.5001589265229022,0.3177892875282932,0.6239905280639599,177.4336433470555
7537,2261100,628.0833333333334,0.5070276021471838,0.5070276021471838,0.3234814191301584,0.6068531460771734,180.08125931832143
7538,2261400,628.1666666666666,0.4976446001204356,0.4976446001204356,0.3213617294723304,0.5947550128773604,181.58348210609384
7539,2261700,628.25,0.4946413044045757,0.4946413044045757,0.3209909442971529,0.5891384525842916,185.0405371627776
7540,2262000,628.3333333333334,0.4955422447072522,0.4955422447072522,0.3194748461853444,0.5854399859783836,184.8389540100713
7541,2262300,628.4166666666666,0.4960794351727143,0.4960794351727143,0.3222531561380924,0.584921800042499,185.542633246754
7542,2262600,628.5,0.4981223431851493,0.4981223431851493,0.3254070092587883,0.5839025317948789,184.6542494402404
7543,2262900,628.5833333333334,0.4979957482265492,0.4979957482265492,0.3239873823747534,0.5797590096241159,182.57051194968423
7544,2263200,628.6666666666666,0.4877063419567027,0.4877063419567027,0.3237449071479444,0.5768068949316768,180.8200730888399
7545,2263500,628.75,0.4881128475526886,0.4881128475526886,0.3226097560018743,0.5758437281703129,180.8179791607687
7546,2263800,628.8333333333334,0.4917745561066407,0.4917745561066407,0.3243001954575171,0.5758263039178487,181.45113479970172
7547,2264100,628.9166666666666,0.490193249944442,0.490193249944442,0.3237409677162584,0.5741952123036744,180.7299736379886
7548,2264400,629.0,0.4884864996173436,0.4884864996173436,0.3220472365930442,0.571984774568263,180.95166384780936
7549,2264700,629.0833333333334,0.497605677752514,0.497605677752514,0.3246737303571601,0.5710455240166845,180.349942244135
7550,2265000,629.1666666666666,0.5071464009823531,0.5071464009823531,0.3274689734692302,0.5695595240590503,178.93452918378136
7551,2265300,629.25,0.494986902380668,0.494986902380668,0.3266355864142212,0.5665834165639174,176.65042900382971
7552,2265600,629.3333333333334,0.4963187391549172,0.4963187391549172,0.3262789963219175,0.5662937893644109,175.34856838772978
7553,2265900,629.4166666666666,0.5041399019557763,0.5041399019557763,0.3258300603122014,0.5661803301003014,173.53990006472327
7554,2266200,629.5,0.51216130538802,0.51216130538802,0.3277958837785565,0.5671709488797723,172.77350817419585
7555,2266500,629.5833333333334,0.5084653636831366,0.5084653636831366,0.3274224534782521,0.5645500512327027,171.14603982633952
7556,2266800,629.6666666666666,0.5006159512428557,0.5006159512428557,0.3249998020785896,0.5611531432437316,169.54108208493756
7557,2267100,629.75,0.4995078023831494,0.4995078023831494,0.3242806223038209,0.5605751957576343,169.00404277710956
7558,2267400,629.8333333333334,0.5030043505563855,0.5030043505563855,0.3235229936542823,0.5606059873678234,169.47673279893914
7559,2267700,629.9166666666666,0.5054192955159217,0.5054192955159217,0.3203317177559028,0.5560339074579947,167.24028618279297
7560,2268000,630.0,0.5060095073539977,0.5060095073539977,0.3205548305464876,0.5574709259531809,170.61226309152778
7561,2268300,630.0833333333334,0.4992135626291214,0.4992135626291214,0.3209744326843115,0.560211024280477,173.13317544283933
7562,2268600,630.1666666666666,0.4959700688088752,0.4959700688088752,0.3203778153327853,0.5620314375973707,175.12202913361264
7563,2268900,630.25,0.4987286393339545,0.4987286393339545,0.3207238413611916,0.5634521534272046,177.00462541866682
7564,2269200,630.3333333333334,0.4998445375928649,0.4998445375928649,0.3220542425635588,0.5659264739639217,178.6483290543495
7565,2269500,630.4166666666666,0.4995564581516901,0.4995564581516901,0.3206599016919569,0.5660837615934179,178.93594206706433
7566,2269800,630.5,0.4968035500678657,0.4968035500678657,0.3210715758295717,0.5672235090880132,179.83506408708146
7567,2270100,630.5833333333334,0.5000909630578884,0.5000909630578884,0.318935921744234,0.5653933214959325,177.83741639038996
7568,2270400,630.6666666666666,0.4982596639579802,0.4982596639579802,0.3203240593092429,0.5652701435622968,177.33512190414586
7569,2270700,630.75,0.4953566936075533,0.4953566936075533,0.319382590859293,0.5647911825010178,177.28069065262875
7570,2271000,630.8333333333334,0.4992965667181046,0.4992965667181046,0.3201846848310705,0.5646305929674159,176.90952965810916
7571,2271300,630.9166666666666,0.4977769182899222,0.4977769182899222,0.3203717580703086,0.5640174784187137,175.3084041831666
7572,2271600,631.0,0.4945252316394155,0.4945252316394155,0.3200720846652974,0.5653030433561593,175.16694257109296
7573,2271900,631.0833333333334,0.5003194448808121,0.5003194448808121,0.3211729220730484,0.5674850635885783,175.34313259869293
7574,2272200,631.1666666666666,0.4997632975493367,0.4997632975493367,0.3227837930926823,0.5694395042982403,175.19268246964938
7575,2272500,631.25,0.4929438181869863,0.4929438181869863,0.3224114926170751,0.5702300545884109,175.00178472496745
7576,2272800,631.3333333333334,0.493762063087003,0.493762063087003,0.3225754701353456,0.5718394346074093,176.83165477258729
7577,2273100,631.4166666666666,0.4987829559594885,0.4987829559594885,0.3238807042957531,0.5727561903504683,178.38750617975455
7578,2273400,631.5,0.5018381496126865,0.5018381496126865,0.3251224895951562,0.5714013694248126,178.1965599764596
7579,2273700,631.5833333333334,0.5030802691014356,0.5030802691014356,0.3223367019914303,0.5628135201887801,175.8944423676711
7580,2274000,631.6666666666666,0.4969627311231895,0.4969627311231895,0.3203981063744899,0.5591948340932261,176.191282870875
7581,2274300,631.75,0.4918474928712775,0.4918474928712775,0.3204140337876267,0.55875508563384,176.44454302189757
7582,2274600,631.8333333333334,0.4866851936943084,0.4866851936943084,0.3183709178381609,0.5592358273028645,177.43846872002405
7583,2274900,631.9166666666666,0.497653662575961,0.497653662575961,0.3183571840924627,0.5608740196554216,177.47257490050856
7584,2275200,632.0,0.5054966998202178,0.5054966998202178,0.3213681061447889,0.5618453297575254,176.85277989314287
7585,2275500,632.0833333333334,0.4982666684012121,0.4982666684012121,0.3215696750543052,0.5617409226949674,178.36671246131647
7586,2275800,632.1666666666666,0.4997157816679234,0.4997157816679234,0.3223953294618183,0.5630424204132736,178.14700528183408
7587,2276100,632.25,0.5061000024863657,0.5061000024863657,0.324431109178562,0.5641415748631097,177.3835070560085
7588,2276400,632.3333333333334,0.4984278628925341,0.4984278628925341,0.3238105448886711,0.5631371637923207,176.03488441313624
7589,2276700,632.4166666666666,0.5007412837982581,0.5007412837982581,0.3239306837899454,0.563747171589628,176.0820966286895
7590,2277000,632.5,0.5038736335037808,0.5038736335037808,0.3262595452987695,0.5644397261039115,176.5322056542427
7591,2277300,632.5833333333334,0.4950557778454977,0.4950557778454977,0.3217414925089195,0.5578437373876536,173.3648532714865
7592,2277600,632.6666666666666,0.4894837332636337,0.4894837332636337,0.3180992736863022,0.5566379419289067,174.1217311489808
7593,2277900,632.75,0.4933073051982598,0.4933073051982598,0.3184708318246033,0.5573653347211999,175.0966360161636
7594,2278200,632.8333333333334,0.4967571964279454,0.4967571964279454,0.3186067216456582,0.5577310163409311,175.23655518866374
7595,2278500,632.9166666666666,0.4970814332613373,0.4970814332613373,0.3181979055741695,0.5575777283631702,174.84903475915985
7596,2278800,633.0,0.4954173557872163,0.4954173557872163,0.3206907946308846,0.559938329913933,175.63985718018728
7597,2279100,633.0833333333334,0.4926766519159141,0.4926766519159141,0.3220566248901018,0.561466445969452,175.45760059381777
7598,2279400,633.1666666666666,0.4828058600267951,0.4828058600267951,0.3202449536840542,0.5605264549329178,173.77589082248522
7599,2279700,633.25,0.4895605243473829,0.4895605243473829,0.3191247829523493,0.5615721967949312,175.04413979319992
7600,2280000,633.3333333333334,0.4975181110480459,0.4975181110480459,0.3218605939479984,0.5631967530363782,176.1007696279145
7601,2280300,633.4166666666666,0.4913848666969783,0.4913848666969783,0.3216711891049877,0.5636500239979848,175.23218401580544
7602,2280600,633.5,0.4796930493327674,0.4796930493327674,0.3207843031264524,0.5627949568562097,175.39711789864648
7603,2280900,633.5833333333334,0.4769710063739919,0.4769710063739919,0.3163928592929142,0.5607691337952443,173.1442273734903
7604,2281200,633.6666666666666,0.471173472684287,0.471173472684287,0.3132988148427342,0.560188867352121,173.29876285608825
7605,2281500,633.75,0.4747314854171212,0.4747314854171212,0.3127823231383139,0.561098195957609,175.5120862399258
7606,2281800,633.8333333333334,0.4839380244280503,0.4839380244280503,0.3153017415361469,0.5642485920559035,177.8163371788304
7607,2282100,633.9166666666666,0.4819341800888503,0.4819341800888503,0.3167099932311801,0.5679194754420335,179.04721655060482
7608,2282400,634.0,0.4822915866986204,0.4822915866986204,0.3168117924781313,0.5694156717414203,180.0845666338274
7609,2282700,634.0833333333334,0.4796201569180044,0.4796201569180044,0.3150198893047364,0.5717987896213804,179.69397210190445
7610,2283000,634.1666666666666,0.4813543667993835,0.4813543667993835,0.3140484736740058,0.5755727353024612,181.0717210718645
7611,2283300,634.25,0.4901460141650857,0.4901460141650857,0.3159877986544642,0.5758694446389259,182.00742206851388
7612,2283600,634.3333333333334,0.4898811571708297,0.4898811571708297,0.3162761358166703,0.5760691619060233,179.4823024563501
7613,2283900,634.4166666666666,0.4963834962805041,0.4963834962805041,0.3157932991142035,0.5702507539334892,176.54498145982953
7614,2284200,634.5,0.4952741693437842,0.4952741693437842,0.3158792315462789,0.5687840858293978,176.56457926002247
7615,2284500,634.5833333333334,0.4897164684629376,0.4897164684629376,0.3145688112598655,0.5686390037897937,177.58450620152794
7616,2284800,634.6666666666666,0.4825297319214987,0.4825297319214987,0.3132058313168623,0.5672498048110934,177.48583069931985
7617,2285100,634.75,0.4738675869063831,0.4738675869063831,0.3119181257452961,0.5674089743662304,177.44904041226556
7618,2285400,634.8333333333334,0.471084263170033,0.471084263170033,0.3125221510459009,0.5691035845693276,177.45955231947588
7619,2285700,634.9166666666666,0.4808963858182963,0.4808963858182963,0.3139893372529881,0.5712761779909475,177.72357123411464
7620,2286000,635.0,0.4814780947147214,0.4814780947147214,0.3170231327748359,0.5753130369905067,177.3230695529421
7621,2286300,635.0833333333334,0.4910660217390821,0.4910660217390821,0.3189117315284405,0.5775087892505356,177.25490249789007
7622,2286600,635.1666666666666,0.4904061053359892,0.4904061053359892,0.319251702581868,0.5786408943901212,178.79687436475686
7623,2286900,635.25,0.4986277312222417,0.4986277312222417,0.3207388539906687,0.5792211648160234,180.05773304008832
7624,2287200,635.3333333333334,0.4988161610488735,0.4988161610488735,0.3198550892458914,0.5780458954346891,180.4937384128825
7625,2287500,635.4166666666666,0.4986305297021889,0.4986305297021889,0.3187604957971323,0.5784088491531679,182.01968735406544
7626,2287800,635.5,0.5009835459134879,0.5009835459134879,0.3184203991810788,0.5801480259571428,182.1189849471681
7627,2288100,635.5833333333334,0.49576000720126,0.49576000720126,0.3156990026604701,0.576440046935978,179.51866718490038
7628,2288400,635.6666666666666,0.500251106078889,0.500251106078889,0.3143443392289686,0.5740535424795044,178.67105067855982
7629,2288700,635.75,0.4977650220028566,0.4977650220028566,0.3147577538409703,0.5728684061050804,178.04340086248084
7630,2289000,635.8333333333334,0.4875906546926778,0.4875906546926778,0.3158937746751051,0.5728958794911947,178.81357570470433
7631,2289300,635.9166666666666,0.4830902773842155,0.4830902773842155,0.3144891797537416,0.5739668777386567,179.2110809686403
7632,2289600,636.0,0.4859415436062853,0.4859415436062853,0.316399548066604,0.5769864585920742,181.08043764014965
7633,2289900,636.0833333333334,0.4848451703717047,0.4848451703717047,0.3186213828652894,0.5783180758856248,182.581294515358
7634,2290200,636.1666666666666,0.4769780894810245,0.4769780894810245,0.3186649581534818,0.5781413493544268,183.03688627441028
7635,2290500,636.25,0.4768567032823728,0.4768567032823728,0.3182719635623519,0.5798216459464651,183.1563723453041
7636,2290800,636.3333333333334,0.4728678908069315,0.4728678908069315,0.3194059307644691,0.5811662463166574,182.14428741482527
7637,2291100,636.4166666666666,0.4675261540515344,0.4675261540515344,0.3162364624702391,0.5798923198007377,180.9880578897792
7638,2291400,636.5,0.4927300260509856,0.4927300260509856,0.3175202041121225,0.5821702946476052,181.17923308144285
7639,2291700,636.5833333333334,0.4979784717777268,0.4979784717777268,0.318503669205241,0.5826692410323046,181.77832839502508
7640,2292000,636.6666666666666,0.4905869476959704,0.4905869476959704,0.3152598180718471,0.5783595529273238,180.65831935084805
7641,2292300,636.75,0.4966803846413625,0.4966803846413625,0.313599061888281,0.5784058267014034,179.44038408219834
7642,2292600,636.8333333333334,0.4866863486480884,0.4866863486480884,0.3138805963045913,0.5799999559418382,178.92893425619732
7643,2292900,636.9166666666666,0.4906069592092146,0.4906069592092146,0.3140593290887454,0.5830993535793283,180.2709718961705
7644,2293200,637.0,0.5062428693668435,0.5062428693668435,0.3171328406934946,0.5854805893141635,182.6424444007552
7645,2293500,637.0833333333334,0.4963059240405463,0.4963059240405463,0.3182387946640591,0.5859235672094956,182.61785395850453
7646,2293800,637.1666666666666,0.4722003168160619,0.4722003168160619,0.3147544659953931,0.5858689572423689,182.2194860932363
7647,2294100,637.25,0.4545421291765861,0.4545421291765861,0.3112183310998188,0.5876904193783489,181.80565477010373
7648,2294400,637.3333333333334,0.4416791062360856,0.4416791062360856,0.3052891121679172,0.5932338325095251,179.06436992102508
7649,2294700,637.4166666666666,0.4257985733367574,0.4257985733367574,0.3008079579267545,0.6047026808299708,174.63848752146535
7650,2295000,637.5,0.3734310275361718,0.3734310275361718,0.2959447720942623,0.60248659400843,170.52549423410227
7651,2295300,637.5833333333334,0.3433723393414425,0.3433723393414425,0.2941027601891574,0.6140418875710013,166.4547233078029
7652,2295600,637.6666666666666,0.349317688576054,0.349317688576054,0.2944765782953163,0.6235124052068284,167.94102115881972
7653,2295900,637.75,0.3596708609311639,0.3596708609311639,0.2962946890328668,0.633744302026493,173.3150727354909
7654,2296200,637.8333333333334,0.3744893799752366,0.3744893799752366,0.2988160739274606,0.63515054544897,173.79612078264574
7655,2296500,637.9166666666666,0.3625879400293458,0.3625879400293458,0.2995190166730763,0.6392086466149414,173.74753193921845
7656,2296800,638.0,0.3677497797188965,0.3677497797188965,0.2952693146842089,0.6343649986099369,174.0313320902314
7657,2297100,638.0833333333334,0.3648060845814337,0.3648060845814337,0.2914449074300851,0.632676158542426,173.0745980032549
7658,2297400,638.1666666666666,0.3590438423424527,0.3590438423424527,0.2980359786038766,0.6399890498162185,174.79903323297378
7659,2297700,638.25,0.3397878750658472,0.3397878750658472,0.2956308487109223,0.6380322930771598,174.64266873592598
7660,2298000,638.3333333333334,0.3334191592988889,0.3334191592988889,0.3031435942521265,0.6497030335815769,171.15428665526318
7661,2298300,638.4166666666666,0.3359915342006772,0.3359915342006772,0.3024426843055822,0.6508729912563589,172.04223467516672
7662,2298600,638.5,0.3578608711342106,0.3578608711342106,0.3022165960654822,0.6506377633587445,173.33365277867105
7663,2298900,638.5833333333334,0.3949131510350911,0.3949131510350911,0.3104275030111262,0.6513675409536008,174.09771959819477
7664,2299200,638.6666666666666,0.3864271239450149,0.3864271239450149,0.3018203993909299,0.6418021169282404,175.5063439003307
7665,2299500,638.75,0.3793812559248779,0.3793812559248779,0.2921458935283735,0.6323160985864915,175.895242008866
7666,2299800,638.8333333333334,0.4238363329847703,0.4238363329847703,0.2562579192525187,0.5199510181885452,154.0431646901517
7667,2300100,638.9166666666666,0.4125296516441747,0.4125296516441747,0.2589582186866986,0.5303669856921144,157.84461156394576
7668,2300400,639.0,0.4405983242338855,0.4405983242338855,0.2554040539843318,0.5527038633417025,159.93704863903693
7669,2300700,639.0833333333334,0.4206084940977724,0.4206084940977724,0.2523293868996806,0.5458855635764013,158.56723925317496
7670,2301000,639.1666666666666,0.4354591302639673,0.4354591302639673,0.2521282543806447,0.5267322469993052,155.4291757493032
7671,2301300,639.25,0.4182602354076871,0.4182602354076871,0.2538753976647088,0.5484765902556151,160.68463552562167
7672,2301600,639.3333333333334,0.3676461976257171,0.3676461976257171,0.2542417459603509,0.5313467669052254,160.9391251663895
7673,2301900,639.4166666666666,0.3773059661403687,0.3773059661403687,0.2450668465303224,0.5218194303426126,149.1146485652014
7674,2302200,639.5,0.369386303389633,0.369386303389633,0.2478317690531673,0.5086878603799369,148.97839444528492
7675,2302500,639.5833333333334,0.376271424488096,0.376271424488096,0.2499931682292806,0.50282891089984,149.2665520446427
7676,2302800,639.6666666666666,0.3630865781959217,0.3630865781959217,0.2480645637069448,0.5047846724025283,149.31283779230031
7677,2303100,639.75,0.3542603020219969,0.3542603020219969,0.246108072881457,0.5050827361507574,149.724969856362
7678,2303400,639.8333333333334,0.3741899253807149,0.3741899253807149,0.249886432838421,0.5111345165483018,149.70378571840294
7679,2303700,639.9166666666666,0.3816045889468955,0.3816045889468955,0.2545159940344825,0.5294497652467465,149.51054817764648
7680,2304000,640.0,0.3650936283873905,0.3650936283873905,0.2468179227572926,0.5186298394256597,149.98923336174582
7681,2304300,640.0833333333334,0.3624903393364557,0.3624903393364557,0.2449798751942896,0.5282237252817251,150.1665150729755
7682,2304600,640.1666666666666,0.3593818564204875,0.3593818564204875,0.2472062552946931,0.5241188070860692,151.90414351341815
7683,2304900,640.25,0.3707538659858646,0.3707538659858646,0.2498391788925588,0.5547222075535627,152.03022833602674
7684,2305200,640.3333333333334,0.435028581771564,0.435028581771564,0.2698663872191197,0.5630341663618613,154.1655797360722
7685,2305500,640.4166666666666,0.4520502242863372,0.4520502242863372,0.2748583421256731,0.5802201074381207,164.06097321582524
7686,2305800,640.5,0.4527106919680461,0.4527106919680461,0.2683360601148806,0.5722626161822947,163.03608422735985
7687,2306100,640.5833333333334,0.4461906376578476,0.4461906376578476,0.2688504711578093,0.5561577529549828,165.66601846448344
7688,2306400,640.6666666666666,0.4227127663117984,0.4227127663117984,0.26454443191819,0.5293689324436379,161.52624137754924
7689,2306700,640.75,0.4134999433732322,0.4134999433732322,0.2548491999971374,0.511436047343231,158.7730957952031
7690,2307000,640.8333333333334,0.42870525417953,0.42870525417953,0.2600714335877367,0.516210334450948,156.90096401782995
7691,2307300,640.9166666666666,0.4933063049751218,0.4933063049751218,0.3009592396359365,0.5486889611478506,158.72462393415347
7692,2307600,641.0,0.524863270578323,0.524863270578323,0.3210901880560385,0.5665901389515671,165.1007327441141
7693,2307900,641.0833333333334,0.5200809323453993,0.5200809323453993,0.3249209612198463,0.5662043532160393,173.8929036649273
7694,2308200,641.1666666666666,0.5014383502620055,0.5014383502620055,0.3191901754090369,0.55852238906711,168.97974666760052
7695,2308500,641.25,0.4861088005928304,0.4861088005928304,0.3099511589392141,0.5454884224171073,163.09997737270524
7696,2308800,641.3333333333334,0.5185968676049486,0.5185968676049486,0.3272674454485945,0.5639811382843427,161.14657869982955
7697,2309100,641.4166666666666,0.5312283945481725,0.5312283945481725,0.330019460630329,0.5695553042451228,157.89466212284188
7698,2309400,641.5,0.4863605960284575,0.4863605960284575,0.3172765174126536,0.5609566987276605,157.98376547201744
7699,2309700,641.5833333333334,0.5087176952736566,0.5087176952736566,0.3329381976708329,0.5602956049584712,158.16951178127425
7700,2310000,641.6666666666666,0.5509067803775942,0.5509067803775942,0.3492574723791242,0.5839847083833485,159.00317077650723
7701,2310300,641.75,0.5625779359692699,0.5625779359692699,0.3608173723804075,0.5997919131358854,157.29645826174058
7702,2310600,641.8333333333334,0.5500231210451402,0.5500231210451402,0.3588162377044454,0.5974330263404733,155.06778828265982
7703,2310900,641.9166666666666,0.4572440739831018,0.4572440739831018,0.3180929567720212,0.56376636341296,155.61553739220395
7704,2311200,642.0,0.3874995701429714,0.3874995701429714,0.2859368026832786,0.5391169008748186,159.57369908566915
7705,2311500,642.0833333333334,0.4385540794083652,0.4385540794083652,0.3097406277244956,0.5610359032495779,169.7756721207021
7706,2311800,642.1666666666666,0.4780423256095129,0.4780423256095129,0.3161214399459102,0.5779457456283013,172.3818045796271
7707,2312100,642.25,0.4915569682851296,0.4915569682851296,0.3366761168750181,0.593496260697369,174.55714988531375
7708,2312400,642.3333333333334,0.4932555999965509,0.4932555999965509,0.3335545361466637,0.5920925119028474,175.9446393117776
7709,2312700,642.4166666666666,0.4964991384373481,0.4964991384373481,0.3414560745147662,0.598382896362013,173.19115062543685
7710,2313000,642.5,0.4978913231516884,0.4978913231516884,0.3387883589929877,0.6005888521731929,173.4339220380363
7711,2313300,642.5833333333334,0.4543719312064653,0.4543719312064653,0.3280504467917201,0.5906456273699577,173.41885349413428
7712,2313600,642.6666666666666,0.4741961934667452,0.4741961934667452,0.3392555273899432,0.5967031849323734,173.82481839395692
7713,2313900,642.75,0.4493418539128816,0.4493418539128816,0.3205203084498944,0.5889848135153789,174.4544847318047
7714,2314200,642.8333333333334,0.4762609505514943,0.4762609505514943,0.3251432913486543,0.592341956750335,175.56098201723526
7715,2314500,642.9166666666666,0.441698054335026,0.441698054335026,0.3047521561080726,0.5786988722573954,176.59784573620126
7716,2314800,643.0,0.4280349770667991,0.4280349770667991,0.2988876776553024,0.5712991117593746,179.4675822333191
7717,2315100,643.0833333333334,0.40489541163509,0.40489541163509,0.2936584261332355,0.5704997830454485,180.80197960071644
7718,2315400,643.1666666666666,0.4633144170206593,0.4633144170206593,0.3246773070256481,0.5793444210458926,183.28453565622257
7719,2315700,643.25,0.494439348975616,0.494439348975616,0.3380779496287046,0.5826944322091273,181.9135355438605
7720,2316000,643.3333333333334,0.4571597161679598,0.4571597161679598,0.3256346216862414,0.5996219566910929,186.26024713556603
7721,2316300,643.4166666666666,0.4644325452769434,0.4644325452769434,0.3220329858211802,0.5952972198801545,185.8711549348796
7722,2316600,643.5,0.4895389042434508,0.4895389042434508,0.328336123400972,0.5979968638335171,184.77887982829773
7723,2316900,643.5833333333334,0.4666504649776232,0.4666504649776232,0.3250863149511905,0.6023451490135292,183.63802680819936
7724,2317200,643.6666666666666,0.4280538430793592,0.4280538430793592,0.3211900083432737,0.6004706015535382,184.86146159668672
7725,2317500,643.75,0.4643927402836075,0.4643927402836075,0.3300557622351419,0.6013507874078738,184.4725694562844
7726,2317800,643.8333333333334,0.4708579682303747,0.4708579682303747,0.3398571561053289,0.6045695430900868,183.7608843986248
7727,2318100,643.9166666666666,0.4790382480378679,0.4790382480378679,0.3376849925305694,0.6006331043388979,183.60633655046445
7728,2318400,644.0,0.4746191812830218,0.4746191812830218,0.3235941590097535,0.5977737537562167,183.792885932876
7729,2318700,644.0833333333334,0.4833307167238024,0.4833307167238024,0.3276707439395427,0.5976741127101136,184.6906377036028
7730,2319000,644.1666666666666,0.4560896169985255,0.4560896169985255,0.3280393096405201,0.6004325499475892,186.67189133566112
7731,2319300,644.25,0.4555552787555602,0.4555552787555602,0.3357563045974572,0.6050167479729577,186.027156286932
7732,2319600,644.3333333333334,0.4510309957062613,0.4510309957062613,0.3349039848463526,0.603503909414353,184.16052436244345
7733,2319900,644.4166666666666,0.4679048525980172,0.4679048525980172,0.3492243211582594,0.6131858622856758,183.8709725982124
7734,2320200,644.5,0.4755475372621865,0.4755475372621865,0.3532336783884605,0.6148968458078616,183.6529597011293
7735,2320500,644.5833333333334,0.4405152041477177,0.4405152041477177,0.3379867361306371,0.6111239364752947,179.61502976813244
7736,2320800,644.6666666666666,0.4787785500485184,0.4787785500485184,0.3579232846325585,0.61440538246213,179.6259024235464
7737,2321100,644.75,0.4719918924442108,0.4719918924442108,0.3515920451738669,0.6163314029572893,180.021611584554
7738,2321400,644.8333333333334,0.4567049335804789,0.4567049335804789,0.3466725664469863,0.6115242311379981,178.50608366554394
7739,2321700,644.9166666666666,0.4722879716355952,0.4722879716355952,0.3536922493858525,0.6142318549684309,179.65152919941096
7740,2322000,645.0,0.4634861669270371,0.4634861669270371,0.3537584170957136,0.6160472349033613,178.56454007763523
7741,2322300,645.0833333333334,0.483798139326974,0.483798139326974,0.3582934470690539,0.6212727747179129,179.52188728127663
7742,2322600,645.1666666666666,0.4745582870941789,0.4745582870941789,0.3584561066326447,0.6172473779278224,177.4661462994527
7743,2322900,645.25,0.4691703878892885,0.4691703878892885,0.3641248679707083,0.6195281676663695,177.27483179734313
7744,2323200,645.3333333333334,0.4721705381407013,0.4721705381407013,0.3666011572611781,0.621071578672918,177.85432347826992
7745,2323500,645.4166666666666,0.4581909726917441,0.4581909726917441,0.358483626842741,0.6210943277933239,177.77520397270945
7746,2323800,645.5,0.4649822323234462,0.4649822323234462,0.3526902227908359,0.6179182183444075,177.75008543420168
7747,2324100,645.5833333333334,0.4597388495746839,0.4597388495746839,0.3447475382890662,0.6160208393899612,175.5364938077949
7748,2324400,645.6666666666666,0.4584766083439052,0.4584766083439052,0.3495853275218331,0.6182977590417303,174.99294162973592
7749,2324700,645.75,0.4669159531399168,0.4669159531399168,0.348491835574761,0.6201272971855297,176.0874325853306
7750,2325000,645.8333333333334,0.4539272430033336,0.4539272430033336,0.336603078601512,0.6197677978326226,175.79443451430896
7751,2325300,645.9166666666666,0.4572510219995925,0.4572510219995925,0.3229280103802056,0.6015532827333636,175.05453903877594
7752,2325600,646.0,0.4499668471869245,0.4499668471869245,0.3205063287974303,0.5971659488276175,177.86714524982713
7753,2325900,646.0833333333334,0.4441475880353429,0.4441475880353429,0.3198604223771591,0.6040983479509817,179.59917508601694
7754,2326200,646.1666666666666,0.445146464913446,0.445146464913446,0.3203243034417113,0.6022691249362334,180.7296408726142
7755,2326500,646.25,0.4242651151700771,0.4242651151700771,0.2985369843927052,0.5926792251548096,179.60748667597144
7756,2326800,646.3333333333334,0.420415669151683,0.420415669151683,0.2939017487504386,0.5911578776709686,182.4950974733076
7757,2327100,646.4166666666666,0.4121554815897844,0.4121554815897844,0.2932115333237096,0.5921876215444417,184.09810792800403
7758,2327400,646.5,0.3916535279911292,0.3916535279911292,0.2881278300307184,0.5754493762514356,183.42661851519983
7759,2327700,646.5833333333334,0.4364642160426707,0.4364642160426707,0.3075777685410544,0.5965241318354592,185.86732243485235
7760,2328000,646.6666666666666,0.4196219888882835,0.4196219888882835,0.2997840171139854,0.602169659316348,186.57458661823773
7761,2328300,646.75,0.4693693168387022,0.4693693168387022,0.3128581397431019,0.606460667957048,185.3996980382599
7762,2328600,646.8333333333334,0.4545479185732129,0.4545479185732129,0.3096499425584097,0.6002864877439543,190.58516377338083
7763,2328900,646.9166666666666,0.4610748764601735,0.4610748764601735,0.3118470048229947,0.5989436209474772,192.9714805195575
7764,2329200,647.0,0.4658006380668837,0.4658006380668837,0.3051311725225201,0.6052514593631325,191.22867406658736
7765,2329500,647.0833333333334,0.4780712158734057,0.4780712158734057,0.3078793908853784,0.5913143691605223,192.0455001386009
7766,2329800,647.1666666666666,0.4507829432838303,0.4507829432838303,0.301832937134043,0.5916701735394346,191.6284787147565
7767,2330100,647.25,0.4236482944018775,0.4236482944018775,0.2900955896864781,0.5732913779164172,188.7824355213938
7768,2330400,647.3333333333334,0.4255593858133046,0.4255593858133046,0.2897207298760204,0.5650428705586207,187.85216527707496
7769,2330700,647.4166666666666,0.431240490005528,0.431240490005528,0.2896709257731877,0.5731859514821506,189.4008269334219
7770,2331000,647.5,0.4269822286826743,0.4269822286826743,0.2897787412460578,0.5696284514251917,188.31053882025483
7771,2331300,647.5833333333334,0.4617102719634148,0.4617102719634148,0.3092447762378689,0.5913311976167711,188.69759047055177
7772,2331600,647.6666666666666,0.4696141374923683,0.4696141374923683,0.3067398286666175,0.5955045625370385,192.03782845943704
7773,2331900,647.75,0.4724408764805213,0.4724408764805213,0.301375057690019,0.5938583481711975,198.10157999681925
7774,2332200,647.8333333333334,0.4867003804013619,0.4867003804013619,0.3035854240856681,0.5928566763321526,200.7177678962879
7775,2332500,647.9166666666666,0.4812841684196267,0.4812841684196267,0.300555566194633,0.5902362661629518,200.8213973655234
7776,2332800,648.0,0.4923289474877083,0.4923289474877083,0.3110128686502311,0.6002917323703546,199.94741415603903
7777,2333100,648.0833333333334,0.4785648746207073,0.4785648746207073,0.3154752784898261,0.6018895429335176,194.8492856225945
7778,2333400,648.1666666666666,0.4794417812463488,0.4794417812463488,0.3179135231832487,0.5963778089649665,193.39554977004644
7779,2333700,648.25,0.4734257313600635,0.4734257313600635,0.3142724511678693,0.5970828827193061,195.5113646984119
7780,2334000,648.3333333333334,0.4756468609157279,0.4756468609157279,0.3179786400255683,0.5985443939320708,196.6509176191024
7781,2334300,648.4166666666666,0.4804850179512959,0.4804850179512959,0.3217696410182922,0.602969215500939,199.41621417068367
7782,2334600,648.5,0.4685434314850776,0.4685434314850776,0.3176202657639621,0.5999904598033925,199.8586016493788
7783,2334900,648.5833333333334,0.4973813310036676,0.4973813310036676,0.3169674851525508,0.59420351574203,200.3850346133599
7784,2335200,648.6666666666666,0.4767399159135351,0.4767399159135351,0.3175796129375475,0.5891541001222822,201.31324445163875
7785,2335500,648.75,0.4832927649123299,0.4832927649123299,0.3146393266349642,0.5897949197787987,198.46750231637853
7786,2335800,648.8333333333334,0.475800249796841,0.475800249796841,0.3172658142831974,0.5909934009921524,198.8228884763792
7787,2336100,648.9166666666666,0.4808389833475532,0.4808389833475532,0.3166221695295562,0.5906302660673338,198.13880832166336
7788,2336400,649.0,0.4876065939010119,0.4876065939010119,0.3175931544300016,0.5918128929844342,198.13526069104003
7789,2336700,649.0833333333334,0.4901619652088556,0.4901619652088556,0.3246826835013818,0.5911703666560502,199.3497135107685
7790,2337000,649.1666666666666,0.4957010308347836,0.4957010308347836,0.3247323149183845,0.5871249705865217,199.55627791997497
7791,2337300,649.25,0.4833108516666338,0.4833108516666338,0.3131295002291346,0.5811730099529516,198.9249154239073
7792,2337600,649.3333333333334,0.494240148398996,0.494240148398996,0.3138049640486733,0.5847517436887686,198.4252983343413
7793,2337900,649.4166666666666,0.4887957807208548,0.4887957807208548,0.3171471749131972,0.5805045509978625,197.7912738223814
7794,2338200,649.5,0.4891753179740108,0.4891753179740108,0.312395679806416,0.5765869284001118,196.3971042882938
7795,2338500,649.5833333333334,0.4896772616683935,0.4896772616683935,0.3085534617952029,0.5707830205573365,195.9320438988785
7796,2338800,649.6666666666666,0.4942598568898481,0.4942598568898481,0.3176305925487209,0.578669519420559,192.7263029481076
7797,2339100,649.75,0.4871979642438153,0.4871979642438153,0.3138673604262179,0.5744266430472271,189.35890507109923
7798,2339400,649.8333333333334,0.4719409637179664,0.4719409637179664,0.3102614379983655,0.5727424778669202,190.12639923005008
7799,2339700,649.9166666666666,0.4947794105664003,0.4947794105664003,0.3130787804133292,0.5791010694175022,191.83880778504508
7800,2340000,650.0,0.4876461865081692,0.4876461865081692,0.3055434443755959,0.5720486449380644,188.9963581996993
7801,2340300,650.0833333333334,0.4814827970210346,0.4814827970210346,0.3010106908128287,0.5679753101621183,189.98895945931304
7802,2340600,650.1666666666666,0.4837534366062257,0.4837534366062257,0.3019937445823069,0.5694196131599382,189.5066085729816
7803,2340900,650.25,0.4300084206697408,0.4300084206697408,0.2975746187954747,0.567571068663545,176.6976487787306
7804,2341200,650.3333333333334,0.4321880476344334,0.4321880476344334,0.2989610803304279,0.5748834126068859,179.8365741750713
7805,2341500,650.4166666666666,0.4302931655078654,0.4302931655078654,0.3041346774153606,0.5862561369776079,177.3613438615721
7806,2341800,650.5,0.4374636871581494,0.4374636871581494,0.3013337911908788,0.5659479785552207,155.46246013389396
7807,2342100,650.5833333333334,0.4339197313426657,0.4339197313426657,0.3036551177744173,0.5629192588773549,147.50031100724286
7808,2342400,650.6666666666666,0.4553834013364369,0.4553834013364369,0.3090423716829711,0.5703777446077768,148.35011454154295
7809,2342700,650.75,0.4372917930668964,0.4372917930668964,0.3094928817089649,0.5762430679755693,152.91435292391074
7810,2343000,650.8333333333334,0.4233448778122409,0.4233448778122409,0.3082564882900003,0.5828786512529068,154.19008053728743
7811,2343300,650.9166666666666,0.4303357660570375,0.4303357660570375,0.3075298844501076,0.5876928586677629,152.9456729487781
7812,2343600,651.0,0.425045826291077,0.425045826291077,0.3085273108832446,0.5942714406824785,156.32178020900636
7813,2343900,651.0833333333334,0.4132988922766165,0.4132988922766165,0.3086658248528965,0.5999947443759047,157.3351705237532
7814,2344200,651.1666666666666,0.41011145833354,0.41011145833354,0.3105133580405228,0.6045528727365074,159.4119645292509
7815,2344500,651.25,0.4162418222325534,0.4162418222325534,0.3099042552419225,0.598110977393207,161.73768729888636
7816,2344800,651.3333333333334,0.4349589652347939,0.4349589652347939,0.3117701325058717,0.6023481960385844,165.64978200116914
7817,2345100,651.4166666666666,0.440615977022931,0.440615977022931,0.3131792297541723,0.6068178497486706,169.78978150013413
7818,2345400,651.5,0.4380587962237661,0.4380587962237661,0.3128322987675728,0.6075543235272983,172.1075667422664
7819,2345700,651.5833333333334,0.4787820805177481,0.4787820805177481,0.3152936686943818,0.6082760194886869,174.23764143508657
7820,2346000,651.6666666666666,0.4676094814430473,0.4676094814430473,0.3153280347388705,0.6081216145967798,176.6709391814723
7821,2346300,651.75,0.455146724880104,0.455146724880104,0.3125173247602228,0.60557468560906,176.76338154238928
7822,2346600,651.8333333333334,0.4195468327106462,0.4195468327106462,0.2981944070110059,0.5765358954046956,163.16322086743878
7823,2346900,651.9166666666666,0.3966690153822624,0.3966690153822624,0.2905206476728424,0.5602872612564066,144.36763158769446
7824,2347200,652.0,0.3957124493136156,0.3957124493136156,0.2945265170882739,0.5833369231994722,147.41196666641437
7825,2347500,652.0833333333334,0.3828844824881404,0.3828844824881404,0.2959950888097518,0.5981195618905878,153.4810423510772
7826,2347800,652.1666666666666,0.4163631157895409,0.4163631157895409,0.3023093207673976,0.610227228689301,158.06159892595878
7827,2348100,652.25,0.4325190852584576,0.4325190852584576,0.3038568549050527,0.616331460394008,161.1971821080705
7828,2348400,652.3333333333334,0.4477433928559194,0.4477433928559194,0.3058501936088575,0.6132647459180024,161.0784049709346
7829,2348700,652.4166666666666,0.4664530098238309,0.4664530098238309,0.3084965448281606,0.6156918559724431,164.8743016153052
7830,2349000,652.5,0.4978858743602836,0.4978858743602836,0.3115528686959281,0.6151723347923856,168.54829425200828
7831,2349300,652.5833333333334,0.5285050727943508,0.5285050727943508,0.3216943665233218,0.6138920421449112,176.5403452715253
7832,2349600,652.6666666666666,0.5169299997513557,0.5169299997513557,0.3227267441782538,0.6031620986289996,179.0446086204019
7833,2349900,652.75,0.5057697912792486,0.5057697912792486,0.3199840908663304,0.5867974060053933,178.02433891820087
7834,2350200,652.8333333333334,0.4976423152652927,0.4976423152652927,0.3159753341310327,0.5724337670492402,173.8053628636941
7835,2350500,652.9166666666666,0.4945014581178152,0.4945014581178152,0.3158727668363605,0.5664347136595015,169.64791739306597
7836,2350800,653.0,0.4936237362350425,0.4936237362350425,0.3164890590232238,0.5628099738188245,168.34120818906274
7837,2351100,653.0833333333334,0.4918408513590241,0.4918408513590241,0.3180600844275911,0.5648527184164822,170.5268578106118
7838,2351400,653.1666666666666,0.4927304015457197,0.4927304015457197,0.3159019230196788,0.561820615522985,172.30400166265426
7839,2351700,653.25,0.4918231126653646,0.4918231126653646,0.3152167941268981,0.5613077181918765,172.29850410236804
7840,2352000,653.3333333333334,0.49738978874298,0.49738978874298,0.3152394053363572,0.5596046176327999,169.9759358688445
7841,2352300,653.4166666666666,0.4961963469982868,0.4961963469982868,0.3156082798085179,0.5598320080407905,168.75378508302433
7842,2352600,653.5,0.5005658688929534,0.5005658688929534,0.3183094826834106,0.5583355279700111,169.68942268303522
7843,2352900,653.5833333333334,0.4982591488095055,0.4982591488095055,0.3171709784527048,0.5556734829295974,167.751067004332
7844,2353200,653.6666666666666,0.4847127725613017,0.4847127725613017,0.3146503036348599,0.5539031429544675,165.19107052643972
7845,2353500,653.75,0.4881940592182203,0.4881940592182203,0.3145869791368373,0.5555385828430116,164.16246532090898
7846,2353800,653.8333333333334,0.4914941794505379,0.4914941794505379,0.3152375120437106,0.55637317460881,164.7568395072353
7847,2354100,653.9166666666666,0.4919375768583394,0.4919375768583394,0.316146395795411,0.5561114439040269,164.53887264723463
7848,2354400,654.0,0.4942209614507794,0.4942209614507794,0.3153486353574404,0.5563955242084901,165.56550380293777
7849,2354700,654.0833333333334,0.4898308381801698,0.4898308381801698,0.3167034310054005,0.5562410480607801,165.56638808247465
7850,2355000,654.1666666666666,0.4984273287275603,0.4984273287275603,0.3178647616394445,0.5564452643461837,165.3874128953972
7851,2355300,654.25,0.504030148083267,0.504030148083267,0.3161783800920892,0.557610160900527,165.02684232876365
7852,2355600,654.3333333333334,0.4972877965804191,0.4972877965804191,0.3160093072517824,0.5588966808951134,165.71152221295398
7853,2355900,654.4166666666666,0.4928685768019656,0.4928685768019656,0.3163913268725044,0.5611553794061392,168.01342844623397
7854,2356200,654.5,0.4869629943273898,0.4869629943273898,0.3168142089998816,0.5629090605712542,168.87882184810633
7855,2356500,654.5833333333334,0.49174195045306,0.49174195045306,0.3164351025001752,0.5668501693559677,169.1983011053722
7856,2356800,654.6666666666666,0.4948820292216956,0.4948820292216956,0.3164806982178176,0.5675918857559334,168.51633575459684
7857,2357100,654.75,0.4936530585939609,0.4936530585939609,0.3152344354003422,0.5666127085237618,168.02196937483063
7858,2357400,654.8333333333334,0.4935087450295285,0.4935087450295285,0.3151292479200536,0.5657380724602453,166.92560941263082
7859,2357700,654.9166666666666,0.4902528463237899,0.4902528463237899,0.3140833183334313,0.5622001074562593,166.27351915286184
7860,2358000,655.0,0.4854300161887033,0.4854300161887033,0.3162763996312221,0.5613033714592841,166.38789615289107
7861,2358300,655.0833333333334,0.4853278167555627,0.4853278167555627,0.3173011703049414,0.5633718962835537,167.71577009633174
7862,2358600,655.1666666666666,0.4786917897044083,0.4786917897044083,0.3150635295713259,0.5647227486245152,168.31328876239908
7863,2358900,655.25,0.4821778213105558,0.4821778213105558,0.3147401415235637,0.5701264412422479,172.29812384809256
7864,2359200,655.3333333333334,0.4994778864243914,0.4994778864243914,0.316053518421849,0.5744385885497013,173.05269641948794
7865,2359500,655.4166666666666,0.4886457031335282,0.4886457031335282,0.3131450119057323,0.5590884575029706,168.21857300082982
7866,2359800,655.5,0.4937157258452002,0.4937157258452002,0.3180261013273102,0.5667128695813133,165.48244986140205
7867,2360100,655.5833333333334,0.4929129944269642,0.4929129944269642,0.3198835946711849,0.5552459560700242,160.67342864943035
7868,2360400,655.6666666666666,0.4879924691036147,0.4879924691036147,0.3218219237395553,0.5468394189451223,158.24176569293704
7869,2360700,655.75,0.4873631557654939,0.4873631557654939,0.3228001780916389,0.5497123166082317,156.7781118047055
7870,2361000,655.8333333333334,0.4776658635843722,0.4776658635843722,0.3200494266415127,0.5486157679412582,155.35650216574442
7871,2361300,655.9166666666666,0.4729536834528989,0.4729536834528989,0.318311476463345,0.5490279096594922,156.32424760442328
7872,2361600,656.0,0.4803454498610697,0.4803454498610697,0.3201164612753269,0.5512990917909228,155.57611477597445
7873,2361900,656.0833333333334,0.4774491447480928,0.4774491447480928,0.3213682566442171,0.5528226019019719,157.26989705007563
7874,2362200,656.1666666666666,0.4773670776499572,0.4773670776499572,0.3209173936928574,0.5526419201066625,157.73394054566893
7875,2362500,656.25,0.4829786099749937,0.4829786099749937,0.3232953377123041,0.558912886494323,159.80177854938114
7876,2362800,656.3333333333334,0.477196970366566,0.477196970366566,0.3197727881965908,0.5579168842516684,160.05864265884236
7877,2363100,656.4166666666666,0.4636193701733063,0.4636193701733063,0.3205145731224078,0.5603109900117301,159.3604778309685
7878,2363400,656.5,0.4597952440334811,0.4597952440334811,0.3184814341682193,0.5618881205861525,156.92521353958887
7879,2363700,656.5833333333334,0.4742421513206284,0.4742421513206284,0.3192895519863072,0.5634766875493715,154.2003573361713
7880,2364000,656.6666666666666,0.4825441168734804,0.4825441168734804,0.3203578711368065,0.5646779512839856,151.47714448055356
7881,2364300,656.75,0.4779185074830163,0.4779185074830163,0.3177480846704731,0.5598484161507195,150.29657517632745
7882,2364600,656.8333333333334,0.4999276205734133,0.4999276205734133,0.3233010953653694,0.5609382129597431,152.86306414084996
7883,2364900,656.9166666666666,0.491560089041152,0.491560089041152,0.323587408732067,0.5593626466650953,155.29462461733002
7884,2365200,657.0,0.4803547683644807,0.4803547683644807,0.3213976033594405,0.5541191440333739,155.71780780606713
7885,2365500,657.0833333333334,0.4778413739110398,0.4778413739110398,0.320027280594649,0.5539263369584962,156.4225768327644
7886,2365800,657.1666666666666,0.4822203559258634,0.4822203559258634,0.3191539374644315,0.5569134532564256,156.37068114594757
7887,2366100,657.25,0.4795267173208097,0.4795267173208097,0.319923738953411,0.5580985856708804,156.50928537932865
7888,2366400,657.3333333333334,0.4825969666710194,0.4825969666710194,0.3217605908580497,0.5589163937320597,157.22284275899446
7889,2366700,657.4166666666666,0.4815707502450457,0.4815707502450457,0.320448610305197,0.5557825328219173,158.08000217725666
7890,2367000,657.5,0.475043456217176,0.475043456217176,0.3207310539131089,0.5548591907871399,158.621915047272
7891,2367300,657.5833333333334,0.4812467956700254,0.4812467956700254,0.3209002369667461,0.5550277597104751,158.43630499302216
7892,2367600,657.6666666666666,0.4787752716775185,0.4787752716775185,0.3196675268363461,0.5537285486332932,157.14417002266023
7893,2367900,657.75,0.4858487372354802,0.4858487372354802,0.3147403252101523,0.544872875000152,153.52405237533907
7894,2368200,657.8333333333334,0.483243055652406,0.483243055652406,0.3153333571503456,0.5482560768646682,155.1705853582103
7895,2368500,657.9166666666666,0.4627108539129397,0.4627108539129397,0.3109926605694945,0.5442244571759088,153.0609091245554
7896,2368800,658.0,0.4670229524416875,0.4670229524416875,0.3094803237170447,0.5486762997353121,156.70368025059796
7897,2369100,658.0833333333334,0.4621191459562331,0.4621191459562331,0.3069251335193506,0.550888630764051,159.04209657855833
7898,2369400,658.1666666666666,0.4641743333380416,0.4641743333380416,0.3078950022100598,0.5536529508042323,161.9338808077704
7899,2369700,658.25,0.4595618926806334,0.4595618926806334,0.3069071071331314,0.5509624102665833,162.7749065033267
7900,2370000,658.3333333333334,0.4643516037458005,0.4643516037458005,0.3129080550284504,0.556500653656713,165.41878002007297
7901,2370300,658.4166666666666,0.4683178094051848,0.4683178094051848,0.3153887324808417,0.5610486895205331,167.84747107537646
7902,2370600,658.5,0.4609354081010084,0.4609354081010084,0.3166581976763338,0.5634351411864348,169.26790643058283
7903,2370900,658.5833333333334,0.4419133177195921,0.4419133177195921,0.316867018547338,0.5654944660663858,169.63085665629404
7904,2371200,658.6666666666666,0.4453492777373282,0.4453492777373282,0.3164286537542676,0.5586491824298492,167.2977112400369
7905,2371500,658.75,0.4503677594399969,0.4503677594399969,0.3182967298700656,0.561079452592151,168.8410054621228
7906,2371800,658.8333333333334,0.4600080159054163,0.4600080159054163,0.3188665021216264,0.5636689968472854,168.8964136271439
7907,2372100,658.9166666666666,0.4646635131695348,0.4646635131695348,0.3110374301110596,0.55987129154799,164.5128060129907
7908,2372400,659.0,0.4725217476652795,0.4725217476652795,0.3111888016629679,0.5613467183904235,163.29700692831537
7909,2372700,659.0833333333334,0.4639324076000811,0.4639324076000811,0.311348182749643,0.5620131496048398,166.02613466180858
7910,2373000,659.1666666666666,0.4573845560604096,0.4573845560604096,0.3108438897823584,0.5662823260283613,167.7281699852486
7911,2373300,659.25,0.4583943698636127,0.4583943698636127,0.3080728421354037,0.564983253875509,169.95708264948192
7912,2373600,659.3333333333334,0.4635833139111541,0.4635833139111541,0.3098761247180899,0.5715124731175649,172.70560052200534
7913,2373900,659.4166666666666,0.4711927951444631,0.4711927951444631,0.3140881234958171,0.5767955559244231,174.71580529774198
7914,2374200,659.5,0.4800418692534088,0.4800418692534088,0.31668149877767,0.5768613322836446,176.5863410930431
7915,2374500,659.5833333333334,0.4890509124548695,0.4890509124548695,0.3148784270577905,0.5732221907486363,175.7895795324157
7916,2374800,659.6666666666666,0.4871238552450966,0.4871238552450966,0.3130823236668442,0.5655041698160944,170.6541002386971
7917,2375100,659.75,0.4921423220702776,0.4921423220702776,0.3132555316912571,0.5628466559295722,168.83471252633692
7918,2375400,659.8333333333334,0.4947556197209196,0.4947556197209196,0.3139017162622337,0.5622611559896138,169.7147063135561
7919,2375700,659.9166666666666,0.4904185252872237,0.4904185252872237,0.3155552589070785,0.5639463187000667,170.17395601267285
7920,2376000,660.0,0.4886760368487952,0.4886760368487952,0.3151566173200698,0.5636749954919791,170.72912157858943
7921,2376300,660.0833333333334,0.4929566625408669,0.4929566625408669,0.3178578236412056,0.5663057153308448,172.98914151090247
7922,2376600,660.1666666666666,0.4853596615900632,0.4853596615900632,0.3190561316903605,0.5690590384780194,174.50662033081582
7923,2376900,660.25,0.4684854440899586,0.4684854440899586,0.3155358081406705,0.5621137599617188,171.8266462134109
7924,2377200,660.3333333333334,0.4745838215384598,0.4745838215384598,0.3140243389678805,0.5622153094770759,172.50668959503946
7925,2377500,660.4166666666666,0.4824496710770678,0.4824496710770678,0.3115528647906405,0.5654114397040394,176.06699611820866
7926,2377800,660.5,0.4879269913151083,0.4879269913151083,0.3121661751983554,0.5685499069868655,180.7300083543428
7927,2378100,660.5833333333334,0.4850405486235664,0.4850405486235664,0.3096727402268468,0.5664436632545302,182.61008476072857
7928,2378400,660.6666666666666,0.4775442287516139,0.4775442287516139,0.3057330290043934,0.5578366909063044,178.22859835635438
7929,2378700,660.75,0.4914681735144505,0.4914681735144505,0.3110660709383072,0.5652446970120744,175.26795261333467
7930,2379000,660.8333333333334,0.4913670794794742,0.4913670794794742,0.312991246477216,0.5691336324440748,176.21935482480072
7931,2379300,660.9166666666666,0.4896464062410393,0.4896464062410393,0.3133041159738035,0.5700795973724385,177.95448235784733
7932,2379600,661.0,0.4899795350574317,0.4899795350574317,0.3150821756108006,0.5721726957126824,180.8874726994601
7933,2379900,661.0833333333334,0.4783339006811037,0.4783339006811037,0.3141320586789857,0.571821227206342,183.295379248432
7934,2380200,661.1666666666666,0.485836479539906,0.485836479539906,0.3142581790185488,0.5738289059550361,184.7649395971685
7935,2380500,661.25,0.4941156710888486,0.4941156710888486,0.3145088256043055,0.5754915145120005,185.52918279489083
7936,2380800,661.3333333333334,0.4979386771664231,0.4979386771664231,0.3144102951279545,0.5769196152503915,187.82175254383856
7937,2381100,661.4166666666666,0.4946689420324996,0.4946689420324996,0.3141619222940333,0.5776776883995817,189.24021759525564
7938,2381400,661.5,0.4909075920285315,0.4909075920285315,0.3119377398907452,0.5741286380685464,190.30333905382952
7939,2381700,661.5833333333334,0.4916777046246324,0.4916777046246324,0.3115468643128358,0.5755995812318202,190.1706980069766
7940,2382000,661.6666666666666,0.4813586331622239,0.4813586331622239,0.3111014726221642,0.5753829781569733,188.7501933774239
7941,2382300,661.75,0.4840645031782399,0.4840645031782399,0.3120935289953473,0.5779036860969937,187.60194002855908
7942,2382600,661.8333333333334,0.489564135000367,0.489564135000367,0.3117928246774329,0.5765343239417567,187.4400617413463
7943,2382900,661.9166666666666,0.4737138278560259,0.4737138278560259,0.3114786679776983,0.5793899524877719,186.87599127561165
7944,2383200,662.0,0.4466663788158391,0.4466663788158391,0.3114592960154367,0.5802054704933076,183.86174216164943
7945,2383500,662.0833333333334,0.4193315939690294,0.4193315939690294,0.3064506354949542,0.583987252226389,179.52882767782702
7946,2383800,662.1666666666666,0.4120342877347314,0.4120342877347314,0.3045498829418026,0.5885547654249861,174.99011377595653
7947,2384100,662.25,0.4250192467439596,0.4250192467439596,0.312408019073431,0.5954431163101948,171.86858337920046
7948,2384400,662.3333333333334,0.4311164894803228,0.4311164894803228,0.3167554708702253,0.6031090693658335,172.8868653741958
7949,2384700,662.4166666666666,0.4518825432734955,0.4518825432734955,0.3232677852217719,0.6106228034591735,173.32636852017342
7950,2385000,662.5,0.459746601696839,0.459746601696839,0.3249988569497455,0.6142280993085478,177.84871551532444
7951,2385300,662.5833333333334,0.4675373204147975,0.4675373204147975,0.3256064125168188,0.6198248613785764,178.79394835788918
7952,2385600,662.6666666666666,0.4656140749476323,0.4656140749476323,0.3217598947115611,0.6218690334719762,181.86749320581964
7953,2385900,662.75,0.4704411204930845,0.4704411204930845,0.3171775209576283,0.6197673874250609,182.92392545349088
7954,2386200,662.8333333333334,0.4835170805636224,0.4835170805636224,0.3247024602907479,0.6245016323775211,185.0391491947604
7955,2386500,662.9166666666666,0.4765152190523758,0.4765152190523758,0.3238091076624127,0.6291097282198412,186.1521252003814
7956,2386800,663.0,0.4856775105120939,0.4856775105120939,0.3271323575021768,0.6339733930809178,187.38388763880724
7957,2387100,663.0833333333334,0.4895914332836078,0.4895914332836078,0.3291055155179252,0.6367434089599999,188.40185850914852
7958,2387400,663.1666666666666,0.4841153476000326,0.4841153476000326,0.3260211729954793,0.6386220038544109,189.03893868002743
7959,2387700,663.25,0.4860448869315345,0.4860448869315345,0.3202909825290835,0.6375887528886998,188.17468793598263
7960,2388000,663.3333333333334,0.4978977512139151,0.4978977512139151,0.3304143468199301,0.6365314180112542,188.02785314348264
7961,2388300,663.4166666666666,0.4987456613213833,0.4987456613213833,0.3321198754355244,0.6385498215718448,191.01415558752444
7962,2388600,663.5,0.4977631938989798,0.4977631938989798,0.3287302655904998,0.6377023448173842,191.44380722303657
7963,2388900,663.5833333333334,0.498561517306195,0.498561517306195,0.3326363800767604,0.6399809512981425,192.1490852797728
7964,2389200,663.6666666666666,0.5174476269085888,0.5174476269085888,0.3204830988055697,0.5669093076696975,167.4437813308975
7965,2389500,663.75,0.5084764919552929,0.5084764919552929,0.3133762895696763,0.5686043513039699,173.04015126230624
7966,2389800,663.8333333333334,0.5132201195346012,0.5132201195346012,0.3128151177728604,0.5798462078803944,177.9684784469678
7967,2390100,663.9166666666666,0.4977254220500836,0.4977254220500836,0.3182210942643793,0.58802691104457,178.46947169136664
7968,2390400,664.0,0.5405230037985628,0.5405230037985628,0.3357998767055976,0.6027586832346619,181.9304045669935
7969,2390700,664.0833333333334,0.5373683655855437,0.5373683655855437,0.3411736872316848,0.603317892285649,180.2190289383359
7970,2391000,664.1666666666666,0.5367023965713326,0.5367023965713326,0.3262599255279512,0.5992727641535437,175.66187534929307
7971,2391300,664.25,0.5291751011640484,0.5291751011640484,0.3254863790060036,0.5964197427825926,174.35547369635307
7972,2391600,664.3333333333334,0.5340186593247447,0.5340186593247447,0.327739626954833,0.6030740335090772,174.30136553576463
7973,2391900,664.4166666666666,0.5372143025724954,0.5372143025724954,0.3338931915802034,0.6063684104089153,174.28393494765504
7974,2392200,664.5,0.5544929881279487,0.5544929881279487,0.3379516115886045,0.6137385829739829,176.4434549525498
7975,2392500,664.5833333333334,0.5603432911771649,0.5603432911771649,0.3431407091549099,0.6185026990587825,175.8924804002422
7976,2392800,664.6666666666666,0.5718245442669492,0.5718245442669492,0.3527203718287018,0.6217208926018961,176.44482371043853
7977,2393100,664.75,0.5688887972396841,0.5688887972396841,0.3490282888327051,0.6212493169579544,176.62537882744036
7978,2393400,664.8333333333334,0.5576042264020368,0.5576042264020368,0.346682687632812,0.6195255073351655,176.0590954715706
7979,2393700,664.9166666666666,0.5569876503055979,0.5569876503055979,0.3513109939837743,0.6136710992827503,173.3518086384979
7980,2394000,665.0,0.5658544179571304,0.5658544179571304,0.3556247092692364,0.6127696473518787,172.39066071871824
7981,2394300,665.0833333333334,0.5717204270949653,0.5717204270949653,0.3568881043789323,0.6117851564139973,171.24562480144945
7982,2394600,665.1666666666666,0.5441111652658733,0.5441111652658733,0.3356812740596407,0.5999965634691872,170.32141773406042
7983,2394900,665.25,0.557624822918762,0.557624822918762,0.3462192629650425,0.6103839994752189,170.48586969387168
7984,2395200,665.3333333333334,0.5618776039524528,0.5618776039524528,0.3475342693433767,0.6121149753742288,170.09130866709089
7985,2395500,665.4166666666666,0.5693067631265087,0.5693067631265087,0.3532348401677581,0.6140769308793356,170.71828364144767
7986,2395800,665.5,0.570109197550164,0.570109197550164,0.346893551732684,0.6104615711918244,171.5935336034381
7987,2396100,665.5833333333334,0.5647992587929068,0.5647992587929068,0.3390299378551733,0.6121425572369515,171.6885254804991
7988,2396400,665.6666666666666,0.5143482034062187,0.5143482034062187,0.309848940850663,0.6151677518870647,171.6891211760901
7989,2396700,665.75,0.5541673200921963,0.5541673200921963,0.3472964508227573,0.6246508407981239,172.59089347534402
7990,2397000,665.8333333333334,0.5924373024521205,0.5924373024521205,0.3560790138850512,0.6174185406625249,169.66924201286142
7991,2397300,665.9166666666666,0.5561460148910682,0.5561460148910682,0.3430166296943865,0.614417562512904,168.9939166055007
7992,2397600,666.0,0.5807821184087253,0.5807821184087253,0.360195609465365,0.6190362141686272,169.77026767683208
7993,2397900,666.0833333333334,0.5574769890244042,0.5574769890244042,0.3563087209156388,0.6169258817224685,169.5343744903392
7994,2398200,666.1666666666666,0.5693472510113288,0.5693472510113288,0.3583372677827601,0.6171997838844108,169.36151092956632
7995,2398500,666.25,0.5671508030590374,0.5671508030590374,0.3545629190573134,0.6146549478324974,168.46993626494248
7996,2398800,666.3333333333334,0.5901110667854088,0.5901110667854088,0.3621179521636231,0.6173123358611801,168.18257764204608
7997,2399100,666.4166666666666,0.5918046279003067,0.5918046279003067,0.360970103408141,0.6196022955129953,168.1121545667379
7998,2399400,666.5,0.5892751841520362,0.5892751841520362,0.3606339540006718,0.6188473775762838,167.3903371160152
7999,2399700,666.5833333333334,0.5905046283275797,0.5905046283275797,0.3572455164661417,0.6177396637303316,168.04398256397337
8000,2400000,666.6666666666666,0.5818435865332843,0.5818435865332843,0.3631088330845492,0.6100095496763798,167.33114119324367
8001,2400300,666.75,0.5857056426186025,0.5857056426186025,0.3589615282737488,0.6101580864787253,168.36404943189896
8002,2400600,666.8333333333334,0.5912160679162306,0.5912160679162306,0.3632257761471084,0.6097752949603649,169.01131965622577
8003,2400900,666.9166666666666,0.5842925765421166,0.5842925765421166,0.3585835785547374,0.6035361859813978,168.43906044102027
8004,2401200,667.0,0.5589996779825426,0.5589996779825426,0.3442752081447648,0.5986478472149156,167.50599759789517
8005,2401500,667.0833333333334,0.573404294075821,0.573404294075821,0.3455018720497715,0.6008837827169703,168.8748764074544
8006,2401800,667.1666666666666,0.5736169777203847,0.5736169777203847,0.3441969970732634,0.6041827744497922,169.00049859851802
8007,2402100,667.25,0.5729136911419224,0.5729136911419224,0.3456522703680786,0.603723201536047,168.9988263431729
8008,2402400,667.3333333333334,0.5616135979573224,0.5616135979573224,0.3359510234224516,0.6013402486053975,169.40595941573716
8009,2402700,667.4166666666666,0.5446875424028021,0.5446875424028021,0.3293091984349011,0.593151501302384,168.10229817487814
8010,2403000,667.5,0.5643990861765777,0.5643990861765777,0.3438376978026071,0.5971080651162279,169.4249827639722
8011,2403300,667.5833333333334,0.5656154783966835,0.5656154783966835,0.3382263767614801,0.5955986191450474,170.39275059695473
8012,2403600,667.6666666666666,0.55521159901544,0.55521159901544,0.3349804092410331,0.5940322076553107,169.6068786398257
8013,2403900,667.75,0.5715044506647362,0.5715044506647362,0.3492377379342758,0.5939482156193764,169.1356024304843
8014,2404200,667.8333333333334,0.5543419674703113,0.5543419674703113,0.3435035370140128,0.5831767311655213,169.32080949655926
8015,2404500,667.9166666666666,0.5595191213010842,0.5595191213010842,0.3458770691772136,0.585153215422887,169.53525970543842
8016,2404800,668.0,0.5387798678446577,0.5387798678446577,0.3330376087302507,0.585419091942425,170.44157912523292
8017,2405100,668.0833333333334,0.5675287652646946,0.5675287652646946,0.35133142675256,0.5916223811520575,170.88087078345015
8018,2405400,668.1666666666666,0.5622215640968526,0.5622215640968526,0.3536094329153462,0.5841453014475164,170.75544206984114
8019,2405700,668.25,0.5554691313338179,0.5554691313338179,0.3490572930935544,0.581682208986158,171.32372648015473
8020,2406000,668.3333333333334,0.5344189651139823,0.5344189651139823,0.3345397924952225,0.5816442184836497,171.17287990091577
8021,2406300,668.4166666666666,0.5362750031660735,0.5362750031660735,0.3310433152444205,0.5790875511371355,169.93625356329505
8022,2406600,668.5,0.5372744550732115,0.5372744550732115,0.3291904717671665,0.5822926440955086,173.23031843961803
8023,2406900,668.5833333333334,0.5336736055266974,0.5336736055266974,0.3229599398976425,0.5834600219703278,175.58823716254523
8024,2407200,668.6666666666666,0.532548236468289,0.532548236468289,0.3247543175934312,0.5804123482854163,177.91290441943053
8025,2407500,668.75,0.5232270831245993,0.5232270831245993,0.3216520510477358,0.5765579018719095,176.18621572521488
8026,2407800,668.8333333333334,0.5205942376198863,0.5205942376198863,0.3222357019504293,0.573316836971561,175.2588873686096
8027,2408100,668.9166666666666,0.5251103173258245,0.5251103173258245,0.329084575224816,0.5772187855540979,175.87375123132543
8028,2408400,669.0,0.5244207111056588,0.5244207111056588,0.3246017373641987,0.5783701298689476,177.58536860396896
8029,2408700,669.0833333333334,0.5244947848712505,0.5244947848712505,0.3235531147651399,0.5656476263700685,178.444669386874
8030,2409000,669.1666666666666,0.5279599700287663,0.5279599700287663,0.3270242877852237,0.5725639461135944,177.86162977631014
8031,2409300,669.25,0.5213019291624552,0.5213019291624552,0.3208315120069516,0.5699330229518478,176.36804424065429
8032,2409600,669.3333333333334,0.5473262902373883,0.5473262902373883,0.3417407909907747,0.5748927625505682,176.29215265411688
8033,2409900,669.4166666666666,0.5428911694436863,0.5428911694436863,0.3454057501290585,0.5774589894806783,175.81455354142255
8034,2410200,669.5,0.5572804766033235,0.5572804766033235,0.3571379705429463,0.580340241890877,175.1698337696716
8035,2410500,669.5833333333334,0.5561541042898817,0.5561541042898817,0.3606394674743514,0.5819650891598598,174.2775579924677
8036,2410800,669.6666666666666,0.5658247762628366,0.5658247762628366,0.3640050156930626,0.5822353145542651,174.1670576251139
8037,2411100,669.75,0.5572905707939391,0.5572905707939391,0.3548484242254905,0.5804272781476119,173.49784517273912
8038,2411400,669.8333333333334,0.5508138731193318,0.5508138731193318,0.351562100895892,0.580493949142034,172.74655878059778
8039,2411700,669.9166666666666,0.5635482706922164,0.5635482706922164,0.3551343791440899,0.5772583632462882,171.48318365236256
8040,2412000,670.0,0.5380809941797152,0.5380809941797152,0.3311195655084136,0.5686144735108529,170.9948500884609
8041,2412300,670.0833333333334,0.5440753857553607,0.5440753857553607,0.332260965621433,0.5712223074335231,171.8213010245157
8042,2412600,670.1666666666666,0.5444207055061668,0.5444207055061668,0.3375976033964624,0.5715163234876505,172.4211104509779
8043,2412900,670.25,0.543158242290882,0.543158242290882,0.3378524113361526,0.5703229549847518,172.21928988020957
8044,2413200,670.3333333333334,0.527912029117622,0.527912029117622,0.3221259250619492,0.5600786582886965,170.83351887256214
8045,2413500,670.4166666666666,0.5242332605708203,0.5242332605708203,0.3209395899499299,0.5656480880463834,171.71628136467268
8046,2413800,670.5,0.5364641099045102,0.5364641099045102,0.3300207623349444,0.575116597554621,174.17753909839357
8047,2414100,670.5833333333334,0.5324387206495067,0.5324387206495067,0.3304167357207944,0.5770327921043886,176.1011307136475
8048,2414400,670.6666666666666,0.5440172830505122,0.5440172830505122,0.3288838878428758,0.5700292645561469,177.08317747374352
8049,2414700,670.75,0.5438068091972534,0.5438068091972534,0.3297811644515014,0.5724633518565065,177.64751601115313
8050,2415000,670.8333333333334,0.5371671522626241,0.5371671522626241,0.3235871256059318,0.5680698317673514,177.00811809594262
8051,2415300,670.9166666666666,0.5296821082804115,0.5296821082804115,0.3162743976112057,0.5661524359905983,175.30414759072892
8052,2415600,671.0,0.5393474373722347,0.5393474373722347,0.3203327028936714,0.5677065211774656,174.47547146565782
8053,2415900,671.0833333333334,0.5487654909054701,0.5487654909054701,0.3189717529262707,0.5648245850292772,174.2946041576292
8054,2416200,671.1666666666666,0.5238855739214101,0.5238855739214101,0.3042969631345355,0.556103733446815,175.83375966442404
8055,2416500,671.25,0.5228627389724666,0.5228627389724666,0.3007004388493939,0.5529155127081173,177.0966608546541
8056,2416800,671.3333333333334,0.5208696660587605,0.5208696660587605,0.303598748399381,0.5530906103293453,178.64427458429242
8057,2417100,671.4166666666666,0.5088139470081559,0.5088139470081559,0.2963157507328557,0.5504507978668164,178.77187777754472
8058,2417400,671.5,0.5019125759686588,0.5019125759686588,0.2907589669382038,0.5487745558567186,179.2641924653829
8059,2417700,671.5833333333334,0.5049684061536545,0.5049684061536545,0.2934035460558821,0.5517314854178981,181.3236119769198
8060,2418000,671.6666666666666,0.5063631925386746,0.5063631925386746,0.2981789748553614,0.5554100798628414,181.4081849931559
8061,2418300,671.75,0.4991705835915543,0.4991705835915543,0.2957271306556726,0.5555998881131933,179.18353700296126
8062,2418600,671.8333333333334,0.5180056723153916,0.5180056723153916,0.3013725351648812,0.5595000010378619,179.37891354117116
8063,2418900,671.9166666666666,0.5210528948951924,0.5210528948951924,0.3029633095535546,0.5620600724552769,179.54292884544122
